{"type":"FeatureCollection","features":[{"type":"Feature","geometry":{"type":"Polygon","coordinates":[[[-66.18050912438241,18.429839235],[-66.18051927243027,18.43013332682984],[-66.18054967311835,18.430426159313313],[-66.18060019626624,18.430716478496773],[-66.18067062552608,18.4310030411889],[-66.18076065930893,18.43128462028426],[-66.18086991207633,18.43156001001793],[-66.18099791599116,18.431828031128795],[-66.181144122921,18.43208753590931],[-66.18130790678534,18.43233741312017],[-66.18148856623651,18.432576592748788],[-66.18168532766302,18.43280405059128],[-66.18189734850223,18.43301881263824],[-66.18212372084835,18.433219959245623],[-66.18236347534025,18.433406629072763],[-66.18261558531239,18.43357802277081],[-66.18287897119116,18.43373340640563],[-66.18315250511779,18.43387211460065],[-66.183435015778,18.433993553386077],[-66.1837252934178,18.434097202742397],[-66.18402209502375,18.434182618827144],[-66.18432414964582,18.43424943587554],[-66.18463016383973,18.434297367766717],[-66.18493882720573,18.43432620924896],[-66.1852488179999,18.434335836818622],[-66.18555880879408,18.43432620924896],[-66.18586747216008,18.434297367766717],[-66.186173486354,18.43424943587554],[-66.18647554097606,18.434182618827144],[-66.18677234258202,18.434097202742397],[-66.18706262022181,18.433993553386077],[-66.18734513088202,18.43387211460065],[-66.18761866480865,18.43373340640563],[-66.18788205068742,18.43357802277081],[-66.18813416065956,18.433406629072763],[-66.18837391515146,18.433219959245623],[-66.18860028749758,18.43301881263824],[-66.1888123083368,18.43280405059128],[-66.1890090697633,18.432576592748788],[-66.18918972921448,18.43233741312017],[-66.18935351307881,18.43208753590931],[-66.18949972000866,18.431828031128795],[-66.18962772392348,18.43156001001793],[-66.18973697669088,18.43128462028426],[-66.18982701047373,18.4310030411889],[-66.18989743973357,18.430716478496773],[-66.18994796288146,18.430426159313313],[-66.18997836356954,18.43013332682984],[-66.1899885116174,18.429839235],[-66.18997836356954,18.42954514317016],[-66.18994796288146,18.429252310686685],[-66.18989743973357,18.428961991503225],[-66.18982701047373,18.428675428811097],[-66.18973697669088,18.42839384971574],[-66.18962772392348,18.42811845998207],[-66.18949972000866,18.427850438871204],[-66.18935351307881,18.427590934090688],[-66.18918972921448,18.42734105687983],[-66.1890090697633,18.42710187725121],[-66.1888123083368,18.42687441940872],[-66.18860028749758,18.426659657361757],[-66.18837391515146,18.426458510754376],[-66.18813416065956,18.426271840927235],[-66.18788205068742,18.42610044722919],[-66.18761866480865,18.42594506359437],[-66.18734513088202,18.42580635539935],[-66.18706262022181,18.42568491661392],[-66.18677234258202,18.425581267257602],[-66.18647554097606,18.425495851172855],[-66.186173486354,18.42542903412446],[-66.18586747216008,18.42538110223328],[-66.18555880879408,18.425352260751037],[-66.1852488179999,18.425342633181376],[-66.18493882720573,18.425352260751037],[-66.18463016383973,18.42538110223328],[-66.18432414964582,18.42542903412446],[-66.18402209502375,18.425495851172855],[-66.1837252934178,18.425581267257602],[-66.183435015778,18.42568491661392],[-66.18315250511779,18.42580635539935],[-66.18287897119116,18.42594506359437],[-66.18261558531239,18.42610044722919],[-66.18236347534025,18.426271840927235],[-66.18212372084835,18.426458510754376],[-66.18189734850223,18.426659657361757],[-66.18168532766302,18.42687441940872],[-66.18148856623651,18.42710187725121],[-66.18130790678534,18.42734105687983],[-66.181144122921,18.427590934090688],[-66.18099791599116,18.427850438871204],[-66.18086991207633,18.42811845998207],[-66.18076065930893,18.42839384971574],[-66.18067062552608,18.428675428811097],[-66.18060019626624,18.428961991503225],[-66.18054967311835,18.429252310686685],[-66.18051927243027,18.42954514317016],[-66.18050912438241,18.429839235]]]},"properties":{"shelterId":"shelter-1","kind":"radius","radiusM":500}},{"type":"Feature","geometry":{"type":"MultiLineString","coordinates":[[[-66.188485622406,18.427257682772165],[-66.18836760520935,18.427359469971194]],[[-66.18807792663574,18.427176252969574],[-66.1882495880127,18.427013393248714]],[[-66.18166744709015,18.42933412970976],[-66.18165671825409,18.42875394853087],[-66.18162453174591,18.428713233988674],[-66.18157625198364,18.428687787394892]],[[-66.18921518325806,18.430036451675463],[-66.1899859771184,18.42998626714449]],[[-66.18953704833984,18.428199212064214],[-66.18928492069244,18.42873359126098],[-66.18926346302032,18.429161093422678],[-66.18916690349579,18.429349397609087],[-66.18933320045471,18.431797333265592],[-66.18939757347107,18.431975456121407],[-66.18941178589628,18.43198893944226]],[[-66.18922054767609,18.430138237229585],[-66.18939220905304,18.430209487081598],[-66.18997518127439,18.43017624235584]],[[-66.18902742862701,18.430647164096314],[-66.18889331817627,18.430616628526806],[-66.18872165679932,18.43059627147744],[-66.18851244449615,18.430748949288898],[-66.18835151195526,18.430743860030702],[-66.18824422359467,18.430779484834915],[-66.18799209594727,18.43078457409206]],[[-66.18365228176117,18.433344451338854],[-66.18381321430206,18.433471680823956],[-66.18392050266266,18.43353275094337]]]},"properties":{"shelterId":"shelter-1","kind":"road","radiusM":500,"roadId":"14/5179/7338/1","roadClass":"service","source":"OpenFreeMap / OpenStreetMap","exposureHigh":false,"exposureModerate":false}},{"type":"Feature","geometry":{"type":"MultiLineString","coordinates":[[[-66.18437647819519,18.433919527862443],[-66.18416726589203,18.433715961171416]]]},"properties":{"shelterId":"shelter-1","kind":"road","radiusM":500,"roadId":"14/5179/7338/2","roadClass":"service","source":"OpenFreeMap / OpenStreetMap","exposureHigh":false,"exposureModerate":false}},{"type":"Feature","geometry":{"type":"MultiLineString","coordinates":[[[-66.18899524211884,18.430184040709264],[-66.1887913942337,18.430173862159293],[-66.1887538433075,18.430143326505714],[-66.18849635124207,18.430087344460063]]]},"properties":{"shelterId":"shelter-1","kind":"road","radiusM":500,"roadId":"14/5179/7338/5","roadClass":"service","source":"OpenFreeMap / OpenStreetMap","exposureHigh":false,"exposureModerate":false}},{"type":"Feature","geometry":{"type":"MultiLineString","coordinates":[[[-66.18958335446709,18.42802015914166],[-66.18947267532349,18.428158497390655]],[[-66.1888469326021,18.42691229983753],[-66.18883430957794,18.426977767664198],[-66.18897914886475,18.42787858374902]],[[-66.18791162967682,18.42617873475851],[-66.18681192398071,18.426005695296254],[-66.18605017662048,18.426061678670735]],[[-66.18448913097382,18.427013393248714],[-66.18459105491638,18.425853013273212],[-66.18464160999113,18.425379686056445]],[[-66.18394732475281,18.42642811485372],[-66.18345379829407,18.426367042210785],[-66.1825042963028,18.426382310373555],[-66.18223323421554,18.42637014716813]],[[-66.18260622024536,18.428336624016282],[-66.18260085582733,18.42784804768783]],[[-66.18233799934387,18.428336624016282],[-66.18237555027008,18.429685291051214],[-66.1823433637619,18.429792166099745]],[[-66.1840546131134,18.42783277965519],[-66.18400633335114,18.427054108193374],[-66.18393659591675,18.426321237714333],[-66.18393123149872,18.425853013273212],[-66.1839133387051,18.42552481985498]],[[-66.18352890014648,18.42862162623348],[-66.18322849273682,18.428626715554472],[-66.18312120437622,18.42865216215729]],[[-66.18354499340057,18.429247611587996],[-66.1840009689331,18.429206897162686]],[[-66.18354499340057,18.42965984460129],[-66.18395805358887,18.429670023181714]],[[-66.18354499340057,18.429496987232653],[-66.18302464485168,18.42948171934644]],[[-66.18236482143402,18.42920180785883],[-66.18265450000763,18.42919671855485]],[[-66.18236482143402,18.42930868320788],[-66.18166744709015,18.42933412970976],[-66.18157088756561,18.42939520129893]],[[-66.18300318717957,18.431283320561278],[-66.18320167064667,18.43101359050756]],[[-66.1831533908844,18.431380016137865],[-66.18284225463867,18.431787154811104],[-66.18235409259796,18.4322706307333],[-66.1823433637619,18.43237750417471]],[[-66.18350744247437,18.430402879388282],[-66.18354499340057,18.430245111996555],[-66.18354499340057,18.42965984460129],[-66.18353962898254,18.42888627072645],[-66.18348598480225,18.427079555028897]],[[-66.18499875068665,18.430194219258667],[-66.1842530965805,18.430189129984043]],[[-66.18499338626862,18.43117644643968],[-66.1850255727768,18.43107466150019],[-66.18498265743256,18.4296751124717],[-66.18492901325226,18.42912037897689],[-66.18475198745728,18.42699303577274]],[[-66.18488609790802,18.432662499693635],[-66.18551909923553,18.431863493205014],[-66.18572294712067,18.431583585595007]],[[-66.185964345932,18.4317057271536],[-66.18586778640747,18.43007716590435]],[[-66.18632912635803,18.431853314754463],[-66.18635058403015,18.431746440987183],[-66.18625402450562,18.43007207662626]],[[-66.18599116802216,18.43230625522115],[-66.18630230426788,18.432514912787454],[-66.18637204170227,18.43257598324675],[-66.18654370307922,18.43260142926505],[-66.18664026260376,18.43266758889503],[-66.18732690811157,18.433049278570735]],[[-66.18701040744781,18.430133147953313],[-66.18625402450562,18.43007207662626],[-66.18586778640747,18.43007716590435],[-66.18499338626862,18.430143326505714]],[[-66.1866295337677,18.42902368212947],[-66.1864686012268,18.428988056961458],[-66.18492901325226,18.42912037897689]],[[-66.18585705757141,18.429038950056366],[-66.1858195066452,18.42807706801463],[-66.18579268455505,18.427888762434876],[-66.18555128574371,18.42782769031068],[-66.1855298280716,18.42709991249461]],[[-66.18638813495636,18.43007716590435],[-66.18638813495636,18.42998046959501],[-66.18658125400543,18.429156004117473],[-66.1866295337677,18.42902368212947],[-66.186683177948,18.428830288271527],[-66.18680655956268,18.428031263973665],[-66.18691921234131,18.427379827403755]],[[-66.18498265743256,18.4296751124717],[-66.18444085121155,18.429680201761528]],[[-66.18491291999817,18.428865913472222],[-66.18353962898254,18.42888627072645]],[[-66.18482172489166,18.427812422276233],[-66.1840546131134,18.42783277965519],[-66.18350744247437,18.427837868999546]],[[-66.1858195066452,18.42807706801463],[-66.18680655956268,18.428031263973665]],[[-66.18890404701233,18.429018592820213],[-66.18860900402069,18.429038950056366],[-66.18826031684875,18.429008414201235],[-66.18785262107849,18.42890662797828],[-66.18768632411957,18.428901538665556],[-66.186683177948,18.428830288271527]],[[-66.18892550468445,18.4292221650733],[-66.18816912174225,18.42917636133737]],[[-66.18894159793854,18.429385022702235],[-66.18868410587311,18.42941046919283],[-66.1885929107666,18.429451183569938],[-66.18846952915192,18.42943591567966]],[[-66.18896305561066,18.429680201761528],[-66.18872165679932,18.429685291051214],[-66.18866264820099,18.429766719665636],[-66.18819057941437,18.42988377323131],[-66.18780434131622,18.42988377323131],[-66.18726253509521,18.429781987526553],[-66.1870801448822,18.429726005363236],[-66.18701040744781,18.430133147953313],[-66.18708550930023,18.432092508183317],[-66.18705332279205,18.432199381735458]],[[-66.18909180164337,18.427944745196356],[-66.18918299674988,18.42756813354083],[-66.1892491231519,18.427427518891374]],[[-66.18765950202942,18.43252509119884],[-66.18744492530823,18.432957673125856],[-66.18732690811157,18.433049278570735],[-66.1872786283493,18.43324266768296],[-66.18724687160379,18.433916760958656]],[[-66.18802428245544,18.432733748499544],[-66.18806719779968,18.43256071563397],[-66.18799209594727,18.430759127804833],[-66.18799209594727,18.43037234377539],[-66.1876916885376,18.43035707596688]],[[-66.1846024776937,18.43429383098084],[-66.184521317482,18.434235055757142],[-66.1842691898346,18.434036578600626]],[[-66.18627091910619,18.434230037935546],[-66.18630230426788,18.433502215886392],[-66.18637204170227,18.43257598324675]],[[-66.18240437310043,18.43343606901581],[-66.18301928043365,18.432723570100492],[-66.1837112903595,18.431797333265592]],[[-66.18577122688293,18.43331391624841],[-66.18537962436676,18.433960241171732]],[[-66.18630230426788,18.433502215886392],[-66.18605017662048,18.433471680823956],[-66.18577122688293,18.43331391624841],[-66.1831533908844,18.431380016137865],[-66.18250966072083,18.430962697997145],[-66.18176937103271,18.43078457409206],[-66.1812973022461,18.430692967440436]],[[-66.18187129497528,18.432927137966715],[-66.18180220740513,18.432925912863972]],[[-66.181871089659,18.43299370383768],[-66.18193030357361,18.432499645169244],[-66.18187665939331,18.43240803943148],[-66.18134850884483,18.432394121236143]],[[-66.18413200172047,18.434209224753147],[-66.1842691898346,18.434036578600626],[-66.18437647819519,18.433919527862443],[-66.1844676733017,18.43377703120403],[-66.18518114089966,18.43288133521783]],[[-66.18321770119286,18.433902031483257],[-66.18342697620392,18.43361926690872],[-66.18365228176117,18.433344451338854],[-66.18449985980988,18.43237750417471]],[[-66.18855990038311,18.433056672097244],[-66.1882334947586,18.432850800045145],[-66.18765950202942,18.43252509119884],[-66.18705332279205,18.432199381735458],[-66.18632912635803,18.431853314754463],[-66.185964345932,18.4317057271536],[-66.18572294712067,18.431583585595007],[-66.18499338626862,18.43117644643968],[-66.1812973022461,18.429252700890487]],[[-66.1812973022461,18.431797333265592],[-66.18195176124573,18.431812600946174]],[[-66.18149042129517,18.431156089456593],[-66.18182301521301,18.430718413737438],[-66.18254721164703,18.429904130365017]],[[-66.1812973022461,18.42988377323131],[-66.18131875991821,18.429858326810773],[-66.1812973022461,18.42980234467231]],[[-66.1817341675488,18.426822402884312],[-66.18175864219666,18.42724750404895],[-66.18172109127045,18.427400184833928],[-66.18171036243439,18.4275172400106],[-66.1817318201065,18.428351892004187],[-66.18233799934387,18.428336624016282],[-66.18320167064667,18.428331534686677]]]},"properties":{"shelterId":"shelter-1","kind":"road","radiusM":500,"roadId":"14/5179/7338/8","roadClass":"minor","source":"OpenFreeMap / OpenStreetMap","exposureHigh":false,"exposureModerate":false}},{"type":"Feature","geometry":{"type":"MultiLineString","coordinates":[[[-66.18969601330441,18.42828405709196],[-66.18897914886475,18.42787858374902],[-66.18887186050415,18.427797154240437],[-66.1887377500534,18.427624116406676],[-66.188485622406,18.427257682772165],[-66.1882495880127,18.427013393248714],[-66.18811011314392,18.426881069611923],[-66.18800282478333,18.426819997129854],[-66.18777751922607,18.42675892462607]],[[-66.18726253509521,18.429781987526553],[-66.18731617927551,18.429573326643407],[-66.18734836578369,18.429237432982575],[-66.18733763694763,18.429191629250695],[-66.18723571300507,18.42910511105721],[-66.18724644184113,18.42887100278601]]]},"properties":{"shelterId":"shelter-1","kind":"road","radiusM":500,"roadId":"14/5179/7338/10","roadClass":"minor","source":"OpenFreeMap / OpenStreetMap","exposureHigh":false,"exposureModerate":false}},{"type":"Feature","geometry":{"type":"MultiLineString","coordinates":[[[-66.18770241737366,18.4275172400106],[-66.18777751922607,18.42675892462607],[-66.18791162967682,18.42617873475851],[-66.18792992289352,18.42613119613472]]]},"properties":{"shelterId":"shelter-1","kind":"road","radiusM":500,"roadId":"14/5179/7338/29","roadClass":"tertiary","source":"OpenFreeMap / OpenStreetMap","exposureHigh":false,"exposureModerate":false}},{"type":"Feature","geometry":{"type":"MultiLineString","coordinates":[[[-66.18913350474935,18.432415454810855],[-66.18902742862701,18.430647164096314],[-66.18892550468445,18.4292221650733],[-66.1888074874878,18.428097425362267],[-66.18867337703705,18.427771707511113],[-66.18845343589783,18.427649563157857],[-66.18691921234131,18.427379827403755],[-66.18502020835876,18.426998125141964],[-66.18475198745728,18.42699303577274],[-66.18394732475281,18.427059197560794],[-66.18212342262268,18.42712535932337],[-66.18175864219666,18.42724750404895],[-66.1812973022461,18.427522329364308]]]},"properties":{"shelterId":"shelter-1","kind":"road","radiusM":500,"roadId":"14/5179/7338/30","roadClass":"tertiary","source":"OpenFreeMap / OpenStreetMap","exposureHigh":false,"exposureModerate":false}},{"type":"Feature","geometry":{"type":"MultiLineString","coordinates":[[[-66.18085741996765,18.430606450002415],[-66.18065189841627,18.43093458638414]],[[-66.18166744709015,18.42933412970976],[-66.18165671825409,18.42875394853087],[-66.18162453174591,18.428713233988674],[-66.18157625198364,18.428687787394892]],[[-66.18101835250854,18.429110200363922],[-66.18105590343475,18.429059307290103],[-66.18107199668884,18.42900332489151],[-66.18108808994293,18.42892698522769],[-66.18110954761505,18.42870305535162]],[[-66.18094072080994,18.42796448069818],[-66.18094325065613,18.42797528124038],[-66.18095934391022,18.42817885472863]]]},"properties":{"shelterId":"shelter-1","kind":"road","radiusM":500,"roadId":"14/5180/7338/1","roadClass":"service","source":"OpenFreeMap / OpenStreetMap","exposureHigh":false,"exposureModerate":false}},{"type":"Feature","geometry":{"type":"MultiLineString","coordinates":[[[-66.181871089659,18.43299370383768],[-66.18193030357361,18.432499645169244],[-66.18187665939331,18.43240803943148],[-66.1813476656266,18.43239296224201]],[[-66.18187129497528,18.432927137966715],[-66.1818023133053,18.43292601929096]],[[-66.18098014097478,18.43179346370942],[-66.18195176124573,18.431812600946174]],[[-66.18050936126757,18.42988419101359],[-66.18064820766449,18.42969546963012],[-66.18082523345947,18.429471540754875],[-66.18106663227081,18.42913564689519]],[[-66.18149042129517,18.431156089456593],[-66.18182301521301,18.430718413737438],[-66.1819839477539,18.430540289579255]],[[-66.1819839477539,18.430835466655196],[-66.18176937103271,18.43078457409206],[-66.18056836586192,18.430547957012898]],[[-66.18114709854126,18.430056808791107],[-66.18131875991821,18.429858326810773],[-66.1812973022461,18.42980234467231],[-66.18082523345947,18.429471540754875]],[[-66.1819839477539,18.42960895169017],[-66.18061215251488,18.428906777186178]],[[-66.1819839477539,18.429323951109467],[-66.18166744709015,18.42933412970976],[-66.18157088756561,18.42939520129893]],[[-66.18064820766449,18.42969546963012],[-66.1805158527157,18.429599724884337]],[[-66.1817341675488,18.426822402884312],[-66.18175864219666,18.42724750404895],[-66.18172109127045,18.427400184833928],[-66.18171036243439,18.4275172400106],[-66.1817318201065,18.428351892004187],[-66.1819839477539,18.428346802675037]]]},"properties":{"shelterId":"shelter-1","kind":"road","radiusM":500,"roadId":"14/5180/7338/27","roadClass":"minor","source":"OpenFreeMap / OpenStreetMap","exposureHigh":false,"exposureModerate":false}},{"type":"Feature","geometry":{"type":"MultiLineString","coordinates":[[[-66.1819839477539,18.427171163605635],[-66.18175864219666,18.42724750404895],[-66.18124902248383,18.427547776130552],[-66.18113497165255,18.427606039109786]]]},"properties":{"shelterId":"shelter-1","kind":"road","radiusM":500,"roadId":"14/5180/7338/58","roadClass":"tertiary","source":"OpenFreeMap / OpenStreetMap","exposureHigh":false,"exposureModerate":false}},{"type":"Feature","geometry":{"type":"Polygon","coordinates":[[[-66.20575240111528,18.39916537],[-66.2057625473545,18.39945946182984],[-66.20579294262441,18.399752294313313],[-66.20584345676781,18.400042613496773],[-66.20591387347537,18.4003291761889],[-66.20600389121194,18.40061075528426],[-66.20611312450774,18.400886145017928],[-66.20624110560905,18.401154166128794],[-66.20638728648113,18.40141367090931],[-66.20655104115505,18.40166354812017],[-66.20673166840817,18.401902727748787],[-66.20692839476683,18.40213018559128],[-66.20714037781859,18.40234494763824],[-66.20736670981947,18.402546094245622],[-66.20760642158108,18.402732764072763],[-66.20785848662086,18.40290415777081],[-66.20812182555764,18.40305954140563],[-66.20839531073364,18.40319824960065],[-66.20867777104334,18.403319688386077],[-66.20896799694835,18.403423337742396],[-66.20926474565677,18.403508753827143],[-66.20956674644509,18.40357557087554],[-66.20987270609957,18.403623502766717],[-66.21018131445399,18.40365234424896],[-66.21049125,18.40366197181862],[-66.21080118554602,18.40365234424896],[-66.21110979390043,18.403623502766717],[-66.21141575355492,18.40357557087554],[-66.21171775434324,18.403508753827143],[-66.21201450305166,18.403423337742396],[-66.21230472895667,18.403319688386077],[-66.21258718926637,18.40319824960065],[-66.21286067444237,18.40305954140563],[-66.21312401337914,18.40290415777081],[-66.21337607841893,18.402732764072763],[-66.21361579018054,18.402546094245622],[-66.21384212218142,18.40234494763824],[-66.21405410523317,18.40213018559128],[-66.21425083159184,18.401902727748787],[-66.21443145884496,18.40166354812017],[-66.21459521351888,18.40141367090931],[-66.21474139439096,18.401154166128794],[-66.21486937549227,18.400886145017928],[-66.21497860878807,18.40061075528426],[-66.21506862652464,18.4003291761889],[-66.2151390432322,18.400042613496773],[-66.2151895573756,18.399752294313313],[-66.21521995264551,18.39945946182984],[-66.21523009888473,18.39916537],[-66.21521995264551,18.39887127817016],[-66.2151895573756,18.398578445686685],[-66.2151390432322,18.398288126503225],[-66.21506862652464,18.398001563811096],[-66.21497860878807,18.39771998471574],[-66.21486937549227,18.39744459498207],[-66.21474139439096,18.397176573871203],[-66.21459521351888,18.396917069090687],[-66.21443145884496,18.39666719187983],[-66.21425083159184,18.39642801225121],[-66.21405410523317,18.39620055440872],[-66.21384212218142,18.395985792361756],[-66.21361579018054,18.395784645754375],[-66.21337607841893,18.395597975927235],[-66.21312401337914,18.395426582229188],[-66.21286067444237,18.39527119859437],[-66.21258718926637,18.395132490399348],[-66.21230472895667,18.39501105161392],[-66.21201450305166,18.3949074022576],[-66.21171775434324,18.394821986172854],[-66.21141575355492,18.39475516912446],[-66.21110979390043,18.39470723723328],[-66.21080118554602,18.394678395751036],[-66.21049125,18.394668768181376],[-66.21018131445399,18.394678395751036],[-66.20987270609957,18.39470723723328],[-66.20956674644509,18.39475516912446],[-66.20926474565677,18.394821986172854],[-66.20896799694835,18.3949074022576],[-66.20867777104334,18.39501105161392],[-66.20839531073364,18.395132490399348],[-66.20812182555764,18.39527119859437],[-66.20785848662086,18.395426582229188],[-66.20760642158108,18.395597975927235],[-66.20736670981947,18.395784645754375],[-66.20714037781859,18.395985792361756],[-66.20692839476683,18.39620055440872],[-66.20673166840817,18.39642801225121],[-66.20655104115505,18.39666719187983],[-66.20638728648113,18.396917069090687],[-66.20624110560905,18.397176573871203],[-66.20611312450774,18.39744459498207],[-66.20600389121194,18.39771998471574],[-66.20591387347537,18.398001563811096],[-66.20584345676781,18.398288126503225],[-66.20579294262441,18.398578445686685],[-66.2057625473545,18.39887127817016],[-66.20575240111528,18.39916537]]]},"properties":{"shelterId":"shelter-2","kind":"radius","radiusM":500}},{"type":"Feature","geometry":{"type":"MultiLineString","coordinates":[[[-66.21349453926086,18.401574848046195],[-66.21331751346588,18.40151885670565]],[[-66.21184229850769,18.3975179737984],[-66.2118262052536,18.39737544699335]],[[-66.2092673778534,18.39817970384854],[-66.20928883552551,18.397986275327597]],[[-66.20984137058258,18.397757214956073],[-66.20963215827942,18.397813207519448]],[[-66.21024906635284,18.40030740324326],[-66.21024906635284,18.400368485134436]],[[-66.20821058750153,18.39909085106538],[-66.20814085006714,18.398770168516364],[-66.20799601078033,18.398663274200672],[-66.20788335800171,18.398261147371343]],[[-66.20888650417328,18.398189884291],[-66.20885968208313,18.398016816687445]],[[-66.20884895324707,18.39819497451201],[-66.20879530906677,18.39888724316694]],[[-66.20742738246918,18.39767068095867],[-66.20767951011658,18.397512883557397]]]},"properties":{"shelterId":"shelter-2","kind":"road","radiusM":500,"roadId":"14/5178/7339/2","roadClass":"service","source":"OpenFreeMap / OpenStreetMap","exposureHigh":false,"exposureModerate":false}},{"type":"Feature","geometry":{"type":"MultiLineString","coordinates":[[[-66.21117174625397,18.403224039366947],[-66.21094644069672,18.403274940082383],[-66.21083915233612,18.40329530036435],[-66.21082305908203,18.40318331878376]],[[-66.2109625339508,18.403351291127336],[-66.21119320392609,18.403300390434467],[-66.21115565299988,18.40313750811616],[-66.21097326278687,18.40317822871019],[-66.21094644069672,18.403274940082383],[-66.2110291293761,18.403632912589813]],[[-66.21100738518558,18.4036352214737],[-66.21090888977051,18.40359052418229],[-66.21065676212311,18.40361597448772],[-66.21039382368959,18.40366102141709]],[[-66.21116101741791,18.40317313863646],[-66.21120929718018,18.40316804856259],[-66.21115028858185,18.402888094267723],[-66.21082842350006,18.402938995082465]],[[-66.21070504188538,18.40361088442694],[-66.21071577072144,18.40333093085198]],[[-66.21037239621222,18.40366055731819],[-66.21035099029541,18.403152778340043]],[[-66.21214312526345,18.403379938016386],[-66.21190667152405,18.401702101025208],[-66.21195495128632,18.401651199844892],[-66.21221780776978,18.40164610972603],[-66.21227145195007,18.402073679185804]],[[-66.20682656764984,18.398500387496853],[-66.20678901672363,18.39878034892392],[-66.20654225349426,18.398851611759966]],[[-66.20747566223145,18.395995985036365],[-66.20770633220673,18.395995985036365]]]},"properties":{"shelterId":"shelter-2","kind":"road","radiusM":500,"roadId":"14/5178/7339/3","roadClass":"service","source":"OpenFreeMap / OpenStreetMap","exposureHigh":false,"exposureModerate":false}},{"type":"Feature","geometry":{"type":"MultiLineString","coordinates":[[[-66.20928883552551,18.397986275327597],[-66.2096107006073,18.39806262871707]],[[-66.2083500623703,18.398052448267094],[-66.20853781700134,18.39804226781652],[-66.20871484279633,18.398026997139524],[-66.20885968208313,18.398016816687445],[-66.20928883552551,18.397986275327597],[-66.20955169200897,18.397894651215537]],[[-66.20842516422272,18.397604507872515],[-66.20830714702606,18.397604507872515]],[[-66.2084573507309,18.397731763784876],[-66.20833396911621,18.39774194425381]],[[-66.20850563049316,18.397909921904258],[-66.20833396911621,18.397915012133538]],[[-66.20871484279633,18.398026997139524],[-66.20853245258331,18.397329634780974]],[[-66.20885968208313,18.398016816687445],[-66.20867729187012,18.39729400305181],[-66.20853245258331,18.397329634780974],[-66.20836615562439,18.39738053723842],[-66.20853781700134,18.39804226781652]]]},"properties":{"shelterId":"shelter-2","kind":"road","radiusM":500,"roadId":"14/5178/7339/8","roadClass":"service","source":"OpenFreeMap / OpenStreetMap","exposureHigh":false,"exposureModerate":false}},{"type":"Feature","geometry":{"type":"MultiLineString","coordinates":[[[-66.21475522513225,18.397203410513526],[-66.21452450752258,18.397248190817763],[-66.21447086334229,18.39738562748333],[-66.21448159217834,18.397685951667256],[-66.21456205844879,18.39809826028724],[-66.21454060077667,18.398220425614753],[-66.21450304985046,18.3983324104222],[-66.21441185474396,18.398403673443568],[-66.21235191822052,18.398586921077438],[-66.21109664440155,18.398678544821266],[-66.21062457561493,18.398749807699446],[-66.21046900749207,18.398810890142983]],[[-66.2149429321289,18.399187564732827],[-66.21481955051422,18.39869890564661],[-66.21481418609619,18.39858183086801],[-66.2147980928421,18.39849020707274],[-66.21463179588318,18.398357861504635],[-66.21450304985046,18.3983324104222]],[[-66.21484100818634,18.399711853669118],[-66.21495366096497,18.400663713969706]],[[-66.2093441632323,18.403528248409312],[-66.20914399623871,18.402918634758365],[-66.209015250206,18.402888094267723],[-66.20868265628815,18.403005166119115]],[[-66.21003985404968,18.402272193216987],[-66.21008813381195,18.40256232869713]],[[-66.20957314968109,18.402323094213784],[-66.20962679386139,18.40266413050412]],[[-66.21065139770508,18.40216530107479],[-66.2107104063034,18.40266413050412]],[[-66.21331751346588,18.402297643717276],[-66.21331214904785,18.401982057248077],[-66.21349453926086,18.401574848046195],[-66.21359646320343,18.40149340609028],[-66.21383249759674,18.40145268509788]],[[-66.21374130249023,18.400760426753962],[-66.21369302272797,18.40030231308468],[-66.21366620063782,18.399839108024622]],[[-66.21218025684357,18.400399026071895],[-66.21225535869598,18.400287042608056],[-66.21237874031067,18.40003762463148],[-66.21245920658112,18.399706763492944],[-66.21241629123688,18.39905521970053],[-66.21235191822052,18.398586921077438]],[[-66.21186912059784,18.400159788583494],[-66.21210515499115,18.399666042078124]],[[-66.21306002140045,18.399996903294877],[-66.21317267417908,18.400821508484484]],[[-66.21186912059784,18.399467525043008],[-66.21184766292572,18.399182474541163],[-66.21177792549133,18.398627642747385]],[[-66.21361792087555,18.39956932867935],[-66.21349453926086,18.398480026648045]],[[-66.21446013450623,18.399004317737948],[-66.21454060077667,18.39987982939853],[-66.21460497379303,18.400694254854812]],[[-66.21383786201477,18.398454575583656],[-66.21387004852295,18.398973776553206],[-66.21397733688354,18.39948279559229]],[[-66.21325850486755,18.39736526650276],[-66.21323704719543,18.396978407414608],[-66.21329605579376,18.396723894382816]],[[-66.21244311332703,18.39680024833183],[-66.21248602867126,18.396952956128345],[-66.21253967285156,18.397411078705673]],[[-66.21189057826996,18.3965864571893],[-66.21185839176178,18.396479561518547]],[[-66.2129259109497,18.398536018976472],[-66.21297955513,18.399319909663433]],[[-66.21166527271271,18.396637359866347],[-66.21174037456512,18.39711075404253]],[[-66.210458278656,18.397472161623924],[-66.21009886264801,18.397599417634055]],[[-66.20996475219727,18.39715147606144],[-66.21046364307404,18.396993678184558],[-66.21166527271271,18.396637359866347],[-66.21187448501587,18.396535554497206]],[[-66.21037244796753,18.397680861431212],[-66.21184229850769,18.3975179737984],[-66.21253967285156,18.397411078705673],[-66.21325850486755,18.39736526650276],[-66.2137520313263,18.397370356748127],[-66.21412217617035,18.39725837131526],[-66.21417582035065,18.397182017569293],[-66.2140953540802,18.396459200430883],[-66.21411477782853,18.39626751676349]],[[-66.21027052402496,18.398052448267094],[-66.21068894863129,18.397991365554603]],[[-66.21045291423798,18.40037357529104],[-66.21053874492645,18.40087750005175]],[[-66.20918154716492,18.40085204934161],[-66.20917081832886,18.400648443525128],[-66.20910108089447,18.399930731102373]],[[-66.20976090431213,18.40080114791006],[-66.20968043804169,18.40044483746793],[-66.20963215827942,18.400368485134436]],[[-66.20791018009186,18.40034812450645],[-66.20867729187012,18.400287042608056]],[[-66.2079530954361,18.400546640526613],[-66.20750784873962,18.400658623821656]],[[-66.20800137519836,18.400770607043896],[-66.20699286460876,18.401106556273746],[-66.20652079582214,18.401274530642922]],[[-66.20805501937866,18.401040384507567],[-66.20846807956696,18.400943671880498],[-66.20953559875488,18.40080114791006],[-66.20976090431213,18.40080114791006],[-66.20997548103333,18.400760426753962],[-66.21003448963165,18.40073497602654],[-66.21024906635284,18.400368485134436],[-66.21045291423798,18.40037357529104],[-66.21095180511475,18.400409206383173],[-66.21100544929504,18.400287042608056],[-66.21111810207367,18.39955405813774]],[[-66.2064403295517,18.401142187214234],[-66.2066388130188,18.401014933821486],[-66.20703041553497,18.400796057766073]],[[-66.20747566223145,18.39963041083226],[-66.20740056037903,18.399452254492374],[-66.20671391487122,18.3992995489115]],[[-66.20779752731323,18.399772935771495],[-66.20803356170654,18.399767845597125],[-66.2082427740097,18.399834017852214],[-66.2088006734848,18.3999510917797]],[[-66.20782971382141,18.396840970424137],[-66.20733618736267,18.396840970424137]],[[-66.2074327468872,18.39626067970002],[-66.20798528194427,18.39625558942187]],[[-66.20636522769928,18.39806771894183],[-66.20646178722382,18.397828478215402],[-66.20659053325653,18.39766559072217],[-66.2066924571991,18.39696822690057],[-66.20667099952698,18.396871511987044],[-66.20657444000244,18.396805338593907]],[[-66.2071967124939,18.39763504930005],[-66.20765268802643,18.397706312609927]],[[-66.20614528656006,18.399783116119778],[-66.20611846446991,18.3994624348596],[-66.20600581169128,18.399101031453995]],[[-66.20612919330597,18.400241231170043],[-66.20589428308412,18.400257442100685]],[[-66.20623111724854,18.400811328197577],[-66.20610178006471,18.400859923712314]],[[-66.20686948299408,18.401936246260917],[-66.20679344603755,18.401977474119136]],[[-66.20831251144409,18.40186498470115],[-66.20772242546082,18.40199732757442],[-66.20767951011658,18.40195151659134]],[[-66.20823740959167,18.401625749249078],[-66.20859682559967,18.40157993816716],[-66.21082305908203,18.401396693717615]],[[-66.20854318141937,18.402531788143293],[-66.20835542678833,18.40261831969842],[-66.20813548564911,18.402694671034496]],[[-66.20852708816528,18.402485977302376],[-66.20864510536194,18.40243507635374],[-66.2092137336731,18.40235363480464],[-66.21003985404968,18.402272193216987],[-66.21030807495117,18.402231472408744],[-66.21074259281158,18.402144940659227]],[[-66.20841443538666,18.402195841693626],[-66.20763123035431,18.402404535777336]],[[-66.20828653626047,18.403145686769406],[-66.2086933851242,18.403030616511074]],[[-66.20707966736464,18.402286277513976],[-66.20686948299408,18.401936246260917],[-66.20669782161713,18.40155957768239],[-66.20623111724854,18.400811328197577],[-66.20619356632233,18.40071970558826],[-66.20611846446991,18.40045501777651],[-66.20612919330597,18.400241231170043],[-66.20622038841248,18.39996127211745],[-66.20626330375671,18.399859468712776]],[[-66.2088035054831,18.403367122969016],[-66.20852708816528,18.402485977302376],[-66.20841443538666,18.402195841693626],[-66.20805501937866,18.401040384507567],[-66.20779752731323,18.399772935771495],[-66.20771706104279,18.399635501010707],[-66.20756685733795,18.399604959937847],[-66.20646178722382,18.399864558884445],[-66.20626330375671,18.399859468712776],[-66.20614528656006,18.399783116119778],[-66.20579533404353,18.39976928020329]],[[-66.20747566223145,18.395995985036365],[-66.2071430683136,18.396041797603402],[-66.20708094951652,18.39604320104126]],[[-66.2074863910675,18.395904359865725],[-66.20747566223145,18.395995985036365],[-66.2073415517807,18.396810428855815],[-66.2072879076004,18.39729909329928],[-66.2071967124939,18.39763504930005],[-66.20712161064148,18.397879380525453],[-66.20709478855133,18.398225515834852],[-66.20707869529724,18.398317139770924],[-66.20682656764984,18.398500387496853],[-66.20666563510895,18.398525838554477],[-66.20619356632233,18.39844439515683],[-66.2058111508434,18.398459514662477]],[[-66.2084037065506,18.396041797603402],[-66.20837688446045,18.395904359865725]],[[-66.21000230312347,18.395904359865725],[-66.20950877666473,18.396041797603402]],[[-66.21139705181122,18.396123242136966],[-66.20993793010712,18.39652537395699]],[[-66.21360182762146,18.395909450154264],[-66.21360182762146,18.395904359865725]],[[-66.21476270508906,18.397218115281706],[-66.21480882167816,18.39755360548125]]]},"properties":{"shelterId":"shelter-2","kind":"road","radiusM":500,"roadId":"14/5178/7339/26","roadClass":"minor","source":"OpenFreeMap / OpenStreetMap","exposureHigh":false,"exposureModerate":false}},{"type":"Feature","geometry":{"type":"MultiLineString","coordinates":[[[-66.21496202711745,18.40065630293224],[-66.2141865491867,18.400729885880608],[-66.2140041589737,18.400729885880608],[-66.21317267417908,18.400821508484484],[-66.21302247047424,18.40092840146073]],[[-66.2092137336731,18.40235363480464],[-66.20913326740265,18.40153921719522]],[[-66.2144923210144,18.40070443514864],[-66.21455132961273,18.401157457615028]],[[-66.2141865491867,18.400729885880608],[-66.21425092220306,18.401355972702333]],[[-66.2140041589737,18.400729885880608],[-66.21399343013763,18.39982383750693]],[[-66.20966970920563,18.397935373049137],[-66.20937466621399,18.396973317157645],[-66.20939075946808,18.396886782766487],[-66.20945513248444,18.396825699640658],[-66.20982527732849,18.396693352793747]],[[-66.20976090431213,18.39834768107211],[-66.20968580245972,18.39799645578148]],[[-66.21082305908203,18.401396693717615],[-66.2108713388443,18.401366152957067],[-66.21088743209839,18.401305071419713],[-66.21095180511475,18.400409206383173]]]},"properties":{"shelterId":"shelter-2","kind":"road","radiusM":500,"roadId":"14/5178/7339/27","roadClass":"minor","source":"OpenFreeMap / OpenStreetMap","exposureHigh":false,"exposureModerate":false}},{"type":"Feature","geometry":{"type":"MultiLineString","coordinates":[[[-66.21055483818054,18.395904359865725],[-66.21068358421326,18.396316672749833]]]},"properties":{"shelterId":"shelter-2","kind":"road","radiusM":500,"roadId":"14/5178/7339/33","roadClass":"minor","source":"OpenFreeMap / OpenStreetMap","exposureHigh":false,"exposureModerate":false}},{"type":"Feature","geometry":{"type":"MultiLineString","coordinates":[[[-66.21074259281158,18.396301401919885],[-66.2106192111969,18.395904359865725]]]},"properties":{"shelterId":"shelter-2","kind":"road","radiusM":500,"roadId":"14/5178/7339/34","roadClass":"minor","source":"OpenFreeMap / OpenStreetMap","exposureHigh":false,"exposureModerate":false}},{"type":"Feature","geometry":{"type":"MultiLineString","coordinates":[[[-66.21039927005768,18.398790529330867],[-66.21027052402496,18.39817461362709],[-66.210275888443,18.397874290295135],[-66.21037244796753,18.397680861431212],[-66.21064066886902,18.39746707138157],[-66.21174037456512,18.39711075404253],[-66.21226072311401,18.396952956128345],[-66.21244311332703,18.39680024833183],[-66.21251285076141,18.39659154745769],[-66.21258795261383,18.3959298113069],[-66.21259868144989,18.395904359865725]],[[-66.20596670439534,18.397828432636675],[-66.20619356632233,18.3979760948731],[-66.20636522769928,18.39806771894183],[-66.20668172836304,18.398210245174113],[-66.20709478855133,18.398225515834852],[-66.20767951011658,18.398276418027564],[-66.20921909809113,18.39817461362709],[-66.20959460735321,18.398240786494256],[-66.20976090431213,18.39834768107211],[-66.20993256568909,18.398663274200672],[-66.21004521846771,18.398729446880125],[-66.21039927005768,18.398790529330867],[-66.21046900749207,18.398810890142983],[-66.2106192111969,18.398933054965084],[-66.21111810207367,18.39955405813774],[-66.21176183223724,18.400047804964117],[-66.21186912059784,18.400159788583494],[-66.21218025684357,18.400399026071895],[-66.21302247047424,18.40092840146073],[-66.2136822938919,18.401279620772755],[-66.21383249759674,18.40145268509788],[-66.21398929595291,18.402198875160185]]]},"properties":{"shelterId":"shelter-2","kind":"road","radiusM":500,"roadId":"14/5178/7339/37","roadClass":"tertiary","source":"OpenFreeMap / OpenStreetMap","exposureHigh":false,"exposureModerate":false}},{"type":"Feature","geometry":{"type":"MultiLineString","coordinates":[[[-66.21027052402496,18.39817461362709],[-66.20978772640228,18.3965864571893],[-66.2097018957138,18.39646938097502],[-66.20926201343536,18.396082519874994],[-66.20914936065674,18.395950172457134],[-66.20912253856659,18.395904359865725]]]},"properties":{"shelterId":"shelter-2","kind":"road","radiusM":500,"roadId":"14/5178/7339/38","roadClass":"tertiary","source":"OpenFreeMap / OpenStreetMap","exposureHigh":false,"exposureModerate":false}},{"type":"Feature","geometry":{"type":"MultiLineString","coordinates":[[[-66.20747566223145,18.395995985036365],[-66.20770633220673,18.395995985036365]]]},"properties":{"shelterId":"shelter-2","kind":"road","radiusM":500,"roadId":"14/5178/7340/0","roadClass":"service","source":"OpenFreeMap / OpenStreetMap","exposureHigh":false,"exposureModerate":false}},{"type":"Feature","geometry":{"type":"MultiLineString","coordinates":[[[-66.2131161436553,18.395421603425422],[-66.21306538581848,18.395436052677],[-66.21282935142517,18.395436052677]],[[-66.21341683083553,18.39562798361773],[-66.21343553066254,18.395807644354974]],[[-66.21410608291626,18.396555915575846],[-66.2140953540802,18.396459200430883],[-66.21411477782853,18.39626751676349]],[[-66.21360182762146,18.395909450154264],[-66.21358509357441,18.395759322019853]],[[-66.21306538581848,18.395436052677],[-66.21306538581848,18.395685477316405]],[[-66.21188521385193,18.396555915575846],[-66.21185839176178,18.396479561518547]],[[-66.21183693408966,18.396555915575846],[-66.21187448501587,18.396535554497206]],[[-66.21139705181122,18.396123242136966],[-66.20993793010712,18.39652537395699]],[[-66.21139705181122,18.395517497496925],[-66.20950877666473,18.396041797603402]],[[-66.21155798435211,18.39486593785955],[-66.21062457561493,18.395110273012335],[-66.20912790298462,18.395532768396365]],[[-66.20992456058988,18.394701035281457],[-66.20912253856659,18.39492193136266]],[[-66.2084037065506,18.396041797603402],[-66.20828568935394,18.395481865392952],[-66.20830178260803,18.39518662767651],[-66.20828535391398,18.39518564309352]],[[-66.2074327468872,18.39626067970002],[-66.20798528194427,18.39625558942187]],[[-66.20747566223145,18.395995985036365],[-66.2071430683136,18.396041797603402],[-66.20708094951652,18.39604320104126]],[[-66.20738446712494,18.396555915575846],[-66.20747566223145,18.395995985036365],[-66.2075024843216,18.395680387021258]]]},"properties":{"shelterId":"shelter-2","kind":"road","radiusM":500,"roadId":"14/5178/7340/14","roadClass":"minor","source":"OpenFreeMap / OpenStreetMap","exposureHigh":false,"exposureModerate":false}},{"type":"Feature","geometry":{"type":"MultiLineString","coordinates":[[[-66.21062754933564,18.39467062849446],[-66.21064066886902,18.394713228213092],[-66.21064603328705,18.394855757220654],[-66.21046900749207,18.39542587207181],[-66.210458278656,18.395542948995242],[-66.21049582958221,18.395700748200966],[-66.21068358421326,18.396316672749833]]]},"properties":{"shelterId":"shelter-2","kind":"road","radiusM":500,"roadId":"14/5178/7340/21","roadClass":"minor","source":"OpenFreeMap / OpenStreetMap","exposureHigh":false,"exposureModerate":false}},{"type":"Feature","geometry":{"type":"MultiLineString","coordinates":[[[-66.21074259281158,18.396301401919885],[-66.21054410934448,18.395649845247178],[-66.21052265167236,18.395532768396365],[-66.21052265167236,18.395436052677],[-66.21054410934448,18.395339336903348],[-66.21068358421326,18.394937202314892],[-66.21069967746735,18.394830305620815],[-66.21069431304932,18.39470813788921],[-66.21068381398855,18.394672482150185]]]},"properties":{"shelterId":"shelter-2","kind":"road","radiusM":500,"roadId":"14/5178/7340/22","roadClass":"minor","source":"OpenFreeMap / OpenStreetMap","exposureHigh":false,"exposureModerate":false}},{"type":"Feature","geometry":{"type":"MultiLineString","coordinates":[[[-66.21251821517944,18.396555915575846],[-66.21258795261383,18.3959298113069],[-66.21282935142517,18.395436052677],[-66.21287125290633,18.395277011137452]]]},"properties":{"shelterId":"shelter-2","kind":"road","radiusM":500,"roadId":"14/5178/7340/29","roadClass":"tertiary","source":"OpenFreeMap / OpenStreetMap","exposureHigh":false,"exposureModerate":false}},{"type":"Feature","geometry":{"type":"MultiLineString","coordinates":[[[-66.20976626873016,18.396555915575846],[-66.2097018957138,18.39646938097502],[-66.20926201343536,18.396082519874994],[-66.20914936065674,18.395950172457134],[-66.20904743671417,18.395782192895737],[-66.2089616060257,18.39551240719682],[-66.2089553360698,18.394911499265447]]]},"properties":{"shelterId":"shelter-2","kind":"road","radiusM":500,"roadId":"14/5178/7340/30","roadClass":"tertiary","source":"OpenFreeMap / OpenStreetMap","exposureHigh":false,"exposureModerate":false}},{"type":"Feature","geometry":{"type":"Polygon","coordinates":[[[-66.22416967375612,18.44480062],[-66.22417982268745,18.44509471182984],[-66.22421022602214,18.445387544313313],[-66.22426075356846,18.445677863496773],[-66.22433118895968,18.4459644261889],[-66.22442123058066,18.44624600528426],[-66.22453049285934,18.44652139501793],[-66.2246585079179,18.446789416128794],[-66.22480472757616,18.44704892090931],[-66.22496852569913,18.44729879812017],[-66.22514920087808,18.447537977748787],[-66.22534597943417,18.44776543559128],[-66.2255580187314,18.44798019763824],[-66.22578441078497,18.448181344245622],[-66.22602418614932,18.448368014072763],[-66.22627631806955,18.44853940777081],[-66.22653972687806,18.44869479140563],[-66.22681328461789,18.44883349960065],[-66.22709581987282,18.448954938386077],[-66.22738612278349,18.449058587742396],[-66.22768295022827,18.449144003827143],[-66.22798503114649,18.44921082087554],[-66.22829107198126,18.449258752766717],[-66.22859976221876,18.44928759424896],[-66.22890978,18.44929722181862],[-66.22921979778123,18.44928759424896],[-66.22952848801873,18.449258752766717],[-66.2298345288535,18.44921082087554],[-66.23013660977172,18.449144003827143],[-66.2304334372165,18.449058587742396],[-66.23072374012717,18.448954938386077],[-66.2310062753821,18.44883349960065],[-66.23127983312193,18.44869479140563],[-66.23154324193044,18.44853940777081],[-66.23179537385067,18.448368014072763],[-66.23203514921502,18.448181344245622],[-66.23226154126858,18.44798019763824],[-66.23247358056582,18.44776543559128],[-66.23267035912191,18.447537977748787],[-66.23285103430086,18.44729879812017],[-66.23301483242383,18.44704892090931],[-66.2331610520821,18.446789416128794],[-66.23328906714065,18.44652139501793],[-66.23339832941933,18.44624600528426],[-66.23348837104031,18.4459644261889],[-66.23355880643153,18.445677863496773],[-66.23360933397785,18.445387544313313],[-66.23363973731254,18.44509471182984],[-66.23364988624387,18.44480062],[-66.23363973731254,18.44450652817016],[-66.23360933397785,18.444213695686685],[-66.23355880643153,18.443923376503225],[-66.23348837104031,18.443636813811096],[-66.23339832941933,18.44335523471574],[-66.23328906714065,18.44307984498207],[-66.2331610520821,18.442811823871203],[-66.23301483242383,18.442552319090687],[-66.23285103430086,18.44230244187983],[-66.23267035912191,18.44206326225121],[-66.23247358056582,18.44183580440872],[-66.23226154126858,18.441621042361756],[-66.23203514921502,18.441419895754375],[-66.23179537385067,18.441233225927235],[-66.23154324193044,18.441061832229188],[-66.23127983312193,18.44090644859437],[-66.2310062753821,18.440767740399348],[-66.23072374012717,18.44064630161392],[-66.2304334372165,18.4405426522576],[-66.23013660977172,18.440457236172854],[-66.2298345288535,18.44039041912446],[-66.22952848801873,18.44034248723328],[-66.22921979778123,18.440313645751036],[-66.22890978,18.440304018181376],[-66.22859976221876,18.440313645751036],[-66.22829107198126,18.44034248723328],[-66.22798503114649,18.44039041912446],[-66.22768295022827,18.440457236172854],[-66.22738612278349,18.4405426522576],[-66.22709581987282,18.44064630161392],[-66.22681328461789,18.440767740399348],[-66.22653972687806,18.44090644859437],[-66.22627631806955,18.441061832229188],[-66.22602418614932,18.441233225927235],[-66.22578441078497,18.441419895754375],[-66.2255580187314,18.441621042361756],[-66.22534597943417,18.44183580440872],[-66.22514920087808,18.44206326225121],[-66.22496852569913,18.44230244187983],[-66.22480472757616,18.442552319090687],[-66.2246585079179,18.442811823871203],[-66.22453049285934,18.44307984498207],[-66.22442123058066,18.44335523471574],[-66.22433118895968,18.443636813811096],[-66.22426075356846,18.443923376503225],[-66.22421022602214,18.444213695686685],[-66.22417982268745,18.44450652817016],[-66.22416967375612,18.44480062]]]},"properties":{"shelterId":"shelter-3","kind":"radius","radiusM":500}},{"type":"Feature","geometry":{"type":"MultiLineString","coordinates":[[[-66.22613847255707,18.442911845865908],[-66.22651934623718,18.4429983571097]],[[-66.23003304004669,18.44385328941189],[-66.22959315776825,18.44460135168633]],[[-66.22874557971954,18.44504916972052],[-66.22833251953125,18.444983014857144]],[[-66.22842907905579,18.444535196650506],[-66.22887432575226,18.444616618229446],[-66.22879385948181,18.444952481834676],[-66.22874557971954,18.44504916972052],[-66.22869193553925,18.445242545328952],[-66.22829496860504,18.44517639054004]]]},"properties":{"shelterId":"shelter-3","kind":"road","radiusM":500,"roadId":"14/5177/7337/1","roadClass":"service","source":"OpenFreeMap / OpenStreetMap","exposureHigh":true,"exposureModerate":true}},{"type":"Feature","geometry":{"type":"MultiLineString","coordinates":[[[-66.22901380062103,18.442871134677276],[-66.22917473316193,18.442550533729744]],[[-66.22640132904053,18.443542868056],[-66.22655689716339,18.44319173502656]]]},"properties":{"shelterId":"shelter-3","kind":"road","radiusM":500,"roadId":"14/5177/7337/2","roadClass":"service","source":"OpenFreeMap / OpenStreetMap","exposureHigh":true,"exposureModerate":true}},{"type":"Feature","geometry":{"type":"MultiLineString","coordinates":[[[-66.2325006723404,18.444850705053952],[-66.23294591903687,18.44353269029712]],[[-66.232790350914,18.444967748346585],[-66.23331069946289,18.443542868056],[-66.2333836602381,18.443314871229987]],[[-66.23187839984894,18.44460135168633],[-66.23205542564392,18.444138265900534],[-66.23228073120117,18.4434360015578],[-66.23237192630768,18.443023801584886],[-66.2324470281601,18.442270643524537],[-66.23250603675842,18.441883885399733],[-66.23250819119352,18.44187366641478]],[[-66.2315833568573,18.443975422250617],[-66.23181939125061,18.44329351279012]],[[-66.23331069946289,18.443542868056],[-66.23347641095098,18.443595267991988]],[[-66.23360593349825,18.4441896930215],[-66.23348236083984,18.444158621345906]],[[-66.2336475878488,18.44466060805739],[-66.23333215713501,18.44455046319949]],[[-66.23155329699755,18.441068223299354],[-66.23091280460358,18.44267266749459]],[[-66.23356244064918,18.443940889971913],[-66.23348236083984,18.444158621345906],[-66.23311221599579,18.445105146892715]],[[-66.23290802062593,18.442385305893417],[-66.2324470281601,18.442270643524537]],[[-66.23321775850353,18.44292484493258],[-66.23240411281586,18.442698112018007]],[[-66.23237192630768,18.443023801584886],[-66.23275816440582,18.44317646835684],[-66.2328976392746,18.44328842390337]],[[-66.23240947723389,18.44262177843646],[-66.23171210289001,18.442413133140533],[-66.23110592365265,18.44219939867223],[-66.23054265975952,18.4420212864122]],[[-66.23027443885803,18.442743912150647],[-66.23142778873444,18.44317137946662],[-66.23181939125061,18.44329351279012],[-66.23228073120117,18.4434360015578]],[[-66.22955024242401,18.44283042347901],[-66.22941076755524,18.443120490556197],[-66.22901380062103,18.442871134677276],[-66.2285041809082,18.442530178093833]],[[-66.22917473316193,18.441451325939354],[-66.22783899307251,18.441105277586985],[-66.22768878936768,18.441120544440764]],[[-66.2308806180954,18.44113072234252],[-66.23042464256287,18.440988231663027]],[[-66.22711479663849,18.44094752001861],[-66.2272382689143,18.440592869787803]],[[-66.2275493144989,18.44199075286336],[-66.22750639915466,18.441873707542598],[-66.22741520404816,18.441802462525686],[-66.22607409954071,18.441420792289236],[-66.22583646401674,18.441377221313523]],[[-66.22631013393402,18.4423418883473],[-66.22607409954071,18.441420792289236],[-66.22602138177027,18.441235268835655]],[[-66.22596144676208,18.44333931276404],[-66.22636377811432,18.4423673329197]],[[-66.22707724571228,18.444916859968288],[-66.2263423204422,18.444840527372563],[-66.2252426147461,18.444657329004457]],[[-66.227747797966,18.443858378281902],[-66.22789263725281,18.443848200541737],[-66.22842907905579,18.4436192012283],[-66.22865438461304,18.44353269029712]],[[-66.22831642627716,18.44317646835684],[-66.22806966304779,18.443400379376968],[-66.22788190841675,18.44354795693522],[-66.22774243354797,18.443776956343598],[-66.22773706912994,18.44380748957498],[-66.22776925563812,18.44393471131403],[-66.22781753540039,18.444021222042764],[-66.22786045074463,18.444072110686378],[-66.22786581516266,18.444173887928372]],[[-66.22856318950653,18.443283335016474],[-66.22865438461304,18.44307977941702],[-66.2285041809082,18.442530178093833],[-66.2282520532608,18.44170577281264],[-66.22817695140839,18.441527660040904],[-66.22809648513794,18.441441148056583],[-66.22768878936768,18.441120544440764],[-66.22711479663849,18.44094752001861],[-66.22664929407155,18.440848261434155]],[[-66.22850954532623,18.444173887928372],[-66.2279087305069,18.444036488637437],[-66.22786045074463,18.444072110686378]],[[-66.22941613197327,18.44359884571901],[-66.22955560684204,18.443380023841726],[-66.22959315776825,18.44330369056314]],[[-66.22917473316193,18.443502157016894],[-66.22887969017029,18.443939800181624],[-66.22881531715393,18.444133177038793]],[[-66.22985064983368,18.44378204521587],[-66.2299793958664,18.443507245897322],[-66.23007595539093,18.443262979467377],[-66.2308806180954,18.44113072234252],[-66.23100650899843,18.44076784969545]],[[-66.23007595539093,18.443262979467377],[-66.23123466968536,18.443710800990303]],[[-66.23100399971008,18.444245131961893],[-66.23123466968536,18.443710800990303],[-66.23207549181096,18.44145384484637]],[[-66.22971653938293,18.44760374572708],[-66.2295663356781,18.448168597045665],[-66.22949123382568,18.44836196914231]],[[-66.22935712337494,18.44746126041639],[-66.22948586940765,18.44721191083825]],[[-66.22897624969482,18.447323863754846],[-66.22910499572754,18.44697782723142]],[[-66.22855246067047,18.4472068220676],[-66.22871339321136,18.44680989749088]],[[-66.22761905193329,18.448153330818243],[-66.22685194015503,18.448071910915687],[-66.22541175158638,18.44783510646104]],[[-66.22777998447418,18.447405284011992],[-66.22830033302307,18.4475579468901],[-66.22921228408813,18.44787344974155],[-66.22948586940765,18.447959958486678],[-66.22967898845673,18.448041378442298],[-66.23135805130005,18.44855534102126],[-66.23141169548035,18.448611317050847],[-66.23141273774333,18.448619226639888]],[[-66.2308877363882,18.44888703056503],[-66.23029053211212,18.448702914150815],[-66.22994184494019,18.448534986096888],[-66.22949123382568,18.44836196914231],[-66.22921764850616,18.4482958155548],[-66.22859537601471,18.448107532127807],[-66.22832715511322,18.44799557972202],[-66.22806966304779,18.447909070994825],[-66.22789263725281,18.447883627243243],[-66.22768878936768,18.447832739728767]],[[-66.22775316238403,18.44751723680254],[-66.22575759887695,18.447171200668677],[-66.2252426147461,18.447089780300587]],[[-66.22813940048218,18.447094869074718],[-66.22834324836731,18.446611434858553]],[[-66.22786581516266,18.447023626223086],[-66.22911036014557,18.447359485122092],[-66.22962534427643,18.447573213170443],[-66.22982382774353,18.447639367036274],[-66.23016715049744,18.447807295965873],[-66.2303227186203,18.44792433724396],[-66.23047828674316,18.448010845963452],[-66.23049437999725,18.44806682217049],[-66.23047828674316,18.448138064589443],[-66.2304139137268,18.448265283121202]],[[-66.22744739055634,18.44624504170416],[-66.22753858566284,18.44581249322431],[-66.22755467891693,18.44568527287589],[-66.22767269611359,18.445105146892715],[-66.22778534889221,18.444652240158106]],[[-66.22685194015503,18.446133088084437],[-66.22693240642548,18.445817582036284],[-66.22707724571228,18.444916859968288],[-66.22716307640076,18.444433419622555],[-66.227205991745,18.444107732727915],[-66.2272596359253,18.44380748957498]],[[-66.22740954411594,18.449066065256005],[-66.22761905193329,18.448153330818243],[-66.22777998447418,18.447405284011992],[-66.2278014421463,18.447242443459118],[-66.22786581516266,18.447023626223086],[-66.22827351093292,18.445257811815083],[-66.22865438461304,18.44353269029712],[-66.2287187576294,18.44332913499312]],[[-66.23084843158722,18.448397590294263],[-66.23093962669373,18.448158419560855]],[[-66.2252426147461,18.445863381337304],[-66.2266856431961,18.446102555266393],[-66.22802138328552,18.44634172886248]],[[-66.2252426147461,18.445278167127796],[-66.22598826885223,18.44543592071969]],[[-66.2252426147461,18.4436192012283],[-66.22565567493439,18.4438431116714],[-66.22683048248291,18.444336731390152],[-66.22716307640076,18.444433419622555]],[[-66.2252426147461,18.443008534900244],[-66.22640132904053,18.443542868056],[-66.22673392295837,18.44368026774174],[-66.2272596359253,18.44380748957498],[-66.22774243354797,18.443776956343598]]]},"properties":{"shelterId":"shelter-3","kind":"road","radiusM":500,"roadId":"14/5177/7337/3","roadClass":"minor","source":"OpenFreeMap / OpenStreetMap","exposureHigh":true,"exposureModerate":true}},{"type":"Feature","geometry":{"type":"MultiLineString","coordinates":[[[-66.23252051584852,18.44188735701265],[-66.23250603675842,18.441883885399733]]]},"properties":{"shelterId":"shelter-3","kind":"road","radiusM":500,"roadId":"14/5177/7337/4","roadClass":"minor","source":"OpenFreeMap / OpenStreetMap","exposureHigh":true,"exposureModerate":false}},{"type":"Feature","geometry":{"type":"MultiLineString","coordinates":[[[-66.23361796446709,18.445321594549405],[-66.232790350914,18.444967748346585],[-66.22917473316193,18.443502157016894],[-66.2287187576294,18.44332913499312],[-66.22856318950653,18.443283335016474],[-66.22631013393402,18.4423418883473],[-66.22528565863718,18.441902352729606]]]},"properties":{"shelterId":"shelter-3","kind":"road","radiusM":500,"roadId":"14/5177/7337/5","roadClass":"tertiary","source":"OpenFreeMap / OpenStreetMap","exposureHigh":true,"exposureModerate":true}},{"type":"Feature","geometry":{"type":"MultiLineString","coordinates":[[[-66.2259292602539,18.4479192484944],[-66.22541079136782,18.447834110065333]],[[-66.2259292602539,18.447201733296765],[-66.22478995056066,18.447024464471756]],[[-66.22418221715525,18.4451275279722],[-66.22418582439423,18.445105146892715],[-66.22430920600891,18.444499574697588],[-66.22462034225464,18.444031399772697],[-66.22491002082825,18.443430912675268],[-66.22514605522156,18.44296273483812]],[[-66.22418582439423,18.445105146892715],[-66.22504949569702,18.445232367670755],[-66.2259292602539,18.44542574307296]],[[-66.2259292602539,18.44477437242884],[-66.22430920600891,18.444499574697588]],[[-66.22444868087769,18.444290931682133],[-66.22421309089687,18.444193409554483]],[[-66.22491002082825,18.443430912675268],[-66.22565567493439,18.4438431116714],[-66.2259292602539,18.44396015565053]],[[-66.2259292602539,18.441395347576673],[-66.22583555546316,18.44137795549555]],[[-66.22466367447447,18.44280191605106],[-66.22482419013977,18.442840601279485],[-66.22514605522156,18.44296273483812],[-66.2259292602539,18.443324046107435]],[[-66.22426568658794,18.44570107002589],[-66.2259292602539,18.445980423939957]]]},"properties":{"shelterId":"shelter-3","kind":"road","radiusM":500,"roadId":"14/5178/7337/7","roadClass":"minor","source":"OpenFreeMap / OpenStreetMap","exposureHigh":true,"exposureModerate":true}},{"type":"Feature","geometry":{"type":"MultiLineString","coordinates":[[[-66.2259292602539,18.44217904299471],[-66.22528587921614,18.44190210453673]]]},"properties":{"shelterId":"shelter-3","kind":"road","radiusM":500,"roadId":"14/5178/7337/9","roadClass":"tertiary","source":"OpenFreeMap / OpenStreetMap","exposureHigh":false,"exposureModerate":true}},{"type":"Feature","geometry":{"type":"Polygon","coordinates":[[[-66.22923623042193,18.423306709],[-66.22924637808431,18.42360080082984],[-66.22927677761761,18.423893633313313],[-66.22932729884636,18.424183952496772],[-66.2293977254309,18.4244705151889],[-66.22948775579378,18.42475209428426],[-66.22959700441116,18.425027484017928],[-66.22972500346371,18.425295505128794],[-66.22987120483981,18.42555500990931],[-66.23003498248275,18.42580488712017],[-66.23021563507149,18.426044066748787],[-66.23041238902393,18.42627152459128],[-66.23062440180942,18.42648628663824],[-66.2308507655567,18.426687433245622],[-66.23109051094141,18.426874103072763],[-66.23134261133704,18.42704549677081],[-66.23160598721097,18.42720088040563],[-66.23187951074729,18.42733958860065],[-66.2321620106762,18.427461027386077],[-66.23245227728967,18.427564676742396],[-66.23274906762148,18.427650092827143],[-66.23305111076986,18.42771690987554],[-66.23335711333968,18.427764841766717],[-66.23366576498097,18.42779368324896],[-66.233975744,18.42780331081862],[-66.23428572301904,18.42779368324896],[-66.23459437466033,18.427764841766717],[-66.23490037723015,18.42771690987554],[-66.23520242037853,18.427650092827143],[-66.23549921071034,18.427564676742396],[-66.2357894773238,18.427461027386077],[-66.23607197725272,18.42733958860065],[-66.23634550078904,18.42720088040563],[-66.23660887666297,18.42704549677081],[-66.2368609770586,18.426874103072763],[-66.23710072244332,18.426687433245622],[-66.23732708619059,18.42648628663824],[-66.23753909897609,18.42627152459128],[-66.23773585292852,18.426044066748787],[-66.23791650551726,18.42580488712017],[-66.2380802831602,18.42555500990931],[-66.2382264845363,18.425295505128794],[-66.23835448358885,18.425027484017928],[-66.23846373220623,18.42475209428426],[-66.23855376256911,18.4244705151889],[-66.23862418915365,18.424183952496772],[-66.2386747103824,18.423893633313313],[-66.2387051099157,18.42360080082984],[-66.23871525757808,18.423306709],[-66.2387051099157,18.42301261717016],[-66.2386747103824,18.422719784686684],[-66.23862418915365,18.422429465503225],[-66.23855376256911,18.422142902811096],[-66.23846373220623,18.42186132371574],[-66.23835448358885,18.42158593398207],[-66.2382264845363,18.421317912871203],[-66.2380802831602,18.421058408090687],[-66.23791650551726,18.420808530879828],[-66.23773585292852,18.42056935125121],[-66.23753909897609,18.420341893408718],[-66.23732708619059,18.420127131361756],[-66.23710072244332,18.419925984754375],[-66.2368609770586,18.419739314927234],[-66.23660887666297,18.419567921229188],[-66.23634550078904,18.41941253759437],[-66.23607197725272,18.419273829399348],[-66.2357894773238,18.41915239061392],[-66.23549921071034,18.4190487412576],[-66.23520242037853,18.418963325172854],[-66.23490037723015,18.418896508124458],[-66.23459437466033,18.41884857623328],[-66.23428572301904,18.418819734751036],[-66.233975744,18.418810107181375],[-66.23366576498097,18.418819734751036],[-66.23335711333968,18.41884857623328],[-66.23305111076986,18.418896508124458],[-66.23274906762148,18.418963325172854],[-66.23245227728967,18.4190487412576],[-66.2321620106762,18.41915239061392],[-66.23187951074729,18.419273829399348],[-66.23160598721097,18.41941253759437],[-66.23134261133704,18.419567921229188],[-66.23109051094141,18.419739314927234],[-66.2308507655567,18.419925984754375],[-66.23062440180942,18.420127131361756],[-66.23041238902393,18.420341893408718],[-66.23021563507149,18.42056935125121],[-66.23003498248275,18.420808530879828],[-66.22987120483981,18.421058408090687],[-66.22972500346371,18.421317912871203],[-66.22959700441116,18.42158593398207],[-66.22948775579378,18.42186132371574],[-66.2293977254309,18.422142902811096],[-66.22932729884636,18.422429465503225],[-66.22927677761761,18.422719784686684],[-66.22924637808431,18.42301261717016],[-66.22923623042193,18.423306709]]]},"properties":{"shelterId":"shelter-4","kind":"radius","radiusM":500}},{"type":"Feature","geometry":{"type":"MultiLineString","coordinates":[[[-66.2373286485672,18.421267400016163],[-66.23721063137054,18.420631206500445]]]},"properties":{"shelterId":"shelter-4","kind":"road","radiusM":500,"roadId":"14/5177/7338/2","roadClass":"service","source":"OpenFreeMap / OpenStreetMap","exposureHigh":false,"exposureModerate":false}},{"type":"Feature","geometry":{"type":"MultiLineString","coordinates":[[[-66.23690028813843,18.419768245649895],[-66.2341046333313,18.420325832777195],[-66.23290836811066,18.42057522135842],[-66.23231828212738,18.420682102068284],[-66.23218417167664,18.42075335583796],[-66.23236656188965,18.42166438357782],[-66.23247921466827,18.42219369356829]],[[-66.23865063337536,18.42404673103329],[-66.23665273189545,18.424148054807958]],[[-66.2387086538403,18.423069420811476],[-66.23854100704193,18.423094534710984],[-66.23670637607574,18.42346606668947]],[[-66.23679220676422,18.42042253451487],[-66.2368780374527,18.420386907565202],[-66.23744747459196,18.420245608397536]],[[-66.2368780374527,18.420829699129868],[-66.23485028743744,18.421201236000144],[-66.23431384563446,18.42128775816981],[-66.23236656188965,18.42166438357782]],[[-66.23692631721497,18.421348832616317],[-66.2368780374527,18.420829699129868],[-66.23679220676422,18.42042253451487],[-66.23668491840363,18.419811785785498],[-66.23663795004347,18.419586499708377]],[[-66.2361593470728,18.419315777201398],[-66.23532772064209,18.41940970835512]],[[-66.23683512210846,18.421771263610992],[-66.23519361019135,18.422081724283046]],[[-66.23678147792816,18.422422721424695],[-66.23645424842834,18.42250415347793],[-66.2346625328064,18.42286041825757],[-66.23335361480713,18.42310471367999],[-66.23276352882385,18.423221771780263],[-66.23266696929932,18.42326757710218],[-66.23250603675842,18.42399537113576],[-66.23246848583221,18.424061534077026],[-66.23154580593109,18.424122607538678],[-66.23139560222626,18.424168412620674],[-66.23126685619354,18.424295648895566],[-66.2312239408493,18.424448332301196],[-66.23120248317719,18.425053975141665],[-66.23106300830841,18.425908996697387],[-66.23100936412811,18.42604132108211],[-66.23075723648071,18.42654517069208],[-66.23071401402156,18.42656909110673]],[[-66.2366795539856,18.423822329476778],[-66.23524188995361,18.423883403023353],[-66.23460352420807,18.423934297628946]],[[-66.23660981655121,18.42466717827955],[-66.23626112937927,18.424692625468268],[-66.23360574245453,18.42484021908855]],[[-66.23748421669006,18.423705271785195],[-66.2383371591568,18.42361366136231],[-66.23856782913208,18.42355767719097],[-66.23859465122223,18.423506782473936],[-66.23830497264862,18.4221224403952],[-66.23819231987,18.421700010262924]],[[-66.23845517635345,18.424473779522287],[-66.23855418934224,18.42446900302886]],[[-66.2384621677597,18.424756459433695],[-66.2376719713211,18.424748609270182],[-66.23715698719025,18.424789324751046],[-66.23691022396088,18.424789324751046],[-66.23660445213318,18.424758788141304]],[[-66.23796702823178,18.42573161548089],[-66.23714089393616,18.42580720863984],[-66.23653471469879,18.425817387448305],[-66.2361752986908,18.4257868510211],[-66.23559594154358,18.42565452644058],[-66.2348610162735,18.425445860549033],[-66.23454451560974,18.4254102346398],[-66.23370230197906,18.425349161635395],[-66.23357892036438,18.425364429888532],[-66.23354136943817,18.425461128793586],[-66.23351454734802,18.4256290793942],[-66.23354136943817,18.425710509929388],[-66.23380422592163,18.425751225182523],[-66.23478055000305,18.42584792387008],[-66.23516142368317,18.425939533102905],[-66.23577833175659,18.426122751422113],[-66.23669564723969,18.426244896859828],[-66.23696386814117,18.42623980746832]],[[-66.23769879341125,18.425176121338467],[-66.23762905597687,18.424097160265617]],[[-66.23710870742798,18.425115048250902],[-66.23714089393616,18.42580720863984],[-66.23714089393616,18.426122751422113],[-66.2371677160263,18.42624998625118],[-66.2373286485672,18.426295790766602]],[[-66.23764222910015,18.426156092747245],[-66.2376344203949,18.425914086098686],[-66.23761832714081,18.4257614039943]],[[-66.23645961284637,18.42668258396587],[-66.23653471469879,18.425817387448305],[-66.23661518096924,18.424651909964524],[-66.23686730861664,18.42136919076033]],[[-66.2361752986908,18.4257868510211],[-66.23621821403503,18.425349161635395],[-66.23626112937927,18.424692625468268]],[[-66.23621821403503,18.425349161635395],[-66.23502731323242,18.42509469055024],[-66.23414754867554,18.425099779975625]],[[-66.23155117034912,18.426097304445022],[-66.23154580593109,18.425985337701007],[-66.23162090778351,18.425405145223607],[-66.23164772987366,18.42451958451076]],[[-66.23248994350433,18.424397437847702],[-66.23252749443054,18.424682446593238],[-66.23262405395508,18.42519647902948]],[[-66.23252749443054,18.424682446593238],[-66.23209297657013,18.424723162089748]],[[-66.23207151889801,18.42450431618262],[-66.23209297657013,18.424723162089748],[-66.23214662075043,18.425700331114584],[-66.23209834098816,18.42584792387008],[-66.23193204402924,18.42593444370236],[-66.23155117034912,18.426097304445022],[-66.23140633106232,18.42615328778969],[-66.23127222061157,18.42615328778969],[-66.231170296669,18.426138019606583],[-66.23100936412811,18.42604132108211]],[[-66.23182475566864,18.424107339175293],[-66.2319266796112,18.423450798267822],[-66.23200714588165,18.423196324373947],[-66.2323933839798,18.422651748976165],[-66.23248994350433,18.422600853991085],[-66.23404562473297,18.422285304747447]],[[-66.23135805130005,18.423420261420432],[-66.23146533966064,18.42346606668947],[-66.2319266796112,18.423450798267822]],[[-66.23194813728333,18.42231075228854],[-66.23056948184967,18.42256013799218],[-66.22937858104706,18.422829881305375],[-66.2292609030043,18.422848489141668]],[[-66.23322486877441,18.422458347952713],[-66.23335361480713,18.42310471367999],[-66.23332679271698,18.423303203455234],[-66.23314440250397,18.424310917242238],[-66.23301565647125,18.42519138960695],[-66.23285472393036,18.425908996697387],[-66.23280644416809,18.426066768067514],[-66.23274207115173,18.426102393840736],[-66.23254895210266,18.426056589273813],[-66.2323933839798,18.425903907295933]],[[-66.23459279537201,18.423980102761092],[-66.23460352420807,18.423934297628946],[-66.2346625328064,18.42286041825757],[-66.23431384563446,18.42128775816981],[-66.2341046333313,18.420325832777195],[-66.23406171798706,18.42008153340832],[-66.23379920643613,18.41881322759285]],[[-66.23592853546143,18.423852866252773],[-66.23602509498596,18.422585585492612]],[[-66.23516142368317,18.4218985016591],[-66.23531699180603,18.422728091425554],[-66.23535454273224,18.422885865713596],[-66.23535454273224,18.422997834475368],[-66.23524188995361,18.423883403023353]],[[-66.23400807380676,18.42210717185428],[-66.23408317565918,18.422473616462483]],[[-66.23290836811066,18.42057522135842],[-66.23273134231567,18.41978633787471],[-66.23267233371735,18.419669277436668],[-66.23259723186493,18.419633650331022],[-66.23202860355377,18.419760889960187],[-66.23194813728333,18.419811785785498],[-66.23180329799652,18.42008662298204],[-66.23185157775879,18.42046834058216]],[[-66.2300169467926,18.425400055807245],[-66.23014569282532,18.425486575864824],[-66.23018324375153,18.42554764882044],[-66.2301778793335,18.425623989984473],[-66.23008406311973,18.42587320854419]],[[-66.2304293559326,18.426289780155347],[-66.23074650764465,18.425257552088127],[-66.2307733297348,18.425079422273157],[-66.23078942298889,18.424886023979454],[-66.23077869415283,18.42482495078889],[-66.23075723648071,18.42476896701183],[-66.2305748462677,18.424601015571284]]]},"properties":{"shelterId":"shelter-4","kind":"road","radiusM":500,"roadId":"14/5177/7338/36","roadClass":"minor","source":"OpenFreeMap / OpenStreetMap","exposureHigh":true,"exposureModerate":true}},{"type":"Feature","geometry":{"type":"MultiLineString","coordinates":[[[-66.2370943225328,18.42669274852731],[-66.2364649772644,18.42658079636618]],[[-66.23853511311007,18.422078770801814],[-66.2379240989685,18.422183514545353],[-66.23678147792816,18.422422721424695]],[[-66.2382382687824,18.425272671268726],[-66.23776316642761,18.425242283825483],[-66.23769879341125,18.425176121338467]],[[-66.23380422592163,18.425751225182523],[-66.23379349708557,18.425908996697387],[-66.23377203941345,18.425949711903527],[-66.23325169086456,18.426071857464137]]]},"properties":{"shelterId":"shelter-4","kind":"road","radiusM":500,"roadId":"14/5177/7338/37","roadClass":"minor","source":"OpenFreeMap / OpenStreetMap","exposureHigh":true,"exposureModerate":true}},{"type":"Feature","geometry":{"type":"MultiLineString","coordinates":[[[-66.231889128685,18.422641569980357],[-66.23201251029968,18.422458347952713],[-66.23209297657013,18.42235655785305],[-66.23221099376678,18.422254767693133]]]},"properties":{"shelterId":"shelter-4","kind":"road","radiusM":500,"roadId":"14/5177/7338/43","roadClass":"tertiary","source":"OpenFreeMap / OpenStreetMap","exposureHigh":false,"exposureModerate":false}},{"type":"Feature","geometry":{"type":"MultiLineString","coordinates":[[[-66.22988908764118,18.425584143566034],[-66.23047292232513,18.424758788141304],[-66.23135805130005,18.423420261420432],[-66.2317818403244,18.422850239274098],[-66.23187839984894,18.422667017468754],[-66.23193740844727,18.42250924297997],[-66.23195886611938,18.422387094889274],[-66.23194813728333,18.42231075228854]]]},"properties":{"shelterId":"shelter-4","kind":"road","radiusM":500,"roadId":"14/5177/7338/46","roadClass":"tertiary","source":"OpenFreeMap / OpenStreetMap","exposureHigh":false,"exposureModerate":false}},{"type":"Feature","geometry":{"type":"MultiLineString","coordinates":[[[-66.2312511379319,18.41962738940033],[-66.23186767101288,18.421985023478058],[-66.23191058635712,18.4221224403952],[-66.23194813728333,18.42231075228854],[-66.23397052288055,18.4218832330983],[-66.23443722724915,18.421832337885817],[-66.23645961284637,18.42143535471176],[-66.23686730861664,18.42136919076033],[-66.2381087822621,18.421105904337473]]]},"properties":{"shelterId":"shelter-4","kind":"road","radiusM":500,"roadId":"14/5177/7338/47","roadClass":"tertiary","source":"OpenFreeMap / OpenStreetMap","exposureHigh":false,"exposureModerate":false}},{"type":"Feature","geometry":{"type":"Polygon","coordinates":[[[-66.17675177753421,18.4350929090001],[-66.1767619258922,18.43538700082994],[-66.17679232750935,18.435679833313415],[-66.17684285220126,18.435970152496875],[-66.17691328361346,18.436256715189003],[-66.1770033201478,18.43653829428436],[-66.17711257625405,18.43681368401803],[-66.17724058408076,18.437081705128897],[-66.1773867954788,18.437341209909412],[-66.17755058434847,18.43759108712027],[-66.17773124932073,18.43783026674889],[-66.1779280167604,18.43805772459138],[-66.17814004407911,18.438272486638343],[-66.17836642334333,18.438473633245724],[-66.1786061851623,18.438660303072865],[-66.17885830283909,18.43883169677091],[-66.17912169676711,18.43898708040573],[-66.17939523905312,18.43912578860075],[-66.17967775834705,18.43924722738618],[-66.17996804485793,18.4393508767425],[-66.18026485553435,18.439436292827246],[-66.1805669193874,18.43950310987564],[-66.18087294293332,18.43955104176682],[-66.1811816157323,18.439579883249063],[-66.181491616,18.439589510818724],[-66.1818016162677,18.439579883249063],[-66.18211028906669,18.43955104176682],[-66.1824163126126,18.43950310987564],[-66.18271837646566,18.439436292827246],[-66.18301518714208,18.4393508767425],[-66.18330547365295,18.43924722738618],[-66.18358799294688,18.43912578860075],[-66.1838615352329,18.43898708040573],[-66.18412492916092,18.43883169677091],[-66.18437704683771,18.438660303072865],[-66.18461680865667,18.438473633245724],[-66.18484318792089,18.438272486638343],[-66.1850552152396,18.43805772459138],[-66.18525198267928,18.43783026674889],[-66.18543264765154,18.43759108712027],[-66.18559643652121,18.437341209909412],[-66.18574264791924,18.437081705128897],[-66.18587065574596,18.43681368401803],[-66.1859799118522,18.43653829428436],[-66.18606994838655,18.436256715189003],[-66.18614037979874,18.435970152496875],[-66.18619090449066,18.435679833313415],[-66.18622130610781,18.43538700082994],[-66.1862314544658,18.4350929090001],[-66.18622130610781,18.43479881717026],[-66.18619090449066,18.434505984686787],[-66.18614037979874,18.434215665503327],[-66.18606994838655,18.4339291028112],[-66.1859799118522,18.43364752371584],[-66.18587065574596,18.43337213398217],[-66.18574264791924,18.433104112871305],[-66.18559643652121,18.43284460809079],[-66.18543264765154,18.43259473087993],[-66.18525198267928,18.432355551251312],[-66.1850552152396,18.43212809340882],[-66.18484318792089,18.43191333136186],[-66.18461680865667,18.431712184754478],[-66.18437704683771,18.431525514927337],[-66.18412492916092,18.43135412122929],[-66.1838615352329,18.43119873759447],[-66.18358799294688,18.43106002939945],[-66.18330547365295,18.430938590614023],[-66.18301518714208,18.430834941257704],[-66.18271837646566,18.430749525172956],[-66.1824163126126,18.43068270812456],[-66.18211028906669,18.430634776233383],[-66.1818016162677,18.43060593475114],[-66.181491616,18.430596307181478],[-66.1811816157323,18.43060593475114],[-66.18087294293332,18.430634776233383],[-66.1805669193874,18.43068270812456],[-66.18026485553435,18.430749525172956],[-66.17996804485793,18.430834941257704],[-66.17967775834705,18.430938590614023],[-66.17939523905312,18.43106002939945],[-66.17912169676711,18.43119873759447],[-66.17885830283909,18.43135412122929],[-66.1786061851623,18.431525514927337],[-66.17836642334333,18.431712184754478],[-66.17814004407911,18.43191333136186],[-66.1779280167604,18.43212809340882],[-66.17773124932073,18.432355551251312],[-66.17755058434847,18.43259473087993],[-66.1773867954788,18.43284460809079],[-66.17724058408076,18.433104112871305],[-66.17711257625405,18.43337213398217],[-66.1770033201478,18.43364752371584],[-66.17691328361346,18.4339291028112],[-66.17684285220126,18.434215665503327],[-66.17679232750935,18.434505984686787],[-66.1767619258922,18.43479881717026],[-66.17675177753421,18.4350929090001]]]},"properties":{"shelterId":"shelter-5","kind":"radius","radiusM":500}},{"type":"Feature","geometry":{"type":"MultiLineString","coordinates":[[[-66.18504166603088,18.437700735318828],[-66.18504703044891,18.43759895424256]]]},"properties":{"shelterId":"shelter-5","kind":"road","radiusM":500,"roadId":"14/5179/7337/0","roadClass":"service","source":"OpenFreeMap / OpenStreetMap","exposureHigh":false,"exposureModerate":false}},{"type":"Feature","geometry":{"type":"MultiLineString","coordinates":[[[-66.18492712480074,18.438190811044397],[-66.18471443653107,18.437990811055442],[-66.18456959724426,18.437950098700895],[-66.18167817592621,18.437894119197637],[-66.1814957857132,18.437934831565457],[-66.1812973022461,18.438097680940245]],[[-66.18451542789288,18.438555617071017],[-66.1843603849411,18.438484447586944],[-66.18421018123627,18.438479358557785]],[[-66.18363562866078,18.4391031862462],[-66.18364691734314,18.438530248842724],[-66.18357181549072,18.438474269528456],[-66.18309438228607,18.438459002439572],[-66.18260622024536,18.438453913409646],[-66.182541847229,18.43850480370213],[-66.18251235599126,18.439484003438913]],[[-66.18307274547632,18.439331948786254],[-66.18310511112213,18.437919564428654]],[[-66.18422091007233,18.43793992061076],[-66.18420262138099,18.438781383460718]],[[-66.18139118610041,18.439588501328394],[-66.18140459060669,18.439054417900763],[-66.1812973022461,18.438855946309587]],[[-66.1812973022461,18.438845768273083],[-66.18169963359833,18.438484447586944],[-66.18181765079498,18.438438646318957],[-66.18197858333588,18.438433557288434]],[[-66.18198931217194,18.437899208244147],[-66.18194782440497,18.439568634051017]],[[-66.18283689022064,18.43762439951729],[-66.18284225463867,18.43759895424256]]]},"properties":{"shelterId":"shelter-5","kind":"road","radiusM":500,"roadId":"14/5179/7337/9","roadClass":"minor","source":"OpenFreeMap / OpenStreetMap","exposureHigh":false,"exposureModerate":true}},{"type":"Feature","geometry":{"type":"MultiLineString","coordinates":[[[-66.18534145531562,18.437715944226355],[-66.18283689022064,18.43762439951729],[-66.18167281150818,18.43759895424256]]]},"properties":{"shelterId":"shelter-5","kind":"road","radiusM":500,"roadId":"14/5179/7337/21","roadClass":"tertiary","source":"OpenFreeMap / OpenStreetMap","exposureHigh":false,"exposureModerate":true}},{"type":"Feature","geometry":{"type":"MultiLineString","coordinates":[[[-66.1812973022461,18.43779742728543],[-66.18521140052941,18.437879722869468]]]},"properties":{"shelterId":"shelter-5","kind":"road","radiusM":500,"roadId":"14/5179/7337/23","roadClass":"tertiary","source":"OpenFreeMap / OpenStreetMap","exposureHigh":false,"exposureModerate":true}},{"type":"Feature","geometry":{"type":"MultiLineString","coordinates":[[[-66.18504166603088,18.437700735318828],[-66.18504703044891,18.437542974624932],[-66.18519186973572,18.43751752933815]],[[-66.18512213230133,18.43714093865347],[-66.18520796298981,18.43758877613162],[-66.18530988693237,18.437593865187182],[-66.18544019020207,18.43758034483526]],[[-66.18568840172327,18.43718282409998],[-66.18566930294037,18.437151116790943],[-66.18563711643219,18.43713584958452],[-66.18559420108795,18.4371307605154],[-66.18514358997345,18.43726307626325]],[[-66.18365228176117,18.433344451338854],[-66.18381321430206,18.433471680823956],[-66.18392050266266,18.43353275094337]]]},"properties":{"shelterId":"shelter-5","kind":"road","radiusM":500,"roadId":"14/5179/7338/1","roadClass":"service","source":"OpenFreeMap / OpenStreetMap","exposureHigh":false,"exposureModerate":false}},{"type":"Feature","geometry":{"type":"MultiLineString","coordinates":[[[-66.18437647819519,18.433919527862443],[-66.18416726589203,18.433715961171416]]]},"properties":{"shelterId":"shelter-5","kind":"road","radiusM":500,"roadId":"14/5179/7338/2","roadClass":"service","source":"OpenFreeMap / OpenStreetMap","exposureHigh":false,"exposureModerate":false}},{"type":"Feature","geometry":{"type":"MultiLineString","coordinates":[[[-66.18515431880951,18.437313966908377],[-66.18455350399017,18.437502262164287],[-66.18504703044891,18.437542974624932]]]},"properties":{"shelterId":"shelter-5","kind":"road","radiusM":500,"roadId":"14/5179/7338/6","roadClass":"service","source":"OpenFreeMap / OpenStreetMap","exposureHigh":false,"exposureModerate":false}},{"type":"Feature","geometry":{"type":"MultiLineString","coordinates":[[[-66.18300318717957,18.431283320561278],[-66.18320167064667,18.43101359050756]],[[-66.1831533908844,18.431380016137865],[-66.18284225463867,18.431787154811104],[-66.18235409259796,18.4322706307333],[-66.1823433637619,18.43237750417471]],[[-66.18488609790802,18.432662499693635],[-66.18518931366822,18.43227976533065]],[[-66.18623105948562,18.435150958202595],[-66.18569612503052,18.4351002099165],[-66.1852240562439,18.434743970495887],[-66.184521317482,18.434235055757142],[-66.1842691898346,18.434036578600626]],[[-66.18622058799501,18.435397216643405],[-66.18623098692267,18.43515606546157]],[[-66.18577731605268,18.437013573776067],[-66.18576049804688,18.43695773207608],[-66.18561565876007,18.436632031011825],[-66.18496119976044,18.435715993459524],[-66.18477880954742,18.43555314182801],[-66.18371665477753,18.434840664125915],[-66.18289589881897,18.43433683882543],[-66.18226826190948,18.433924617026648],[-66.18220388889313,18.43381265537971],[-66.18220388889313,18.43369560448906],[-66.18231654167175,18.433537840119],[-66.18301928043365,18.432723570100492],[-66.1837112903595,18.431797333265592]],[[-66.18577122688293,18.43331391624841],[-66.18537962436676,18.433960241171732]],[[-66.18586950399855,18.433369498474676],[-66.18577122688293,18.43331391624841],[-66.1831533908844,18.431380016137865],[-66.18250966072083,18.430962697997145],[-66.18176937103271,18.43078457409206],[-66.1812973022461,18.430692967440436]],[[-66.18187129497528,18.432927137966715],[-66.1812973022461,18.43291695957913]],[[-66.18180692195892,18.433461502468617],[-66.1812973022461,18.43345132411268]],[[-66.18174254894257,18.43399077614737],[-66.1812973022461,18.43398568698514]],[[-66.18172109127045,18.434245234066694],[-66.18193030357361,18.432499645169244],[-66.18187665939331,18.43240803943148],[-66.1812973022461,18.432392771803777]],[[-66.18250966072083,18.43490173375895],[-66.18204295635223,18.434616741952453]],[[-66.18177473545074,18.43533430970517],[-66.1812973022461,18.43532413146012]],[[-66.18388831615448,18.436616763759275],[-66.18438720703125,18.436637120095696],[-66.18454277515411,18.436576051079243],[-66.18473589420319,18.43643355662313]],[[-66.18407070636749,18.437441193455243],[-66.18392050266266,18.436932286702657],[-66.18388831615448,18.436616763759275],[-66.18388831615448,18.435766884562724],[-66.18364691734314,18.43559894386496],[-66.18322849273682,18.435420824763767]],[[-66.18422091007233,18.43793992061076],[-66.18421018123627,18.438250352088986]],[[-66.18309438228607,18.438250352088986],[-66.18310511112213,18.437919564428654]],[[-66.18283689022064,18.43762439951729],[-66.18311047554016,18.43574652812326],[-66.18322849273682,18.435420824763767],[-66.18338406085968,18.435115477303725],[-66.18362009525299,18.434972981636747],[-66.18371665477753,18.434840664125915],[-66.18400633335114,18.434367373734176],[-66.1842691898346,18.434036578600626],[-66.18437647819519,18.433919527862443],[-66.1844676733017,18.43377703120403],[-66.18518114089966,18.43288133521783]],[[-66.18198931217194,18.43751752933815],[-66.1822897195816,18.435385200921388],[-66.18235409259796,18.43516127945732],[-66.18250966072083,18.43490173375895],[-66.18289589881897,18.43433683882543],[-66.18342697620392,18.43361926690872],[-66.18365228176117,18.433344451338854],[-66.18449985980988,18.43237750417471]],[[-66.18198931217194,18.437899208244147],[-66.1819839477539,18.438250352088986]],[[-66.18140459060669,18.437507351222393],[-66.18151187896729,18.435914468676827],[-66.18143141269684,18.43586357761731],[-66.1812973022461,18.43586357761731]],[[-66.1812973022461,18.437512440280344],[-66.18198931217194,18.43751752933815],[-66.18285834789276,18.437476816871495],[-66.18350207805634,18.437593865187182],[-66.18407070636749,18.437441193455243],[-66.18576049804688,18.43695773207608],[-66.18581045405418,18.436945563888315]],[[-66.1812973022461,18.438097680940245],[-66.1814957857132,18.437934831565457],[-66.18167817592621,18.437894119197637],[-66.18456959724426,18.437950098700895],[-66.18471443653107,18.437990811055442],[-66.18492621541131,18.43819171843439]],[[-66.1812973022461,18.431797333265592],[-66.18195176124573,18.431812600946174]],[[-66.18149042129517,18.431156089456593],[-66.18182301521301,18.430718413737438],[-66.18191558238118,18.430614331609533]]]},"properties":{"shelterId":"shelter-5","kind":"road","radiusM":500,"roadId":"14/5179/7338/8","roadClass":"minor","source":"OpenFreeMap / OpenStreetMap","exposureHigh":false,"exposureModerate":true}},{"type":"Feature","geometry":{"type":"MultiLineString","coordinates":[[[-66.18534145531562,18.437715944226355],[-66.18283689022064,18.43762439951729],[-66.1812973022461,18.437593865187182]]]},"properties":{"shelterId":"shelter-5","kind":"road","radiusM":500,"roadId":"14/5179/7338/31","roadClass":"tertiary","source":"OpenFreeMap / OpenStreetMap","exposureHigh":false,"exposureModerate":true}},{"type":"Feature","geometry":{"type":"MultiLineString","coordinates":[[[-66.1812973022461,18.43779742728543],[-66.18521140052941,18.437879722869468]]]},"properties":{"shelterId":"shelter-5","kind":"road","radiusM":500,"roadId":"14/5179/7338/32","roadClass":"tertiary","source":"OpenFreeMap / OpenStreetMap","exposureHigh":false,"exposureModerate":true}},{"type":"Feature","geometry":{"type":"MultiLineString","coordinates":[[[-66.18029952049255,18.43860658424191],[-66.17995083332062,18.43861676229257],[-66.17862582206726,18.438586228138774]],[[-66.18010640144348,18.438611673267303],[-66.18006885051727,18.438372488910304],[-66.17998838424683,18.438275797267252],[-66.18000447750092,18.4379093863367],[-66.17894232273102,18.43788394110419],[-66.17892622947693,18.438260530160747]],[[-66.17877066135406,18.43859131716478],[-66.17879211902618,18.4383114205105],[-66.17880821228027,18.43828088630245],[-66.17885649204254,18.4382656191964],[-66.17892622947693,18.438260530160747],[-66.17929637432098,18.4382656191964],[-66.1793714761734,18.438321598578653],[-66.1800366640091,18.438341954713138]],[[-66.17833907299075,18.438450701165877],[-66.17837369441986,18.438250352088986],[-66.17838978767395,18.437970454879377],[-66.17782379266879,18.437941033474885]]]},"properties":{"shelterId":"shelter-5","kind":"road","radiusM":500,"roadId":"14/5180/7337/0","roadClass":"service","source":"OpenFreeMap / OpenStreetMap","exposureHigh":false,"exposureModerate":true}},{"type":"Feature","geometry":{"type":"MultiLineString","coordinates":[[[-66.17929637432098,18.4382656191964],[-66.17930173873901,18.437894119197637]],[[-66.1782394173802,18.438364044521265],[-66.17826640605927,18.437965365834984]],[[-66.17913544178009,18.437889030150984],[-66.17912471294403,18.438260530160747]]]},"properties":{"shelterId":"shelter-5","kind":"road","radiusM":500,"roadId":"14/5180/7337/3","roadClass":"service","source":"OpenFreeMap / OpenStreetMap","exposureHigh":false,"exposureModerate":true}},{"type":"Feature","geometry":{"type":"MultiLineString","coordinates":[[[-66.18026797286241,18.439437084169118],[-66.18029952049255,18.43860658424191],[-66.1807233095169,18.438540426897916],[-66.18109345436096,18.4382656191964],[-66.1814957857132,18.437934831565457],[-66.18167817592621,18.437894119197637],[-66.1819839477539,18.437899208244147]],[[-66.18139118610041,18.439588501328394],[-66.18140459060669,18.439054417900763],[-66.18129193782806,18.438850857291413]],[[-66.1819839477539,18.43815366037721],[-66.18194820339775,18.43956859926901]],[[-66.18083998957955,18.439546814394618],[-66.18085205554962,18.439105308015414],[-66.18129193782806,18.438850857291413],[-66.18169963359833,18.438484447586944],[-66.18181765079498,18.438438646318957],[-66.18197858333588,18.438433557288434]],[[-66.18109345436096,18.4382656191964],[-66.18088960647583,18.438072235735603]],[[-66.18011134401408,18.43939462901775],[-66.18026733398438,18.439400470383262]]]},"properties":{"shelterId":"shelter-5","kind":"road","radiusM":500,"roadId":"14/5180/7337/19","roadClass":"minor","source":"OpenFreeMap / OpenStreetMap","exposureHigh":false,"exposureModerate":true}},{"type":"Feature","geometry":{"type":"MultiLineString","coordinates":[[[-66.18029952049255,18.43860658424191],[-66.18035316467285,18.438489536615975],[-66.18039071559906,18.43759895424256]]]},"properties":{"shelterId":"shelter-5","kind":"road","radiusM":500,"roadId":"14/5180/7337/22","roadClass":"minor","source":"OpenFreeMap / OpenStreetMap","exposureHigh":false,"exposureModerate":true}},{"type":"Feature","geometry":{"type":"MultiLineString","coordinates":[[[-66.18026196956635,18.43759895424256],[-66.18025124073029,18.43849462564485],[-66.18029952049255,18.43860658424191]]]},"properties":{"shelterId":"shelter-5","kind":"road","radiusM":500,"roadId":"14/5180/7337/23","roadClass":"minor","source":"OpenFreeMap / OpenStreetMap","exposureHigh":false,"exposureModerate":true}},{"type":"Feature","geometry":{"type":"MultiLineString","coordinates":[[[-66.17818057537079,18.437736358681263],[-66.17842197418213,18.4378025163348],[-66.1785238981247,18.437858495867886],[-66.17856681346893,18.437975543923613]]]},"properties":{"shelterId":"shelter-5","kind":"road","radiusM":500,"roadId":"14/5180/7337/29","roadClass":"tertiary","source":"OpenFreeMap / OpenStreetMap","exposureHigh":false,"exposureModerate":true}},{"type":"Feature","geometry":{"type":"MultiLineString","coordinates":[[[-66.17867946624756,18.438026434357752],[-66.17875456809998,18.43788394110419],[-66.17881894111633,18.437843228724304],[-66.17904961109161,18.437751625834352]]]},"properties":{"shelterId":"shelter-5","kind":"road","radiusM":500,"roadId":"14/5180/7337/30","roadClass":"tertiary","source":"OpenFreeMap / OpenStreetMap","exposureHigh":false,"exposureModerate":true}},{"type":"Feature","geometry":{"type":"MultiLineString","coordinates":[[[-66.1819839477539,18.43760404329781],[-66.18167281150818,18.43759895424256]]]},"properties":{"shelterId":"shelter-5","kind":"road","radiusM":500,"roadId":"14/5180/7337/36","roadClass":"tertiary","source":"OpenFreeMap / OpenStreetMap","exposureHigh":false,"exposureModerate":true}},{"type":"Feature","geometry":{"type":"MultiLineString","coordinates":[[[-66.1786028071137,18.438657841734905],[-66.17862582206726,18.438586228138774]]]},"properties":{"shelterId":"shelter-5","kind":"road","radiusM":500,"roadId":"14/5180/7337/38","roadClass":"tertiary","source":"OpenFreeMap / OpenStreetMap","exposureHigh":false,"exposureModerate":true}},{"type":"Feature","geometry":{"type":"MultiLineString","coordinates":[[[-66.17862582206726,18.438586228138774],[-66.17867410182953,18.438204550758613],[-66.17867946624756,18.438026434357752]]]},"properties":{"shelterId":"shelter-5","kind":"road","radiusM":500,"roadId":"14/5180/7337/39","roadClass":"tertiary","source":"OpenFreeMap / OpenStreetMap","exposureHigh":false,"exposureModerate":true}},{"type":"Feature","geometry":{"type":"MultiLineString","coordinates":[[[-66.17764746339478,18.43772343972327],[-66.17857217788696,18.43774144773245]]]},"properties":{"shelterId":"shelter-5","kind":"road","radiusM":500,"roadId":"14/5180/7337/40","roadClass":"tertiary","source":"OpenFreeMap / OpenStreetMap","exposureHigh":false,"exposureModerate":true}},{"type":"Feature","geometry":{"type":"MultiLineString","coordinates":[[[-66.17869019508362,18.437746536783465],[-66.17869555950165,18.43759895424256]]]},"properties":{"shelterId":"shelter-5","kind":"road","radiusM":500,"roadId":"14/5180/7337/42","roadClass":"tertiary","source":"OpenFreeMap / OpenStreetMap","exposureHigh":false,"exposureModerate":true}},{"type":"Feature","geometry":{"type":"MultiLineString","coordinates":[[[-66.17869019508362,18.437746536783465],[-66.17904961109161,18.437751625834352]]]},"properties":{"shelterId":"shelter-5","kind":"road","radiusM":500,"roadId":"14/5180/7337/43","roadClass":"tertiary","source":"OpenFreeMap / OpenStreetMap","exposureHigh":false,"exposureModerate":true}},{"type":"Feature","geometry":{"type":"MultiLineString","coordinates":[[[-66.17904961109161,18.437751625834352],[-66.1819839477539,18.437812694433077]]]},"properties":{"shelterId":"shelter-5","kind":"road","radiusM":500,"roadId":"14/5180/7337/44","roadClass":"tertiary","source":"OpenFreeMap / OpenStreetMap","exposureHigh":false,"exposureModerate":true}},{"type":"Feature","geometry":{"type":"MultiLineString","coordinates":[[[-66.17857217788696,18.43774144773245],[-66.17869019508362,18.437746536783465]]]},"properties":{"shelterId":"shelter-5","kind":"road","radiusM":500,"roadId":"14/5180/7337/45","roadClass":"tertiary","source":"OpenFreeMap / OpenStreetMap","exposureHigh":false,"exposureModerate":true}},{"type":"Feature","geometry":{"type":"MultiLineString","coordinates":[[[-66.17857217788696,18.43774144773245],[-66.17856681346893,18.437975543923613]]]},"properties":{"shelterId":"shelter-5","kind":"road","radiusM":500,"roadId":"14/5180/7337/46","roadClass":"tertiary","source":"OpenFreeMap / OpenStreetMap","exposureHigh":false,"exposureModerate":true}},{"type":"Feature","geometry":{"type":"MultiLineString","coordinates":[[[-66.17857754230499,18.43759895424256],[-66.17857217788696,18.43774144773245]]]},"properties":{"shelterId":"shelter-5","kind":"road","radiusM":500,"roadId":"14/5180/7337/48","roadClass":"tertiary","source":"OpenFreeMap / OpenStreetMap","exposureHigh":false,"exposureModerate":true}},{"type":"Feature","geometry":{"type":"MultiLineString","coordinates":[[[-66.17867946624756,18.438026434357752],[-66.17869019508362,18.437746536783465]]]},"properties":{"shelterId":"shelter-5","kind":"road","radiusM":500,"roadId":"14/5180/7337/49","roadClass":"tertiary","source":"OpenFreeMap / OpenStreetMap","exposureHigh":false,"exposureModerate":true}},{"type":"Feature","geometry":{"type":"MultiLineString","coordinates":[[[-66.17856681346893,18.437975543923613],[-66.17854535579681,18.438474269528456],[-66.17851677185668,18.43859358227234]]]},"properties":{"shelterId":"shelter-5","kind":"road","radiusM":500,"roadId":"14/5180/7337/50","roadClass":"tertiary","source":"OpenFreeMap / OpenStreetMap","exposureHigh":false,"exposureModerate":true}},{"type":"Feature","geometry":{"type":"MultiLineString","coordinates":[[[-66.17929637432098,18.438250352088986],[-66.17930173873901,18.437894119197637]],[[-66.17913544178009,18.437889030150984],[-66.17912471294403,18.438250352088986]],[[-66.17804646492004,18.437023890029337],[-66.17840588092804,18.437028979101598]],[[-66.17805182933807,18.43686612871413],[-66.17840588092804,18.43687121779108]],[[-66.17805182933807,18.436693100008384],[-66.17840588092804,18.436698189090464]],[[-66.17824494838715,18.438250352088986],[-66.17826640605927,18.437965365834984]]]},"properties":{"shelterId":"shelter-5","kind":"road","radiusM":500,"roadId":"14/5180/7338/0","roadClass":"service","source":"OpenFreeMap / OpenStreetMap","exposureHigh":false,"exposureModerate":true}},{"type":"Feature","geometry":{"type":"MultiLineString","coordinates":[[[-66.17998838424683,18.438250352088986],[-66.18000447750092,18.4379093863367],[-66.17894232273102,18.43788394110419],[-66.17892622947693,18.438250352088986]],[[-66.17873311042786,18.436525160215623],[-66.17840588092804,18.436525160215623],[-66.1777138710022,18.436499714778165],[-66.1777138710022,18.436357220258756]],[[-66.17840588092804,18.436525160215623],[-66.17840588092804,18.437313966908377],[-66.1783629655838,18.43734959035099],[-66.17817521095276,18.4373801247245],[-66.17813766002655,18.437436104395175],[-66.17814302444458,18.437527707453313]],[[-66.17840588092804,18.436927197627526],[-66.17858827114105,18.436927197627526]],[[-66.17837369441986,18.438250352088986],[-66.17838978767395,18.437970454879377],[-66.17782379266879,18.437941033474885]],[[-66.17749392986298,18.4375087125981],[-66.17749392986298,18.4373597684761],[-66.17793381214142,18.437369946600597],[-66.17792844772339,18.437191829334765],[-66.17802500724792,18.437186740267308],[-66.17804646492004,18.437090047957128],[-66.1780571937561,18.43651498204109]],[[-66.18083676399073,18.43063942940279],[-66.18063747882843,18.430957608745288],[-66.18046045303345,18.431105196988355]]]},"properties":{"shelterId":"shelter-5","kind":"road","radiusM":500,"roadId":"14/5180/7338/1","roadClass":"service","source":"OpenFreeMap / OpenStreetMap","exposureHigh":false,"exposureModerate":true}},{"type":"Feature","geometry":{"type":"MultiLineString","coordinates":[[[-66.1819839477539,18.43815366037721],[-66.1819839477539,18.438250352088986]],[[-66.18107736110687,18.438250352088986],[-66.18088960647583,18.438072235735603]],[[-66.18110954761505,18.438250352088986],[-66.1814957857132,18.437934831565457],[-66.18167817592621,18.437894119197637],[-66.1819839477539,18.437899208244147]],[[-66.18140459060669,18.437507351222393],[-66.18151187896729,18.435914468676827],[-66.18143141269684,18.43586357761731],[-66.18095934391022,18.435853399403612]],[[-66.18031024932861,18.436906841325467],[-66.1802887916565,18.43740048097048],[-66.18021368980408,18.43747172781248],[-66.17895841598511,18.4374157481534],[-66.17887794971466,18.4373801247245],[-66.17884576320648,18.437313966908377],[-66.17885112762451,18.436947553927155],[-66.17891550064087,18.43688648502102],[-66.18031024932861,18.436906841325467],[-66.18040144443512,18.43583304297438],[-66.18040680885315,18.43531395321446]],[[-66.18035852909088,18.436377576625915],[-66.17894232273102,18.436347042074274],[-66.1788672208786,18.436260527481878],[-66.17887258529663,18.43588902314896],[-66.17896378040314,18.435817775650875],[-66.18040144443512,18.43583304297438]],[[-66.18097007274628,18.43532413146012],[-66.18095934391022,18.435853399403612],[-66.18084669113159,18.437425926274585],[-66.18085741996765,18.437456460634536],[-66.18094325065613,18.437507351222393],[-66.1819839477539,18.43751752933815]],[[-66.18177473545074,18.43533430970517],[-66.18000447750092,18.435303774968204],[-66.17869019508362,18.43529868584484]],[[-66.18058383464813,18.434672722523175],[-66.18063747882843,18.43178206558366]],[[-66.18172109127045,18.434245234066694],[-66.18193030357361,18.432499645169244],[-66.18187665939331,18.43240803943148],[-66.18062674999237,18.432372414964718]],[[-66.18174254894257,18.43399077614737],[-66.18059456348419,18.43397041949754]],[[-66.18180692195892,18.433461502468617],[-66.18060529232025,18.43343605657762]],[[-66.18187129497528,18.432927137966715],[-66.18061602115631,18.43290678119095]],[[-66.18004202842712,18.433390253964347],[-66.1790120601654,18.43336480806279],[-66.17893695831299,18.43341061068287],[-66.17890477180481,18.434672722523175],[-66.17895305156708,18.434743970495887],[-66.18001520633698,18.434769416193262]],[[-66.18000447750092,18.435303774968204],[-66.18005812168121,18.432855889240955],[-66.18007957935333,18.431776976356034]],[[-66.17945730686188,18.43475923791476],[-66.17948412895203,18.433374986423857]],[[-66.1785238981247,18.43419434251294],[-66.17685313186786,18.434167988009037]],[[-66.1768443150758,18.434208717159617],[-66.17683947086334,18.43462692023938],[-66.17689311504364,18.43469307908981],[-66.17843270301819,18.43472870307565],[-66.1785078048706,18.434662544238947],[-66.1785238981247,18.43373631785137],[-66.17846488952637,18.433670158632722],[-66.1770055112001,18.43364141472409]],[[-66.17741346359253,18.435268151101553],[-66.17737164704259,18.437316132726597]],[[-66.17714334290142,18.43688252499194],[-66.17738127708435,18.43688648502102]],[[-66.1774080991745,18.435822864758862],[-66.17839515209198,18.43584831029652],[-66.17844879627228,18.435914468676827],[-66.17844343185425,18.43629106204888],[-66.1783629655838,18.436372487534356],[-66.17693616179012,18.436334888257196]],[[-66.17681364058744,18.435817030792414],[-66.1774080991745,18.435822864758862]],[[-66.1774358616835,18.432765845621784],[-66.17742955684662,18.43303401099999],[-66.17735981941223,18.433105259651924],[-66.17723998817334,18.433105259651924]],[[-66.17801259304169,18.43203902532386],[-66.17799282073975,18.433059456950488],[-66.17806792259216,18.433120527216346],[-66.17849171161652,18.433125616404183],[-66.17855072021484,18.43305436776069],[-66.17857217788696,18.431736262529697],[-66.17850244045258,18.431685370233197],[-66.17840130907727,18.431683444946042]],[[-66.17885112762451,18.431751530215692],[-66.18195176124573,18.431812600946174]],[[-66.17925882339478,18.431359659178895],[-66.1795652408494,18.430984429425397]],[[-66.18006885051727,18.43232152285654],[-66.17901742458344,18.43230116600904],[-66.17895305156708,18.432352058123243],[-66.17894768714905,18.432586161654527],[-66.17894768714905,18.432774462089654],[-66.17901742458344,18.43283553245675],[-66.18005812168121,18.432855889240955]],[[-66.18149042129517,18.431156089456593],[-66.18182301521301,18.430718413737438],[-66.18191694668647,18.430614448035143]],[[-66.1819839477539,18.430835466655196],[-66.18176937103271,18.43078457409206],[-66.18095856826197,18.430624833078404]]]},"properties":{"shelterId":"shelter-5","kind":"road","radiusM":500,"roadId":"14/5180/7338/27","roadClass":"minor","source":"OpenFreeMap / OpenStreetMap","exposureHigh":false,"exposureModerate":true}},{"type":"Feature","geometry":{"type":"MultiLineString","coordinates":[[[-66.18036389350891,18.438250352088986],[-66.18039071559906,18.437573508964064]]]},"properties":{"shelterId":"shelter-5","kind":"road","radiusM":500,"roadId":"14/5180/7338/38","roadClass":"minor","source":"OpenFreeMap / OpenStreetMap","exposureHigh":false,"exposureModerate":true}},{"type":"Feature","geometry":{"type":"MultiLineString","coordinates":[[[-66.18026196956635,18.437573508964064],[-66.18025660514832,18.438250352088986]]]},"properties":{"shelterId":"shelter-5","kind":"road","radiusM":500,"roadId":"14/5180/7338/39","roadClass":"minor","source":"OpenFreeMap / OpenStreetMap","exposureHigh":false,"exposureModerate":true}},{"type":"Feature","geometry":{"type":"MultiLineString","coordinates":[[[-66.17858290672302,18.437186740267308],[-66.17852926254272,18.437369946600597],[-66.17845952510834,18.43747172781248],[-66.17823958396912,18.437532796510666]]]},"properties":{"shelterId":"shelter-5","kind":"road","radiusM":500,"roadId":"14/5180/7338/51","roadClass":"tertiary","source":"OpenFreeMap / OpenStreetMap","exposureHigh":false,"exposureModerate":true}},{"type":"Feature","geometry":{"type":"MultiLineString","coordinates":[[[-66.179119348526,18.43754806368183],[-66.17887794971466,18.437502262164287],[-66.17878139019012,18.437425926274585],[-66.17871165275574,18.43713584958452]]]},"properties":{"shelterId":"shelter-5","kind":"road","radiusM":500,"roadId":"14/5180/7338/52","roadClass":"tertiary","source":"OpenFreeMap / OpenStreetMap","exposureHigh":false,"exposureModerate":true}},{"type":"Feature","geometry":{"type":"MultiLineString","coordinates":[[[-66.17818057537079,18.437736358681263],[-66.17842197418213,18.4378025163348],[-66.1785238981247,18.437858495867886],[-66.17856681346893,18.437975543923613]]]},"properties":{"shelterId":"shelter-5","kind":"road","radiusM":500,"roadId":"14/5180/7338/53","roadClass":"tertiary","source":"OpenFreeMap / OpenStreetMap","exposureHigh":false,"exposureModerate":true}},{"type":"Feature","geometry":{"type":"MultiLineString","coordinates":[[[-66.17867946624756,18.438026434357752],[-66.17875456809998,18.43788394110419],[-66.17881894111633,18.437843228724304],[-66.17904961109161,18.437751625834352]]]},"properties":{"shelterId":"shelter-5","kind":"road","radiusM":500,"roadId":"14/5180/7338/54","roadClass":"tertiary","source":"OpenFreeMap / OpenStreetMap","exposureHigh":false,"exposureModerate":true}},{"type":"Feature","geometry":{"type":"MultiLineString","coordinates":[[[-66.17885649204254,18.431456354712537],[-66.17879211902618,18.434382641186488],[-66.17869019508362,18.43529868584484],[-66.17675483878163,18.435254492399828]]]},"properties":{"shelterId":"shelter-5","kind":"road","radiusM":500,"roadId":"14/5180/7338/58","roadClass":"tertiary","source":"OpenFreeMap / OpenStreetMap","exposureHigh":false,"exposureModerate":true}},{"type":"Feature","geometry":{"type":"MultiLineString","coordinates":[[[-66.1819839477539,18.43760404329781],[-66.179119348526,18.43754806368183]]]},"properties":{"shelterId":"shelter-5","kind":"road","radiusM":500,"roadId":"14/5180/7338/62","roadClass":"tertiary","source":"OpenFreeMap / OpenStreetMap","exposureHigh":false,"exposureModerate":true}},{"type":"Feature","geometry":{"type":"MultiLineString","coordinates":[[[-66.1786687374115,18.438250352088986],[-66.17867946624756,18.438026434357752]]]},"properties":{"shelterId":"shelter-5","kind":"road","radiusM":500,"roadId":"14/5180/7338/65","roadClass":"tertiary","source":"OpenFreeMap / OpenStreetMap","exposureHigh":false,"exposureModerate":true}},{"type":"Feature","geometry":{"type":"MultiLineString","coordinates":[[[-66.17764752088708,18.437723515336753],[-66.17857217788696,18.43774144773245]]]},"properties":{"shelterId":"shelter-5","kind":"road","radiusM":500,"roadId":"14/5180/7338/66","roadClass":"tertiary","source":"OpenFreeMap / OpenStreetMap","exposureHigh":false,"exposureModerate":true}},{"type":"Feature","geometry":{"type":"MultiLineString","coordinates":[[[-66.17869019508362,18.43529868584484],[-66.17860972881317,18.43545135947994],[-66.17858290672302,18.437186740267308]]]},"properties":{"shelterId":"shelter-5","kind":"road","radiusM":500,"roadId":"14/5180/7338/67","roadClass":"tertiary","source":"OpenFreeMap / OpenStreetMap","exposureHigh":false,"exposureModerate":true}},{"type":"Feature","geometry":{"type":"MultiLineString","coordinates":[[[-66.17869019508362,18.437746536783465],[-66.17869555950165,18.437537885567878]]]},"properties":{"shelterId":"shelter-5","kind":"road","radiusM":500,"roadId":"14/5180/7338/68","roadClass":"tertiary","source":"OpenFreeMap / OpenStreetMap","exposureHigh":false,"exposureModerate":true}},{"type":"Feature","geometry":{"type":"MultiLineString","coordinates":[[[-66.17869019508362,18.437746536783465],[-66.17904961109161,18.437751625834352]]]},"properties":{"shelterId":"shelter-5","kind":"road","radiusM":500,"roadId":"14/5180/7338/69","roadClass":"tertiary","source":"OpenFreeMap / OpenStreetMap","exposureHigh":false,"exposureModerate":true}},{"type":"Feature","geometry":{"type":"MultiLineString","coordinates":[[[-66.17904961109161,18.437751625834352],[-66.1819839477539,18.437812694433077]]]},"properties":{"shelterId":"shelter-5","kind":"road","radiusM":500,"roadId":"14/5180/7338/70","roadClass":"tertiary","source":"OpenFreeMap / OpenStreetMap","exposureHigh":false,"exposureModerate":true}},{"type":"Feature","geometry":{"type":"MultiLineString","coordinates":[[[-66.17857217788696,18.43774144773245],[-66.17869019508362,18.437746536783465]]]},"properties":{"shelterId":"shelter-5","kind":"road","radiusM":500,"roadId":"14/5180/7338/71","roadClass":"tertiary","source":"OpenFreeMap / OpenStreetMap","exposureHigh":false,"exposureModerate":true}},{"type":"Feature","geometry":{"type":"MultiLineString","coordinates":[[[-66.17857217788696,18.43774144773245],[-66.17856681346893,18.437975543923613]]]},"properties":{"shelterId":"shelter-5","kind":"road","radiusM":500,"roadId":"14/5180/7338/72","roadClass":"tertiary","source":"OpenFreeMap / OpenStreetMap","exposureHigh":false,"exposureModerate":true}},{"type":"Feature","geometry":{"type":"MultiLineString","coordinates":[[[-66.17857754230499,18.437537885567878],[-66.17857217788696,18.43774144773245]]]},"properties":{"shelterId":"shelter-5","kind":"road","radiusM":500,"roadId":"14/5180/7338/73","roadClass":"tertiary","source":"OpenFreeMap / OpenStreetMap","exposureHigh":false,"exposureModerate":true}},{"type":"Feature","geometry":{"type":"MultiLineString","coordinates":[[[-66.17857754230499,18.437537885567878],[-66.17823958396912,18.437532796510666]]]},"properties":{"shelterId":"shelter-5","kind":"road","radiusM":500,"roadId":"14/5180/7338/74","roadClass":"tertiary","source":"OpenFreeMap / OpenStreetMap","exposureHigh":false,"exposureModerate":true}},{"type":"Feature","geometry":{"type":"MultiLineString","coordinates":[[[-66.17869555950165,18.437537885567878],[-66.17857754230499,18.437537885567878]]]},"properties":{"shelterId":"shelter-5","kind":"road","radiusM":500,"roadId":"14/5180/7338/75","roadClass":"tertiary","source":"OpenFreeMap / OpenStreetMap","exposureHigh":false,"exposureModerate":true}},{"type":"Feature","geometry":{"type":"MultiLineString","coordinates":[[[-66.17869555950165,18.437537885567878],[-66.17871165275574,18.43713584958452]]]},"properties":{"shelterId":"shelter-5","kind":"road","radiusM":500,"roadId":"14/5180/7338/76","roadClass":"tertiary","source":"OpenFreeMap / OpenStreetMap","exposureHigh":false,"exposureModerate":true}},{"type":"Feature","geometry":{"type":"MultiLineString","coordinates":[[[-66.17867946624756,18.438026434357752],[-66.17869019508362,18.437746536783465]]]},"properties":{"shelterId":"shelter-5","kind":"road","radiusM":500,"roadId":"14/5180/7338/77","roadClass":"tertiary","source":"OpenFreeMap / OpenStreetMap","exposureHigh":false,"exposureModerate":true}},{"type":"Feature","geometry":{"type":"MultiLineString","coordinates":[[[-66.17871165275574,18.43713584958452],[-66.178759932518,18.43545135947994],[-66.17869019508362,18.43529868584484]]]},"properties":{"shelterId":"shelter-5","kind":"road","radiusM":500,"roadId":"14/5180/7338/78","roadClass":"tertiary","source":"OpenFreeMap / OpenStreetMap","exposureHigh":false,"exposureModerate":true}},{"type":"Feature","geometry":{"type":"MultiLineString","coordinates":[[[-66.17823958396912,18.437532796510666],[-66.17750041988587,18.43751835126322]]]},"properties":{"shelterId":"shelter-5","kind":"road","radiusM":500,"roadId":"14/5180/7338/79","roadClass":"tertiary","source":"OpenFreeMap / OpenStreetMap","exposureHigh":false,"exposureModerate":true}},{"type":"Feature","geometry":{"type":"MultiLineString","coordinates":[[[-66.17858290672302,18.437186740267308],[-66.17857754230499,18.437537885567878]]]},"properties":{"shelterId":"shelter-5","kind":"road","radiusM":500,"roadId":"14/5180/7338/80","roadClass":"tertiary","source":"OpenFreeMap / OpenStreetMap","exposureHigh":false,"exposureModerate":true}},{"type":"Feature","geometry":{"type":"MultiLineString","coordinates":[[[-66.179119348526,18.43754806368183],[-66.17869555950165,18.437537885567878]]]},"properties":{"shelterId":"shelter-5","kind":"road","radiusM":500,"roadId":"14/5180/7338/81","roadClass":"tertiary","source":"OpenFreeMap / OpenStreetMap","exposureHigh":false,"exposureModerate":true}},{"type":"Feature","geometry":{"type":"MultiLineString","coordinates":[[[-66.17856681346893,18.437975543923613],[-66.17855608463287,18.438250352088986]]]},"properties":{"shelterId":"shelter-5","kind":"road","radiusM":500,"roadId":"14/5180/7338/82","roadClass":"tertiary","source":"OpenFreeMap / OpenStreetMap","exposureHigh":false,"exposureModerate":true}},{"type":"Feature","geometry":{"type":"Polygon","coordinates":[[[-66.17714988737245,18.4494672453],[-66.17716003657952,18.44976133712984],[-66.17719044074023,18.450054169613313],[-66.17724096965934,18.450344488796773],[-66.17731140696422,18.4506310514889],[-66.17740145103153,18.45091263058426],[-66.17751071627876,18.45118802031793],[-66.17763873481535,18.451456041428795],[-66.17778495844624,18.45171554620931],[-66.17794876101942,18.45196542342017],[-66.17812944110713,18.452204603048788],[-66.17832622500949,18.45243206089128],[-66.1785382700676,18.45264682293824],[-66.178764668272,18.452847969545623],[-66.1790044501508,18.453034639372763],[-66.17925658892118,18.45320603307081],[-66.17952000488623,18.45336141670563],[-66.17979357005834,18.45350012490065],[-66.18007611298944,18.453621563686077],[-66.18036642378733,18.453725213042397],[-66.18066325929661,18.453810629127144],[-66.18096534842205,18.45387744617554],[-66.18127139757163,18.453925378066717],[-66.18158009619592,18.45395421954896],[-66.1818901224,18.453963847118622],[-66.1822001486041,18.45395421954896],[-66.18250884722838,18.453925378066717],[-66.18281489637796,18.45387744617554],[-66.1831169855034,18.453810629127144],[-66.18341382101268,18.453725213042397],[-66.18370413181057,18.453621563686077],[-66.18398667474167,18.45350012490065],[-66.18426023991378,18.45336141670563],[-66.18452365587883,18.45320603307081],[-66.18477579464921,18.453034639372763],[-66.18501557652802,18.452847969545623],[-66.1852419747324,18.45264682293824],[-66.18545401979053,18.45243206089128],[-66.18565080369288,18.452204603048788],[-66.18583148378059,18.45196542342017],[-66.18599528635377,18.45171554620931],[-66.18614150998467,18.451456041428795],[-66.18626952852125,18.45118802031793],[-66.18637879376848,18.45091263058426],[-66.18646883783579,18.4506310514889],[-66.18653927514067,18.450344488796773],[-66.18658980405978,18.450054169613313],[-66.18662020822049,18.44976133712984],[-66.18663035742756,18.4494672453],[-66.18662020822049,18.44917315347016],[-66.18658980405978,18.448880320986685],[-66.18653927514067,18.448590001803225],[-66.18646883783579,18.448303439111097],[-66.18637879376848,18.44802186001574],[-66.18626952852125,18.44774647028207],[-66.18614150998467,18.447478449171204],[-66.18599528635377,18.447218944390688],[-66.18583148378059,18.44696906717983],[-66.18565080369288,18.44672988755121],[-66.18545401979053,18.44650242970872],[-66.1852419747324,18.446287667661757],[-66.18501557652802,18.446086521054376],[-66.18477579464921,18.445899851227235],[-66.18452365587883,18.44572845752919],[-66.18426023991378,18.44557307389437],[-66.18398667474167,18.44543436569935],[-66.18370413181057,18.44531292691392],[-66.18341382101268,18.445209277557602],[-66.1831169855034,18.445123861472855],[-66.18281489637796,18.44505704442446],[-66.18250884722838,18.44500911253328],[-66.1822001486041,18.444980271051037],[-66.1818901224,18.444970643481376],[-66.18158009619592,18.444980271051037],[-66.18127139757163,18.44500911253328],[-66.18096534842205,18.44505704442446],[-66.18066325929661,18.445123861472855],[-66.18036642378733,18.445209277557602],[-66.18007611298944,18.44531292691392],[-66.17979357005834,18.44543436569935],[-66.17952000488623,18.44557307389437],[-66.17925658892118,18.44572845752919],[-66.1790044501508,18.445899851227235],[-66.178764668272,18.446086521054376],[-66.1785382700676,18.446287667661757],[-66.17832622500949,18.44650242970872],[-66.17812944110713,18.44672988755121],[-66.17794876101942,18.44696906717983],[-66.17778495844624,18.447218944390688],[-66.17763873481535,18.447478449171204],[-66.17751071627876,18.44774647028207],[-66.17740145103153,18.44802186001574],[-66.17731140696422,18.448303439111097],[-66.17724096965934,18.448590001803225],[-66.17719044074023,18.448880320986685],[-66.17716003657952,18.44917315347016],[-66.17714988737245,18.4494672453]]]},"properties":{"shelterId":"shelter-6","kind":"radius","radiusM":500}},{"type":"Feature","geometry":{"type":"MultiLineString","coordinates":[[[-66.18336043503797,18.445192421400254],[-66.18341088294983,18.445262900643485],[-66.18343234062195,18.44533414422537],[-66.1834055185318,18.445395210129192],[-66.18246138095856,18.446580902125547],[-66.18240237236023,18.446621612435024],[-66.18232727050781,18.4466012572815],[-66.1819463968277,18.446326462472683],[-66.1815869808197,18.446077111247206],[-66.18154406547546,18.446005867973454],[-66.18156015872955,18.445934624670144],[-66.1823075783771,18.444988114594604]],[[-66.18293342025471,18.44508090626999],[-66.1819463968277,18.446326462472683]],[[-66.18521869182587,18.447669899581143],[-66.18554592132568,18.448138064589443],[-66.18585705757141,18.44855025229039],[-66.18586242198944,18.448601139592284],[-66.18583023548126,18.448667293062186],[-66.18534207344055,18.449288116692045],[-66.18527233600616,18.449344092482818],[-66.18520796298981,18.44933391506767],[-66.18443012237549,18.448789422478157],[-66.18440330028534,18.448738535232053],[-66.18440330028534,18.448697825424333],[-66.18521869182587,18.447669899581143],[-66.18568003177643,18.44736457388825]],[[-66.18196785449982,18.447089780300587],[-66.18146359920502,18.44673865452104]],[[-66.18191957473755,18.447150845580282],[-66.18205904960632,18.44696764967607]],[[-66.18314266204834,18.451074244291092],[-66.18336260318756,18.450784190645265],[-66.18439257144928,18.449506931043118],[-66.1847734451294,18.449796986846195],[-66.18480026721954,18.44984278508612],[-66.18478417396545,18.4498987606961],[-66.18387222290039,18.45105388966526],[-66.18382394313812,18.451084421603085],[-66.18375957012177,18.451079332947174],[-66.18336260318756,18.450784190645265],[-66.18298709392548,18.450529757219257],[-66.18296563625336,18.450483959162526],[-66.18296563625336,18.450433072418534],[-66.18389368057251,18.449252495724807],[-66.18393659591675,18.449232140883055],[-66.18398487567902,18.449232140883055],[-66.18439257144928,18.449506931043118]],[[-66.18444085121155,18.45204617486631],[-66.18468761444092,18.451761211498024],[-66.18550300598145,18.450758747319625],[-66.18588387966156,18.45102844637958],[-66.18591070175171,18.451084421603085],[-66.18589997291565,18.451135308154107],[-66.18543863296509,18.451695059219887],[-66.18519186973572,18.452056352120707],[-66.18513822555542,18.452066529374505],[-66.18508994579315,18.452056352120707],[-66.18468761444092,18.451761211498024],[-66.18431746959686,18.45149151358889],[-66.18430137634277,18.451466070368042],[-66.18430137634277,18.45141518391506],[-66.1850094795227,18.450504313855916],[-66.185063123703,18.45047887048881],[-66.1851167678833,18.450489047836115],[-66.18550300598145,18.450758747319625]],[[-66.1859267950058,18.450285500775635],[-66.18655979633331,18.449481487528246]],[[-66.18658513798175,18.44884762748728],[-66.18626475334167,18.449064213346574],[-66.18614673614502,18.449135455351794],[-66.18552446365356,18.44991402676837],[-66.18554592132568,18.45002088923634],[-66.18631839752197,18.450565377921592],[-66.18639886379242,18.45056028925029],[-66.18652708874811,18.45040072631486]],[[-66.18662916521495,18.44956808906164],[-66.18626475334167,18.449064213346574]],[[-66.18506155838968,18.45280921358286],[-66.18518114089966,18.452656809063072]],[[-66.18162923490723,18.444977458867307],[-66.1812973022461,18.445400298953544]]]},"properties":{"shelterId":"shelter-6","kind":"road","radiusM":500,"roadId":"14/5179/7337/8","roadClass":"minor","source":"OpenFreeMap / OpenStreetMap","exposureHigh":true,"exposureModerate":true}},{"type":"Feature","geometry":{"type":"MultiLineString","coordinates":[[[-66.18416821231415,18.445523960766295],[-66.18368983268738,18.445965157518046],[-66.18235409259796,18.447669899581143]],[[-66.18346452713013,18.448082088405627],[-66.184521317482,18.446733565736352]],[[-66.18420481681824,18.446301018486665],[-66.18482172489166,18.44714066803516],[-66.18481636047363,18.4472526209982],[-66.18394196033478,18.44834670293207],[-66.18384540081024,18.44835179166897],[-66.18309438228607,18.44781747347149],[-66.1830621957779,18.447715698388265],[-66.18411362171173,18.44636208404677],[-66.18467688560486,18.445985512746958]],[[-66.18180692195892,18.45012266295356],[-66.18202686309814,18.44984278508612],[-66.18299782276154,18.448580784673325],[-66.18305146694183,18.448560429751964],[-66.18311047554016,18.44858587340329],[-66.18342161178589,18.448804688649062],[-66.18343770503998,18.448916640527457],[-66.18252038955688,18.450081953473912],[-66.18242383003235,18.450107396899824],[-66.18202686309814,18.44984278508612]],[[-66.18224143981934,18.450433072418534],[-66.18186056613922,18.450926673199177],[-66.18151724338531,18.451399917976232],[-66.1812973022461,18.451659438751875]],[[-66.18472715885682,18.45306957146032],[-66.18344306945801,18.452163213255574]],[[-66.18482708930969,18.449064213346574],[-66.18554592132568,18.448138064589443]],[[-66.18287736958222,18.45386524312286],[-66.18238627910614,18.453516781874228]],[[-66.18358118897105,18.453667974678222],[-66.18278324604034,18.453099517497847],[-66.18277251720428,18.452992656945682],[-66.18289589881897,18.452829821690685],[-66.1830461025238,18.45265172045373],[-66.18312656879425,18.452641543234606],[-66.18419743964084,18.453395208642856]],[[-66.18184808724642,18.45396367031608],[-66.18188202381134,18.453918779521686],[-66.18185520172119,18.453842450926828],[-66.1814796924591,18.453588022032264],[-66.18139386177063,18.453623642100197],[-66.1812973022461,18.453745767991308]],[[-66.1812973022461,18.451939313658613],[-66.18222534656525,18.452611011573637],[-66.18223071098328,18.452748404005305],[-66.18199467658997,18.453033365735294],[-66.18187665939331,18.453063897321186],[-66.1812973022461,18.45265172045373]],[[-66.1812973022461,18.450524668546905],[-66.18186056613922,18.450926673199177],[-66.18291735649109,18.45167470466764],[-66.18296563625336,18.45176630013374],[-66.18292808532715,18.451847718284796],[-66.18269205093384,18.452132681509525],[-66.18261158466339,18.452153036007488],[-66.18151724338531,18.451399917976232],[-66.1812973022461,18.451242169862113]],[[-66.1812973022461,18.44695238334191],[-66.18146359920502,18.44673865452104],[-66.1812973022461,18.44662670122304]]]},"properties":{"shelterId":"shelter-6","kind":"road","radiusM":500,"roadId":"14/5179/7337/9","roadClass":"minor","source":"OpenFreeMap / OpenStreetMap","exposureHigh":true,"exposureModerate":true}},{"type":"Feature","geometry":{"type":"MultiLineString","coordinates":[[[-66.18650884885928,18.44845566156336],[-66.18568003177643,18.44736457388825],[-66.1844553199353,18.445685947356903]],[[-66.1812973022461,18.449761365984486],[-66.18314266204834,18.451074244291092],[-66.18444085121155,18.45204617486631],[-66.18518114089966,18.452656809063072],[-66.18520718071353,18.45267948953884]]]},"properties":{"shelterId":"shelter-6","kind":"road","radiusM":500,"roadId":"14/5179/7337/18","roadClass":"tertiary","source":"OpenFreeMap / OpenStreetMap","exposureHigh":true,"exposureModerate":true}},{"type":"Feature","geometry":{"type":"MultiLineString","coordinates":[[[-66.1818481791178,18.453963671088086],[-66.18188202381134,18.453918779521686],[-66.18185520172119,18.453842450926828],[-66.1814796924591,18.453588022032264],[-66.18139386177063,18.453623642100197],[-66.18116897916252,18.453911507240537]],[[-66.17878598670569,18.45286559796191],[-66.17893159389496,18.45268225210748]],[[-66.17715174068691,18.449592973180742],[-66.17744565010071,18.44980207554012],[-66.1779123544693,18.450148106373447],[-66.17935538291931,18.451155662770276]],[[-66.17743492126465,18.448789422478157],[-66.17723234300391,18.44863219474077]],[[-66.17730492624986,18.44832662965325],[-66.17771923542023,18.447781852199213],[-66.17774069309235,18.44771060963251],[-66.17758412538325,18.447587139294285]],[[-66.17873311042786,18.451918959135327],[-66.17918372154236,18.45138465203604],[-66.17935538291931,18.451155662770276],[-66.17983818054199,18.45046869314092],[-66.17981672286987,18.450397451688758],[-66.17948949337006,18.450153195056956],[-66.17936074733734,18.45016337242356],[-66.17826640605927,18.451542400019264],[-66.17816984653473,18.451547488661475],[-66.17782652378082,18.451308322314702],[-66.1778050661087,18.451196371995394],[-66.17838978767395,18.450489047836115],[-66.17886185646057,18.449893672005032],[-66.17889940738678,18.449817341621],[-66.17887794971466,18.449751188594078],[-66.17853462696075,18.449496753637618],[-66.17846488952637,18.449476398824828],[-66.17840588092804,18.449517108448006],[-66.1779123544693,18.450148106373447],[-66.17737330345288,18.450831445688287]],[[-66.17719897025144,18.45011265777846],[-66.17744565010071,18.44980207554012],[-66.17798209190369,18.449115100496172]],[[-66.1819839477539,18.453038454333324],[-66.18187665939331,18.453063897321186],[-66.1807930469513,18.452290428805583],[-66.1797684431076,18.451583109152708]],[[-66.1819839477539,18.4517205024068],[-66.18151724338531,18.451399917976232],[-66.18050873279572,18.450682417320095],[-66.18041753768921,18.450707860657047],[-66.18015468120575,18.451038623694316],[-66.18017613887787,18.45114039680837],[-66.18115246295929,18.451832452384423],[-66.1819839477539,18.45243799872553]],[[-66.1819839477539,18.450763835985057],[-66.18186056613922,18.450926673199177],[-66.18151724338531,18.451399917976232],[-66.18115246295929,18.451832452384423],[-66.18056237697601,18.452575391295625],[-66.18049800395966,18.452575391295625],[-66.17993474006653,18.452163213255574]],[[-66.18180692195892,18.45012266295356],[-66.1819839477539,18.4498987606961]],[[-66.18084132671356,18.450198993201894],[-66.18186056613922,18.450926673199177],[-66.1819839477539,18.451013180406363]],[[-66.17982745170593,18.448718180329408],[-66.18005275726318,18.448428122704357],[-66.1804711818695,18.448021023457002],[-66.18146359920502,18.44673865452104],[-66.18105590343475,18.446463859932038],[-66.18098080158234,18.446468948724714],[-66.18001520633698,18.447685165851553],[-66.1799293756485,18.447669899581143],[-66.17955386638641,18.447405284011992],[-66.1805248260498,18.446163620897053],[-66.18049800395966,18.44605675602915],[-66.18011713027954,18.44578196034928],[-66.1797308921814,18.445517341871707],[-66.17966651916504,18.44550716422981],[-66.17917835712433,18.446087288855338],[-66.17870092391968,18.446733565736352],[-66.17873311042786,18.446820075055584],[-66.17955386638641,18.447405284011992]],[[-66.17977380752563,18.44867747051684],[-66.17929637432098,18.449288116692045]],[[-66.18005275726318,18.448428122704357],[-66.17796554073014,18.446945408019303]],[[-66.18072867393494,18.44935935860441],[-66.18026733398438,18.449934381529317],[-66.18017613887787,18.449939470219164],[-66.17980599403381,18.449669769449017],[-66.17980599403381,18.44959852766543],[-66.18025124073029,18.449018414899044]],[[-66.17929637432098,18.44833652545782],[-66.17885649204254,18.4489013743665],[-66.17873311042786,18.448916640527457],[-66.17840051651001,18.448672381789592],[-66.17836833000183,18.448590962133096],[-66.17881894111633,18.448000668469305]],[[-66.1787760257721,18.44751723680254],[-66.18011713027954,18.44578196034928]]]},"properties":{"shelterId":"shelter-6","kind":"road","radiusM":500,"roadId":"14/5180/7337/19","roadClass":"minor","source":"OpenFreeMap / OpenStreetMap","exposureHigh":true,"exposureModerate":true}},{"type":"Feature","geometry":{"type":"MultiLineString","coordinates":[[[-66.18191957473755,18.447150845580282],[-66.1819839477539,18.447064336427644]],[[-66.18196785449982,18.447089780300587],[-66.18146359920502,18.44673865452104]],[[-66.1819839477539,18.44628066329514],[-66.1819463968277,18.446326462472683]],[[-66.18061065673828,18.445385032480075],[-66.18084877599355,18.445080489011428]],[[-66.1819839477539,18.445400298953544],[-66.18156015872955,18.445934624670144],[-66.18154406547546,18.446005867973454],[-66.1815869808197,18.446077111247206],[-66.1819463968277,18.446326462472683],[-66.1819839477539,18.446356995250923]],[[-66.18163087044253,18.444977373618357],[-66.18110418319702,18.445644562344512],[-66.18105590343475,18.445680184059995],[-66.18099689483643,18.445659828794902],[-66.18061065673828,18.445385032480075],[-66.1803644981359,18.445209898068608]]]},"properties":{"shelterId":"shelter-6","kind":"road","radiusM":500,"roadId":"14/5180/7337/20","roadClass":"minor","source":"OpenFreeMap / OpenStreetMap","exposureHigh":false,"exposureModerate":true}},{"type":"Feature","geometry":{"type":"MultiLineString","coordinates":[[[-66.1777639031725,18.447253899255134],[-66.17832005023956,18.44765972206679],[-66.17881894111633,18.448000668469305],[-66.1819839477539,18.450249880015264]]]},"properties":{"shelterId":"shelter-6","kind":"road","radiusM":500,"roadId":"14/5180/7337/32","roadClass":"tertiary","source":"OpenFreeMap / OpenStreetMap","exposureHigh":false,"exposureModerate":true}},{"type":"Feature","geometry":{"type":"MultiLineString","coordinates":[[[-66.17716250791017,18.449139339454014],[-66.17832005023956,18.44765972206679]]]},"properties":{"shelterId":"shelter-6","kind":"road","radiusM":500,"roadId":"14/5180/7337/34","roadClass":"tertiary","source":"OpenFreeMap / OpenStreetMap","exposureHigh":false,"exposureModerate":true}},{"type":"Feature","geometry":{"type":"Polygon","coordinates":[[[-66.16465898487436,18.441498],[-66.16466913361059,18.44179209182984],[-66.16469953636084,18.442084924313313],[-66.16475006293588,18.442375243496773],[-66.16482049697314,18.4426618061889],[-66.16491053686326,18.44294338528426],[-66.16501979704162,18.44321877501793],[-66.16514780963935,18.443486796128795],[-66.16529402648686,18.44374630090931],[-66.16545782146116,18.44399617812017],[-66.16563849316702,18.444235357748788],[-66.16583526794047,18.44446281559128],[-66.1660473031617,18.44467757763824],[-66.16627369086336,18.444878724245623],[-66.16651346161855,18.445065394072763],[-66.16676558869209,18.44523678777081],[-66.16702899243712,18.44539217140563],[-66.1673025449184,18.44553087960065],[-66.16758507474219,18.445652318386077],[-66.16787537207242,18.445755967742397],[-66.16817219381133,18.445841383827144],[-66.1684742689227,18.44590820087554],[-66.1687803038745,18.445956132766717],[-66.16908898817809,18.44598497424896],[-66.1693989999999,18.445994601818622],[-66.16970901182171,18.44598497424896],[-66.1700176961253,18.445956132766717],[-66.1703237310771,18.44590820087554],[-66.17062580618847,18.445841383827144],[-66.17092262792738,18.445755967742397],[-66.1712129252576,18.445652318386077],[-66.1714954550814,18.44553087960065],[-66.17176900756267,18.44539217140563],[-66.17203241130771,18.44523678777081],[-66.17228453838125,18.445065394072763],[-66.17252430913643,18.444878724245623],[-66.1727506968381,18.44467757763824],[-66.17296273205933,18.44446281559128],[-66.17315950683277,18.444235357748788],[-66.17334017853864,18.44399617812017],[-66.17350397351294,18.44374630090931],[-66.17365019036045,18.443486796128795],[-66.17377820295818,18.44321877501793],[-66.17388746313654,18.44294338528426],[-66.17397750302666,18.4426618061889],[-66.17404793706392,18.442375243496773],[-66.17409846363896,18.442084924313313],[-66.17412886638921,18.44179209182984],[-66.17413901512543,18.441498],[-66.17412886638921,18.44120390817016],[-66.17409846363896,18.440911075686685],[-66.17404793706392,18.440620756503225],[-66.17397750302666,18.440334193811097],[-66.17388746313654,18.44005261471574],[-66.17377820295818,18.43977722498207],[-66.17365019036045,18.439509203871204],[-66.17350397351294,18.439249699090688],[-66.17334017853864,18.43899982187983],[-66.17315950683277,18.43876064225121],[-66.17296273205933,18.43853318440872],[-66.1727506968381,18.438318422361757],[-66.17252430913643,18.438117275754376],[-66.17228453838125,18.437930605927235],[-66.17203241130771,18.43775921222919],[-66.17176900756267,18.43760382859437],[-66.1714954550814,18.43746512039935],[-66.1712129252576,18.43734368161392],[-66.17092262792738,18.437240032257602],[-66.17062580618847,18.437154616172855],[-66.1703237310771,18.43708779912446],[-66.1700176961253,18.43703986723328],[-66.16970901182171,18.437011025751037],[-66.1693989999999,18.437001398181376],[-66.16908898817809,18.437011025751037],[-66.1687803038745,18.43703986723328],[-66.1684742689227,18.43708779912446],[-66.16817219381133,18.437154616172855],[-66.16787537207242,18.437240032257602],[-66.16758507474219,18.43734368161392],[-66.1673025449184,18.43746512039935],[-66.16702899243712,18.43760382859437],[-66.16676558869209,18.43775921222919],[-66.16651346161855,18.437930605927235],[-66.16627369086336,18.438117275754376],[-66.1660473031617,18.438318422361757],[-66.16583526794047,18.43853318440872],[-66.16563849316702,18.43876064225121],[-66.16545782146116,18.43899982187983],[-66.16529402648686,18.439249699090688],[-66.16514780963935,18.439509203871204],[-66.16501979704162,18.43977722498207],[-66.16491053686326,18.44005261471574],[-66.16482049697314,18.440334193811097],[-66.16475006293588,18.440620756503225],[-66.16469953636084,18.440911075686685],[-66.16466913361059,18.44120390817016],[-66.16465898487436,18.441498]]]},"properties":{"shelterId":"shelter-7","kind":"radius","radiusM":500}},{"type":"Feature","geometry":{"type":"MultiLineString","coordinates":[[[-66.17382842132255,18.439897069716864],[-66.17380857467651,18.44037246701083]],[[-66.17355108261108,18.44026050956427],[-66.17355644702911,18.43952769538545],[-66.17282152175903,18.43951751738875]],[[-66.17295026779175,18.43951751738875],[-66.17294490337372,18.439700721237287],[-66.17298781871796,18.439797412078605],[-66.17298245429993,18.44021979774743]],[[-66.17311656475067,18.44296782373452],[-66.17270886898041,18.44285077907935],[-66.17263376712799,18.442840601279485],[-66.17257475852966,18.44286095687862],[-66.17240309715271,18.44298817931859]],[[-66.17312729358673,18.442922023661552],[-66.17304682731628,18.44324262391588],[-66.17296636104584,18.44355304581427]],[[-66.17308974266052,18.44308995720273],[-66.17322385311127,18.443115401664343],[-66.17334723472595,18.44317137946662],[-66.17338478565216,18.443227357250677],[-66.17339551448822,18.44329351279012],[-66.17340087890625,18.443471623731256]],[[-66.17248892784119,18.442749001053528],[-66.17221534252167,18.442682845304404],[-66.17216169834137,18.442677756399576],[-66.17210805416107,18.442708289826314],[-66.17207050323486,18.442749001053528],[-66.17201149463654,18.4429322014566],[-66.17201149463654,18.442983090422786],[-66.17203831672668,18.443033979373908],[-66.17208123207092,18.443074690523943],[-66.17248892784119,18.443186646136795],[-66.17251574993134,18.443059423843806],[-66.1725103855133,18.443049246056304],[-66.17240309715271,18.44298817931859],[-66.17226898670197,18.44295764594159]],[[-66.17188274860382,18.443181557246902],[-66.17194712162018,18.44317646835684]],[[-66.17195785045624,18.443695534366697],[-66.17218852043152,18.443665001115406],[-66.1726176738739,18.443715889864535],[-66.17304682731628,18.44385328941189]],[[-66.17218852043152,18.443665001115406],[-66.17219388484955,18.443491979255626]],[[-66.17246747016907,18.443344401649284],[-66.17246747016907,18.443298601676716]],[[-66.17302536964417,18.44323753502762],[-66.17304682731628,18.44324262391588]],[[-66.16555273532867,18.443446179322393],[-66.16554737091064,18.443196823916168]],[[-66.16570830345154,18.44319173502656],[-66.16512894630432,18.443212090584097],[-66.16507530212402,18.44330369056314],[-66.1650816909704,18.443354196354214]],[[-66.16512352336244,18.443439378724012],[-66.16518795490265,18.443456357086376],[-66.16571366786957,18.443441090440174]],[[-66.16671681404114,18.438275797267252],[-66.16672458593027,18.437785497208925]],[[-66.16630984482182,18.43808750285885],[-66.16652369499207,18.43808750285885]],[[-66.16556346416473,18.438978082700515],[-66.16547323017365,18.438978082700515]],[[-66.16556346416473,18.439039150863437],[-66.16543043334708,18.439039150863437]],[[-66.16567611694336,18.439095129993703],[-66.16556346416473,18.439095129993703],[-66.16539251294027,18.439095129993703]],[[-66.1655264663617,18.43890501109252],[-66.16567611694336,18.43890174746636]],[[-66.16556346416473,18.439095129993703],[-66.16556346416473,18.438906836483028]],[[-66.1655044555664,18.439665098282035],[-66.16506780602643,18.439671145446205]],[[-66.16550981998444,18.43935975836267],[-66.1655044555664,18.440611648584095],[-66.16518795490265,18.440621826516008],[-66.16474911370675,18.440625295745708]],[[-66.16490337073061,18.44007279827465],[-66.1655044555664,18.440062039366097]],[[-66.16567611694336,18.440056950383635],[-66.16563856601715,18.44005186140103]],[[-66.1655044555664,18.44056584788308],[-66.165252327919,18.440576025817705],[-66.16518795490265,18.440621826516008]],[[-66.16568684577942,18.441171433943524],[-66.16503238677979,18.441171433943524],[-66.16504311561584,18.441883885399733],[-66.16569221019745,18.44188897432808]],[[-66.1655044555664,18.441171433943524],[-66.16551518440247,18.44221466542878],[-66.16534888744354,18.44221466542878],[-66.16520941257477,18.44220957651008],[-66.16518795490265,18.44188897432808],[-66.16518259048462,18.441171433943524]],[[-66.16534888744354,18.44221466542878],[-66.16534352302551,18.441171433943524]],[[-66.1665290594101,18.437919300543815],[-66.1665290594101,18.438179105569787]]]},"properties":{"shelterId":"shelter-7","kind":"road","radiusM":500,"roadId":"14/5180/7337/0","roadClass":"service","source":"OpenFreeMap / OpenStreetMap","exposureHigh":false,"exposureModerate":true}},{"type":"Feature","geometry":{"type":"MultiLineString","coordinates":[[[-66.16533815860748,18.440062039366097],[-66.16533815860748,18.43936993636872]],[[-66.16517722606659,18.44006712834839],[-66.16516798282535,18.439470859121826]],[[-66.16501727162724,18.439783020205333],[-66.16502165794373,18.440072217330552]]]},"properties":{"shelterId":"shelter-7","kind":"road","radiusM":500,"roadId":"14/5180/7337/3","roadClass":"service","source":"OpenFreeMap / OpenStreetMap","exposureHigh":false,"exposureModerate":true}},{"type":"Feature","geometry":{"type":"MultiLineString","coordinates":[[[-66.16671681404114,18.43810785902106],[-66.16682946681976,18.4381638384547],[-66.16696894168854,18.438148571338232],[-66.16700649261475,18.438082413817938],[-66.16700649261475,18.437670201002277],[-66.1669665576681,18.437638630150076]]]},"properties":{"shelterId":"shelter-7","kind":"road","radiusM":500,"roadId":"14/5180/7337/7","roadClass":"service","source":"OpenFreeMap / OpenStreetMap","exposureHigh":false,"exposureModerate":true}},{"type":"Feature","geometry":{"type":"MultiLineString","coordinates":[[[-66.16671681404114,18.43810785902106],[-66.16682946681976,18.438092591899633],[-66.16693139076233,18.438051879569173],[-66.16700649261475,18.437950098700895]]]},"properties":{"shelterId":"shelter-7","kind":"road","radiusM":500,"roadId":"14/5180/7337/8","roadClass":"service","source":"OpenFreeMap / OpenStreetMap","exposureHigh":false,"exposureModerate":true}},{"type":"Feature","geometry":{"type":"MultiLineString","coordinates":[[[-66.17194712162018,18.44317646835684],[-66.17197394371033,18.443207001694944],[-66.17246747016907,18.443344401649284],[-66.17254793643951,18.44333931276404],[-66.17288053035736,18.443252801691926],[-66.17291808128357,18.44324771280398],[-66.17298781871796,18.443257890579744],[-66.17302536964417,18.44323753502762]]]},"properties":{"shelterId":"shelter-7","kind":"road","radiusM":500,"roadId":"14/5180/7337/10","roadClass":"service","source":"OpenFreeMap / OpenStreetMap","exposureHigh":false,"exposureModerate":true}},{"type":"Feature","geometry":{"type":"MultiLineString","coordinates":[[[-66.17302536964417,18.44323753502762],[-66.17300927639008,18.44319173502656],[-66.17293417453766,18.443181557246902]]]},"properties":{"shelterId":"shelter-7","kind":"road","radiusM":500,"roadId":"14/5180/7337/11","roadClass":"service","source":"OpenFreeMap / OpenStreetMap","exposureHigh":false,"exposureModerate":true}},{"type":"Feature","geometry":{"type":"MultiLineString","coordinates":[[[-66.17293417453766,18.443181557246902],[-66.1725640296936,18.44329351279012],[-66.17246747016907,18.443298601676716],[-66.17240846157074,18.44328842390337],[-66.17199003696442,18.44316120168574],[-66.17194712162018,18.44317646835684]]]},"properties":{"shelterId":"shelter-7","kind":"road","radiusM":500,"roadId":"14/5180/7337/12","roadClass":"service","source":"OpenFreeMap / OpenStreetMap","exposureHigh":false,"exposureModerate":true}},{"type":"Feature","geometry":{"type":"MultiLineString","coordinates":[[[-66.1655044555664,18.440062039366097],[-66.16554200649261,18.440077306312546],[-66.16559565067291,18.440077306312546],[-66.16563856601715,18.44005186140103]]]},"properties":{"shelterId":"shelter-7","kind":"road","radiusM":500,"roadId":"14/5180/7337/16","roadClass":"service","source":"OpenFreeMap / OpenStreetMap","exposureHigh":false,"exposureModerate":true}},{"type":"Feature","geometry":{"type":"MultiLineString","coordinates":[[[-66.16563856601715,18.44005186140103],[-66.16559028625488,18.440031505469094],[-66.16554200649261,18.440031505469094],[-66.1655044555664,18.440062039366097]]]},"properties":{"shelterId":"shelter-7","kind":"road","radiusM":500,"roadId":"14/5180/7337/17","roadClass":"service","source":"OpenFreeMap / OpenStreetMap","exposureHigh":false,"exposureModerate":true}},{"type":"Feature","geometry":{"type":"MultiLineString","coordinates":[[[-66.17401584716602,18.44251640071689],[-66.17399096488953,18.442509822455506]],[[-66.17362082004547,18.44269302311362],[-66.17368519306183,18.4423418883473],[-66.17395877838135,18.44129865763452],[-66.17408125444554,18.440798160235527]],[[-66.17371201515198,18.442240110020023],[-66.17208659648895,18.44185844075575],[-66.17063283920288,18.441853351826495],[-66.17057919502258,18.441787195732502],[-66.17057919502258,18.441380080747308],[-66.170654296875,18.441329191306323],[-66.17210805416107,18.44130883552573],[-66.17219924926758,18.441395347576673],[-66.17208659648895,18.44185844075575]],[[-66.17411382056923,18.44196100433133],[-66.17380857467651,18.441873707542598]],[[-66.172816157341,18.43857096105984],[-66.17235481739044,18.43852007078695],[-66.17159843444824,18.438072235735603],[-66.17142140865326,18.43801625627215],[-66.17111027240753,18.437995900099082],[-66.16812765598297,18.437934831565457],[-66.16790235042572,18.43800607818592],[-66.16754293441772,18.438245263052877],[-66.16718351840973,18.43828088630245],[-66.16641640663147,18.438275797267252],[-66.16623401641846,18.43834704374636],[-66.16610527038574,18.43849462564485],[-66.1660623550415,18.438677830583885],[-66.16612672805786,18.44385328941189]],[[-66.17113173007965,18.440805029187175],[-66.17109954357147,18.43856078300648],[-66.17111027240753,18.437995900099082]],[[-66.17169499397278,18.440805029187175],[-66.17167890071869,18.440291043420572],[-66.1716628074646,18.438927192548178],[-66.17168426513672,18.43880505612107]],[[-66.17255330085754,18.440881363575855],[-66.17224216461182,18.440794851266133],[-66.170654296875,18.440815207107633],[-66.17057919502258,18.440774495422204],[-66.17057919502258,18.440586203751707],[-66.1705631017685,18.440291043420572],[-66.17054164409637,18.438601495216346],[-66.17061674594879,18.438540426897916],[-66.17109954357147,18.43856078300648],[-66.1713033914566,18.43857605008631],[-66.17139458656311,18.438611673267303],[-66.17190957069397,18.43895263762623],[-66.17220997810364,18.439095129993703],[-66.17224216461182,18.440794851266133]],[[-66.17317020893097,18.442112887026127],[-66.17340624332428,18.441181611842268],[-66.17335259914398,18.44112563339172],[-66.17293953895569,18.441023854343968],[-66.17286443710327,18.441079832827683],[-66.17262303829193,18.44198566393804]],[[-66.17128193378448,18.44292711255916],[-66.17105662822723,18.442972912630765]],[[-66.17136240005493,18.443491979255626],[-66.17115318775177,18.443507245897322],[-66.1710673570633,18.443563223571942]],[[-66.17145895957947,18.444143354762105],[-66.17042899131775,18.444158621345906]],[[-66.17101907730103,18.44415353248479],[-66.17104053497314,18.44499828136634],[-66.17111563682556,18.445054258555103],[-66.17148578166962,18.44504916972052],[-66.171555519104,18.445028814380663],[-66.17158234119415,18.444962659509443],[-66.17145895957947,18.444143354762105],[-66.17128193378448,18.44292711255916],[-66.17123901844025,18.442458933349144],[-66.17119610309601,18.442402955314734],[-66.1704021692276,18.44239786640162],[-66.16834223270416,18.442428399878096]],[[-66.17259709295271,18.444816902046167],[-66.17259085178375,18.44445377503297]],[[-66.17288887515741,18.444540853525037],[-66.17204904556274,18.444301109396093]],[[-66.17383371429015,18.443085688623558],[-66.17365837097168,18.443028890479468]],[[-66.17413618861247,18.441342736166597],[-66.17395877838135,18.44129865763452]],[[-66.17215196762875,18.445158464462757],[-66.17214560508728,18.444932126483366],[-66.17186665534973,18.443064512737337],[-66.17174327373505,18.441853351826495]],[[-66.17045044898987,18.445771782723057],[-66.1708869266949,18.44576731452471]],[[-66.16915919873958,18.445988843760325],[-66.16915762424469,18.445863381337304],[-66.16921126842499,18.445797226787477],[-66.17045044898987,18.445771782723057]],[[-66.16804408948305,18.44580698475047],[-66.16848707199097,18.445802315599906],[-66.16856217384338,18.44588882538814],[-66.1685626211942,18.44592404782422]],[[-66.16725325584412,18.445451187188638],[-66.16724252700806,18.445206923522704],[-66.16722106933594,18.44442324191644],[-66.16658806800842,18.444433419622555],[-66.16654100150524,18.445085289832146]],[[-66.1666822968794,18.445182766736956],[-66.16724252700806,18.445206923522704]],[[-66.1675214767456,18.445461364833847],[-66.16752318129952,18.445627508815473]],[[-66.16572262481228,18.444336343519655],[-66.16567611694336,18.440586203751707],[-66.16568148136139,18.438810145140607],[-66.1656589944039,18.438735481275888]],[[-66.16779506206512,18.443318957221578],[-66.16780042648315,18.44376168972586],[-66.16770923137665,18.443858378281902],[-66.16675972938538,18.443863467151772],[-66.16669535636902,18.4437973118318],[-66.16668462753296,18.442871134677276],[-66.1667275428772,18.442815156777172],[-66.16682946681976,18.44279989007397],[-66.16773068904877,18.44279989007397],[-66.1677896976471,18.442871134677276],[-66.16779506206512,18.443318957221578],[-66.1661159992218,18.443349490534374]],[[-66.17043435573578,18.44453010780053],[-66.16837441921234,18.444555552048868]],[[-66.17003202438354,18.443990688849354],[-66.16983354091644,18.444000866581092],[-66.16836369037628,18.4440263109078]],[[-66.16983354091644,18.444000866581092],[-66.16984963417053,18.44498810369369],[-66.16978526115417,18.44506952505796],[-66.16847634315491,18.445089880393013],[-66.1683851480484,18.445013547874183],[-66.16836369037628,18.4440263109078],[-66.16834759712219,18.443838022800946]],[[-66.1704021692276,18.44239786640162],[-66.17045333211314,18.445881953647124]],[[-66.16981744766235,18.44240804422772],[-66.16982817649841,18.443385112725764],[-66.16976380348206,18.443466534849776],[-66.16845488548279,18.443486890374743],[-66.16835832595825,18.443425823792595],[-66.16834223270416,18.442428399878096],[-66.16832613945007,18.442107798104402],[-66.16844415664673,18.442107798104402]],[[-66.16982281208038,18.442937290353896],[-66.16834759712219,18.44295764594159]],[[-66.16890549659729,18.44119687868927],[-66.16885721683502,18.43850480370213]],[[-66.16884112358093,18.441761751074182],[-66.16873383522034,18.441715950679722],[-66.16609990596771,18.441746484277388]],[[-66.16945266723633,18.441191789740415],[-66.16942048072815,18.438509892730565],[-66.16943120956421,18.437960276790434]],[[-66.16774678230286,18.43883050121721],[-66.16671681404114,18.43884067925461],[-66.16663634777069,18.438906836483028],[-66.16665780544281,18.440596381685125],[-66.16668999195099,18.440657449272933],[-66.16721570491791,18.440667627202117],[-66.16769850254059,18.440652360308093],[-66.16775751113892,18.440616737550144],[-66.16776823997498,18.440285954444903],[-66.16774678230286,18.438545515925284]],[[-66.1664217710495,18.441222323431234],[-66.16989254951477,18.441181611842268],[-66.16997838020325,18.441145989194027],[-66.17001056671143,18.441079832827683],[-66.16997838020325,18.438586228138774],[-66.1698979139328,18.43852007078695],[-66.16837441921234,18.43849462564485],[-66.16831004619598,18.438550604952496],[-66.16834759712219,18.44120196763795]],[[-66.16721570491791,18.440667627202117],[-66.16718351840973,18.43828088630245],[-66.16718351840973,18.43759895424256]],[[-66.16666853427887,18.441217234483133],[-66.1666738986969,18.442189220833768],[-66.16671681404114,18.44226046569031],[-66.1676824092865,18.44226046569031],[-66.16777896881104,18.44217904299471],[-66.16776823997498,18.44162434985418],[-66.16777896881104,18.441207056586492]]]},"properties":{"shelterId":"shelter-7","kind":"road","radiusM":500,"roadId":"14/5180/7337/19","roadClass":"minor","source":"OpenFreeMap / OpenStreetMap","exposureHigh":false,"exposureModerate":true}},{"type":"Feature","geometry":{"type":"MultiLineString","coordinates":[[[-66.16714890104312,18.44545566653667],[-66.16725325584412,18.445451187188638],[-66.1675214767456,18.445461364833847],[-66.17174174601888,18.44540698853517]],[[-66.17281510743297,18.438380722760247],[-66.172816157341,18.43857096105984],[-66.17280006408691,18.43923253323615],[-66.17282152175903,18.43951751738875],[-66.17282152175903,18.440291043420572],[-66.1729234457016,18.440438623649513],[-66.17406774298875,18.440721161491982]]]},"properties":{"shelterId":"shelter-7","kind":"road","radiusM":500,"roadId":"14/5180/7337/34","roadClass":"tertiary","source":"OpenFreeMap / OpenStreetMap","exposureHigh":false,"exposureModerate":true}},{"type":"Feature","geometry":{"type":"MultiLineString","coordinates":[[[-66.17125511169434,18.43759895424256],[-66.17177869814941,18.437609150632653]]]},"properties":{"shelterId":"shelter-7","kind":"road","radiusM":500,"roadId":"14/5180/7337/40","roadClass":"tertiary","source":"OpenFreeMap / OpenStreetMap","exposureHigh":true,"exposureModerate":false}},{"type":"Feature","geometry":{"type":"MultiLineString","coordinates":[[[-66.1660561275588,18.444685926895236],[-66.16597190714597,18.438391592967047]]]},"properties":{"shelterId":"shelter-7","kind":"road","radiusM":500,"roadId":"14/5180/7337/64","roadClass":"primary","source":"OpenFreeMap / OpenStreetMap","exposureHigh":false,"exposureModerate":true}},{"type":"Feature","geometry":{"type":"MultiLineString","coordinates":[[[-66.16575464881764,18.438622730806152],[-66.16582922761742,18.444456268858932]]]},"properties":{"shelterId":"shelter-7","kind":"road","radiusM":500,"roadId":"14/5180/7337/70","roadClass":"primary","source":"OpenFreeMap / OpenStreetMap","exposureHigh":false,"exposureModerate":true}},{"type":"Feature","geometry":{"type":"MultiLineString","coordinates":[[[-66.16671681404114,18.438250352088986],[-66.16672356313468,18.437786160466086]],[[-66.1665290594101,18.437919300543815],[-66.1665290594101,18.438179105569787]],[[-66.16630984482182,18.43808750285885],[-66.16652369499207,18.43808750285885]]]},"properties":{"shelterId":"shelter-7","kind":"road","radiusM":500,"roadId":"14/5180/7338/1","roadClass":"service","source":"OpenFreeMap / OpenStreetMap","exposureHigh":false,"exposureModerate":true}},{"type":"Feature","geometry":{"type":"MultiLineString","coordinates":[[[-66.16671681404114,18.43810785902106],[-66.16682946681976,18.4381638384547],[-66.16696894168854,18.438148571338232],[-66.16700649261475,18.438082413817938],[-66.16700649261475,18.437670201002277],[-66.1669665576681,18.437638630150076]]]},"properties":{"shelterId":"shelter-7","kind":"road","radiusM":500,"roadId":"14/5180/7338/24","roadClass":"service","source":"OpenFreeMap / OpenStreetMap","exposureHigh":false,"exposureModerate":true}},{"type":"Feature","geometry":{"type":"MultiLineString","coordinates":[[[-66.16671681404114,18.43810785902106],[-66.16682946681976,18.438092591899633],[-66.16693139076233,18.438051879569173],[-66.16700649261475,18.437950098700895]]]},"properties":{"shelterId":"shelter-7","kind":"road","radiusM":500,"roadId":"14/5180/7338/25","roadClass":"service","source":"OpenFreeMap / OpenStreetMap","exposureHigh":false,"exposureModerate":true}},{"type":"Feature","geometry":{"type":"MultiLineString","coordinates":[[[-66.17190420627594,18.438250352088986],[-66.17159843444824,18.438072235735603],[-66.17142140865326,18.43801625627215],[-66.17111027240753,18.437995900099082],[-66.16812765598297,18.437934831565457],[-66.16790235042572,18.43800607818592],[-66.16754293441772,18.438245263052877],[-66.16749465465546,18.438250352088986]],[[-66.1711049079895,18.438250352088986],[-66.17111027240753,18.437995900099082]],[[-66.16791064570805,18.437228819608556],[-66.17106456871896,18.437288141218634]],[[-66.1699891090393,18.43726307626325],[-66.1699937228255,18.437036932138938]],[[-66.16942584514618,18.438250352088986],[-66.16943120956421,18.437960276790434]],[[-66.16718351840973,18.438250352088986],[-66.16718769846806,18.437520702637705]]]},"properties":{"shelterId":"shelter-7","kind":"road","radiusM":500,"roadId":"14/5180/7338/27","roadClass":"minor","source":"OpenFreeMap / OpenStreetMap","exposureHigh":false,"exposureModerate":true}},{"type":"Feature","geometry":{"type":"MultiLineString","coordinates":[[[-66.1671877764853,18.43752066360307],[-66.1717797279709,18.43760971791301]]]},"properties":{"shelterId":"shelter-7","kind":"road","radiusM":500,"roadId":"14/5180/7338/66","roadClass":"tertiary","source":"OpenFreeMap / OpenStreetMap","exposureHigh":true,"exposureModerate":true}},{"type":"Feature","geometry":{"type":"MultiLineString","coordinates":[[[-66.17134557966766,18.43739806918786],[-66.1676320623881,18.437325497106468]]]},"properties":{"shelterId":"shelter-7","kind":"road","radiusM":500,"roadId":"14/5180/7338/79","roadClass":"tertiary","source":"OpenFreeMap / OpenStreetMap","exposureHigh":false,"exposureModerate":true}},{"type":"Feature","geometry":{"type":"Polygon","coordinates":[[[-66.20580866892507,18.416682],[-66.20581881619671,18.41697609182984],[-66.20584921455942,18.417268924313316],[-66.20589973384276,18.417559243496775],[-66.2059701577154,18.417845806188904],[-66.2060601846115,18.41812738528426],[-66.20616942902208,18.41840277501793],[-66.2062974231458,18.418670796128797],[-66.20644361889218,18.418930300909313],[-66.20660739022857,18.419180178120172],[-66.20678803586097,18.41941935774879],[-66.20698478223706,18.419646815591282],[-66.20719678685863,18.419861577638244],[-66.20742314188938,18.420062724245625],[-66.20766287804229,18.420249394072766],[-66.20791496873035,18.420420787770812],[-66.20817833446254,18.42057617140563],[-66.20845184746636,18.420714879600652],[-66.20873433651714,18.42083631838608],[-66.20902459195338,18.4209399677424],[-66.20932137085677,18.421025383827146],[-66.20962340237446,18.421092200875542],[-66.20992939316112,18.42114013276672],[-66.21023803291725,18.421168974248964],[-66.210548,18.421178601818625],[-66.21085796708276,18.421168974248964],[-66.21116660683889,18.42114013276672],[-66.21147259762554,18.421092200875542],[-66.21177462914324,18.421025383827146],[-66.21207140804663,18.4209399677424],[-66.21236166348287,18.42083631838608],[-66.21264415253364,18.420714879600652],[-66.21291766553746,18.42057617140563],[-66.21318103126966,18.420420787770812],[-66.21343312195772,18.420249394072766],[-66.21367285811063,18.420062724245625],[-66.21389921314137,18.419861577638244],[-66.21411121776295,18.419646815591282],[-66.21430796413904,18.41941935774879],[-66.21448860977144,18.419180178120172],[-66.21465238110783,18.418930300909313],[-66.21479857685421,18.418670796128797],[-66.21492657097792,18.41840277501793],[-66.2150358153885,18.41812738528426],[-66.2151258422846,18.417845806188904],[-66.21519626615725,18.417559243496775],[-66.21524678544058,18.417268924313316],[-66.2152771838033,18.41697609182984],[-66.21528733107493,18.416682],[-66.2152771838033,18.41638790817016],[-66.21524678544058,18.416095075686687],[-66.21519626615725,18.415804756503228],[-66.2151258422846,18.4155181938111],[-66.2150358153885,18.41523661471574],[-66.21492657097792,18.414961224982072],[-66.21479857685421,18.414693203871206],[-66.21465238110783,18.41443369909069],[-66.21448860977144,18.41418382187983],[-66.21430796413904,18.413944642251213],[-66.21411121776295,18.41371718440872],[-66.21389921314137,18.41350242236176],[-66.21367285811063,18.413301275754378],[-66.21343312195772,18.413114605927237],[-66.21318103126966,18.41294321222919],[-66.21291766553746,18.41278782859437],[-66.21264415253364,18.41264912039935],[-66.21236166348287,18.412527681613923],[-66.21207140804663,18.412424032257604],[-66.21177462914324,18.412338616172857],[-66.21147259762554,18.41227179912446],[-66.21116660683889,18.412223867233283],[-66.21085796708276,18.41219502575104],[-66.210548,18.41218539818138],[-66.21023803291725,18.41219502575104],[-66.20992939316112,18.412223867233283],[-66.20962340237446,18.41227179912446],[-66.20932137085677,18.412338616172857],[-66.20902459195338,18.412424032257604],[-66.20873433651714,18.412527681613923],[-66.20845184746636,18.41264912039935],[-66.20817833446254,18.41278782859437],[-66.20791496873035,18.41294321222919],[-66.20766287804229,18.413114605927237],[-66.20742314188938,18.413301275754378],[-66.20719678685863,18.41350242236176],[-66.20698478223706,18.41371718440872],[-66.20678803586097,18.413944642251213],[-66.20660739022857,18.41418382187983],[-66.20644361889218,18.41443369909069],[-66.2062974231458,18.414693203871206],[-66.20616942902208,18.414961224982072],[-66.2060601846115,18.41523661471574],[-66.2059701577154,18.4155181938111],[-66.20589973384276,18.415804756503228],[-66.20584921455942,18.416095075686687],[-66.20581881619671,18.41638790817016],[-66.20580866892507,18.416682]]]},"properties":{"shelterId":"shelter-8","kind":"radius","radiusM":500}},{"type":"Feature","geometry":{"type":"MultiLineString","coordinates":[[[-66.21480345726013,18.418391786609035],[-66.2148517370224,18.418452862083626],[-66.21488928794861,18.418473220570334],[-66.21489502371632,18.4184733294093]],[[-66.21088743209839,18.417241527788335],[-66.21090888977051,18.416752919944628]]]},"properties":{"shelterId":"shelter-8","kind":"road","radiusM":500,"roadId":"14/5178/7338/1","roadClass":"service","source":"OpenFreeMap / OpenStreetMap","exposureHigh":false,"exposureModerate":false}},{"type":"Feature","geometry":{"type":"MultiLineString","coordinates":[[[-66.21511114191853,18.417896664057196],[-66.2150502204895,18.41783192708162],[-66.21431529521942,18.41714482426272]],[[-66.21472299098969,18.417531638039065],[-66.21455132961273,18.417704686025886],[-66.21447086334229,18.417750492816793],[-66.21436357498169,18.41776576174439],[-66.21412217617035,18.41776576174439],[-66.21214807033539,18.417816658159907],[-66.2107640504837,18.417837016721904],[-66.21035099029541,18.417750492816793],[-66.2100237607956,18.41763343099356],[-66.20936393737793,18.417287334702536],[-66.20880603790283,18.416961596380958],[-66.20842516422272,18.416752919944628]],[[-66.21502999436235,18.418143554224457],[-66.21480345726013,18.418391786609035],[-66.2145084142685,18.418407055479705],[-66.21414363384247,18.418401965856305],[-66.21252357959747,18.418432503594502],[-66.211177110672,18.418503758295913],[-66.21054947376251,18.418300173356485],[-66.21015787124634,18.418305262982912],[-66.20976090431213,18.4182798148493],[-66.20961606502533,18.418218739313275],[-66.20903670787811,18.41782683744121]],[[-66.21141041092744,18.42110352783057],[-66.21147215366364,18.42098747515911],[-66.21170282363892,18.420763534945493],[-66.21184229850769,18.42068719162424],[-66.21237874031067,18.420631206500445],[-66.2124913930893,18.42049887795359],[-66.21256113052368,18.420320743210553],[-66.21254503726959,18.419877950335902],[-66.21250212192535,18.419542037739745],[-66.21248602867126,18.419262110075238],[-66.21252357959747,18.418432503594502]],[[-66.21237874031067,18.420631206500445],[-66.2124024398011,18.42082008144935]],[[-66.21441764078011,18.419278123446116],[-66.2144547700882,18.419119601271092],[-66.2145084142685,18.41897709234891],[-66.21456742286682,18.418890569017123],[-66.21460497379303,18.418768418357004],[-66.21460497379303,18.418692074150385],[-66.21458351612091,18.418600461057736],[-66.2145084142685,18.418407055479705]],[[-66.21392905712128,18.41983214411141],[-66.21398270130157,18.41885494175021]],[[-66.21392990472492,18.419832188787968],[-66.21392905712128,18.41983214411141],[-66.21346235275269,18.41972017328908],[-66.21318340301514,18.41969472536475],[-66.2130331993103,18.419659098264376],[-66.21286690235138,18.419587844041473],[-66.21266305446625,18.41955221691896],[-66.21250212192535,18.419542037739745]],[[-66.21372520923615,18.418860031360225],[-66.21372520923615,18.419318095644584],[-66.2128347158432,18.419257020477133],[-66.21248602867126,18.419262110075238]],[[-66.21456742286682,18.418890569017123],[-66.21398270130157,18.41885494175021],[-66.21372520923615,18.418860031360225],[-66.21250212192535,18.418860031360225]],[[-66.21412217617035,18.41776576174439],[-66.21414363384247,18.418401965856305]],[[-66.21211588382721,18.417389127801584],[-66.21219098567963,18.418452862083626]],[[-66.212078332901,18.41845795170552],[-66.21200859546661,18.419587844041473],[-66.21221244335175,18.419760889960187],[-66.21244311332703,18.41986777117596],[-66.21254503726959,18.419877950335902]],[[-66.21167063713074,18.4184833998128],[-66.21164381504059,18.4189821819553],[-66.21161699295044,18.419104332463647]],[[-66.21184229850769,18.41737385884055],[-66.21185839176178,18.416752919944628]],[[-66.20961606502533,18.418218739313275],[-66.20933711528778,18.4184884894338],[-66.20925664901733,18.418534296016034],[-66.20913863182068,18.418554654493107],[-66.20716452598572,18.41854956487407],[-66.20664417743683,18.418554654493107]],[[-66.21184229850769,18.42068719162424],[-66.21146142482758,18.420539594440385],[-66.21129512786865,18.420565042239744],[-66.21116638183594,18.42064647517236]],[[-66.2077921628952,18.417302603671246],[-66.20852172374725,18.417307693327174],[-66.20861291885376,18.41727715538933],[-66.20880603790283,18.416961596380958]],[[-66.20781898498535,18.41790318203175],[-66.20777070522308,18.416752919944628]],[[-66.20639204978943,18.4179235405835],[-66.20642960071564,18.416875072035623],[-66.20638132095337,18.416752919944628]],[[-66.2095341200375,18.42107450202522],[-66.20963215827942,18.420809340922006],[-66.2098091840744,18.420483609268558],[-66.21005594730377,18.420183324854165],[-66.21041536331177,18.41967436702258],[-66.21060311794281,18.4193231852409],[-66.21061384677887,18.41922648288528],[-66.21057093143463,18.419155228483206],[-66.21032953262329,18.419002540379395]],[[-66.20582248497685,18.417025096381536],[-66.20583951473236,18.417073568998546],[-66.20583464377553,18.41715213388826]],[[-66.2070894241333,18.416752919944628],[-66.20716452598572,18.41854956487407],[-66.20715916156769,18.418916017060397],[-66.20723962783813,18.418961823528804],[-66.2077385187149,18.419104332463647],[-66.20817840099335,18.419104332463647],[-66.2084949016571,18.419068705241003]],[[-66.20967507362366,18.416778368304065],[-66.20903670787811,18.41782683744121],[-66.20890259742737,18.417867554560388],[-66.20868802070618,18.41790318203175],[-66.20781898498535,18.41790318203175],[-66.20599642428363,18.417935119838447]]]},"properties":{"shelterId":"shelter-8","kind":"road","radiusM":500,"roadId":"14/5178/7338/5","roadClass":"minor","source":"OpenFreeMap / OpenStreetMap","exposureHigh":false,"exposureModerate":false}},{"type":"Feature","geometry":{"type":"MultiLineString","coordinates":[[[-66.20963215827942,18.416752919944628],[-66.21013641357422,18.417022672363217],[-66.2103134393692,18.417104106972516],[-66.2105119228363,18.417160093244064],[-66.21122539043427,18.417312782982947],[-66.21211588382721,18.417389127801584],[-66.21286690235138,18.417384038148057],[-66.21402025222778,18.41714482426272],[-66.21431529521942,18.41714482426272],[-66.21520042419434,18.417119375957483],[-66.21526565657862,18.417111554528113]]]},"properties":{"shelterId":"shelter-8","kind":"road","radiusM":500,"roadId":"14/5178/7338/6","roadClass":"tertiary","source":"OpenFreeMap / OpenStreetMap","exposureHigh":false,"exposureModerate":false}},{"type":"Feature","geometry":{"type":"MultiLineString","coordinates":[[[-66.21088743209839,18.417241527788335],[-66.21090888977051,18.416747830272286]],[[-66.20960533618927,18.41599455710599],[-66.20964825153351,18.41591821166861],[-66.20965361595154,18.415846955896512],[-66.20964288711548,18.415816417699432],[-66.20956242084503,18.415750251587156],[-66.20954096317291,18.41571971337291],[-66.2095034122467,18.415597560461748],[-66.20948731899261,18.415383792658545],[-66.20949804782867,18.415261639508927],[-66.20947659015656,18.415246370359128],[-66.20933711528778,18.415241280642235],[-66.20934247970581,18.41510385822899],[-66.20929419994354,18.415098768507875],[-66.20883285999298,18.41536343380629],[-66.20882749557495,18.415393972083763],[-66.20883822441101,18.4154296000673],[-66.20888113975525,18.415460138333017],[-66.20936393737793,18.41571971337291],[-66.20954096317291,18.41571971337291]],[[-66.20965898036957,18.41587749408818],[-66.20999693870544,18.4158520455955],[-66.21018469333649,18.41586222499302],[-66.21022760868073,18.41584186619737],[-66.21023833751678,18.415801148598845],[-66.21026515960693,18.4151700245898]],[[-66.20693385601044,18.414482911141732],[-66.2069821357727,18.4141368085141]],[[-66.20705187320709,18.41450327009815],[-66.20711624622345,18.413907769627784],[-66.20718061923981,18.413607473737272],[-66.20747029781342,18.41365328161885]],[[-66.20722353458405,18.413612563502497],[-66.20725192229855,18.413450957566027]],[[-66.20745338224131,18.413276327729736],[-66.20741128921509,18.413520947705464],[-66.20724499225616,18.41350058863283]],[[-66.20701432228088,18.413963756939268],[-66.20696113280327,18.413742967294656]],[[-66.2069821357727,18.413841602781673],[-66.20684266090393,18.413902679871313],[-66.20685338973999,18.414096090512146],[-66.20682120323181,18.4141368085141],[-66.20661237741173,18.414176754777888]]]},"properties":{"shelterId":"shelter-8","kind":"road","radiusM":500,"roadId":"14/5178/7339/3","roadClass":"service","source":"OpenFreeMap / OpenStreetMap","exposureHigh":false,"exposureModerate":false}},{"type":"Feature","geometry":{"type":"MultiLineString","coordinates":[[[-66.21186375617981,18.416666395494374],[-66.21248066425323,18.41668675419247],[-66.21248066425323,18.416513705181885],[-66.21206760406494,18.4164984361432],[-66.21206223964691,18.41667148516912]],[[-66.21069431304932,18.4167427405998],[-66.21090888977051,18.416747830272286],[-66.21094107627869,18.41609126127807],[-66.210817694664,18.416086171586144]],[[-66.20933711528778,18.415241280642235],[-66.20932102203369,18.415699354560402]],[[-66.20913863182068,18.415597560461748],[-66.20914936065674,18.415185293746376]],[[-66.20896697044373,18.415505945721463],[-66.20897769927979,18.415281998373203]]]},"properties":{"shelterId":"shelter-8","kind":"road","radiusM":500,"roadId":"14/5178/7339/8","roadClass":"service","source":"OpenFreeMap / OpenStreetMap","exposureHigh":false,"exposureModerate":false}},{"type":"Feature","geometry":{"type":"MultiLineString","coordinates":[[[-66.20935320854187,18.41659005035507],[-66.20962679386139,18.41611670973535],[-66.20960533618927,18.41599455710599]]]},"properties":{"shelterId":"shelter-8","kind":"road","radiusM":500,"roadId":"14/5178/7339/21","roadClass":"service","source":"OpenFreeMap / OpenStreetMap","exposureHigh":false,"exposureModerate":false}},{"type":"Feature","geometry":{"type":"MultiLineString","coordinates":[[[-66.20960533618927,18.41599455710599],[-66.20926201343536,18.416534063898055]]]},"properties":{"shelterId":"shelter-8","kind":"road","radiusM":500,"roadId":"14/5178/7339/22","roadClass":"service","source":"OpenFreeMap / OpenStreetMap","exposureHigh":false,"exposureModerate":false}},{"type":"Feature","geometry":{"type":"MultiLineString","coordinates":[[[-66.2069821357727,18.4141368085141],[-66.20701432228088,18.414111359764007],[-66.207035779953,18.41400447497253],[-66.20701432228088,18.413963756939268],[-66.2069821357727,18.413994295465116],[-66.20695531368256,18.414085911010147],[-66.2069821357727,18.4141368085141]]]},"properties":{"shelterId":"shelter-8","kind":"road","radiusM":500,"roadId":"14/5178/7339/23","roadClass":"service","source":"OpenFreeMap / OpenStreetMap","exposureHigh":false,"exposureModerate":false}},{"type":"Feature","geometry":{"type":"MultiLineString","coordinates":[[[-66.21237131278069,18.412531485609936],[-66.21238946914673,18.412579338076284],[-66.21252357959747,18.412614966642522],[-66.21257812921303,18.41261882910711]],[[-66.21458888053894,18.417404396761228],[-66.21431529521942,18.41714482426272]],[[-66.21211588382721,18.417389127801584],[-66.21211588382721,18.417404396761228]],[[-66.21184229850769,18.41737385884055],[-66.21187448501587,18.41621341383876],[-66.21190130710602,18.41583168679864],[-66.21196031570435,18.415684085449442],[-66.21205151081085,18.415561932512986],[-66.21220707893372,18.415449958911722],[-66.21233582496643,18.415414330932407],[-66.21251821517944,18.41539906179615],[-66.21508483238762,18.41538164274141]],[[-66.20967507362366,18.416778368304065],[-66.20929419994354,18.417404396761228]],[[-66.20779752731323,18.417404396761228],[-66.20777070522308,18.416778368304065],[-66.20782434940338,18.41642718061135]],[[-66.2077921628952,18.417302603671246],[-66.20852172374725,18.417307693327174],[-66.20861291885376,18.41727715538933],[-66.20880603790283,18.416961596380958]],[[-66.20640814304352,18.417404396761228],[-66.20642960071564,18.416875072035623],[-66.20619893074036,18.416315207573106]],[[-66.20691776275635,18.41642718061135],[-66.20707869529724,18.41641700124724],[-66.20766341686249,18.41637119410133],[-66.20782434940338,18.41642718061135],[-66.20880603790283,18.416961596380958],[-66.20936393737793,18.417287334702536],[-66.20958924293518,18.417404396761228]],[[-66.20707869529724,18.41641700124724],[-66.20711624622345,18.417404396761228]],[[-66.2058225318825,18.417025677444528],[-66.20583951473236,18.417073568998546],[-66.2058353743958,18.417158681572676]],[[-66.20581423994682,18.416464038058482],[-66.20619893074036,18.416315207573106],[-66.2072879076004,18.415846955896512],[-66.20776534080505,18.415745161885155],[-66.20790481567383,18.41565863692817]]]},"properties":{"shelterId":"shelter-8","kind":"road","radiusM":500,"roadId":"14/5178/7339/26","roadClass":"minor","source":"OpenFreeMap / OpenStreetMap","exposureHigh":false,"exposureModerate":false}},{"type":"Feature","geometry":{"type":"MultiLineString","coordinates":[[[-66.20837152004242,18.41601491588358],[-66.20821058750153,18.41579605889835],[-66.20818376541138,18.41572989277826],[-66.2081891298294,18.415623008992057],[-66.2082427740097,18.415480497173846],[-66.2102061510086,18.4143505778663],[-66.21060311794281,18.414096090512146]]]},"properties":{"shelterId":"shelter-8","kind":"road","radiusM":500,"roadId":"14/5178/7339/28","roadClass":"motorway","source":"OpenFreeMap / OpenStreetMap","exposureHigh":false,"exposureModerate":false}},{"type":"Feature","geometry":{"type":"MultiLineString","coordinates":[[[-66.20709478855133,18.41531762637993],[-66.20672464370728,18.415393972083763],[-66.20663344860077,18.415404151508383],[-66.20655834674835,18.41539906179615],[-66.20646715164185,18.41536852351959],[-66.2063330411911,18.415281998373203]]]},"properties":{"shelterId":"shelter-8","kind":"road","radiusM":500,"roadId":"14/5178/7339/30","roadClass":"motorway","source":"OpenFreeMap / OpenStreetMap","exposureHigh":false,"exposureModerate":false}},{"type":"Feature","geometry":{"type":"MultiLineString","coordinates":[[[-66.20790481567383,18.41565863692817],[-66.2082427740097,18.415480497173846]]]},"properties":{"shelterId":"shelter-8","kind":"road","radiusM":500,"roadId":"14/5178/7339/31","roadClass":"motorway","source":"OpenFreeMap / OpenStreetMap","exposureHigh":false,"exposureModerate":false}},{"type":"Feature","geometry":{"type":"MultiLineString","coordinates":[[[-66.2063330411911,18.415281998373203],[-66.20627403259277,18.415124217111952],[-66.20626330375671,18.415047871288436],[-66.20626866817474,18.414976615155922],[-66.20639204978943,18.414706859529886]]]},"properties":{"shelterId":"shelter-8","kind":"road","radiusM":500,"roadId":"14/5178/7339/32","roadClass":"motorway","source":"OpenFreeMap / OpenStreetMap","exposureHigh":false,"exposureModerate":false}},{"type":"Feature","geometry":{"type":"MultiLineString","coordinates":[[[-66.2063330411911,18.415281998373203],[-66.20620965957642,18.415180204027664],[-66.2061187633549,18.415082202128342]]]},"properties":{"shelterId":"shelter-8","kind":"road","radiusM":500,"roadId":"14/5178/7339/35","roadClass":"motorway","source":"OpenFreeMap / OpenStreetMap","exposureHigh":false,"exposureModerate":false}},{"type":"Feature","geometry":{"type":"MultiLineString","coordinates":[[[-66.20623813475284,18.414811590518827],[-66.20639204978943,18.414706859529886],[-66.20678901672363,18.41450327009815],[-66.20693385601044,18.414482911141732],[-66.20715379714966,18.414523629052155],[-66.20730400085449,18.41459997510826],[-66.20743811130524,18.414727218459802],[-66.20790481567383,18.41565863692817],[-66.2080442905426,18.415821507399315],[-66.20967507362366,18.416778368304065],[-66.21013641357422,18.417022672363217],[-66.2103134393692,18.417104106972516],[-66.2105119228363,18.417160093244064],[-66.21122539043427,18.417312782982947],[-66.21211588382721,18.417389127801584],[-66.21286690235138,18.417384038148057],[-66.21402025222778,18.41714482426272],[-66.21431529521942,18.41714482426272],[-66.21520042419434,18.417119375957483],[-66.21526565657862,18.417111554528113]]]},"properties":{"shelterId":"shelter-8","kind":"road","radiusM":500,"roadId":"14/5178/7339/37","roadClass":"tertiary","source":"OpenFreeMap / OpenStreetMap","exposureHigh":false,"exposureModerate":false}},{"type":"Feature","geometry":{"type":"MultiLineString","coordinates":[[[-66.20709478855133,18.41531762637993],[-66.20589839701312,18.41581115726131]]]},"properties":{"shelterId":"shelter-8","kind":"road","radiusM":500,"roadId":"14/5178/7339/46","roadClass":"motorway","source":"OpenFreeMap / OpenStreetMap","exposureHigh":false,"exposureModerate":false}},{"type":"Feature","geometry":{"type":"MultiLineString","coordinates":[[[-66.21324089211656,18.412981791873534],[-66.21277034282684,18.41309340667452],[-66.2117725610733,18.41340388300496],[-66.20779752731323,18.41502751239645]]]},"properties":{"shelterId":"shelter-8","kind":"road","radiusM":500,"roadId":"14/5178/7339/47","roadClass":"motorway","source":"OpenFreeMap / OpenStreetMap","exposureHigh":false,"exposureModerate":false}},{"type":"Feature","geometry":{"type":"MultiLineString","coordinates":[[[-66.20585270898671,18.416070419545996],[-66.20755612850189,18.41536852351959]]]},"properties":{"shelterId":"shelter-8","kind":"road","radiusM":500,"roadId":"14/5178/7339/50","roadClass":"motorway","source":"OpenFreeMap / OpenStreetMap","exposureHigh":false,"exposureModerate":false}},{"type":"Feature","geometry":{"type":"MultiLineString","coordinates":[[[-66.20789408683777,18.415231101207965],[-66.21119856834412,18.4138568720561],[-66.21181547641754,18.41363292256186],[-66.21230900287628,18.41346496024994],[-66.21280789375305,18.413317356870806],[-66.21348887660199,18.413155827211927]]]},"properties":{"shelterId":"shelter-8","kind":"road","radiusM":500,"roadId":"14/5178/7339/51","roadClass":"motorway","source":"OpenFreeMap / OpenStreetMap","exposureHigh":false,"exposureModerate":false}},{"type":"Feature","geometry":{"type":"MultiLineString","coordinates":[[[-66.21336641959483,18.41306692476674],[-66.21319949626923,18.41310358623521],[-66.21267378330231,18.413241010245713],[-66.2122392654419,18.41337334437435],[-66.21179401874542,18.413520947705464],[-66.21138095855713,18.41367364067341],[-66.21049582958221,18.414029923738426],[-66.20946049690247,18.41446255218291],[-66.20783507823944,18.41511912739145]]]},"properties":{"shelterId":"shelter-8","kind":"road","radiusM":500,"roadId":"14/5178/7339/52","roadClass":"motorway","source":"OpenFreeMap / OpenStreetMap","exposureHigh":false,"exposureModerate":false}},{"type":"Feature","geometry":{"type":"MultiLineString","coordinates":[[[-66.20750784873962,18.415256549792474],[-66.20587484847238,18.41593317321085]]]},"properties":{"shelterId":"shelter-8","kind":"road","radiusM":500,"roadId":"14/5178/7339/53","roadClass":"motorway","source":"OpenFreeMap / OpenStreetMap","exposureHigh":false,"exposureModerate":false}},{"type":"Feature","geometry":{"type":"MultiLineString","coordinates":[[[-66.20746493339539,18.4151700245898],[-66.20709478855133,18.41531762637993]]]},"properties":{"shelterId":"shelter-8","kind":"road","radiusM":500,"roadId":"14/5178/7339/54","roadClass":"motorway","source":"OpenFreeMap / OpenStreetMap","exposureHigh":false,"exposureModerate":false}},{"type":"Feature","geometry":{"type":"MultiLineString","coordinates":[[[-66.20755612850189,18.41536852351959],[-66.20789408683777,18.415231101207965]]]},"properties":{"shelterId":"shelter-8","kind":"road","radiusM":500,"roadId":"14/5178/7339/55","roadClass":"motorway","source":"OpenFreeMap / OpenStreetMap","exposureHigh":false,"exposureModerate":false}},{"type":"Feature","geometry":{"type":"MultiLineString","coordinates":[[[-66.20779752731323,18.41502751239645],[-66.20746493339539,18.4151700245898]]]},"properties":{"shelterId":"shelter-8","kind":"road","radiusM":500,"roadId":"14/5178/7339/56","roadClass":"motorway","source":"OpenFreeMap / OpenStreetMap","exposureHigh":false,"exposureModerate":false}},{"type":"Feature","geometry":{"type":"MultiLineString","coordinates":[[[-66.20783507823944,18.41511912739145],[-66.20750784873962,18.415256549792474]]]},"properties":{"shelterId":"shelter-8","kind":"road","radiusM":500,"roadId":"14/5178/7339/57","roadClass":"motorway","source":"OpenFreeMap / OpenStreetMap","exposureHigh":false,"exposureModerate":false}},{"type":"Feature","geometry":{"type":"Polygon","coordinates":[[[-66.22444170206792,18.444209444],[-66.22445185096431,18.44450353582984],[-66.22448225419438,18.444796368313312],[-66.22453278156682,18.445086687496772],[-66.22460321671568,18.4453732501889],[-66.2246932580268,18.44565482928426],[-66.22480251992948,18.445930219017928],[-66.22493053454751,18.446198240128794],[-66.2250767537026,18.44645774490931],[-66.22524055126189,18.44670762212017],[-66.2254212258191,18.446946801748787],[-66.22561800369803,18.44717425959128],[-66.2258300422656,18.44738902163824],[-66.2260564335401,18.447590168245622],[-66.22629620807932,18.447776838072762],[-66.22654833913191,18.44794823177081],[-66.22681174703396,18.44810361540563],[-66.22708530383242,18.44824232360065],[-66.22736783811507,18.448363762386077],[-66.22765814002675,18.448467411742396],[-66.22795496645008,18.448552827827143],[-66.22825704632876,18.44861964487554],[-66.22856308611038,18.448667576766717],[-66.22887177528561,18.44869641824896],[-66.229181792,18.44870604581862],[-66.2294918087144,18.44869641824896],[-66.22980049788963,18.448667576766717],[-66.23010653767125,18.44861964487554],[-66.23040861754993,18.448552827827143],[-66.23070544397326,18.448467411742396],[-66.23099574588494,18.448363762386077],[-66.23127828016759,18.44824232360065],[-66.23155183696605,18.44810361540563],[-66.2318152448681,18.44794823177081],[-66.23206737592069,18.447776838072762],[-66.23230715045992,18.447590168245622],[-66.23253354173441,18.44738902163824],[-66.23274558030198,18.44717425959128],[-66.2329423581809,18.446946801748787],[-66.23312303273812,18.44670762212017],[-66.23328683029742,18.44645774490931],[-66.2334330494525,18.446198240128794],[-66.23356106407053,18.445930219017928],[-66.23367032597321,18.44565482928426],[-66.23376036728433,18.4453732501889],[-66.23383080243319,18.445086687496772],[-66.23388132980563,18.444796368313312],[-66.2339117330357,18.44450353582984],[-66.23392188193209,18.444209444],[-66.2339117330357,18.44391535217016],[-66.23388132980563,18.443622519686684],[-66.23383080243319,18.443332200503225],[-66.23376036728433,18.443045637811096],[-66.23367032597321,18.44276405871574],[-66.23356106407053,18.44248866898207],[-66.2334330494525,18.442220647871203],[-66.23328683029742,18.441961143090687],[-66.23312303273812,18.441711265879828],[-66.2329423581809,18.44147208625121],[-66.23274558030198,18.441244628408718],[-66.23253354173441,18.441029866361756],[-66.23230715045992,18.440828719754375],[-66.23206737592069,18.440642049927234],[-66.2318152448681,18.440470656229188],[-66.23155183696605,18.44031527259437],[-66.23127828016759,18.440176564399348],[-66.23099574588494,18.44005512561392],[-66.23070544397326,18.4399514762576],[-66.23040861754993,18.439866060172854],[-66.23010653767125,18.439799243124458],[-66.22980049788963,18.43975131123328],[-66.2294918087144,18.439722469751036],[-66.229181792,18.439712842181375],[-66.22887177528561,18.439722469751036],[-66.22856308611038,18.43975131123328],[-66.22825704632876,18.439799243124458],[-66.22795496645008,18.439866060172854],[-66.22765814002675,18.4399514762576],[-66.22736783811507,18.44005512561392],[-66.22708530383242,18.440176564399348],[-66.22681174703396,18.44031527259437],[-66.22654833913191,18.440470656229188],[-66.22629620807932,18.440642049927234],[-66.2260564335401,18.440828719754375],[-66.2258300422656,18.441029866361756],[-66.22561800369803,18.441244628408718],[-66.2254212258191,18.44147208625121],[-66.22524055126189,18.441711265879828],[-66.2250767537026,18.441961143090687],[-66.22493053454751,18.442220647871203],[-66.22480251992948,18.44248866898207],[-66.2246932580268,18.44276405871574],[-66.22460321671568,18.443045637811096],[-66.22453278156682,18.443332200503225],[-66.22448225419438,18.443622519686684],[-66.22445185096431,18.44391535217016],[-66.22444170206792,18.444209444]]]},"properties":{"shelterId":"shelter-9","kind":"radius","radiusM":500}},{"type":"Feature","geometry":{"type":"MultiLineString","coordinates":[[[-66.22613847255707,18.442911845865908],[-66.22651934623718,18.4429983571097]],[[-66.23003304004669,18.44385328941189],[-66.22959315776825,18.44460135168633]],[[-66.22874557971954,18.44504916972052],[-66.22833251953125,18.444983014857144]],[[-66.22842907905579,18.444535196650506],[-66.22887432575226,18.444616618229446],[-66.22879385948181,18.444952481834676],[-66.22874557971954,18.44504916972052],[-66.22869193553925,18.445242545328952],[-66.22829496860504,18.44517639054004]]]},"properties":{"shelterId":"shelter-9","kind":"road","radiusM":500,"roadId":"14/5177/7337/1","roadClass":"service","source":"OpenFreeMap / OpenStreetMap","exposureHigh":true,"exposureModerate":true}},{"type":"Feature","geometry":{"type":"MultiLineString","coordinates":[[[-66.22901380062103,18.442871134677276],[-66.22917473316193,18.442550533729744]],[[-66.22640132904053,18.443542868056],[-66.22655689716339,18.44319173502656]]]},"properties":{"shelterId":"shelter-9","kind":"road","radiusM":500,"roadId":"14/5177/7337/2","roadClass":"service","source":"OpenFreeMap / OpenStreetMap","exposureHigh":true,"exposureModerate":true}},{"type":"Feature","geometry":{"type":"MultiLineString","coordinates":[[[-66.2325006723404,18.444850705053952],[-66.23294591903687,18.44353269029712]],[[-66.232790350914,18.444967748346585],[-66.23331069946289,18.443542868056],[-66.2334930896759,18.442972912630765]],[[-66.23187839984894,18.44460135168633],[-66.23205542564392,18.444138265900534],[-66.23228073120117,18.4434360015578],[-66.23237192630768,18.443023801584886],[-66.2324470281601,18.442270643524537],[-66.23250603675842,18.441883885399733],[-66.23260796070099,18.441400436519473]],[[-66.2315833568573,18.443975422250617],[-66.23181939125061,18.44329351279012]],[[-66.23331069946289,18.443542868056],[-66.23366475105286,18.443654823363772],[-66.23389357348925,18.44371874548554]],[[-66.23392146571226,18.44426903188755],[-66.23348236083984,18.444158621345906]],[[-66.23388818946708,18.444744623436677],[-66.23333215713501,18.44455046319949]],[[-66.23159945011139,18.440952608974683],[-66.23091280460358,18.44267266749459]],[[-66.2329888343811,18.441619260918003],[-66.23309679146172,18.441674406344124]],[[-66.23381419138146,18.44325639742256],[-66.23348236083984,18.444158621345906],[-66.23311221599579,18.445105146892715]],[[-66.23346090316772,18.44246911117162],[-66.2335742693514,18.44251922868102]],[[-66.23332679271698,18.442489466814777],[-66.2324470281601,18.442270643524537]],[[-66.23326241970062,18.442937290353896],[-66.23240411281586,18.442698112018007]],[[-66.23237192630768,18.443023801584886],[-66.23275816440582,18.44317646835684],[-66.2328976392746,18.44328842390337]],[[-66.23240947723389,18.44262177843646],[-66.23171210289001,18.442413133140533],[-66.23110592365265,18.44219939867223],[-66.23054265975952,18.4420212864122]],[[-66.23027443885803,18.442743912150647],[-66.23142778873444,18.44317137946662],[-66.23181939125061,18.44329351279012],[-66.23228073120117,18.4434360015578]],[[-66.22955024242401,18.44283042347901],[-66.22941076755524,18.443120490556197],[-66.22901380062103,18.442871134677276],[-66.2285041809082,18.442530178093833]],[[-66.22917473316193,18.441451325939354],[-66.22783899307251,18.441105277586985],[-66.22768878936768,18.441120544440764]],[[-66.2308806180954,18.44113072234252],[-66.23042464256287,18.440988231663027]],[[-66.22758150100708,18.44047424644441],[-66.22730791568756,18.440392822902382],[-66.2269335996252,18.440250784363243]],[[-66.22711479663849,18.44094752001861],[-66.22730791568756,18.440392822902382],[-66.22744285605425,18.440026357480942]],[[-66.2275493144989,18.44199075286336],[-66.22750639915466,18.441873707542598],[-66.22741520404816,18.441802462525686],[-66.22607409954071,18.441420792289236],[-66.22554631166264,18.44132402126598]],[[-66.22631013393402,18.4423418883473],[-66.22607409954071,18.441420792289236],[-66.22593546453675,18.440932910413654]],[[-66.22596144676208,18.44333931276404],[-66.22636377811432,18.4423673329197]],[[-66.22707724571228,18.444916859968288],[-66.2263423204422,18.444840527372563],[-66.2252426147461,18.444657329004457]],[[-66.227747797966,18.443858378281902],[-66.22789263725281,18.443848200541737],[-66.22842907905579,18.4436192012283],[-66.22865438461304,18.44353269029712]],[[-66.22831642627716,18.44317646835684],[-66.22806966304779,18.443400379376968],[-66.22788190841675,18.44354795693522],[-66.22774243354797,18.443776956343598],[-66.22773706912994,18.44380748957498],[-66.22776925563812,18.44393471131403],[-66.22781753540039,18.444021222042764],[-66.22786045074463,18.444072110686378],[-66.22786581516266,18.444173887928372]],[[-66.22856318950653,18.443283335016474],[-66.22865438461304,18.44307977941702],[-66.2285041809082,18.442530178093833],[-66.2282520532608,18.44170577281264],[-66.22817695140839,18.441527660040904],[-66.22809648513794,18.441441148056583],[-66.22768878936768,18.441120544440764],[-66.22711479663849,18.44094752001861],[-66.22616109596572,18.440744163505677]],[[-66.22850954532623,18.444173887928372],[-66.2279087305069,18.444036488637437],[-66.22786045074463,18.444072110686378]],[[-66.22941613197327,18.44359884571901],[-66.22955560684204,18.443380023841726],[-66.22959315776825,18.44330369056314]],[[-66.22917473316193,18.443502157016894],[-66.22887969017029,18.443939800181624],[-66.22881531715393,18.444133177038793]],[[-66.22985064983368,18.44378204521587],[-66.2299793958664,18.443507245897322],[-66.23007595539093,18.443262979467377],[-66.2308806180954,18.44113072234252],[-66.23102009296417,18.4407286947646]],[[-66.23007595539093,18.443262979467377],[-66.23123466968536,18.443710800990303]],[[-66.23100399971008,18.444245131961893],[-66.23123466968536,18.443710800990303],[-66.2321788072586,18.441176522892974],[-66.23102009296417,18.4407286947646],[-66.23051583766937,18.44055058098003]],[[-66.22971653938293,18.44760374572708],[-66.2295663356781,18.448168597045665],[-66.22949123382568,18.44836196914231]],[[-66.22935712337494,18.44746126041639],[-66.22948586940765,18.44721191083825]],[[-66.22897624969482,18.447323863754846],[-66.22910499572754,18.44697782723142]],[[-66.22855246067047,18.4472068220676],[-66.22871339321136,18.44680989749088]],[[-66.22761905193329,18.448153330818243],[-66.22685194015503,18.448071910915687],[-66.22671555324519,18.44804948536079]],[[-66.22777998447418,18.447405284011992],[-66.22830033302307,18.4475579468901],[-66.22921228408813,18.44787344974155],[-66.22948586940765,18.447959958486678],[-66.22967898845673,18.448041378442298],[-66.23087783853993,18.448408347482797]],[[-66.23011449817243,18.448618136047987],[-66.22994184494019,18.448534986096888],[-66.22949123382568,18.44836196914231],[-66.22921764850616,18.4482958155548],[-66.22859537601471,18.448107532127807],[-66.22832715511322,18.44799557972202],[-66.22806966304779,18.447909070994825],[-66.22789263725281,18.447883627243243],[-66.22768878936768,18.447832739728767]],[[-66.22775316238403,18.44751723680254],[-66.22575759887695,18.447171200668677],[-66.22559107272593,18.44714487243893]],[[-66.22813940048218,18.447094869074718],[-66.22834324836731,18.446611434858553]],[[-66.22786581516266,18.447023626223086],[-66.22911036014557,18.447359485122092],[-66.22962534427643,18.447573213170443],[-66.22982382774353,18.447639367036274],[-66.23016715049744,18.447807295965873],[-66.2303227186203,18.44792433724396],[-66.23047828674316,18.448010845963452],[-66.23049437999725,18.44806682217049],[-66.23047828674316,18.448138064589443],[-66.2304139137268,18.448265283121202]],[[-66.22744739055634,18.44624504170416],[-66.22753858566284,18.44581249322431],[-66.22755467891693,18.44568527287589],[-66.22767269611359,18.445105146892715],[-66.22778534889221,18.444652240158106]],[[-66.22685194015503,18.446133088084437],[-66.22693240642548,18.445817582036284],[-66.22707724571228,18.444916859968288],[-66.22716307640076,18.444433419622555],[-66.227205991745,18.444107732727915],[-66.2272596359253,18.44380748957498]],[[-66.22755488137177,18.448432894044686],[-66.22761905193329,18.448153330818243],[-66.22777998447418,18.447405284011992],[-66.2278014421463,18.447242443459118],[-66.22786581516266,18.447023626223086],[-66.22827351093292,18.445257811815083],[-66.22865438461304,18.44353269029712],[-66.2287187576294,18.44332913499312]],[[-66.23084843158722,18.448397590294263],[-66.23093962669373,18.448158419560855]],[[-66.2252426147461,18.445863381337304],[-66.2266856431961,18.446102555266393],[-66.22802138328552,18.44634172886248]],[[-66.2252426147461,18.445278167127796],[-66.22598826885223,18.44543592071969]],[[-66.2252426147461,18.4436192012283],[-66.22565567493439,18.4438431116714],[-66.22683048248291,18.444336731390152],[-66.22716307640076,18.444433419622555]],[[-66.2252426147461,18.443008534900244],[-66.22640132904053,18.443542868056],[-66.22673392295837,18.44368026774174],[-66.2272596359253,18.44380748957498],[-66.22774243354797,18.443776956343598]]]},"properties":{"shelterId":"shelter-9","kind":"road","radiusM":500,"roadId":"14/5177/7337/3","roadClass":"minor","source":"OpenFreeMap / OpenStreetMap","exposureHigh":true,"exposureModerate":true}},{"type":"Feature","geometry":{"type":"MultiLineString","coordinates":[[[-66.23299419879913,18.44200093071359],[-66.23250603675842,18.441883885399733]]]},"properties":{"shelterId":"shelter-9","kind":"road","radiusM":500,"roadId":"14/5177/7337/4","roadClass":"minor","source":"OpenFreeMap / OpenStreetMap","exposureHigh":true,"exposureModerate":false}},{"type":"Feature","geometry":{"type":"MultiLineString","coordinates":[[[-66.23375803357713,18.445381481102174],[-66.232790350914,18.444967748346585],[-66.22917473316193,18.443502157016894],[-66.2287187576294,18.44332913499312],[-66.22856318950653,18.443283335016474],[-66.22631013393402,18.4423418883473],[-66.2252426147461,18.441883885399733]]]},"properties":{"shelterId":"shelter-9","kind":"road","radiusM":500,"roadId":"14/5177/7337/5","roadClass":"tertiary","source":"OpenFreeMap / OpenStreetMap","exposureHigh":true,"exposureModerate":true}},{"type":"Feature","geometry":{"type":"MultiLineString","coordinates":[[[-66.22496456104538,18.442156490080837],[-66.22506022453308,18.442168865155054],[-66.22517824172974,18.44185844075575]]]},"properties":{"shelterId":"shelter-9","kind":"road","radiusM":500,"roadId":"14/5178/7337/1","roadClass":"service","source":"OpenFreeMap / OpenStreetMap","exposureHigh":false,"exposureModerate":true}},{"type":"Feature","geometry":{"type":"MultiLineString","coordinates":[[[-66.2259292602539,18.447201733296765],[-66.2255955674764,18.44714981297437]],[[-66.22444263799035,18.44429879607169],[-66.22462034225464,18.444031399772697],[-66.22491002082825,18.443430912675268],[-66.22514605522156,18.44296273483812]],[[-66.22454849813239,18.445158569572147],[-66.22504949569702,18.445232367670755],[-66.2259292602539,18.44542574307296]],[[-66.2259292602539,18.44477437242884],[-66.22445331570785,18.44452401895212]],[[-66.22444868087769,18.444290931682133],[-66.22444243183635,18.444288344900624]],[[-66.22491002082825,18.443430912675268],[-66.22565567493439,18.4438431116714],[-66.2259292602539,18.44396015565053]],[[-66.2259292602539,18.441395347576673],[-66.22554612286228,18.441324235347054]],[[-66.22467865593278,18.442805526671467],[-66.22482419013977,18.442840601279485],[-66.22514605522156,18.44296273483812],[-66.2259292602539,18.443324046107435]],[[-66.22474055274297,18.445780811441484],[-66.2259292602539,18.445980423939957]]]},"properties":{"shelterId":"shelter-9","kind":"road","radiusM":500,"roadId":"14/5178/7337/7","roadClass":"minor","source":"OpenFreeMap / OpenStreetMap","exposureHigh":true,"exposureModerate":true}},{"type":"Feature","geometry":{"type":"MultiLineString","coordinates":[[[-66.2259292602539,18.44217904299471],[-66.22515064006849,18.441843891877646]]]},"properties":{"shelterId":"shelter-9","kind":"road","radiusM":500,"roadId":"14/5178/7337/9","roadClass":"tertiary","source":"OpenFreeMap / OpenStreetMap","exposureHigh":false,"exposureModerate":true}},{"type":"Feature","geometry":{"type":"Polygon","coordinates":[[[-66.19542912377753,18.400159],[-66.19543927007528,18.40045309182984],[-66.19546966552055,18.400745924313313],[-66.19552017995535,18.401036243496772],[-66.19559059706913,18.4013228061889],[-66.195680615325,18.40160438528426],[-66.19578984925096,18.401879775017928],[-66.19591783109057,18.402147796128794],[-66.19606401280595,18.40240730090931],[-66.19622776842456,18.40265717812017],[-66.19640839671968,18.402896357748787],[-66.19660512421324,18.40312381559128],[-66.19681710848789,18.40333857763824],[-66.19704344179443,18.403539724245622],[-66.19728315493892,18.403726394072763],[-66.19753522143283,18.40389778777081],[-66.19779856188877,18.40405317140563],[-66.19807204864246,18.40419187960065],[-66.19835451058164,18.404313318386077],[-66.19864473816092,18.404416967742396],[-66.19894148858124,18.404502383827143],[-66.19924349111177,18.40456920087554],[-66.19954945253129,18.404617132766717],[-66.19985806266602,18.40464597424896],[-66.200168,18.40465560181862],[-66.20047793733399,18.40464597424896],[-66.20078654746872,18.404617132766717],[-66.20109250888824,18.40456920087554],[-66.20139451141877,18.404502383827143],[-66.20169126183909,18.404416967742396],[-66.20198148941837,18.404313318386077],[-66.20226395135755,18.40419187960065],[-66.20253743811124,18.40405317140563],[-66.20280077856718,18.40389778777081],[-66.2030528450611,18.403726394072763],[-66.20329255820558,18.403539724245622],[-66.20351889151212,18.40333857763824],[-66.20373087578677,18.40312381559128],[-66.20392760328033,18.402896357748787],[-66.20410823157545,18.40265717812017],[-66.20427198719406,18.40240730090931],[-66.20441816890944,18.402147796128794],[-66.20454615074905,18.401879775017928],[-66.20465538467501,18.40160438528426],[-66.20474540293088,18.4013228061889],[-66.20481582004466,18.401036243496772],[-66.20486633447946,18.400745924313313],[-66.20489672992473,18.40045309182984],[-66.20490687622248,18.400159],[-66.20489672992473,18.39986490817016],[-66.20486633447946,18.399572075686685],[-66.20481582004466,18.399281756503225],[-66.20474540293088,18.398995193811096],[-66.20465538467501,18.39871361471574],[-66.20454615074905,18.39843822498207],[-66.20441816890944,18.398170203871203],[-66.20427198719406,18.397910699090687],[-66.20410823157545,18.39766082187983],[-66.20392760328033,18.39742164225121],[-66.20373087578677,18.39719418440872],[-66.20351889151212,18.396979422361756],[-66.20329255820558,18.396778275754375],[-66.2030528450611,18.396591605927235],[-66.20280077856718,18.396420212229188],[-66.20253743811124,18.39626482859437],[-66.20226395135755,18.396126120399348],[-66.20198148941837,18.39600468161392],[-66.20169126183909,18.3959010322576],[-66.20139451141877,18.395815616172854],[-66.20109250888824,18.39574879912446],[-66.20078654746872,18.39570086723328],[-66.20047793733399,18.395672025751036],[-66.200168,18.395662398181376],[-66.19985806266602,18.395672025751036],[-66.19954945253129,18.39570086723328],[-66.19924349111177,18.39574879912446],[-66.19894148858124,18.395815616172854],[-66.19864473816092,18.3959010322576],[-66.19835451058164,18.39600468161392],[-66.19807204864246,18.396126120399348],[-66.19779856188877,18.39626482859437],[-66.19753522143283,18.396420212229188],[-66.19728315493892,18.396591605927235],[-66.19704344179443,18.396778275754375],[-66.19681710848789,18.396979422361756],[-66.19660512421324,18.39719418440872],[-66.19640839671968,18.39742164225121],[-66.19622776842456,18.39766082187983],[-66.19606401280595,18.397910699090687],[-66.19591783109057,18.398170203871203],[-66.19578984925096,18.39843822498207],[-66.195680615325,18.39871361471574],[-66.19559059706913,18.398995193811096],[-66.19552017995535,18.399281756503225],[-66.19546966552055,18.399572075686685],[-66.19543927007528,18.39986490817016],[-66.19542912377753,18.400159]]]},"properties":{"shelterId":"shelter-10","kind":"radius","radiusM":500}},{"type":"Feature","geometry":{"type":"MultiLineString","coordinates":[[[-66.20386816928658,18.39734967329985],[-66.2038654088974,18.397405988461486]],[[-66.20364010334015,18.399925640932665],[-66.20401561260223,18.399895099911262]],[[-66.20468135372586,18.398788347978844],[-66.2044233083725,18.398673454614553]],[[-66.20473356711804,18.398954061299506],[-66.20466470718384,18.398938145164124],[-66.20460033416748,18.399004317737948]],[[-66.2047995640687,18.3992074896404],[-66.20455205440521,18.39921301568893],[-66.20436429977417,18.399162113772974]],[[-66.2049036144356,18.40032580720045],[-66.20465397834778,18.400343034349078],[-66.203972697258,18.400465198084476],[-66.20361328125,18.40048046854531]],[[-66.20471451379782,18.401427146019962],[-66.20440185070038,18.401564667803797],[-66.20412826538086,18.401671560318817]],[[-66.20465397834778,18.400343034349078],[-66.20465934276581,18.40060263218325],[-66.20468080043793,18.400714615441885],[-66.20461642742157,18.400821508484484],[-66.20449841022491,18.400902950758123]],[[-66.20423555374146,18.400989483131667],[-66.20389759540558,18.401182908280035]],[[-66.20407998561859,18.401081105597456],[-66.20398342609406,18.400857139483946],[-66.203972697258,18.400465198084476]],[[-66.20454649969136,18.401878975447715],[-66.20440185070038,18.401564667803797]],[[-66.20488452740938,18.399722809367418],[-66.20483100414276,18.39973221437232],[-66.20469689369202,18.399859468712776]],[[-66.2032699584961,18.40157993816716],[-66.2037581205368,18.401259260252488]],[[-66.2032699584961,18.399849288369012],[-66.20328605175018,18.399355540973545]],[[-66.2032699584961,18.399701673316628],[-66.20327532291412,18.399701673316628]],[[-66.2035596370697,18.399070490286377],[-66.2032699584961,18.399050129504943]],[[-66.2032699584961,18.39848511686047],[-66.20331287384033,18.39845966579682],[-66.20333433151245,18.398408763658253],[-66.20339334011078,18.39725328106657]],[[-66.20360791683197,18.397314364040795],[-66.20339334011078,18.39725328106657],[-66.2032699584961,18.397207468821705]]]},"properties":{"shelterId":"shelter-10","kind":"road","radiusM":500,"roadId":"14/5178/7339/26","roadClass":"minor","source":"OpenFreeMap / OpenStreetMap","exposureHigh":false,"exposureModerate":false}},{"type":"Feature","geometry":{"type":"MultiLineString","coordinates":[[[-66.2032699584961,18.402445256544667],[-66.20373666286469,18.40213985055496],[-66.20388686656952,18.401987147357005],[-66.20396196842194,18.401814083568965],[-66.20396733283997,18.401635929487853],[-66.2037581205368,18.401259260252488],[-66.20361328125,18.40092840146073],[-66.20361328125,18.40048046854531],[-66.2037205696106,18.39731945428767],[-66.20373364232763,18.397197180439605]]]},"properties":{"shelterId":"shelter-10","kind":"road","radiusM":500,"roadId":"14/5178/7339/37","roadClass":"tertiary","source":"OpenFreeMap / OpenStreetMap","exposureHigh":false,"exposureModerate":false}},{"type":"Feature","geometry":{"type":"MultiLineString","coordinates":[[[-66.19744420051575,18.401819173682853],[-66.19746029376984,18.40201768800742],[-66.19743883609772,18.402078769292032],[-66.19712769985199,18.40224674271296],[-66.19706332683563,18.402267103116486]]]},"properties":{"shelterId":"shelter-10","kind":"road","radiusM":500,"roadId":"14/5179/7339/1","roadClass":"service","source":"OpenFreeMap / OpenStreetMap","exposureHigh":false,"exposureModerate":false}},{"type":"Feature","geometry":{"type":"MultiLineString","coordinates":[[[-66.19958460330963,18.398510567920354],[-66.19967579841614,18.39798118510042]]]},"properties":{"shelterId":"shelter-10","kind":"road","radiusM":500,"roadId":"14/5179/7339/2","roadClass":"service","source":"OpenFreeMap / OpenStreetMap","exposureHigh":false,"exposureModerate":false}},{"type":"Feature","geometry":{"type":"MultiLineString","coordinates":[[[-66.19923055171967,18.397232920070365],[-66.19930565357208,18.397054761250814]]]},"properties":{"shelterId":"shelter-10","kind":"road","radiusM":500,"roadId":"14/5179/7339/6","roadClass":"service","source":"OpenFreeMap / OpenStreetMap","exposureHigh":false,"exposureModerate":false}},{"type":"Feature","geometry":{"type":"MultiLineString","coordinates":[[[-66.19964897632599,18.399650771545083],[-66.19974553585052,18.399330090038504],[-66.19970798492432,18.398943235363006]]]},"properties":{"shelterId":"shelter-10","kind":"road","radiusM":500,"roadId":"14/5179/7339/7","roadClass":"service","source":"OpenFreeMap / OpenStreetMap","exposureHigh":false,"exposureModerate":false}},{"type":"Feature","geometry":{"type":"MultiLineString","coordinates":[[[-66.20100617408752,18.40408425943643],[-66.20056092739105,18.40411988976082]],[[-66.20147796770546,18.40448038743872],[-66.20136559009552,18.403315660643912],[-66.20116710662842,18.40151885670565]],[[-66.2008398771286,18.40409443952987],[-66.2007486820221,18.403254579798016],[-66.20068967342377,18.402689580946472],[-66.20061993598938,18.401931156150496]],[[-66.19951486587524,18.403162958488565],[-66.1996328830719,18.401513766582866]],[[-66.19861364364624,18.403122237890926],[-66.19875311851501,18.40343273220462],[-66.19879066944122,18.40369232538147],[-66.19883894920349,18.403722865729492],[-66.19889795780182,18.403524353370543],[-66.19875311851501,18.40343273220462]],[[-66.19850099086761,18.402206021898706],[-66.19854390621185,18.401722461493137]],[[-66.1984795331955,18.401717371376364],[-66.1986243724823,18.401732641726184]],[[-66.20068967342377,18.402689580946472],[-66.19790017604828,18.40250633767762]],[[-66.20063602924347,18.40212967034597],[-66.19852244853973,18.40199223746579]],[[-66.20122611522675,18.402048228652433],[-66.2015050649643,18.402007507791225],[-66.20171427726746,18.401920975929173],[-66.20216488838196,18.401630839368536],[-66.20267987251282,18.401320341806084],[-66.20320558547974,18.40097930285468],[-66.20323240756989,18.40092840146073],[-66.20328605175018,18.399355540973545]],[[-66.20128512382507,18.402592869245552],[-66.20161235332489,18.40254705842088],[-66.20188057422638,18.40246052682994],[-66.202352643013,18.40217548128166],[-66.2037581205368,18.401259260252488]],[[-66.20221853256226,18.403203679076555],[-66.20216488838196,18.402745571906408]],[[-66.20233654975891,18.403193498930463],[-66.20136559009552,18.403315660643912],[-66.2007486820221,18.403254579798016],[-66.19951486587524,18.403162958488565],[-66.19861364364624,18.403122237890926],[-66.19846880435944,18.40316804856259],[-66.1977231502533,18.403605794366]],[[-66.20250821113586,18.402384175390054],[-66.202352643013,18.40217548128166]],[[-66.2039566040039,18.401152367481586],[-66.20389759540558,18.401182908280035]],[[-66.2039566040039,18.400465198084476],[-66.20361328125,18.40048046854531]],[[-66.20324850082397,18.400388845760006],[-66.20309829711914,18.400388845760006],[-66.2030553817749,18.400404116227605],[-66.2015962600708,18.401355972702333],[-66.20141386985779,18.40144759497315],[-66.20116710662842,18.40151885670565],[-66.20066821575165,18.40157993816716],[-66.1996328830719,18.401513766582866],[-66.19872629642487,18.40147304559528],[-66.19862973690033,18.401437414723247],[-66.19854927062988,18.401371243084185],[-66.19849562644958,18.40128471090246],[-66.19836688041687,18.400892770476034],[-66.198211312294,18.40034812450645],[-66.19810402393341,18.399828927679636],[-66.19810938835144,18.399788206293707],[-66.1981201171875,18.399772935771495],[-66.19815766811371,18.39975257507311],[-66.19938611984253,18.399487885775088],[-66.19937002658844,18.399401352647118]],[[-66.20267987251282,18.401320341806084],[-66.20299100875854,18.401763182421732]],[[-66.20176792144775,18.401243989860703],[-66.20160162448883,18.40102511409637],[-66.20144069194794,18.400790967621944],[-66.20110809803009,18.400332854033877],[-66.20095789432526,18.400093616453574],[-66.20092034339905,18.399884919569587],[-66.2009471654892,18.398861792162734],[-66.20099008083344,18.398312049553525]],[[-66.20108664035797,18.40102002395902],[-66.20144069194794,18.400790967621944],[-66.20307147502899,18.39973221437232],[-66.20314657688141,18.399701673316628],[-66.20327532291412,18.399701673316628]],[[-66.20221853256226,18.39961514029605],[-66.20213270187378,18.399487885775088],[-66.20212197303772,18.39941662320227],[-66.20222389698029,18.39709039302946],[-66.20229363441467,18.39683078990197]],[[-66.20157480239868,18.400032534464927],[-66.20151579380035,18.399935821271924],[-66.20149433612823,18.399869649055958],[-66.20155870914459,18.398439304943196],[-66.20159089565277,18.397864109834003]],[[-66.20364010334015,18.399925640932665],[-66.2039566040039,18.39990019008188]],[[-66.2035596370697,18.399070490286377],[-66.20320558547974,18.399045039309215],[-66.2031090259552,18.399060309895958],[-66.20302319526672,18.399101031453995],[-66.20221853256226,18.39961514029605],[-66.20110809803009,18.400332854033877],[-66.200732588768,18.400592451883384],[-66.20070040225983,18.400607722332936],[-66.20066285133362,18.40061281248248],[-66.20059311389923,18.400587361733244],[-66.20046973228455,18.400414296538585],[-66.20039999485016,18.400251411490657],[-66.20035707950592,18.400093616453574],[-66.20033025741577,18.399890009740517],[-66.20036244392395,18.39885670196142],[-66.20038390159607,18.39880070973723],[-66.20042681694031,18.39876507831235],[-66.20045900344849,18.398759988108196],[-66.2009471654892,18.398861792162734]],[[-66.20277106761932,18.39858183086801],[-66.20273888111115,18.398474936435463],[-66.2028032541275,18.39716674681604],[-66.20285153388977,18.397034400231135]],[[-66.20360791683197,18.397314364040795],[-66.20339334011078,18.39725328106657],[-66.20285153388977,18.397034400231135],[-66.20229363441467,18.39683078990197],[-66.20182156562805,18.39664245013323],[-66.20169818401337,18.39662208906482]],[[-66.20386816928658,18.39734967329985],[-66.2038654088974,18.397405988461486]],[[-66.2022078037262,18.397339815273654],[-66.20211660861969,18.39733472502739],[-66.20205760002136,18.39731945428767],[-66.20169818401337,18.397202378571535]],[[-66.20164453983307,18.396291221365814],[-66.20071113109589,18.395945082169803]],[[-66.20218098163605,18.397960824190235],[-66.20197713375092,18.397935373049137],[-66.20159089565277,18.397864109834003],[-66.20039999485016,18.39760959811082]],[[-66.20155870914459,18.398439304943196],[-66.20037853717804,18.39817970384854]],[[-66.20214879512787,18.398770168516364],[-66.2022989988327,18.39876507831235],[-66.20243847370148,18.398744717494836],[-66.20253503322601,18.398709086058375],[-66.20277106761932,18.39858183086801],[-66.20295882225037,18.39852074834326],[-66.20309829711914,18.39849020707274],[-66.20326459407806,18.39849020707274],[-66.20331287384033,18.39845966579682],[-66.20333433151245,18.398408763658253],[-66.20339334011078,18.39725328106657]],[[-66.19991183280945,18.398515658131885],[-66.19989573955536,18.398861792162734],[-66.19985818862915,18.398917784367057],[-66.19982600212097,18.398933054965084],[-66.19945049285889,18.398958505958774],[-66.19885504245758,18.399101031453995],[-66.19799137115479,18.39919265492435],[-66.19784116744995,18.399279188157166],[-66.1977231502533,18.399431893756073],[-66.19769096374512,18.39959477957902],[-66.19774460792542,18.401009843683823],[-66.1977607011795,18.4011676378815],[-66.19792699813843,18.401707191142407],[-66.19793236255646,18.40201768800742],[-66.19790017604828,18.40250633767762],[-66.19787335395813,18.403035706588994],[-66.19809865951538,18.4033869216034],[-66.19818449020386,18.403534533497094],[-66.19822204113007,18.403697415439837],[-66.19818985462189,18.40394682811612],[-66.19811475276947,18.404130069852144],[-66.1980623486331,18.404187327569872]],[[-66.19849026203156,18.396627179332143],[-66.19803965091705,18.39722782982095],[-66.19790554046631,18.397395807972728],[-66.19759976863861,18.3976299590625],[-66.19729936122894,18.398108440734518],[-66.19673609733582,18.39804735804188],[-66.19621574878693,18.397971004645626],[-66.19614601135254,18.397915012133538],[-66.19616514729329,18.39775212475978]],[[-66.19898915290833,18.397864109834003],[-66.1987853050232,18.397752124722132],[-66.19874775409698,18.39774194425381],[-66.1986780166626,18.397757214956073]],[[-66.19883358478546,18.398495297284867],[-66.19898915290833,18.397864109834003],[-66.19917690753937,18.39725837131526],[-66.19919300079346,18.397243100568772],[-66.19923055171967,18.397232920070365],[-66.19945049285889,18.397273642060384],[-66.19982600212097,18.397395807972728]],[[-66.19905352592468,18.398500387496853],[-66.1991286277771,18.398159342961833],[-66.19929492473602,18.39767068095867],[-66.1992734670639,18.397640139537458],[-66.19906425476074,18.397619778586957]],[[-66.198211312294,18.40034812450645],[-66.1995792388916,18.400063075461944]],[[-66.19836688041687,18.400892770476034],[-66.19946122169495,18.400694254854812]],[[-66.1962640285492,18.400902950758123],[-66.19603335857391,18.40063317307917],[-66.1957061290741,18.399940911441348],[-66.19571149349213,18.399803476814554],[-66.19587779045105,18.399727124196744],[-66.19637131690979,18.39959477957902],[-66.1965161561966,18.399671132255506],[-66.19661808013916,18.40002235413138],[-66.19688630104065,18.400439747313413],[-66.1970043182373,18.40070443514864],[-66.19718134403229,18.40133561219109],[-66.19726181030273,18.40186498470115]],[[-66.19587779045105,18.399727124196744],[-66.19569540023804,18.39924864702114],[-66.1956105653078,18.39892665378173]],[[-66.19733691215515,18.398861792162734],[-66.196768283844,18.39878543912748],[-66.19652688503265,18.398744717494836]],[[-66.19696140289307,18.39881598034563],[-66.19689702987671,18.3993657213465],[-66.19663953781128,18.39953369741346],[-66.1965161561966,18.399671132255506]],[[-66.19759976863861,18.3976299590625],[-66.19683802127838,18.397238010319654]],[[-66.19688260855816,18.39691846277757],[-66.19687557220459,18.39695804638589],[-66.19673609733582,18.39804735804188]],[[-66.19686484336853,18.40194133637121],[-66.19726181030273,18.40186498470115],[-66.19792699813843,18.401707191142407]],[[-66.19793236255646,18.40201768800742],[-66.1977767944336,18.4020533187594],[-66.19751930236816,18.40222129220517],[-66.19719743728638,18.402597959336433]],[[-66.19627918523031,18.402728694642423],[-66.19636058807373,18.402312914015624],[-66.19644105434418,18.40233327441132]],[[-66.19714269197401,18.396697951544592],[-66.19726181030273,18.396795158069622],[-66.19803965091705,18.39722782982095]],[[-66.19767908959827,18.396332517879152],[-66.19769096374512,18.396347214405708]],[[-66.20168209075928,18.396225047749766],[-66.2022078037262,18.396438839340817],[-66.2022453546524,18.396438839340817],[-66.20231509208679,18.39641847824832]],[[-66.20191313535854,18.395978405352572],[-66.20168209075928,18.396225047749766],[-66.20161771774292,18.396331943578446],[-66.20160698890686,18.396382846330695],[-66.20163381099701,18.39661699879734],[-66.20161235332489,18.39679006780726],[-66.20158553123474,18.39686642172694],[-66.20153725147247,18.39693259509663],[-66.20147287845612,18.396978407414608],[-66.20139241218567,18.397003858697104],[-66.20113492012024,18.397008948953143],[-66.20095789432526,18.396983497671414],[-66.20051264762878,18.396876602247005],[-66.20040535926819,18.396896963285343],[-66.20035707950592,18.39692750483833],[-66.20032489299774,18.39696822690057],[-66.20029807090759,18.397085302775835],[-66.2002819776535,18.397212559071747],[-66.20029807090759,18.39841894408717],[-66.20027661323547,18.398464756009858],[-66.20019614696503,18.398495297284867],[-66.19991183280945,18.398515658131885],[-66.19823813438416,18.39848511686047],[-66.19820594787598,18.398464756009858],[-66.19818449020386,18.398429124515488],[-66.19820058345795,18.39820515495356],[-66.19819521903992,18.398189884291],[-66.19816839694977,18.398164433183737],[-66.19798600673676,18.398123711404295]]]},"properties":{"shelterId":"shelter-10","kind":"road","radiusM":500,"roadId":"14/5179/7339/46","roadClass":"minor","source":"OpenFreeMap / OpenStreetMap","exposureHigh":false,"exposureModerate":false}},{"type":"Feature","geometry":{"type":"MultiLineString","coordinates":[[[-66.19572629902648,18.401726293662616],[-66.19598507881165,18.401686830672688],[-66.19617819786072,18.401676650436926],[-66.19637131690979,18.401707191142407]],[[-66.19675364178332,18.403277192803912],[-66.19751930236816,18.40318331878376],[-66.19755148887634,18.403157868414382],[-66.19755685329437,18.403132418041253],[-66.1975246667862,18.40310187758851],[-66.19744956493378,18.403112057740003],[-66.1973637342453,18.403203679076555]]]},"properties":{"shelterId":"shelter-10","kind":"road","radiusM":500,"roadId":"14/5179/7339/48","roadClass":"minor","source":"OpenFreeMap / OpenStreetMap","exposureHigh":false,"exposureModerate":false}},{"type":"Feature","geometry":{"type":"MultiLineString","coordinates":[[[-66.20266200571373,18.403982493901886],[-66.20256721973419,18.403005166119115],[-66.20271742343903,18.40280665293284],[-66.20373666286469,18.40213985055496],[-66.20388686656952,18.401987147357005],[-66.2039566040039,18.4018242637966]],[[-66.2039566040039,18.401620659129463],[-66.2037581205368,18.401259260252488],[-66.20361328125,18.40092840146073],[-66.20361328125,18.40048046854531],[-66.2037205696106,18.39731945428767],[-66.20373364232763,18.397197180439605]]]},"properties":{"shelterId":"shelter-10","kind":"road","radiusM":500,"roadId":"14/5179/7339/66","roadClass":"tertiary","source":"OpenFreeMap / OpenStreetMap","exposureHigh":false,"exposureModerate":false}},{"type":"Feature","geometry":{"type":"MultiLineString","coordinates":[[[-66.2019146405341,18.395978971348097],[-66.20168209075928,18.396225047749766],[-66.20161771774292,18.396331943578446],[-66.20160698890686,18.396382846330695],[-66.20162308216095,18.396555915575846]],[[-66.20168209075928,18.396225047749766],[-66.2022078037262,18.396438839340817],[-66.2022453546524,18.396438839340817],[-66.20231509208679,18.39641847824832]],[[-66.20164453983307,18.396291221365814],[-66.20071113109589,18.395945082169803]],[[-66.19767908959827,18.396332517879152],[-66.19769096374512,18.396347214405708]]]},"properties":{"shelterId":"shelter-10","kind":"road","radiusM":500,"roadId":"14/5179/7340/13","roadClass":"minor","source":"OpenFreeMap / OpenStreetMap","exposureHigh":false,"exposureModerate":false}},{"type":"Feature","geometry":{"type":"Polygon","coordinates":[[[-66.20399715728813,18.398941],[-66.20400730351413,18.39923509182984],[-66.20403769874446,18.399527924313315],[-66.20408821282204,18.399818243496775],[-66.20415862943787,18.400104806188903],[-66.20424864705718,18.40038638528426],[-66.20435788021071,18.40066177501793],[-66.2044858611453,18.400929796128796],[-66.20463204182697,18.401189300909312],[-66.2047957962876,18.40143917812017],[-66.20497642330542,18.40167835774879],[-66.20517314940783,18.40190581559128],[-66.20538513218345,18.402120577638243],[-66.20561146388951,18.402321724245624],[-66.20585117533886,18.402508394072765],[-66.20610324005033,18.40267978777081],[-66.20636657864407,18.40283517140563],[-66.20664006346381,18.40297387960065],[-66.20692252340558,18.40309531838608],[-66.20721274893253,18.403198967742398],[-66.20750949725442,18.403284383827145],[-66.20781149764936,18.40335120087554],[-66.20811745690528,18.40339913276672],[-66.20842606485772,18.403427974248963],[-66.208736,18.403437601818624],[-66.20904593514229,18.403427974248963],[-66.20935454309472,18.40339913276672],[-66.20966050235064,18.40335120087554],[-66.20996250274558,18.403284383827145],[-66.21025925106747,18.403198967742398],[-66.21054947659442,18.40309531838608],[-66.2108319365362,18.40297387960065],[-66.21110542135594,18.40283517140563],[-66.21136875994968,18.40267978777081],[-66.21162082466114,18.402508394072765],[-66.21186053611049,18.402321724245624],[-66.21208686781655,18.402120577638243],[-66.21229885059218,18.40190581559128],[-66.21249557669458,18.40167835774879],[-66.2126762037124,18.40143917812017],[-66.21283995817303,18.401189300909312],[-66.2129861388547,18.400929796128796],[-66.2131141197893,18.40066177501793],[-66.21322335294282,18.40038638528426],[-66.21331337056213,18.400104806188903],[-66.21338378717796,18.399818243496775],[-66.21343430125555,18.399527924313315],[-66.21346469648587,18.39923509182984],[-66.21347484271188,18.398941],[-66.21346469648587,18.39864690817016],[-66.21343430125555,18.398354075686687],[-66.21338378717796,18.398063756503227],[-66.21331337056213,18.3977771938111],[-66.21322335294282,18.39749561471574],[-66.2131141197893,18.39722022498207],[-66.2129861388547,18.396952203871205],[-66.21283995817303,18.39669269909069],[-66.2126762037124,18.39644282187983],[-66.21249557669458,18.396203642251212],[-66.21229885059218,18.39597618440872],[-66.21208686781655,18.39576142236176],[-66.21186053611049,18.395560275754377],[-66.21162082466114,18.395373605927237],[-66.21136875994968,18.39520221222919],[-66.21110542135594,18.39504682859437],[-66.2108319365362,18.39490812039935],[-66.21054947659442,18.394786681613922],[-66.21025925106747,18.394683032257603],[-66.20996250274558,18.394597616172856],[-66.20966050235064,18.39453079912446],[-66.20935454309472,18.394482867233283],[-66.20904593514229,18.39445402575104],[-66.208736,18.394444398181378],[-66.20842606485772,18.39445402575104],[-66.20811745690528,18.394482867233283],[-66.20781149764936,18.39453079912446],[-66.20750949725442,18.394597616172856],[-66.20721274893253,18.394683032257603],[-66.20692252340558,18.394786681613922],[-66.20664006346381,18.39490812039935],[-66.20636657864407,18.39504682859437],[-66.20610324005033,18.39520221222919],[-66.20585117533886,18.395373605927237],[-66.20561146388951,18.395560275754377],[-66.20538513218345,18.39576142236176],[-66.20517314940783,18.39597618440872],[-66.20497642330542,18.396203642251212],[-66.2047957962876,18.39644282187983],[-66.20463204182697,18.39669269909069],[-66.2044858611453,18.396952203871205],[-66.20435788021071,18.39722022498207],[-66.20424864705718,18.39749561471574],[-66.20415862943787,18.3977771938111],[-66.20408821282204,18.398063756503227],[-66.20403769874446,18.398354075686687],[-66.20400730351413,18.39864690817016],[-66.20399715728813,18.398941]]]},"properties":{"shelterId":"shelter-11","kind":"radius","radiusM":500}},{"type":"Feature","geometry":{"type":"MultiLineString","coordinates":[[[-66.21184229850769,18.3975179737984],[-66.2118262052536,18.39737544699335]],[[-66.2092673778534,18.39817970384854],[-66.20928883552551,18.397986275327597]],[[-66.20984137058258,18.397757214956073],[-66.20963215827942,18.397813207519448]],[[-66.21024906635284,18.40030740324326],[-66.21024906635284,18.400368485134436]],[[-66.20821058750153,18.39909085106538],[-66.20814085006714,18.398770168516364],[-66.20799601078033,18.398663274200672],[-66.20788335800171,18.398261147371343]],[[-66.20888650417328,18.398189884291],[-66.20885968208313,18.398016816687445]],[[-66.20884895324707,18.39819497451201],[-66.20879530906677,18.39888724316694]],[[-66.20742738246918,18.39767068095867],[-66.20767951011658,18.397512883557397]]]},"properties":{"shelterId":"shelter-11","kind":"road","radiusM":500,"roadId":"14/5178/7339/2","roadClass":"service","source":"OpenFreeMap / OpenStreetMap","exposureHigh":false,"exposureModerate":false}},{"type":"Feature","geometry":{"type":"MultiLineString","coordinates":[[[-66.21094094334565,18.402921200819776],[-66.21082842350006,18.402938995082465]],[[-66.21035164021431,18.40316819534646],[-66.21035099029541,18.403152778340043]],[[-66.2119795516459,18.40221924642819],[-66.21190667152405,18.401702101025208],[-66.21195495128632,18.401651199844892],[-66.21221780776978,18.40164610972603],[-66.21225611395414,18.401951428112127]],[[-66.20682656764984,18.398500387496853],[-66.20678901672363,18.39878034892392],[-66.20654225349426,18.398851611759966]],[[-66.20566248893738,18.3976299590625],[-66.20555520057678,18.397884470755614],[-66.20581805706024,18.39809317006339]],[[-66.20686948299408,18.39605197817221],[-66.20691239833832,18.395904359865725]],[[-66.20747566223145,18.395995985036365],[-66.20770633220673,18.395995985036365]]]},"properties":{"shelterId":"shelter-11","kind":"road","radiusM":500,"roadId":"14/5178/7339/3","roadClass":"service","source":"OpenFreeMap / OpenStreetMap","exposureHigh":false,"exposureModerate":false}},{"type":"Feature","geometry":{"type":"MultiLineString","coordinates":[[[-66.20928883552551,18.397986275327597],[-66.2096107006073,18.39806262871707]],[[-66.2083500623703,18.398052448267094],[-66.20853781700134,18.39804226781652],[-66.20871484279633,18.398026997139524],[-66.20885968208313,18.398016816687445],[-66.20928883552551,18.397986275327597],[-66.20955169200897,18.397894651215537]],[[-66.20842516422272,18.397604507872515],[-66.20830714702606,18.397604507872515]],[[-66.2084573507309,18.397731763784876],[-66.20833396911621,18.39774194425381]],[[-66.20850563049316,18.397909921904258],[-66.20833396911621,18.397915012133538]],[[-66.20871484279633,18.398026997139524],[-66.20853245258331,18.397329634780974]],[[-66.20885968208313,18.398016816687445],[-66.20867729187012,18.39729400305181],[-66.20853245258331,18.397329634780974],[-66.20836615562439,18.39738053723842],[-66.20853781700134,18.39804226781652]]]},"properties":{"shelterId":"shelter-11","kind":"road","radiusM":500,"roadId":"14/5178/7339/8","roadClass":"service","source":"OpenFreeMap / OpenStreetMap","exposureHigh":false,"exposureModerate":false}},{"type":"Feature","geometry":{"type":"MultiLineString","coordinates":[[[-66.21345085770086,18.39848916172551],[-66.21235191822052,18.398586921077438],[-66.21109664440155,18.398678544821266],[-66.21062457561493,18.398749807699446],[-66.21046900749207,18.398810890142983]],[[-66.20930376405578,18.403405211693528],[-66.20914399623871,18.402918634758365],[-66.209015250206,18.402888094267723],[-66.20868265628815,18.403005166119115]],[[-66.21003985404968,18.402272193216987],[-66.21008813381195,18.40256232869713]],[[-66.20957314968109,18.402323094213784],[-66.20962679386139,18.40266413050412]],[[-66.21065139770508,18.40216530107479],[-66.2107104063034,18.40266413050412]],[[-66.21218025684357,18.400399026071895],[-66.21225535869598,18.400287042608056],[-66.21237874031067,18.40003762463148],[-66.21245920658112,18.399706763492944],[-66.21241629123688,18.39905521970053],[-66.21235191822052,18.398586921077438]],[[-66.21186912059784,18.400159788583494],[-66.21210515499115,18.399666042078124]],[[-66.21306002140045,18.399996903294877],[-66.21314194721025,18.400596590659422]],[[-66.21186912059784,18.399467525043008],[-66.21184766292572,18.399182474541163],[-66.21177792549133,18.398627642747385]],[[-66.21244311332703,18.39680024833183],[-66.21248602867126,18.396952956128345],[-66.21253967285156,18.397411078705673]],[[-66.21189057826996,18.3965864571893],[-66.21185839176178,18.396479561518547]],[[-66.2129259109497,18.398536018976472],[-66.21297955513,18.399319909663433]],[[-66.21166527271271,18.396637359866347],[-66.21174037456512,18.39711075404253]],[[-66.210458278656,18.397472161623924],[-66.21009886264801,18.397599417634055]],[[-66.20996475219727,18.39715147606144],[-66.21046364307404,18.396993678184558],[-66.21166527271271,18.396637359866347],[-66.21187448501587,18.396535554497206]],[[-66.21037244796753,18.397680861431212],[-66.21184229850769,18.3975179737984],[-66.21253967285156,18.397411078705673],[-66.21317641092237,18.39737049846849]],[[-66.21027052402496,18.398052448267094],[-66.21068894863129,18.397991365554603]],[[-66.21045291423798,18.40037357529104],[-66.21053874492645,18.40087750005175]],[[-66.20918154716492,18.40085204934161],[-66.20917081832886,18.400648443525128],[-66.20910108089447,18.399930731102373]],[[-66.20976090431213,18.40080114791006],[-66.20968043804169,18.40044483746793],[-66.20963215827942,18.400368485134436]],[[-66.20791018009186,18.40034812450645],[-66.20867729187012,18.400287042608056]],[[-66.2079530954361,18.400546640526613],[-66.20750784873962,18.400658623821656]],[[-66.20800137519836,18.400770607043896],[-66.20699286460876,18.401106556273746],[-66.20652079582214,18.401274530642922]],[[-66.20805501937866,18.401040384507567],[-66.20846807956696,18.400943671880498],[-66.20953559875488,18.40080114791006],[-66.20976090431213,18.40080114791006],[-66.20997548103333,18.400760426753962],[-66.21003448963165,18.40073497602654],[-66.21024906635284,18.400368485134436],[-66.21045291423798,18.40037357529104],[-66.21095180511475,18.400409206383173],[-66.21100544929504,18.400287042608056],[-66.21111810207367,18.39955405813774]],[[-66.2064403295517,18.401142187214234],[-66.2066388130188,18.401014933821486],[-66.20703041553497,18.400796057766073]],[[-66.20747566223145,18.39963041083226],[-66.20740056037903,18.399452254492374],[-66.20671391487122,18.3992995489115]],[[-66.20779752731323,18.399772935771495],[-66.20803356170654,18.399767845597125],[-66.2082427740097,18.399834017852214],[-66.2088006734848,18.3999510917797]],[[-66.20782971382141,18.396840970424137],[-66.20733618736267,18.396840970424137]],[[-66.2074327468872,18.39626067970002],[-66.20798528194427,18.39625558942187]],[[-66.20636522769928,18.39806771894183],[-66.20646178722382,18.397828478215402],[-66.20659053325653,18.39766559072217],[-66.2066924571991,18.39696822690057],[-66.20667099952698,18.396871511987044],[-66.20657444000244,18.396805338593907]],[[-66.2071967124939,18.39763504930005],[-66.20765268802643,18.397706312609927]],[[-66.20554447174072,18.39755360548125],[-66.20578050613403,18.39696822690057],[-66.20604872703552,18.396601727993982]],[[-66.2049275636673,18.39722273957136],[-66.20483100414276,18.39742125919355],[-66.20471835136414,18.39783865867861],[-66.20461106300354,18.398103350510965]],[[-66.20471835136414,18.39783865867861],[-66.20476126670837,18.397874290295135],[-66.20499730110168,18.397904831674822]],[[-66.20512068271637,18.39898395694871],[-66.2044233083725,18.398673454614553]],[[-66.20508313179016,18.399034858917318],[-66.20466470718384,18.398938145164124],[-66.20460033416748,18.399004317737948]],[[-66.20500802993774,18.399202835306937],[-66.20455205440521,18.39921301568893],[-66.20436429977417,18.399162113772974]],[[-66.20614528656006,18.399783116119778],[-66.20611846446991,18.3994624348596],[-66.20600581169128,18.399101031453995]],[[-66.20537281036377,18.39975257507311],[-66.2053781747818,18.39935045078684]],[[-66.20519578456879,18.40030231308468],[-66.20523869991302,18.400750246463446]],[[-66.20612919330597,18.400241231170043],[-66.20465397834778,18.400343034349078],[-66.20425860604058,18.400413930428016]],[[-66.20623111724854,18.400811328197577],[-66.2054318189621,18.401111646408552],[-66.20477031235768,18.401402603572997]],[[-66.20465397834778,18.400343034349078],[-66.20465934276581,18.40060263218325],[-66.20468080043793,18.400714615441885],[-66.20461642742157,18.400821508484484],[-66.20449841022491,18.400902950758123]],[[-66.20615601539612,18.402323094213784],[-66.20590925216675,18.401778452767488],[-66.2054318189621,18.401111646408552]],[[-66.20530307292938,18.40199732757442],[-66.20500266551971,18.401305071419713]],[[-66.20686948299408,18.401936246260917],[-66.20615601539612,18.402323094213784],[-66.20588779449463,18.4024808872082],[-66.20584118908914,18.4025011030223]],[[-66.20831251144409,18.40186498470115],[-66.20772242546082,18.40199732757442],[-66.20767951011658,18.40195151659134]],[[-66.20823740959167,18.401625749249078],[-66.20859682559967,18.40157993816716],[-66.21082305908203,18.401396693717615]],[[-66.20854318141937,18.402531788143293],[-66.20835542678833,18.40261831969842],[-66.20813548564911,18.402694671034496]],[[-66.20852708816528,18.402485977302376],[-66.20864510536194,18.40243507635374],[-66.2092137336731,18.40235363480464],[-66.21003985404968,18.402272193216987],[-66.21030807495117,18.402231472408744],[-66.21074259281158,18.402144940659227]],[[-66.20841443538666,18.402195841693626],[-66.20763123035431,18.402404535777336]],[[-66.20813548564911,18.40318840885719],[-66.2086933851242,18.403030616511074]],[[-66.20737668906989,18.403248641836],[-66.20729327201843,18.402984805802845],[-66.20713233947754,18.402373995195518],[-66.20686948299408,18.401936246260917],[-66.20669782161713,18.40155957768239],[-66.20623111724854,18.400811328197577],[-66.20619356632233,18.40071970558826],[-66.20611846446991,18.40045501777651],[-66.20612919330597,18.400241231170043],[-66.20622038841248,18.39996127211745],[-66.20626330375671,18.399859468712776]],[[-66.20882536401511,18.40343680221674],[-66.20852708816528,18.402485977302376],[-66.20841443538666,18.402195841693626],[-66.20805501937866,18.401040384507567],[-66.20779752731323,18.399772935771495],[-66.20771706104279,18.399635501010707],[-66.20756685733795,18.399604959937847],[-66.20646178722382,18.399864558884445],[-66.20626330375671,18.399859468712776],[-66.20614528656006,18.399783116119778],[-66.20537281036377,18.39975257507311],[-66.20510995388031,18.399711853669118],[-66.20497584342957,18.399706763492944],[-66.20483100414276,18.39973221437232],[-66.20469689369202,18.399859468712776]],[[-66.20747566223145,18.395995985036365],[-66.2071430683136,18.396041797603402],[-66.20691776275635,18.396046887887877],[-66.20679974555969,18.396062158740406],[-66.20672464370728,18.396113061572365],[-66.20671391487122,18.396148693545797]],[[-66.2074863910675,18.395904359865725],[-66.20747566223145,18.395995985036365],[-66.2073415517807,18.396810428855815],[-66.2072879076004,18.39729909329928],[-66.2071967124939,18.39763504930005],[-66.20712161064148,18.397879380525453],[-66.20709478855133,18.398225515834852],[-66.20707869529724,18.398317139770924],[-66.20682656764984,18.398500387496853],[-66.20666563510895,18.398525838554477],[-66.20619356632233,18.39844439515683],[-66.20580732822418,18.39845966579682],[-66.20545864105225,18.39857674065844],[-66.20521187782288,18.398805799940178],[-66.20512068271637,18.39898395694871],[-66.20508313179016,18.399034858917318],[-66.20500802993774,18.399202835306937],[-66.20504558086395,18.399666042078124],[-66.20510995388031,18.399711853669118]],[[-66.2084037065506,18.396041797603402],[-66.20837688446045,18.395904359865725]],[[-66.21000230312347,18.395904359865725],[-66.20950877666473,18.396041797603402]],[[-66.21139705181122,18.396123242136966],[-66.20993793010712,18.39652537395699]]]},"properties":{"shelterId":"shelter-11","kind":"road","radiusM":500,"roadId":"14/5178/7339/26","roadClass":"minor","source":"OpenFreeMap / OpenStreetMap","exposureHigh":false,"exposureModerate":false}},{"type":"Feature","geometry":{"type":"MultiLineString","coordinates":[[[-66.2092137336731,18.40235363480464],[-66.20913326740265,18.40153921719522]],[[-66.20966970920563,18.397935373049137],[-66.20937466621399,18.396973317157645],[-66.20939075946808,18.396886782766487],[-66.20945513248444,18.396825699640658],[-66.20982527732849,18.396693352793747]],[[-66.20976090431213,18.39834768107211],[-66.20968580245972,18.39799645578148]],[[-66.21082305908203,18.401396693717615],[-66.2108713388443,18.401366152957067],[-66.21088743209839,18.401305071419713],[-66.21095180511475,18.400409206383173]]]},"properties":{"shelterId":"shelter-11","kind":"road","radiusM":500,"roadId":"14/5178/7339/27","roadClass":"minor","source":"OpenFreeMap / OpenStreetMap","exposureHigh":false,"exposureModerate":false}},{"type":"Feature","geometry":{"type":"MultiLineString","coordinates":[[[-66.21055483818054,18.395904359865725],[-66.21068358421326,18.396316672749833]]]},"properties":{"shelterId":"shelter-11","kind":"road","radiusM":500,"roadId":"14/5178/7339/33","roadClass":"minor","source":"OpenFreeMap / OpenStreetMap","exposureHigh":false,"exposureModerate":false}},{"type":"Feature","geometry":{"type":"MultiLineString","coordinates":[[[-66.21074259281158,18.396301401919885],[-66.2106192111969,18.395904359865725]]]},"properties":{"shelterId":"shelter-11","kind":"road","radiusM":500,"roadId":"14/5178/7339/34","roadClass":"minor","source":"OpenFreeMap / OpenStreetMap","exposureHigh":false,"exposureModerate":false}},{"type":"Feature","geometry":{"type":"MultiLineString","coordinates":[[[-66.21039927005768,18.398790529330867],[-66.21027052402496,18.39817461362709],[-66.210275888443,18.397874290295135],[-66.21037244796753,18.397680861431212],[-66.21064066886902,18.39746707138157],[-66.21174037456512,18.39711075404253],[-66.21226072311401,18.396952956128345],[-66.21244311332703,18.39680024833183],[-66.21251285076141,18.39659154745769],[-66.21254920063363,18.396271262088575]],[[-66.20452079557025,18.396886351570075],[-66.20461106300354,18.39696822690057],[-66.2049275636673,18.39722273957136],[-66.20554447174072,18.39755360548125],[-66.20619356632233,18.3979760948731],[-66.20636522769928,18.39806771894183],[-66.20668172836304,18.398210245174113],[-66.20709478855133,18.398225515834852],[-66.20767951011658,18.398276418027564],[-66.20921909809113,18.39817461362709],[-66.20959460735321,18.398240786494256],[-66.20976090431213,18.39834768107211],[-66.20993256568909,18.398663274200672],[-66.21004521846771,18.398729446880125],[-66.21039927005768,18.398790529330867],[-66.21046900749207,18.398810890142983],[-66.2106192111969,18.398933054965084],[-66.21111810207367,18.39955405813774],[-66.21176183223724,18.400047804964117],[-66.21186912059784,18.400159788583494],[-66.21218025684357,18.400399026071895],[-66.21299559030668,18.400911505867217]]]},"properties":{"shelterId":"shelter-11","kind":"road","radiusM":500,"roadId":"14/5178/7339/37","roadClass":"tertiary","source":"OpenFreeMap / OpenStreetMap","exposureHigh":false,"exposureModerate":false}},{"type":"Feature","geometry":{"type":"MultiLineString","coordinates":[[[-66.21027052402496,18.39817461362709],[-66.20978772640228,18.3965864571893],[-66.2097018957138,18.39646938097502],[-66.20926201343536,18.396082519874994],[-66.20914936065674,18.395950172457134],[-66.20912253856659,18.395904359865725]]]},"properties":{"shelterId":"shelter-11","kind":"road","radiusM":500,"roadId":"14/5178/7339/38","roadClass":"tertiary","source":"OpenFreeMap / OpenStreetMap","exposureHigh":false,"exposureModerate":false}},{"type":"Feature","geometry":{"type":"MultiLineString","coordinates":[[[-66.20747566223145,18.395995985036365],[-66.20770633220673,18.395995985036365]],[[-66.20686948299408,18.39605197817221],[-66.20691239833832,18.395899269577058],[-66.20691239833832,18.395741470553176]]]},"properties":{"shelterId":"shelter-11","kind":"road","radiusM":500,"roadId":"14/5178/7340/0","roadClass":"service","source":"OpenFreeMap / OpenStreetMap","exposureHigh":false,"exposureModerate":false}},{"type":"Feature","geometry":{"type":"MultiLineString","coordinates":[[[-66.21188521385193,18.396555915575846],[-66.21185839176178,18.396479561518547]],[[-66.21183693408966,18.396555915575846],[-66.21187448501587,18.396535554497206]],[[-66.21139705181122,18.396123242136966],[-66.20993793010712,18.39652537395699]],[[-66.21139705181122,18.395517497496925],[-66.20950877666473,18.396041797603402]],[[-66.21102716237877,18.395004889277928],[-66.21062457561493,18.395110273012335],[-66.20912790298462,18.395532768396365]],[[-66.21013193930297,18.394643918215202],[-66.20912253856659,18.39492193136266]],[[-66.2084037065506,18.396041797603402],[-66.20828568935394,18.395481865392952],[-66.20830178260803,18.39518662767651],[-66.2077921628952,18.39515608581489],[-66.20735228061676,18.395150995504096],[-66.20702505111694,18.395120453636167],[-66.20637781545818,18.395040692081793]],[[-66.2074327468872,18.39626067970002],[-66.20798528194427,18.39625558942187]],[[-66.20747566223145,18.395995985036365],[-66.2071430683136,18.396041797603402],[-66.20691776275635,18.396046887887877],[-66.20679974555969,18.396062158740406],[-66.20672464370728,18.396113061572365],[-66.20671391487122,18.396148693545797]],[[-66.20738446712494,18.396555915575846],[-66.20747566223145,18.395995985036365],[-66.2075024843216,18.395680387021258]],[[-66.20631694793701,18.39537496903681],[-66.20624721050262,18.39539533025261],[-66.20612382888794,18.395456413885597],[-66.20605945587158,18.39550731689654],[-66.2059736251831,18.39559894227834],[-66.20570003986359,18.395619303467683],[-66.20556592941284,18.395654935543234],[-66.20551371421753,18.395643925099016]]]},"properties":{"shelterId":"shelter-11","kind":"road","radiusM":500,"roadId":"14/5178/7340/14","roadClass":"minor","source":"OpenFreeMap / OpenStreetMap","exposureHigh":false,"exposureModerate":false}},{"type":"Feature","geometry":{"type":"MultiLineString","coordinates":[[[-66.21064488879625,18.394825348863897],[-66.21064603328705,18.394855757220654],[-66.21046900749207,18.39542587207181],[-66.210458278656,18.395542948995242],[-66.21049582958221,18.395700748200966],[-66.21068358421326,18.396316672749833]]]},"properties":{"shelterId":"shelter-11","kind":"road","radiusM":500,"roadId":"14/5178/7340/21","roadClass":"minor","source":"OpenFreeMap / OpenStreetMap","exposureHigh":false,"exposureModerate":false}},{"type":"Feature","geometry":{"type":"MultiLineString","coordinates":[[[-66.21074259281158,18.396301401919885],[-66.21054410934448,18.395649845247178],[-66.21052265167236,18.395532768396365],[-66.21052265167236,18.395436052677],[-66.21054410934448,18.395339336903348],[-66.21068358421326,18.394937202314892],[-66.21069708806863,18.39484750525997]]]},"properties":{"shelterId":"shelter-11","kind":"road","radiusM":500,"roadId":"14/5178/7340/22","roadClass":"minor","source":"OpenFreeMap / OpenStreetMap","exposureHigh":false,"exposureModerate":false}},{"type":"Feature","geometry":{"type":"MultiLineString","coordinates":[[[-66.21251821517944,18.396555915575846],[-66.212549830521,18.396272072321672]]]},"properties":{"shelterId":"shelter-11","kind":"road","radiusM":500,"roadId":"14/5178/7340/29","roadClass":"tertiary","source":"OpenFreeMap / OpenStreetMap","exposureHigh":false,"exposureModerate":false}},{"type":"Feature","geometry":{"type":"MultiLineString","coordinates":[[[-66.20976626873016,18.396555915575846],[-66.2097018957138,18.39646938097502],[-66.20926201343536,18.396082519874994],[-66.20914936065674,18.395950172457134],[-66.20904743671417,18.395782192895737],[-66.2089616060257,18.39551240719682],[-66.20895087718964,18.394484163489622],[-66.20895408464237,18.394449162383143]]]},"properties":{"shelterId":"shelter-11","kind":"road","radiusM":500,"roadId":"14/5178/7340/30","roadClass":"tertiary","source":"OpenFreeMap / OpenStreetMap","exposureHigh":false,"exposureModerate":false}},{"type":"Feature","geometry":{"type":"Polygon","coordinates":[[[-66.24934306470118,18.4023060000001],[-66.24935321112541,18.40260009182994],[-66.24938360694959,18.402892924313413],[-66.24943412201412,18.403183243496873],[-66.24950454000574,18.403469806189],[-66.24959455938381,18.40375138528436],[-66.24970379467152,18.40402677501803],[-66.2498317781066,18.404294796128895],[-66.24997796164432,18.40455430090941],[-66.25014171930435,18.40480417812027],[-66.25032234985125,18.405043357748887],[-66.25051907979727,18.40527081559138],[-66.2507310667146,18.40548557763834],[-66.25095740284269,18.405686724245722],[-66.25119711897551,18.405873394072863],[-66.25144918861176,18.40604478777091],[-66.25171253235058,18.40620017140573],[-66.25198602251365,18.40633887960075],[-66.25226848797409,18.406460318386177],[-66.25255871917143,18.406563967742496],[-66.25285547329115,18.406649383827244],[-66.25315747958653,18.40671620087564],[-66.25346344482027,18.406764132766817],[-66.25377205880224,18.40679297424906],[-66.254082,18.406802601818722],[-66.25439194119775,18.40679297424906],[-66.25470055517972,18.406764132766817],[-66.25500652041346,18.40671620087564],[-66.25530852670884,18.406649383827244],[-66.25560528082856,18.406563967742496],[-66.2558955120259,18.406460318386177],[-66.25617797748635,18.40633887960075],[-66.25645146764941,18.40620017140573],[-66.25671481138824,18.40604478777091],[-66.25696688102448,18.405873394072863],[-66.2572065971573,18.405686724245722],[-66.2574329332854,18.40548557763834],[-66.25764492020272,18.40527081559138],[-66.25784165014875,18.405043357748887],[-66.25802228069564,18.40480417812027],[-66.25818603835567,18.40455430090941],[-66.2583322218934,18.404294796128895],[-66.25846020532848,18.40402677501803],[-66.25856944061618,18.40375138528436],[-66.25865945999425,18.403469806189],[-66.25872987798587,18.403183243496873],[-66.2587803930504,18.402892924313413],[-66.25881078887458,18.40260009182994],[-66.25882093529881,18.4023060000001],[-66.25881078887458,18.40201190817026],[-66.2587803930504,18.401719075686785],[-66.25872987798587,18.401428756503325],[-66.25865945999425,18.401142193811197],[-66.25856944061618,18.40086061471584],[-66.25846020532848,18.40058522498217],[-66.2583322218934,18.400317203871303],[-66.25818603835567,18.400057699090787],[-66.25802228069564,18.39980782187993],[-66.25784165014875,18.39956864225131],[-66.25764492020272,18.39934118440882],[-66.2574329332854,18.399126422361856],[-66.2572065971573,18.398925275754475],[-66.25696688102448,18.398738605927335],[-66.25671481138824,18.39856721222929],[-66.25645146764941,18.39841182859447],[-66.25617797748635,18.39827312039945],[-66.2558955120259,18.39815168161402],[-66.25560528082856,18.3980480322577],[-66.25530852670884,18.397962616172954],[-66.25500652041346,18.39789579912456],[-66.25470055517972,18.39784786723338],[-66.25439194119775,18.397819025751136],[-66.254082,18.397809398181476],[-66.25377205880224,18.397819025751136],[-66.25346344482027,18.39784786723338],[-66.25315747958653,18.39789579912456],[-66.25285547329115,18.397962616172954],[-66.25255871917143,18.3980480322577],[-66.25226848797409,18.39815168161402],[-66.25198602251365,18.39827312039945],[-66.25171253235058,18.39841182859447],[-66.25144918861176,18.39856721222929],[-66.25119711897551,18.398738605927335],[-66.25095740284269,18.398925275754475],[-66.2507310667146,18.399126422361856],[-66.25051907979727,18.39934118440882],[-66.25032234985125,18.39956864225131],[-66.25014171930435,18.39980782187993],[-66.24997796164432,18.400057699090787],[-66.2498317781066,18.400317203871303],[-66.24970379467152,18.40058522498217],[-66.24959455938381,18.40086061471584],[-66.24950454000574,18.401142193811197],[-66.24943412201412,18.401428756503325],[-66.24938360694959,18.401719075686785],[-66.24935321112541,18.40201190817026],[-66.24934306470118,18.4023060000001]]]},"properties":{"shelterId":"shelter-12","kind":"radius","radiusM":500}},{"type":"Feature","geometry":{"type":"MultiLineString","coordinates":[[[-66.25585198402405,18.405865766624686],[-66.25573396682739,18.40575378671575],[-66.25552475452423,18.40580977667932],[-66.25536382198334,18.405794506691066],[-66.2552672624588,18.405692706734712],[-66.25522434711456,18.40562144672947],[-66.25526189804077,18.4052702362727],[-66.25472009181976,18.405193886078592],[-66.25467717647552,18.405489106641454],[-66.25470399856567,18.40555018669471],[-66.25522434711456,18.40562144672947]],[[-66.25456988811493,18.40199732757442],[-66.25416219234467,18.402211112000998]]]},"properties":{"shelterId":"shelter-12","kind":"road","radiusM":500,"roadId":"14/5176/7339/2","roadClass":"service","source":"OpenFreeMap / OpenStreetMap","exposureHigh":true,"exposureModerate":true}},{"type":"Feature","geometry":{"type":"MultiLineString","coordinates":[[[-66.25205934047699,18.399197745115714],[-66.25202715396881,18.399319909663433],[-66.25195741653442,18.400154698420565]],[[-66.25232219696045,18.399197745115714],[-66.25232756137848,18.39935045078684],[-66.2522953748703,18.39952860723203],[-66.25232756137848,18.399986722959227]],[[-66.25197887420654,18.399930731102373],[-66.2516838312149,18.39990019008188]]]},"properties":{"shelterId":"shelter-12","kind":"road","radiusM":500,"roadId":"14/5176/7339/4","roadClass":"service","source":"OpenFreeMap / OpenStreetMap","exposureHigh":true,"exposureModerate":true}},{"type":"Feature","geometry":{"type":"MultiLineString","coordinates":[[[-66.2543123960495,18.401630839368536],[-66.25343799591064,18.40210930992619]],[[-66.25352919101715,18.398525838554477],[-66.25332534313202,18.398561470028838],[-66.25144886861936,18.398567415125562]],[[-66.25369012355804,18.398877062765706],[-66.25333070755005,18.399060309895958],[-66.2529444694519,18.399187564732827],[-66.25232219696045,18.399197745115714],[-66.25161945819855,18.399187564732827],[-66.25073969364166,18.39919265492435],[-66.25066034824845,18.39919497151771]],[[-66.25097036361694,18.399197745115714],[-66.250981092453,18.4000681656276],[-66.25104010105133,18.40043465715877],[-66.25096499919891,18.400694254854812]],[[-66.25073969364166,18.39919265492435],[-66.2506753206253,18.399447164308512],[-66.2505304813385,18.39964059118897],[-66.25026226043701,18.3997627554226],[-66.25017312673474,18.399763786848787]],[[-66.25227928161621,18.398561470028838],[-66.25227391719818,18.399197745115714]],[[-66.24990189475942,18.40018762618091],[-66.24992966651917,18.40026668197045]]]},"properties":{"shelterId":"shelter-12","kind":"road","radiusM":500,"roadId":"14/5176/7339/5","roadClass":"minor","source":"OpenFreeMap / OpenStreetMap","exposureHigh":true,"exposureModerate":true}},{"type":"Feature","geometry":{"type":"MultiLineString","coordinates":[[[-66.2506753206253,18.40069934500181],[-66.25096499919891,18.400694254854812],[-66.25091671943665,18.40093349160081],[-66.25086307525635,18.400989483131667],[-66.25080406665802,18.40097930285468],[-66.25062704086304,18.40084695919913],[-66.25061631202698,18.400765516899014],[-66.2506753206253,18.40069934500181]]]},"properties":{"shelterId":"shelter-12","kind":"road","radiusM":500,"roadId":"14/5176/7339/9","roadClass":"minor","source":"OpenFreeMap / OpenStreetMap","exposureHigh":false,"exposureModerate":false}},{"type":"Feature","geometry":{"type":"MultiLineString","coordinates":[[[-66.25587467321681,18.406468453683573],[-66.25579297542572,18.404384571939815],[-66.25596463680267,18.403595614243685],[-66.2558788061142,18.403259669869342],[-66.25567495822906,18.40308151728368],[-66.25511705875397,18.40277611242233],[-66.25415682792664,18.401411964095843],[-66.25410854816437,18.401228719467568],[-66.25399589538574,18.400108886947365],[-66.2538081407547,18.39922828626078],[-66.25369012355804,18.398877062765706],[-66.25352919101715,18.398525838554477],[-66.25331997871399,18.39802190691357],[-66.25326875985205,18.397876104016348]]]},"properties":{"shelterId":"shelter-12","kind":"road","radiusM":500,"roadId":"14/5176/7339/23","roadClass":"tertiary","source":"OpenFreeMap / OpenStreetMap","exposureHigh":true,"exposureModerate":true}}]}
