{"type":"FeatureCollection","features":[{"type":"Feature","properties":{"OBJECTID":682933,"DFIRM_ID":"72000C","FLD_ZONE":"VE","ZONE_SUBTY":null,"SFHA_TF":"T","STATIC_BFE":6.1,"V_DATUM":"MSL","LEN_UNIT":"Meters","SOURCE_CIT":"72000C_FIS1"},"geometry":{"type":"Polygon","coordinates":[[[-66.181791,18.47487],[-66.181748,18.474806],[-66.18152,18.474473],[-66.181342,18.47436],[-66.181111,18.474331],[-66.180544,18.474482],[-66.180476,18.4745],[-66.180475,18.474521],[-66.180466,18.474548],[-66.180451,18.474573],[-66.180428,18.474598],[-66.180397,18.474623],[-66.180365,18.474643],[-66.180327,18.474664],[-66.180872,18.475233],[-66.18123,18.475608],[-66.181341,18.475616],[-66.181507,18.47556],[-66.181663,18.475382],[-66.181785,18.475244],[-66.181776,18.475201],[-66.181772,18.474976],[-66.181779,18.474917],[-66.181791,18.47487]]]}},{"type":"Feature","properties":{"OBJECTID":683094,"DFIRM_ID":"72000C","FLD_ZONE":"AE","ZONE_SUBTY":null,"SFHA_TF":"T","STATIC_BFE":2.7,"V_DATUM":"MSL","LEN_UNIT":"Meters","SOURCE_CIT":"72000C_FIS1"},"geometry":{"type":"Polygon","coordinates":[[[-66.149953,18.456288],[-66.14993,18.456298],[-66.149886,18.456313],[-66.149746,18.456344],[-66.149542,18.456332],[-66.149304,18.456287],[-66.149266,18.456276],[-66.148965,18.456141],[-66.148359,18.45597],[-66.148333,18.455941],[-66.148148,18.455824],[-66.147942,18.455753],[-66.14789,18.455742],[-66.147799,18.455699],[-66.147727,18.45561],[-66.147721,18.455437],[-66.147749,18.455351],[-66.1478,18.455275],[-66.147877,18.455209],[-66.147924,18.45512],[-66.147976,18.454962],[-66.147979,18.454898],[-66.14794,18.454793],[-66.147855,18.454657],[-66.147837,18.454531],[-66.147834,18.454155],[-66.147816,18.454125],[-66.147794,18.4541],[-66.147769,18.454081],[-66.147743,18.454071],[-66.147705,18.454063],[-66.147622,18.454056],[-66.147507,18.45406],[-66.147462,18.454057],[-66.147415,18.454043],[-66.147312,18.453997],[-66.147266,18.453986],[-66.147244,18.453987],[-66.14723532100784,18.453987566021226],[-66.14718099972602,18.45414099999917],[-66.14713999971812,18.454257000112424],[-66.14697099966372,18.454812000061988],[-66.14684699981517,18.45511000001468],[-66.14667799976075,18.455459000242477],[-66.14646199985069,18.455807999760808],[-66.14627000023009,18.456060000134134],[-66.1458559999533,18.456495000192174],[-66.14556300005033,18.45678899998328],[-66.14519300015448,18.457316000076098],[-66.14499999981062,18.457645999863427],[-66.1446879996411,18.458183000144384],[-66.14452000030992,18.458535999845523],[-66.14438999971526,18.45891200035094],[-66.14422200038409,18.459549999740986],[-66.14403400006312,18.46010000039698],[-66.14386500000872,18.46045700012737],[-66.14360100041807,18.460778000081543],[-66.14331299963966,18.46110800002972],[-66.14285599970518,18.46147899997811],[-66.14249099983219,18.461718000303268],[-66.1420339998977,18.461939000047536],[-66.14169800033704,18.462048000148204],[-66.14120700006735,18.46216799970208],[-66.14103063631906,18.462216236295976],[-66.141043,18.462235],[-66.141078,18.462278],[-66.141145,18.462359],[-66.141239,18.462465],[-66.141273,18.462477],[-66.141386,18.462541],[-66.1415,18.462624],[-66.141601,18.462715],[-66.141687,18.462814],[-66.14175,18.462911],[-66.141869,18.463124],[-66.141966,18.463324],[-66.142008,18.463444],[-66.14203,18.463476],[-66.142079,18.463518],[-66.142153,18.463556],[-66.142229,18.463582],[-66.14231,18.463597],[-66.14235,18.463585],[-66.142553,18.463505],[-66.142881,18.46336],[-66.143138,18.463267],[-66.143234,18.463227],[-66.143431,18.463127],[-66.143667,18.462981],[-66.143895,18.462829],[-66.144209,18.462607],[-66.144424,18.462469],[-66.144524,18.462397],[-66.144635,18.462308],[-66.144718,18.462232],[-66.144778,18.462166],[-66.144829,18.462097],[-66.144885,18.461982],[-66.144954,18.461778],[-66.145017,18.46164],[-66.145101,18.461503],[-66.145288,18.461215],[-66.14536,18.461086],[-66.145514,18.460792],[-66.14569,18.460473],[-66.145788,18.460312],[-66.145887,18.460171],[-66.146042,18.459976],[-66.146351,18.459619],[-66.146993,18.45892],[-66.147529,18.458283],[-66.14768,18.458119],[-66.147833,18.457968],[-66.148015,18.457801],[-66.148234,18.457612],[-66.148708,18.457219],[-66.148795,18.457149],[-66.149953,18.456288]]]}},{"type":"Feature","properties":{"OBJECTID":683160,"DFIRM_ID":"72000C","FLD_ZONE":"AE","ZONE_SUBTY":null,"SFHA_TF":"T","STATIC_BFE":2.7,"V_DATUM":"MSL","LEN_UNIT":"Meters","SOURCE_CIT":"72000C_FIS1"},"geometry":{"type":"Polygon","coordinates":[[[-66.139778,18.474883],[-66.139777,18.474843],[-66.139759,18.474805],[-66.139722,18.474762],[-66.139644,18.474697],[-66.139561,18.474636],[-66.139476,18.474581],[-66.139413,18.474545],[-66.139359,18.47452],[-66.139226,18.474479],[-66.139143,18.474469],[-66.139031,18.47448],[-66.138965,18.474473],[-66.138925,18.474442],[-66.138888,18.474373],[-66.138851,18.474337],[-66.138825,18.474328],[-66.138788,18.474323],[-66.138668,18.474324],[-66.138606,18.474307],[-66.138552,18.474284],[-66.13849,18.47425],[-66.138428,18.474208],[-66.138377,18.474167],[-66.138324,18.474111],[-66.138289,18.474049],[-66.138273,18.473984],[-66.138256,18.473798],[-66.138234,18.473693],[-66.138211,18.473627],[-66.138178,18.473551],[-66.138141,18.473478],[-66.138106,18.473424],[-66.13806,18.473371],[-66.137999,18.473327],[-66.137756,18.473203],[-66.137651,18.47314],[-66.137599,18.473103],[-66.137535,18.473046],[-66.137477,18.472982],[-66.137441,18.472928],[-66.137414,18.47287],[-66.137386,18.472785],[-66.137348,18.47262],[-66.137314,18.472515],[-66.137248,18.472366],[-66.13715,18.47217],[-66.137113,18.472077],[-66.137079,18.471955],[-66.137053,18.471812],[-66.13699,18.471272],[-66.136967,18.470999],[-66.136951,18.470692],[-66.136925,18.469913],[-66.136885,18.469266],[-66.13687,18.469162],[-66.136848,18.469074],[-66.136818,18.468997],[-66.13674,18.468818],[-66.13671,18.468729],[-66.13668,18.468605],[-66.136657,18.468465],[-66.13664,18.468307],[-66.13661,18.467933],[-66.136594,18.467585],[-66.136588,18.467056],[-66.136614,18.46687],[-66.136616,18.46681],[-66.13661,18.466777],[-66.136598,18.466752],[-66.136579,18.466736],[-66.13655,18.466724],[-66.13651,18.466717],[-66.13646,18.466715],[-66.136403,18.466718],[-66.136324,18.466836],[-66.136253,18.4671],[-66.136236,18.467542],[-66.136226,18.468106],[-66.136223,18.468236],[-66.136212,18.468814],[-66.136215,18.469261],[-66.136227,18.469418],[-66.136274,18.469771],[-66.136284,18.469927],[-66.136281,18.470006],[-66.136273,18.47008],[-66.136236,18.470234],[-66.136141,18.470535],[-66.13611,18.4706],[-66.13607,18.470657],[-66.135982,18.470747],[-66.135735,18.470958],[-66.135666,18.470998],[-66.135573,18.471028],[-66.135504,18.471062],[-66.135422,18.471117],[-66.135347,18.471182],[-66.135294,18.471246],[-66.135223,18.471358],[-66.13514,18.471524],[-66.135079,18.471661],[-66.135108,18.47167],[-66.135128,18.471685],[-66.135146,18.471718],[-66.135157,18.47176],[-66.135153,18.471796],[-66.135116,18.471878],[-66.135114,18.471895],[-66.135117,18.471909],[-66.135132,18.471928],[-66.135158,18.471948],[-66.13524,18.471986],[-66.135283,18.471995],[-66.135396,18.472001],[-66.135498,18.472032],[-66.135539,18.472033],[-66.135562,18.472023],[-66.135586,18.472004],[-66.135672,18.471893],[-66.135716,18.471856],[-66.135774,18.471833],[-66.13584,18.471817],[-66.1359,18.47181],[-66.135952,18.471815],[-66.136002,18.471827],[-66.136058,18.471849],[-66.13627,18.471962],[-66.136501,18.472064],[-66.136601,18.472122],[-66.136684,18.472192],[-66.136717,18.472215],[-66.13675,18.472228],[-66.136842,18.472249],[-66.136862,18.472259],[-66.136873,18.472272],[-66.136878,18.472302],[-66.136873,18.472343],[-66.13686,18.47238],[-66.136841,18.472405],[-66.136815,18.472418],[-66.136743,18.472432],[-66.136653,18.47246],[-66.136622,18.472474],[-66.136604,18.47249],[-66.1366,18.472515],[-66.136622,18.472581],[-66.136619,18.472625],[-66.136609,18.472663],[-66.136593,18.472699],[-66.136578,18.472722],[-66.136737,18.472777],[-66.136886,18.472836],[-66.137098,18.472927],[-66.137261,18.473005],[-66.137374,18.473068],[-66.137474,18.473133],[-66.137558,18.473197],[-66.137658,18.473284],[-66.137743,18.47337],[-66.137789,18.473451],[-66.13781,18.473523],[-66.137842,18.473709],[-66.137864,18.473778],[-66.13789,18.473829],[-66.137951,18.473892],[-66.138068,18.473974],[-66.138144,18.474052],[-66.138196,18.474115],[-66.138235,18.47417],[-66.138296,18.474299],[-66.138338,18.474366],[-66.138403,18.474436],[-66.138477,18.474497],[-66.138583,18.47456],[-66.138697,18.474609],[-66.138778,18.474634],[-66.138899,18.47466],[-66.139001,18.474687],[-66.139108,18.474719],[-66.139192,18.474751],[-66.139292,18.474804],[-66.13942,18.474889],[-66.139518,18.474948],[-66.139614,18.474995],[-66.139661,18.475011],[-66.139689,18.475013],[-66.139714,18.475003],[-66.139735,18.474982],[-66.139762,18.474933],[-66.139778,18.474883]]]}},{"type":"Feature","properties":{"OBJECTID":683266,"DFIRM_ID":"72000C","FLD_ZONE":"VE","ZONE_SUBTY":null,"SFHA_TF":"T","STATIC_BFE":4.3,"V_DATUM":"MSL","LEN_UNIT":"Meters","SOURCE_CIT":"72000C_FIS1"},"geometry":{"type":"Polygon","coordinates":[[[-66.15696,18.457067],[-66.156892,18.457044],[-66.156471,18.456904],[-66.152855,18.45477],[-66.152824,18.454765],[-66.152632,18.454734],[-66.152474,18.454727],[-66.150131,18.456209],[-66.149953,18.456288],[-66.148795,18.457149],[-66.148708,18.457219],[-66.148234,18.457612],[-66.148015,18.457801],[-66.147833,18.457968],[-66.14768,18.458119],[-66.147529,18.458283],[-66.146993,18.45892],[-66.146351,18.459619],[-66.146042,18.459976],[-66.145887,18.460171],[-66.145788,18.460312],[-66.14569,18.460473],[-66.145514,18.460792],[-66.14536,18.461086],[-66.145288,18.461215],[-66.145101,18.461503],[-66.145017,18.46164],[-66.144954,18.461778],[-66.144885,18.461982],[-66.144829,18.462097],[-66.144778,18.462166],[-66.144718,18.462232],[-66.144635,18.462308],[-66.144524,18.462397],[-66.144424,18.462469],[-66.144209,18.462607],[-66.143895,18.462829],[-66.143667,18.462981],[-66.143431,18.463127],[-66.143234,18.463227],[-66.143138,18.463267],[-66.142881,18.46336],[-66.142553,18.463505],[-66.14235,18.463585],[-66.14231,18.463597],[-66.141953,18.463706],[-66.141599,18.46384],[-66.141477,18.463875],[-66.141276,18.463921],[-66.141182,18.463953],[-66.141082,18.463992],[-66.140943,18.464059],[-66.140807,18.464137],[-66.140687,18.464221],[-66.140564,18.464334],[-66.140487,18.464396],[-66.140401,18.464446],[-66.140294,18.464491],[-66.140092,18.464557],[-66.139888,18.464602],[-66.139781,18.46463],[-66.139704,18.464659],[-66.139594,18.46471],[-66.139515,18.464737],[-66.139373,18.464761],[-66.139327,18.46476],[-66.139297,18.464752],[-66.139415,18.464933],[-66.139605,18.465226],[-66.139938,18.465611],[-66.139977,18.465657],[-66.140488,18.465639],[-66.141323,18.46567],[-66.143483,18.465592],[-66.145773,18.464707],[-66.147907,18.463237],[-66.149627,18.462186],[-66.152096,18.46043],[-66.153996,18.459055],[-66.155389,18.45806],[-66.15696,18.457067]]]}},{"type":"Feature","properties":{"OBJECTID":683292,"DFIRM_ID":"72000C","FLD_ZONE":"VE","ZONE_SUBTY":null,"SFHA_TF":"T","STATIC_BFE":3,"V_DATUM":"MSL","LEN_UNIT":"Meters","SOURCE_CIT":"72000C_FIS1"},"geometry":{"type":"Polygon","coordinates":[[[-66.198779,18.466526],[-66.198708,18.466477],[-66.198391,18.466277],[-66.198143,18.466136],[-66.197983,18.466085],[-66.19784,18.466058],[-66.197584,18.466016],[-66.197342,18.465983],[-66.197088,18.465959],[-66.196882,18.465947],[-66.196656,18.465944],[-66.196418,18.465946],[-66.196212,18.465957],[-66.196124,18.465958],[-66.196034,18.465951],[-66.195863,18.465922],[-66.195785,18.465912],[-66.195654,18.465902],[-66.195462,18.465892],[-66.195274,18.465886],[-66.195079,18.465883],[-66.194873,18.465885],[-66.194671,18.465891],[-66.194497,18.4659],[-66.194321,18.465912],[-66.194144,18.465927],[-66.193966,18.465946],[-66.193781,18.465968],[-66.193596,18.465994],[-66.193434,18.466019],[-66.193262,18.46605],[-66.193104,18.466081],[-66.192974,18.466111],[-66.192884,18.466136],[-66.192661,18.466202],[-66.1925,18.466244],[-66.192345,18.46628],[-66.191898,18.466377],[-66.191484,18.46648],[-66.191332,18.466523],[-66.19116,18.46658],[-66.190987,18.466643],[-66.190812,18.466714],[-66.190658,18.466781],[-66.190502,18.466854],[-66.19022,18.467004],[-66.190092,18.467065],[-66.189941,18.467129],[-66.189774,18.467194],[-66.189703,18.467218],[-66.189526,18.467273],[-66.189435,18.467306],[-66.189372,18.467335],[-66.189301,18.46737],[-66.189099,18.467481],[-66.188943,18.467573],[-66.188845,18.467635],[-66.188724,18.467716],[-66.188351,18.467974],[-66.187988,18.468201],[-66.187824,18.468318],[-66.187685,18.468426],[-66.18761,18.468489],[-66.187552,18.468543],[-66.187309,18.468793],[-66.187168,18.46892],[-66.187098,18.468951],[-66.187,18.469001],[-66.18686,18.46903],[-66.186733,18.469033],[-66.186715,18.469066],[-66.186638,18.469233],[-66.18672,18.469228],[-66.186803,18.469228],[-66.186963,18.469193],[-66.187077,18.469154],[-66.187186,18.469102],[-66.187373,18.468905],[-66.187474,18.46881],[-66.187541,18.468755],[-66.187605,18.46871],[-66.187772,18.46863],[-66.187833,18.468587],[-66.187871,18.468541],[-66.187935,18.468436],[-66.187965,18.468395],[-66.188011,18.468348],[-66.188539,18.468009],[-66.188556,18.467999],[-66.189,18.467726],[-66.189468,18.46746],[-66.189569,18.467411],[-66.18966,18.467376],[-66.189733,18.467355],[-66.189949,18.467307],[-66.190159,18.467233],[-66.19061,18.46703],[-66.190703,18.466976],[-66.190769,18.466924],[-66.190796,18.466907],[-66.19083,18.466898],[-66.190909,18.466889],[-66.190947,18.466877],[-66.191147,18.466774],[-66.19122,18.466751],[-66.191385,18.466709],[-66.191619,18.466638],[-66.191779,18.466593],[-66.192171,18.466503],[-66.192679,18.466399],[-66.19291,18.466356],[-66.192995,18.466331],[-66.193143,18.466267],[-66.19324,18.466242],[-66.19392,18.466155],[-66.19421,18.466126],[-66.194466,18.466109],[-66.195029,18.466086],[-66.195337,18.466084],[-66.195538,18.466095],[-66.195998,18.466139],[-66.196215,18.466147],[-66.19652,18.466138],[-66.196935,18.466109],[-66.197082,18.466104],[-66.197143,18.466112],[-66.197284,18.466142],[-66.197515,18.466175],[-66.197616,18.466194],[-66.197706,18.466221],[-66.197749,18.46624],[-66.197839,18.466261],[-66.197915,18.46629],[-66.198058,18.466373],[-66.198159,18.466429],[-66.198267,18.46648],[-66.198358,18.466511],[-66.198455,18.466531],[-66.198561,18.46654],[-66.198671,18.466539],[-66.198779,18.466526]]]}},{"type":"Feature","properties":{"OBJECTID":683615,"DFIRM_ID":"72000C","FLD_ZONE":"AE","ZONE_SUBTY":null,"SFHA_TF":"T","STATIC_BFE":3.7,"V_DATUM":"MSL","LEN_UNIT":"Meters","SOURCE_CIT":"72000C_FIS1"},"geometry":{"type":"Polygon","coordinates":[[[-66.14231,18.463597],[-66.142229,18.463582],[-66.142153,18.463556],[-66.142079,18.463518],[-66.14203,18.463476],[-66.142008,18.463444],[-66.141966,18.463324],[-66.141869,18.463124],[-66.14175,18.462911],[-66.141687,18.462814],[-66.141601,18.462715],[-66.1415,18.462624],[-66.141386,18.462541],[-66.141403,18.462587],[-66.141412,18.462634],[-66.141416,18.462695],[-66.141414,18.462713],[-66.14141,18.462728],[-66.141399,18.462747],[-66.141379,18.462767],[-66.141299,18.462825],[-66.141263,18.462849],[-66.141196,18.462887],[-66.141086,18.462946],[-66.14099,18.46299],[-66.140852,18.463051],[-66.140787,18.463076],[-66.140712,18.463102],[-66.140466,18.46318],[-66.140378,18.46321],[-66.140295,18.463241],[-66.140221,18.463272],[-66.140135,18.463315],[-66.139996,18.463396],[-66.139926,18.46344],[-66.139871,18.463481],[-66.139844,18.463504],[-66.13982,18.463527],[-66.139768,18.463589],[-66.139747,18.463619],[-66.139728,18.463648],[-66.139713,18.463677],[-66.1397,18.463705],[-66.139687,18.463738],[-66.139677,18.463767],[-66.139671,18.463793],[-66.139668,18.463818],[-66.139667,18.463845],[-66.139669,18.463873],[-66.139674,18.463901],[-66.139677,18.463911],[-66.139682,18.463929],[-66.139675,18.463999],[-66.139647,18.46407],[-66.139583,18.464153],[-66.139516,18.464221],[-66.139333,18.464385],[-66.139274,18.464447],[-66.139245,18.46449],[-66.139233,18.464523],[-66.139227,18.464558],[-66.139235,18.464645],[-66.139245,18.464682],[-66.139261,18.464716],[-66.139278,18.464739],[-66.139297,18.464752],[-66.139327,18.46476],[-66.139373,18.464761],[-66.139515,18.464737],[-66.139594,18.46471],[-66.139704,18.464659],[-66.139781,18.46463],[-66.139888,18.464602],[-66.140092,18.464557],[-66.140294,18.464491],[-66.140401,18.464446],[-66.140487,18.464396],[-66.140564,18.464334],[-66.140687,18.464221],[-66.140807,18.464137],[-66.140943,18.464059],[-66.141082,18.463992],[-66.141182,18.463953],[-66.141276,18.463921],[-66.141477,18.463875],[-66.141599,18.46384],[-66.141953,18.463706],[-66.14231,18.463597]]]}},{"type":"Feature","properties":{"OBJECTID":683660,"DFIRM_ID":"72000C","FLD_ZONE":"AE","ZONE_SUBTY":null,"SFHA_TF":"T","STATIC_BFE":2.1,"V_DATUM":"MSL","LEN_UNIT":"Meters","SOURCE_CIT":"72000C_FIS1"},"geometry":{"type":"Polygon","coordinates":[[[-66.195385,18.464626],[-66.195383,18.464597],[-66.195373,18.464521],[-66.19536,18.46446],[-66.195342,18.464407],[-66.195324,18.46437],[-66.195304,18.464338],[-66.195278,18.464308],[-66.195247,18.464279],[-66.195209,18.46425],[-66.195165,18.464224],[-66.195118,18.4642],[-66.195069,18.46418],[-66.195044,18.464172],[-66.195017,18.464165],[-66.194956,18.464157],[-66.194906,18.464154],[-66.194775,18.464149],[-66.194637,18.464134],[-66.194607,18.464134],[-66.194581,18.464135],[-66.19456,18.464139],[-66.194541,18.464145],[-66.194523,18.464153],[-66.194502,18.464164],[-66.194481,18.46418],[-66.194461,18.464197],[-66.194441,18.464216],[-66.194424,18.464237],[-66.194403,18.464268],[-66.194393,18.464292],[-66.194388,18.464319],[-66.194381,18.464386],[-66.194377,18.464403],[-66.194372,18.464417],[-66.194362,18.464434],[-66.194349,18.464451],[-66.194332,18.464467],[-66.194312,18.464483],[-66.194279,18.464503],[-66.19424,18.464521],[-66.194195,18.464537],[-66.194147,18.46455],[-66.194096,18.464561],[-66.19405,18.464566],[-66.194004,18.464568],[-66.193961,18.464566],[-66.193923,18.46456],[-66.193895,18.464552],[-66.193866,18.46454],[-66.193796,18.464506],[-66.193758,18.464492],[-66.193708,18.464482],[-66.193603,18.464468],[-66.193562,18.464461],[-66.193521,18.464449],[-66.193504,18.464442],[-66.19349,18.464433],[-66.193475,18.464422],[-66.193465,18.464412],[-66.193455,18.464397],[-66.193447,18.46438],[-66.193435,18.464343],[-66.193413,18.464253],[-66.1934,18.464217],[-66.193392,18.464204],[-66.193384,18.464193],[-66.193374,18.464185],[-66.193364,18.464179],[-66.193351,18.464174],[-66.193335,18.464171],[-66.193299,18.464169],[-66.193265,18.464171],[-66.193186,18.464178],[-66.193094,18.464183],[-66.193049,18.464189],[-66.193014,18.4642],[-66.193,18.464207],[-66.192985,18.464216],[-66.192955,18.464241],[-66.192938,18.46426],[-66.192922,18.46428],[-66.192908,18.464302],[-66.192897,18.464322],[-66.19289,18.46435],[-66.192884,18.464419],[-66.192879,18.464434],[-66.192873,18.464446],[-66.192861,18.464458],[-66.192842,18.464469],[-66.192818,18.464478],[-66.19279,18.464483],[-66.192765,18.464486],[-66.19274,18.464486],[-66.192716,18.464484],[-66.192698,18.46448],[-66.192684,18.464474],[-66.19267,18.464465],[-66.192617,18.464426],[-66.192594,18.464412],[-66.192567,18.464402],[-66.192534,18.464396],[-66.192509,18.464395],[-66.192481,18.464395],[-66.192374,18.464405],[-66.192329,18.464406],[-66.192253,18.464401],[-66.192085,18.464381],[-66.192011,18.464375],[-66.191915,18.464375],[-66.19179,18.464369],[-66.191754,18.464371],[-66.191725,18.464377],[-66.191709,18.464384],[-66.191697,18.464393],[-66.191688,18.464404],[-66.19168,18.464419],[-66.191673,18.464443],[-66.191669,18.464469],[-66.191669,18.464495],[-66.191672,18.464516],[-66.191676,18.464527],[-66.191683,18.464538],[-66.191703,18.46456],[-66.191729,18.464581],[-66.19179,18.464624],[-66.191809,18.464641],[-66.191816,18.464652],[-66.191819,18.464663],[-66.191818,18.464672],[-66.191813,18.464681],[-66.191798,18.464693],[-66.191773,18.464703],[-66.19174,18.464711],[-66.191697,18.464717],[-66.191646,18.46472],[-66.191588,18.464721],[-66.191524,18.464719],[-66.191456,18.464715],[-66.191375,18.464707],[-66.191298,18.464696],[-66.191234,18.464685],[-66.191171,18.46467],[-66.191099,18.46465],[-66.19104,18.464631],[-66.19099,18.464609],[-66.190947,18.464586],[-66.190911,18.464561],[-66.190881,18.464534],[-66.190847,18.464494],[-66.19082,18.464455],[-66.190808,18.464433],[-66.190803,18.464417],[-66.190798,18.464395],[-66.19079,18.464329],[-66.190785,18.464311],[-66.190777,18.464297],[-66.190764,18.464283],[-66.190746,18.46427],[-66.190724,18.46426],[-66.190697,18.46425],[-66.190601,18.464225],[-66.190503,18.464197],[-66.190425,18.464181],[-66.190367,18.464174],[-66.190277,18.464179],[-66.190257,18.464178],[-66.190239,18.464176],[-66.19021,18.464166],[-66.190156,18.464137],[-66.190132,18.464126],[-66.190094,18.464115],[-66.190052,18.464108],[-66.190004,18.464105],[-66.189949,18.464107],[-66.189895,18.464111],[-66.189762,18.464126],[-66.189692,18.46413],[-66.189639,18.464129],[-66.189558,18.464123],[-66.189522,18.464118],[-66.189491,18.46411],[-66.189462,18.464096],[-66.189436,18.464079],[-66.189371,18.46403],[-66.189352,18.464019],[-66.189335,18.46401],[-66.189316,18.464003],[-66.189294,18.463997],[-66.189198,18.463983],[-66.189157,18.463973],[-66.189119,18.463954],[-66.189036,18.463905],[-66.189,18.463889],[-66.188975,18.463884],[-66.188952,18.463883],[-66.188929,18.463886],[-66.188876,18.463898],[-66.188851,18.4639],[-66.188831,18.463899],[-66.188807,18.463892],[-66.188726,18.463857],[-66.188695,18.463841],[-66.188665,18.463822],[-66.188632,18.4638],[-66.188598,18.463775],[-66.188525,18.463713],[-66.188359,18.463555],[-66.188321,18.463515],[-66.188268,18.463451],[-66.18815,18.463296],[-66.188119,18.463259],[-66.188089,18.463227],[-66.188062,18.4632],[-66.188034,18.463176],[-66.187987,18.463141],[-66.18794,18.463103],[-66.18792,18.463089],[-66.187904,18.46308],[-66.187889,18.463075],[-66.187876,18.463074],[-66.187865,18.463077],[-66.187856,18.463083],[-66.187846,18.463093],[-66.187812,18.463139],[-66.187796,18.463156],[-66.187779,18.463165],[-66.187757,18.463169],[-66.187738,18.463167],[-66.187716,18.463163],[-66.187594,18.463132],[-66.187572,18.463124],[-66.187554,18.463115],[-66.187538,18.463105],[-66.187525,18.463093],[-66.18751,18.463073],[-66.187496,18.463047],[-66.18746,18.462955],[-66.187413,18.462853],[-66.187404,18.462828],[-66.187398,18.462806],[-66.187395,18.462786],[-66.187395,18.462767],[-66.187398,18.462753],[-66.187404,18.462739],[-66.187414,18.462724],[-66.187428,18.462708],[-66.187462,18.46268],[-66.187556,18.462609],[-66.187578,18.462589],[-66.187593,18.46257],[-66.187602,18.462549],[-66.187604,18.462539],[-66.187603,18.462529],[-66.187595,18.462504],[-66.187579,18.462475],[-66.187528,18.462405],[-66.187454,18.462325],[-66.187421,18.462282],[-66.1874,18.46225],[-66.187378,18.462213],[-66.187296,18.462052],[-66.187256,18.461983],[-66.187184,18.461874],[-66.187136,18.461807],[-66.187089,18.461749],[-66.187043,18.4617],[-66.186988,18.461652],[-66.186922,18.461602],[-66.186758,18.461494],[-66.186651,18.46142],[-66.186599,18.461387],[-66.186551,18.461361],[-66.186505,18.461342],[-66.186436,18.461322],[-66.186374,18.461308],[-66.186325,18.461302],[-66.186304,18.461302],[-66.186287,18.461303],[-66.186275,18.461307],[-66.186265,18.461312],[-66.186257,18.46132],[-66.186252,18.46133],[-66.186248,18.461344],[-66.186247,18.46136],[-66.186251,18.461401],[-66.18626,18.461446],[-66.186289,18.461564],[-66.1863,18.461622],[-66.186303,18.461665],[-66.186299,18.461701],[-66.186295,18.461716],[-66.18629,18.46173],[-66.186282,18.461742],[-66.186273,18.461753],[-66.186252,18.461771],[-66.186192,18.461812],[-66.186179,18.461824],[-66.186169,18.461836],[-66.186155,18.461858],[-66.186144,18.461884],[-66.186135,18.461912],[-66.18613,18.461939],[-66.186128,18.461961],[-66.186129,18.461982],[-66.186133,18.462],[-66.186139,18.462014],[-66.186148,18.462025],[-66.186162,18.462037],[-66.186229,18.462076],[-66.186251,18.462093],[-66.186259,18.462103],[-66.186262,18.462113],[-66.186262,18.462125],[-66.186259,18.462139],[-66.18625,18.462158],[-66.186236,18.462181],[-66.186176,18.462258],[-66.186162,18.462274],[-66.186126,18.462308],[-66.186037,18.462379],[-66.186003,18.462412],[-66.185991,18.462428],[-66.185981,18.462445],[-66.185975,18.46246],[-66.18597,18.46248],[-66.185967,18.462504],[-66.185966,18.46253],[-66.185967,18.462558],[-66.185971,18.462587],[-66.185977,18.462617],[-66.185985,18.462649],[-66.185995,18.46268],[-66.186007,18.462709],[-66.18602,18.462731],[-66.186039,18.462754],[-66.186061,18.462775],[-66.186117,18.462824],[-66.186141,18.46285],[-66.186151,18.462863],[-66.186158,18.462877],[-66.186163,18.462889],[-66.186165,18.462902],[-66.186164,18.462926],[-66.186157,18.462953],[-66.186144,18.462983],[-66.186126,18.463017],[-66.186099,18.463061],[-66.186069,18.463101],[-66.18604,18.463136],[-66.186013,18.463163],[-66.185989,18.463182],[-66.185968,18.463192],[-66.185958,18.463194],[-66.185951,18.463194],[-66.185944,18.463191],[-66.185936,18.463187],[-66.185925,18.463174],[-66.185912,18.463155],[-66.185871,18.463068],[-66.185852,18.463036],[-66.185842,18.463022],[-66.185832,18.463011],[-66.185822,18.463003],[-66.185811,18.462998],[-66.185799,18.462996],[-66.185784,18.462996],[-66.185722,18.46301],[-66.185655,18.463019],[-66.185619,18.463022],[-66.185596,18.463021],[-66.185577,18.463018],[-66.185562,18.463013],[-66.18555,18.463004],[-66.185537,18.462988],[-66.185527,18.462965],[-66.185519,18.462939],[-66.185505,18.462874],[-66.185496,18.462845],[-66.185432,18.462698],[-66.185409,18.462651],[-66.185386,18.462611],[-66.185365,18.462578],[-66.185343,18.462549],[-66.185282,18.462483],[-66.185274,18.462475],[-66.185244,18.462439],[-66.185216,18.462398],[-66.18519,18.462341],[-66.185048,18.461906],[-66.185005,18.461953],[-66.184971,18.462003],[-66.184948,18.462051],[-66.184935,18.462102],[-66.184929,18.46218],[-66.184934,18.462315],[-66.184942,18.462385],[-66.184957,18.462461],[-66.184987,18.462568],[-66.185065,18.462813],[-66.185192,18.46314],[-66.185232,18.463255],[-66.185329,18.463622],[-66.185362,18.463734],[-66.185494,18.464065],[-66.185537,18.464192],[-66.185642,18.464571],[-66.185765,18.464946],[-66.185829,18.46517],[-66.1859,18.465452],[-66.185948,18.465697],[-66.185978,18.465932],[-66.185989,18.466253],[-66.185998,18.466375],[-66.186089,18.467022],[-66.186164,18.467738],[-66.186184,18.46798],[-66.186192,18.46817],[-66.18619,18.468391],[-66.18618,18.468718],[-66.186159,18.468968],[-66.18616,18.469066],[-66.186181,18.469213],[-66.186197,18.469274],[-66.186223,18.469321],[-66.186269,18.469361],[-66.186303,18.46938],[-66.186336,18.469392],[-66.186372,18.469398],[-66.186411,18.469398],[-66.186446,18.469392],[-66.186483,18.469379],[-66.18652,18.46936],[-66.186553,18.469338],[-66.186592,18.469297],[-66.186638,18.469233],[-66.186715,18.469066],[-66.186733,18.469033],[-66.186819,18.468876],[-66.186903,18.46874],[-66.187009,18.468595],[-66.187118,18.468478],[-66.187209,18.468403],[-66.187319,18.468331],[-66.18739,18.468298],[-66.187579,18.468228],[-66.187683,18.46817],[-66.187841,18.468055],[-66.18803,18.467869],[-66.188112,18.467801],[-66.188207,18.467743],[-66.188437,18.467626],[-66.188577,18.467544],[-66.188639,18.467502],[-66.188683,18.467464],[-66.188722,18.46742],[-66.188826,18.467251],[-66.188868,18.467194],[-66.188959,18.4671],[-66.189029,18.467043],[-66.18909,18.467011],[-66.189168,18.466985],[-66.189395,18.466931],[-66.189602,18.466893],[-66.189701,18.466862],[-66.189784,18.466818],[-66.189883,18.466755],[-66.190063,18.466613],[-66.190178,18.466514],[-66.19025,18.466467],[-66.190426,18.466397],[-66.190661,18.46633],[-66.190749,18.4663],[-66.191002,18.466177],[-66.191235,18.466079],[-66.191192,18.46608],[-66.19113,18.466061],[-66.191069,18.466033],[-66.191024,18.466003],[-66.191016,18.465999],[-66.191009,18.465993],[-66.191002,18.465984],[-66.190995,18.465971],[-66.190973,18.465908],[-66.190967,18.465898],[-66.190957,18.465885],[-66.190941,18.465868],[-66.19092,18.465849],[-66.190839,18.465789],[-66.190811,18.465765],[-66.190788,18.46574],[-66.190781,18.465728],[-66.190776,18.465716],[-66.190773,18.465699],[-66.190776,18.465681],[-66.190782,18.465667],[-66.190805,18.465629],[-66.190812,18.465605],[-66.190815,18.465577],[-66.190814,18.46551],[-66.190815,18.465494],[-66.190818,18.465482],[-66.190825,18.465468],[-66.190837,18.465455],[-66.190852,18.465444],[-66.190871,18.465435],[-66.190896,18.465428],[-66.190926,18.465423],[-66.190965,18.465419],[-66.191088,18.465411],[-66.191242,18.465385],[-66.191284,18.465382],[-66.191319,18.465385],[-66.191335,18.465389],[-66.19135,18.465395],[-66.191362,18.465401],[-66.191374,18.46541],[-66.191399,18.465436],[-66.191451,18.465505],[-66.191476,18.465533],[-66.19149,18.465545],[-66.191509,18.465557],[-66.191559,18.465582],[-66.191595,18.465596],[-66.191634,18.465607],[-66.191673,18.465616],[-66.191713,18.465621],[-66.191751,18.465624],[-66.191787,18.465624],[-66.191819,18.46562],[-66.191854,18.465613],[-66.191907,18.465598],[-66.192013,18.46556],[-66.192137,18.46552],[-66.192185,18.4655],[-66.192221,18.465478],[-66.192237,18.465464],[-66.19225,18.46545],[-66.192259,18.465434],[-66.192267,18.465416],[-66.192272,18.465394],[-66.192276,18.465369],[-66.192282,18.46526],[-66.192288,18.465216],[-66.192294,18.465195],[-66.192302,18.465178],[-66.192313,18.465162],[-66.192328,18.465144],[-66.192356,18.465119],[-66.192389,18.465096],[-66.192428,18.465074],[-66.192472,18.465053],[-66.192522,18.465035],[-66.192576,18.465019],[-66.192634,18.465005],[-66.192682,18.464998],[-66.192717,18.464997],[-66.192754,18.465],[-66.192794,18.465007],[-66.192836,18.465019],[-66.192914,18.465047],[-66.193098,18.465126],[-66.193145,18.465143],[-66.193188,18.465156],[-66.19324,18.465167],[-66.193375,18.465187],[-66.19343,18.465193],[-66.193469,18.465195],[-66.193504,18.465195],[-66.193537,18.465191],[-66.193567,18.465185],[-66.193586,18.465179],[-66.193606,18.46517],[-66.193679,18.465129],[-66.193709,18.465115],[-66.193743,18.465105],[-66.193785,18.4651],[-66.193849,18.4651],[-66.193969,18.46511],[-66.194012,18.465116],[-66.194111,18.465133],[-66.19416,18.465139],[-66.194303,18.465143],[-66.194343,18.465141],[-66.194376,18.465136],[-66.194407,18.465126],[-66.19442,18.465118],[-66.194431,18.46511],[-66.194442,18.465099],[-66.194451,18.465086],[-66.194468,18.465053],[-66.194484,18.465002],[-66.194497,18.464937],[-66.194498,18.464908],[-66.194494,18.46485],[-66.194494,18.464826],[-66.194496,18.464806],[-66.194504,18.464768],[-66.194517,18.464729],[-66.194531,18.4647],[-66.194546,18.464681],[-66.194556,18.464674],[-66.194566,18.464669],[-66.194582,18.464665],[-66.194601,18.464662],[-66.194622,18.464662],[-66.194645,18.464664],[-66.194697,18.464675],[-66.194754,18.464693],[-66.194797,18.464712],[-66.194819,18.464725],[-66.19484,18.464744],[-66.19489,18.464795],[-66.194905,18.464807],[-66.194919,18.464816],[-66.194941,18.464826],[-66.194968,18.464836],[-66.194997,18.464843],[-66.195027,18.464848],[-66.195062,18.464851],[-66.195096,18.46485],[-66.195135,18.464846],[-66.195174,18.464837],[-66.195214,18.464824],[-66.195251,18.464809],[-66.195285,18.464791],[-66.195315,18.464771],[-66.195345,18.464745],[-66.195357,18.464731],[-66.195366,18.464716],[-66.195373,18.464703],[-66.195378,18.464688],[-66.195384,18.464653],[-66.195385,18.464626]]]}},{"type":"Feature","properties":{"OBJECTID":683794,"DFIRM_ID":"72000C","FLD_ZONE":"VE","ZONE_SUBTY":null,"SFHA_TF":"T","STATIC_BFE":6.1,"V_DATUM":"MSL","LEN_UNIT":"Meters","SOURCE_CIT":"72000C_FIS1"},"geometry":{"type":"Polygon","coordinates":[[[-66.141524,18.47653],[-66.141478,18.476497],[-66.141392,18.476435],[-66.13994,18.475161],[-66.139735,18.474982],[-66.139714,18.475003],[-66.139689,18.475013],[-66.139661,18.475011],[-66.139614,18.474995],[-66.139518,18.474948],[-66.13942,18.474889],[-66.139292,18.474804],[-66.139192,18.474751],[-66.139108,18.474719],[-66.139001,18.474687],[-66.138899,18.47466],[-66.138778,18.474634],[-66.138697,18.474609],[-66.138583,18.47456],[-66.138477,18.474497],[-66.138403,18.474436],[-66.138338,18.474366],[-66.138296,18.474299],[-66.138235,18.47417],[-66.138196,18.474115],[-66.138144,18.474052],[-66.138068,18.473974],[-66.137951,18.473892],[-66.13789,18.473829],[-66.137864,18.473778],[-66.137842,18.473709],[-66.13781,18.473523],[-66.137789,18.473451],[-66.137743,18.47337],[-66.137658,18.473284],[-66.137558,18.473197],[-66.137474,18.473133],[-66.137374,18.473068],[-66.137261,18.473005],[-66.137098,18.472927],[-66.136886,18.472836],[-66.136737,18.472777],[-66.136578,18.472722],[-66.136559,18.472737],[-66.136522,18.472748],[-66.136474,18.472747],[-66.136274,18.472709],[-66.136199,18.472703],[-66.136147,18.47271],[-66.136035,18.472748],[-66.135984,18.472751],[-66.135938,18.47274],[-66.135899,18.472722],[-66.135863,18.472695],[-66.135787,18.472621],[-66.135728,18.472578],[-66.135629,18.47252],[-66.135537,18.472482],[-66.135439,18.472456],[-66.135318,18.472433],[-66.135099,18.472411],[-66.134936,18.472406],[-66.134891,18.472398],[-66.134853,18.472384],[-66.134802,18.472351],[-66.134673,18.472245],[-66.134557,18.47219],[-66.134522,18.472169],[-66.134485,18.472135],[-66.134411,18.472053],[-66.134377,18.472024],[-66.134338,18.472003],[-66.134245,18.471963],[-66.134212,18.471944],[-66.134189,18.471915],[-66.134189,18.471874],[-66.134204,18.471824],[-66.134094,18.471749],[-66.132769,18.470842],[-66.131416,18.469956],[-66.131345,18.469909],[-66.131905,18.472115],[-66.133367,18.474197],[-66.134574,18.474992],[-66.136217,18.475913],[-66.137612,18.476741],[-66.139009,18.477359],[-66.139977,18.477524],[-66.140668,18.477355],[-66.141238,18.476915],[-66.141524,18.47653]]]}},{"type":"Feature","properties":{"OBJECTID":683935,"DFIRM_ID":"72000C","FLD_ZONE":"VE","ZONE_SUBTY":null,"SFHA_TF":"T","STATIC_BFE":2.7,"V_DATUM":"MSL","LEN_UNIT":"Meters","SOURCE_CIT":"72000C_FIS1"},"geometry":{"type":"Polygon","coordinates":[[[-66.19899230141799,18.466374193931124],[-66.198885,18.466335],[-66.198796,18.466296],[-66.198724,18.466257],[-66.198652,18.466213],[-66.198578,18.466161],[-66.198502,18.466102],[-66.19836,18.465978],[-66.198101,18.465734],[-66.197995,18.465638],[-66.197883,18.465545],[-66.197778,18.465468],[-66.197723,18.465433],[-66.197668,18.465401],[-66.197613,18.465373],[-66.197558,18.465348],[-66.197404,18.465285],[-66.19736,18.465277],[-66.197316,18.465271],[-66.197272,18.465267],[-66.197229,18.465264],[-66.197185,18.465262],[-66.197142,18.465263],[-66.197099,18.465265],[-66.197056,18.465268],[-66.197005,18.465275],[-66.196948,18.465286],[-66.196683,18.465349],[-66.196612,18.465366],[-66.196541,18.465386],[-66.196478,18.465405],[-66.196421,18.465426],[-66.196368,18.465447],[-66.196315,18.465472],[-66.196269,18.465497],[-66.196232,18.465522],[-66.196137,18.46559],[-66.19612,18.465601],[-66.196066,18.465611],[-66.196005,18.465614],[-66.195119,18.46552],[-66.195116,18.465519],[-66.195069,18.46551],[-66.195024,18.465502],[-66.194981,18.465497],[-66.194939,18.465494],[-66.194899,18.465492],[-66.19476,18.465493],[-66.194596,18.465498],[-66.194399,18.465509],[-66.194284,18.465517],[-66.194169,18.465526],[-66.194049,18.465537],[-66.193926,18.46555],[-66.193795,18.465565],[-66.19366,18.465582],[-66.193548,18.465598],[-66.193431,18.465616],[-66.193195,18.465656],[-66.193035,18.465684],[-66.192697,18.465747],[-66.192274,18.46582],[-66.192118,18.465848],[-66.192008,18.465869],[-66.191908,18.465889],[-66.191813,18.46591],[-66.191724,18.465932],[-66.191625,18.465958],[-66.191531,18.465985],[-66.191441,18.466014],[-66.191354,18.466045],[-66.191288,18.466071],[-66.191276,18.466076],[-66.191235,18.466079],[-66.191002,18.466177],[-66.190749,18.4663],[-66.190661,18.46633],[-66.190426,18.466397],[-66.19025,18.466467],[-66.190178,18.466514],[-66.190063,18.466613],[-66.189883,18.466755],[-66.189784,18.466818],[-66.189701,18.466862],[-66.189602,18.466893],[-66.189395,18.466931],[-66.189168,18.466985],[-66.18909,18.467011],[-66.189029,18.467043],[-66.188959,18.4671],[-66.188868,18.467194],[-66.188826,18.467251],[-66.188722,18.46742],[-66.188683,18.467464],[-66.188639,18.467502],[-66.188577,18.467544],[-66.188437,18.467626],[-66.188207,18.467743],[-66.188112,18.467801],[-66.18803,18.467869],[-66.187841,18.468055],[-66.187683,18.46817],[-66.187579,18.468228],[-66.18739,18.468298],[-66.187319,18.468331],[-66.187209,18.468403],[-66.187118,18.468478],[-66.187009,18.468595],[-66.186903,18.46874],[-66.186819,18.468876],[-66.186733,18.469033],[-66.18686,18.46903],[-66.187,18.469001],[-66.187098,18.468951],[-66.187168,18.46892],[-66.187309,18.468793],[-66.187552,18.468543],[-66.18761,18.468489],[-66.187685,18.468426],[-66.187824,18.468318],[-66.187988,18.468201],[-66.188351,18.467974],[-66.188724,18.467716],[-66.188845,18.467635],[-66.188943,18.467573],[-66.189099,18.467481],[-66.189301,18.46737],[-66.189372,18.467335],[-66.189435,18.467306],[-66.189526,18.467273],[-66.189703,18.467218],[-66.189774,18.467194],[-66.189941,18.467129],[-66.190092,18.467065],[-66.19022,18.467004],[-66.190502,18.466854],[-66.190658,18.466781],[-66.190812,18.466714],[-66.190987,18.466643],[-66.19116,18.46658],[-66.191332,18.466523],[-66.191484,18.46648],[-66.191898,18.466377],[-66.192345,18.46628],[-66.1925,18.466244],[-66.192661,18.466202],[-66.192884,18.466136],[-66.192974,18.466111],[-66.193104,18.466081],[-66.193262,18.46605],[-66.193434,18.466019],[-66.193596,18.465994],[-66.193781,18.465968],[-66.193966,18.465946],[-66.194144,18.465927],[-66.194321,18.465912],[-66.194497,18.4659],[-66.194671,18.465891],[-66.194873,18.465885],[-66.195079,18.465883],[-66.195274,18.465886],[-66.195462,18.465892],[-66.195654,18.465902],[-66.195785,18.465912],[-66.195863,18.465922],[-66.196034,18.465951],[-66.196124,18.465958],[-66.196212,18.465957],[-66.196418,18.465946],[-66.196656,18.465944],[-66.196882,18.465947],[-66.197088,18.465959],[-66.197342,18.465983],[-66.197584,18.466016],[-66.19784,18.466058],[-66.197983,18.466085],[-66.198143,18.466136],[-66.198391,18.466277],[-66.198708,18.466477],[-66.198779,18.466526],[-66.198894,18.466606],[-66.19893473066642,18.466637473696778],[-66.19893700003597,18.46662700011435],[-66.19899230141799,18.466374193931124]]]}},{"type":"Feature","properties":{"OBJECTID":684014,"DFIRM_ID":"72000C","FLD_ZONE":"VE","ZONE_SUBTY":null,"SFHA_TF":"T","STATIC_BFE":3,"V_DATUM":"MSL","LEN_UNIT":"Meters","SOURCE_CIT":"72000C_FIS1"},"geometry":{"type":"Polygon","coordinates":[[[-66.180513,18.455475],[-66.180104,18.455145],[-66.179857,18.454952],[-66.179515,18.454684],[-66.178989,18.454353],[-66.178246,18.453923],[-66.178112,18.453834],[-66.178005,18.453773],[-66.177357,18.453907],[-66.175268,18.454339],[-66.171054,18.455494],[-66.170934,18.455527],[-66.171688,18.455674],[-66.172903,18.455961],[-66.173867,18.456261],[-66.173981,18.456239],[-66.176363,18.455774],[-66.179683,18.455519],[-66.179848,18.455506],[-66.180174,18.455519],[-66.180513,18.455475]]]}},{"type":"Feature","properties":{"OBJECTID":684061,"DFIRM_ID":"72000C","FLD_ZONE":"VE","ZONE_SUBTY":null,"SFHA_TF":"T","STATIC_BFE":2.7,"V_DATUM":"MSL","LEN_UNIT":"Meters","SOURCE_CIT":"72000C_FIS1"},"geometry":{"type":"Polygon","coordinates":[[[-66.178005,18.453773],[-66.177428,18.453445],[-66.176592,18.452951],[-66.176449,18.452876],[-66.175515,18.45241],[-66.175398,18.452361],[-66.175234,18.452249],[-66.175162,18.452156],[-66.175067,18.452162],[-66.174973,18.45216],[-66.174887,18.452152],[-66.174811,18.452135],[-66.174708,18.4521],[-66.174512,18.452017],[-66.173771,18.451727],[-66.173569,18.451657],[-66.173304,18.451574],[-66.173062,18.451505],[-66.172812,18.45144],[-66.172354,18.451337],[-66.172188,18.451296],[-66.171708,18.451157],[-66.171444,18.451093],[-66.170866,18.450976],[-66.170254,18.450892],[-66.169535,18.450808],[-66.168889,18.450717],[-66.168392,18.450703],[-66.168015,18.450684],[-66.167437,18.450676],[-66.167148,18.450695],[-66.166752,18.450682],[-66.166669,18.450694],[-66.166546,18.450712],[-66.166442,18.450738],[-66.166375,18.450733],[-66.166367,18.450738],[-66.166276,18.450773],[-66.166192,18.450782],[-66.165995,18.450777],[-66.165688,18.450799],[-66.165513,18.450806],[-66.165267,18.450808],[-66.165053,18.450797],[-66.164962,18.450798],[-66.164866,18.450811],[-66.164708,18.450863],[-66.164628,18.450875],[-66.164578,18.450876],[-66.164529,18.450866],[-66.164477,18.450839],[-66.164431,18.4508],[-66.164399,18.450756],[-66.164382,18.450699],[-66.164378,18.450601],[-66.164392,18.450478],[-66.164407,18.450419],[-66.164406,18.450398],[-66.164397,18.450381],[-66.164377,18.450364],[-66.164279,18.450308],[-66.164232,18.450293],[-66.164176,18.450281],[-66.164008,18.450259],[-66.163733,18.450211],[-66.163571,18.45019],[-66.163281,18.450174],[-66.162846,18.45017],[-66.162766,18.450182],[-66.162203,18.45027],[-66.162126,18.450287],[-66.161961,18.450314],[-66.161858,18.450336],[-66.161817,18.450345],[-66.161647,18.450388],[-66.161451,18.450445],[-66.161368,18.450472],[-66.160834,18.450645],[-66.160799,18.450657],[-66.16071,18.450675],[-66.160439,18.450714],[-66.160436,18.450714],[-66.160363,18.450735],[-66.160309,18.450763],[-66.16026,18.450786],[-66.160243,18.450794],[-66.160236,18.450798],[-66.160171,18.450833],[-66.160102,18.450876],[-66.160046,18.450913],[-66.159973,18.450959],[-66.159908,18.45101],[-66.159847,18.451051],[-66.159769,18.451075],[-66.159661,18.451092],[-66.159523,18.45112],[-66.159403,18.45117],[-66.159347,18.451223],[-66.159269,18.451272],[-66.1592,18.451338],[-66.159131,18.451408],[-66.159074,18.451482],[-66.158997,18.451548],[-66.15891,18.451601],[-66.158846,18.451667],[-66.158794,18.451761],[-66.158742,18.451881],[-66.158694,18.452033],[-66.158629,18.452127],[-66.158518,18.452224],[-66.158303,18.452273],[-66.158121,18.452299],[-66.157714,18.452332],[-66.157545,18.452358],[-66.157405,18.452395],[-66.157235,18.452461],[-66.156982,18.452582],[-66.156697,18.452743],[-66.156602,18.452782],[-66.156486,18.45282],[-66.156216,18.452997],[-66.155936,18.453158],[-66.155782,18.453237],[-66.155483,18.45338],[-66.15527,18.453472],[-66.155103,18.453532],[-66.154922,18.453585],[-66.154846,18.453594],[-66.154651,18.453596],[-66.154587,18.453607],[-66.154515,18.453626],[-66.154252,18.453717],[-66.153949,18.453799],[-66.153814,18.453843],[-66.153625,18.453919],[-66.153297,18.454068],[-66.153218,18.454111],[-66.153164,18.454156],[-66.15313,18.454199],[-66.153093,18.454256],[-66.153054,18.454318],[-66.152957,18.454431],[-66.152904,18.454469],[-66.152834,18.454499],[-66.152474,18.454727],[-66.152632,18.454734],[-66.152824,18.454765],[-66.152855,18.45477],[-66.156471,18.456904],[-66.156892,18.457044],[-66.15696,18.457067],[-66.158347,18.45646],[-66.159164,18.456234],[-66.160268,18.455712],[-66.161338,18.45534],[-66.162437,18.455087],[-66.163565,18.454955],[-66.165849,18.454989],[-66.167569,18.455045],[-66.168911,18.455214],[-66.170191,18.455383],[-66.170934,18.455527],[-66.171054,18.455494],[-66.175268,18.454339],[-66.177357,18.453907],[-66.178005,18.453773]]]}},{"type":"Feature","properties":{"OBJECTID":684126,"DFIRM_ID":"72000C","FLD_ZONE":"AE","ZONE_SUBTY":null,"SFHA_TF":"T","STATIC_BFE":-9999,"V_DATUM":"","LEN_UNIT":"","SOURCE_CIT":"72000C_FIS1"},"geometry":{"type":"Polygon","coordinates":[[[-66.257528,18.448018],[-66.257525,18.44799],[-66.257523,18.447963],[-66.257518,18.44793],[-66.257512,18.447896],[-66.257505,18.447865],[-66.257497,18.447831],[-66.25749,18.447803],[-66.257479,18.447767],[-66.257449,18.447676],[-66.257413,18.447576],[-66.257401,18.447548],[-66.257388,18.447518],[-66.257369,18.447469],[-66.257353,18.447433],[-66.257335,18.447395],[-66.25731,18.447354],[-66.257286,18.447302],[-66.257264,18.447257],[-66.257245,18.447218],[-66.257227,18.447181],[-66.257208,18.447139],[-66.257188,18.447096],[-66.25717,18.447052],[-66.257152,18.447018],[-66.257131,18.446982],[-66.257111,18.446947],[-66.257089,18.446912],[-66.257066,18.446877],[-66.257048,18.446844],[-66.257031,18.446816],[-66.257006,18.44677],[-66.256987,18.446714],[-66.256957,18.446642],[-66.256934,18.446615],[-66.256908,18.446584],[-66.256886,18.446561],[-66.256865,18.446535],[-66.256847,18.446512],[-66.256794,18.44645],[-66.25677,18.446427],[-66.256745,18.446397],[-66.256719,18.446365],[-66.256693,18.446335],[-66.25667,18.446305],[-66.256648,18.446277],[-66.256625,18.446252],[-66.2566,18.446217],[-66.256575,18.446185],[-66.256555,18.44616],[-66.256509,18.446096],[-66.25649,18.446059],[-66.256474,18.446031],[-66.256455,18.445995],[-66.256443,18.44597],[-66.256431,18.445944],[-66.25642,18.445915],[-66.256403,18.445861],[-66.256394,18.445813],[-66.256392,18.445804],[-66.256388,18.445773],[-66.256387,18.445746],[-66.256386,18.445708],[-66.256386,18.445677],[-66.256388,18.445642],[-66.256392,18.445597],[-66.256394,18.44557],[-66.256399,18.445537],[-66.256404,18.445505],[-66.256408,18.445478],[-66.256414,18.44544],[-66.256423,18.445401],[-66.25643,18.445371],[-66.256438,18.445337],[-66.256452,18.445282],[-66.256464,18.445234],[-66.256477,18.445185],[-66.256485,18.445148],[-66.256492,18.445116],[-66.256501,18.445083],[-66.256509,18.445051],[-66.256525,18.444989],[-66.256534,18.444959],[-66.256543,18.444933],[-66.25655,18.444903],[-66.256559,18.44487],[-66.256571,18.444829],[-66.25658,18.444794],[-66.25659,18.44475],[-66.256602,18.444694],[-66.25661,18.444652],[-66.256617,18.444618],[-66.256624,18.44458],[-66.25663,18.444549],[-66.256636,18.444516],[-66.256639,18.444482],[-66.256644,18.444441],[-66.256649,18.444409],[-66.256654,18.444375],[-66.256659,18.444342],[-66.256661,18.444315],[-66.256664,18.444279],[-66.256664,18.444239],[-66.256663,18.444203],[-66.256662,18.444153],[-66.256658,18.444117],[-66.256653,18.444084],[-66.256648,18.44405],[-66.256644,18.444021],[-66.256636,18.443979],[-66.256624,18.443929],[-66.256616,18.443896],[-66.256607,18.443858],[-66.2566,18.443826],[-66.256593,18.443799],[-66.256588,18.443764],[-66.256579,18.443717],[-66.256574,18.443688],[-66.256567,18.443643],[-66.256562,18.443616],[-66.256556,18.443585],[-66.256549,18.443552],[-66.25654,18.443516],[-66.256533,18.443486],[-66.256525,18.443459],[-66.256511,18.443421],[-66.2565,18.443396],[-66.256486,18.443365],[-66.256468,18.443331],[-66.256448,18.443299],[-66.256432,18.443268],[-66.256412,18.443239],[-66.256387,18.443204],[-66.256363,18.443167],[-66.256341,18.443138],[-66.256316,18.443108],[-66.256294,18.443076],[-66.256245,18.443017],[-66.256218,18.442985],[-66.256156,18.442917],[-66.256129,18.442881],[-66.256105,18.442851],[-66.256084,18.442827],[-66.256065,18.442804],[-66.256047,18.442782],[-66.256027,18.442758],[-66.256004,18.442724],[-66.255985,18.442698],[-66.255968,18.442675],[-66.25595,18.442646],[-66.255928,18.442615],[-66.25591,18.442581],[-66.255892,18.442551],[-66.255867,18.442508],[-66.255845,18.442474],[-66.255822,18.442435],[-66.255797,18.442389],[-66.255761,18.442331],[-66.255738,18.442294],[-66.255709,18.442253],[-66.255674,18.442203],[-66.255658,18.442178],[-66.255639,18.442154],[-66.25561,18.442107],[-66.2556,18.442093],[-66.255583,18.442069],[-66.255558,18.442034],[-66.255535,18.442002],[-66.255512,18.441971],[-66.255489,18.441942],[-66.255467,18.441911],[-66.255444,18.44188],[-66.255416,18.441843],[-66.255401,18.44182],[-66.255385,18.441797],[-66.255357,18.441754],[-66.25533,18.441711],[-66.255307,18.441668],[-66.255286,18.44163],[-66.255268,18.441598],[-66.255251,18.441567],[-66.255233,18.441538],[-66.25521,18.441505],[-66.25519,18.441468],[-66.255165,18.441433],[-66.255136,18.441392],[-66.255105,18.441348],[-66.255077,18.441313],[-66.25505,18.441281],[-66.255027,18.441251],[-66.255007,18.44123],[-66.254982,18.441207],[-66.254952,18.44118],[-66.254923,18.441155],[-66.254876,18.441118],[-66.254847,18.441096],[-66.254808,18.441073],[-66.254765,18.441045],[-66.254719,18.441018],[-66.254677,18.440992],[-66.254632,18.440964],[-66.254592,18.440941],[-66.254558,18.440921],[-66.254525,18.440902],[-66.254489,18.440882],[-66.25445,18.440861],[-66.254406,18.440838],[-66.254368,18.440817],[-66.254329,18.440795],[-66.254287,18.44077],[-66.254249,18.440745],[-66.254214,18.440721],[-66.254179,18.440695],[-66.254152,18.440674],[-66.254121,18.440648],[-66.254084,18.440614],[-66.254056,18.440584],[-66.254033,18.440555],[-66.254014,18.44053],[-66.253994,18.440501],[-66.253976,18.440469],[-66.253959,18.440438],[-66.253949,18.440409],[-66.253933,18.440374],[-66.253922,18.440344],[-66.253912,18.440312],[-66.253904,18.440283],[-66.253896,18.440257],[-66.253888,18.440224],[-66.253882,18.440195],[-66.253873,18.440156],[-66.253863,18.440089],[-66.253852,18.440019],[-66.253845,18.43997],[-66.253834,18.439877],[-66.253832,18.439843],[-66.253832,18.439807],[-66.253833,18.43977],[-66.253837,18.439731],[-66.253841,18.439691],[-66.253847,18.439655],[-66.253853,18.439622],[-66.253862,18.439587],[-66.253869,18.439552],[-66.253876,18.439526],[-66.253885,18.439497],[-66.253894,18.439469],[-66.253904,18.439437],[-66.253913,18.439409],[-66.253922,18.43938],[-66.253935,18.439343],[-66.253944,18.439315],[-66.253956,18.439283],[-66.253968,18.439254],[-66.253986,18.439218],[-66.254009,18.439171],[-66.254026,18.439141],[-66.254043,18.439108],[-66.25406,18.439076],[-66.254075,18.439047],[-66.254091,18.439016],[-66.254109,18.438984],[-66.254133,18.438944],[-66.254146,18.43892],[-66.254161,18.438894],[-66.254183,18.438848],[-66.2542,18.438812],[-66.254213,18.438784],[-66.254231,18.43875],[-66.254246,18.438719],[-66.254263,18.43868],[-66.254275,18.438652],[-66.254284,18.438626],[-66.254295,18.438591],[-66.254303,18.438561],[-66.254311,18.43853],[-66.25432,18.438473],[-66.254324,18.438446],[-66.254328,18.438405],[-66.254336,18.438339],[-66.254339,18.438303],[-66.254341,18.438266],[-66.254344,18.438229],[-66.254347,18.438187],[-66.254348,18.438153],[-66.25435,18.438121],[-66.254351,18.438082],[-66.254352,18.438054],[-66.254352,18.437977],[-66.254351,18.43794],[-66.25435,18.437901],[-66.254353,18.437861],[-66.254354,18.437827],[-66.254358,18.437792],[-66.254366,18.437745],[-66.254374,18.437713],[-66.254392,18.437651],[-66.254403,18.437616],[-66.254414,18.437586],[-66.254423,18.437559],[-66.254438,18.437523],[-66.254446,18.437503],[-66.25445,18.437495],[-66.254469,18.437451],[-66.254479,18.437425],[-66.254492,18.437389],[-66.254503,18.437357],[-66.254509,18.43733],[-66.254493,18.437299],[-66.254462,18.437308],[-66.254435,18.437324],[-66.254405,18.437345],[-66.254377,18.437366],[-66.254352,18.437386],[-66.254326,18.437409],[-66.254303,18.437431],[-66.254281,18.437451],[-66.25426,18.437472],[-66.254231,18.437502],[-66.254229,18.437503],[-66.254193,18.43754],[-66.254168,18.437567],[-66.254143,18.437595],[-66.25409,18.437658],[-66.25403,18.43773],[-66.254012,18.437754],[-66.253994,18.437777],[-66.253973,18.437802],[-66.253953,18.43783],[-66.253934,18.437858],[-66.253916,18.437882],[-66.253897,18.43791],[-66.253878,18.437936],[-66.253859,18.437965],[-66.253839,18.437996],[-66.253817,18.438029],[-66.253803,18.438055],[-66.253784,18.438087],[-66.253767,18.438115],[-66.25375,18.438147],[-66.253733,18.438177],[-66.253721,18.438205],[-66.253681,18.438278],[-66.253643,18.438331],[-66.253623,18.438365],[-66.253605,18.438389],[-66.253584,18.438416],[-66.253565,18.438438],[-66.253538,18.438466],[-66.253511,18.438495],[-66.253482,18.438524],[-66.253459,18.438545],[-66.253428,18.438569],[-66.253399,18.438597],[-66.253376,18.438619],[-66.253346,18.438646],[-66.253324,18.438664],[-66.253303,18.438683],[-66.253279,18.438705],[-66.253209,18.438765],[-66.253181,18.438787],[-66.253149,18.438811],[-66.25312,18.438836],[-66.253089,18.438858],[-66.253059,18.438881],[-66.253028,18.438901],[-66.252998,18.438921],[-66.252949,18.438952],[-66.252918,18.43897],[-66.252888,18.438989],[-66.252858,18.439006],[-66.25282,18.439026],[-66.252785,18.439041],[-66.252757,18.439052],[-66.252723,18.439062],[-66.252686,18.439074],[-66.252647,18.439085],[-66.252601,18.439097],[-66.252571,18.439102],[-66.252525,18.439115],[-66.252469,18.439128],[-66.252438,18.439135],[-66.252398,18.439144],[-66.252359,18.439152],[-66.252323,18.439161],[-66.252286,18.439172],[-66.252251,18.43918],[-66.252185,18.439197],[-66.252128,18.43921],[-66.25209,18.439218],[-66.252045,18.439227],[-66.252001,18.439235],[-66.25196,18.439243],[-66.251922,18.43925],[-66.25189,18.439255],[-66.25186,18.439261],[-66.251827,18.439266],[-66.251793,18.439273],[-66.251758,18.43928],[-66.25172,18.439288],[-66.25168,18.439297],[-66.251643,18.439307],[-66.251607,18.439316],[-66.251551,18.439332],[-66.25152,18.439344],[-66.251483,18.439357],[-66.251447,18.439375],[-66.251406,18.439396],[-66.25137,18.439418],[-66.251343,18.439439],[-66.251319,18.439462],[-66.251299,18.439485],[-66.251276,18.43951],[-66.251255,18.439536],[-66.251234,18.439567],[-66.251215,18.439599],[-66.251194,18.439636],[-66.251179,18.439667],[-66.251167,18.439697],[-66.251155,18.439729],[-66.251141,18.439769],[-66.251129,18.439816],[-66.251123,18.439847],[-66.251116,18.439879],[-66.251113,18.439907],[-66.251109,18.439941],[-66.251108,18.439978],[-66.25111,18.440034],[-66.251114,18.440076],[-66.25112,18.440132],[-66.251123,18.440159],[-66.251128,18.440193],[-66.251132,18.440229],[-66.251136,18.440258],[-66.251142,18.44029],[-66.251152,18.440341],[-66.251163,18.440389],[-66.251171,18.44043],[-66.251179,18.440467],[-66.251186,18.4405],[-66.251196,18.440539],[-66.2512,18.440569],[-66.251205,18.4406],[-66.251209,18.440634],[-66.251213,18.440663],[-66.251217,18.440697],[-66.25122,18.440732],[-66.251224,18.440761],[-66.251226,18.440793],[-66.251229,18.440833],[-66.251233,18.440913],[-66.251235,18.440952],[-66.251236,18.440982],[-66.251239,18.441042],[-66.25124,18.44108],[-66.251242,18.441117],[-66.251245,18.441158],[-66.251246,18.441195],[-66.251248,18.44123],[-66.251252,18.441263],[-66.251255,18.441299],[-66.251261,18.441355],[-66.251263,18.441387],[-66.251267,18.44142],[-66.251269,18.441459],[-66.251273,18.441491],[-66.251277,18.441532],[-66.251283,18.4416],[-66.251286,18.441641],[-66.25129,18.441668],[-66.251295,18.441699],[-66.251299,18.441729],[-66.251306,18.441779],[-66.251311,18.441811],[-66.251317,18.441842],[-66.25133,18.441918],[-66.251336,18.441958],[-66.25134,18.441985],[-66.251345,18.442014],[-66.251347,18.442041],[-66.251353,18.442077],[-66.251361,18.442133],[-66.251364,18.442163],[-66.25137,18.442198],[-66.251375,18.442236],[-66.251382,18.442277],[-66.25139,18.442322],[-66.251396,18.442362],[-66.251401,18.442399],[-66.251407,18.442433],[-66.251412,18.442465],[-66.251419,18.442494],[-66.251424,18.442529],[-66.251435,18.442588],[-66.25144,18.442617],[-66.251443,18.442645],[-66.251449,18.442691],[-66.251453,18.442728],[-66.251457,18.442763],[-66.251459,18.442792],[-66.251463,18.442824],[-66.251467,18.442863],[-66.251469,18.442898],[-66.251471,18.442974],[-66.251473,18.443007],[-66.251474,18.443034],[-66.251474,18.443064],[-66.251475,18.443095],[-66.251475,18.443128],[-66.251477,18.443166],[-66.251478,18.443196],[-66.251478,18.44323],[-66.25148,18.44327],[-66.251482,18.443316],[-66.251484,18.443353],[-66.251488,18.443409],[-66.251489,18.44344],[-66.251489,18.443541],[-66.251488,18.443569],[-66.251488,18.443596],[-66.251487,18.443634],[-66.251486,18.443671],[-66.251486,18.443699],[-66.251483,18.443735],[-66.251482,18.443773],[-66.251476,18.443849],[-66.251475,18.443878],[-66.251473,18.443917],[-66.251472,18.443949],[-66.251469,18.444005],[-66.251468,18.444034],[-66.251467,18.444064],[-66.251464,18.444117],[-66.251456,18.444186],[-66.251452,18.444224],[-66.251448,18.444254],[-66.251445,18.444284],[-66.25144,18.444323],[-66.251436,18.444361],[-66.251434,18.444397],[-66.251432,18.444431],[-66.251429,18.444472],[-66.251429,18.444538],[-66.251431,18.444568],[-66.251431,18.444599],[-66.251432,18.444642],[-66.251433,18.444679],[-66.251434,18.44472],[-66.251434,18.444769],[-66.251433,18.444801],[-66.251432,18.444832],[-66.25143,18.444869],[-66.251429,18.444909],[-66.251429,18.444939],[-66.25143,18.444987],[-66.251436,18.445021],[-66.251446,18.445053],[-66.251457,18.445081],[-66.251471,18.445107],[-66.251488,18.445133],[-66.251507,18.445161],[-66.251531,18.445192],[-66.251552,18.445214],[-66.251581,18.445244],[-66.251612,18.445268],[-66.251635,18.445287],[-66.251658,18.445304],[-66.251683,18.445323],[-66.251721,18.44535],[-66.251746,18.44537],[-66.251773,18.445388],[-66.2518,18.44541],[-66.251824,18.44543],[-66.251846,18.44545],[-66.251869,18.445471],[-66.251897,18.445496],[-66.251921,18.44552],[-66.251945,18.445543],[-66.251964,18.445567],[-66.252007,18.445616],[-66.25203,18.445646],[-66.252049,18.445668],[-66.252066,18.445693],[-66.252108,18.445755],[-66.252127,18.445783],[-66.252142,18.44581],[-66.252167,18.445853],[-66.252168,18.445854],[-66.25218,18.44588],[-66.252197,18.445923],[-66.252208,18.445955],[-66.252216,18.445985],[-66.252224,18.446018],[-66.252231,18.446044],[-66.252239,18.446077],[-66.252246,18.446107],[-66.252252,18.446134],[-66.25226,18.446174],[-66.252265,18.446203],[-66.25227,18.446237],[-66.252273,18.446271],[-66.252275,18.446304],[-66.252276,18.446335],[-66.252278,18.446363],[-66.252281,18.446402],[-66.252286,18.446442],[-66.252291,18.446479],[-66.252301,18.446529],[-66.252313,18.446566],[-66.252327,18.446601],[-66.252338,18.446628],[-66.252354,18.44666],[-66.252372,18.446694],[-66.252389,18.446727],[-66.252408,18.446757],[-66.252424,18.446781],[-66.252442,18.446809],[-66.252461,18.446838],[-66.252477,18.446866],[-66.2525,18.4469],[-66.252522,18.446927],[-66.252545,18.446958],[-66.252568,18.446988],[-66.252588,18.447018],[-66.252624,18.447068],[-66.252648,18.4471],[-66.252673,18.447126],[-66.252692,18.447149],[-66.252721,18.447178],[-66.252731,18.447187],[-66.252788,18.447226],[-66.252815,18.447244],[-66.252914,18.447307],[-66.252978,18.447359],[-66.253006,18.447371],[-66.253038,18.447382],[-66.253077,18.447393],[-66.253122,18.447404],[-66.253151,18.447409],[-66.253195,18.447415],[-66.253233,18.447417],[-66.253272,18.447419],[-66.253347,18.447419],[-66.253383,18.447418],[-66.253424,18.447418],[-66.253474,18.447415],[-66.25353,18.447413],[-66.253575,18.447408],[-66.253664,18.4474],[-66.253744,18.447393],[-66.253797,18.447385],[-66.253847,18.447378],[-66.253898,18.447371],[-66.253951,18.447361],[-66.254001,18.447356],[-66.254042,18.447351],[-66.254115,18.447351],[-66.254146,18.447355],[-66.25418,18.447359],[-66.254223,18.447368],[-66.254252,18.447375],[-66.254305,18.447388],[-66.254361,18.447406],[-66.254407,18.447422],[-66.254436,18.447431],[-66.254462,18.447442],[-66.254511,18.44746],[-66.254557,18.44748],[-66.254595,18.447498],[-66.254632,18.447514],[-66.25467,18.44753],[-66.254719,18.447553],[-66.254779,18.447582],[-66.25483,18.447611],[-66.254869,18.447639],[-66.254895,18.447659],[-66.25492,18.447682],[-66.254942,18.447705],[-66.254981,18.44775],[-66.254998,18.447777],[-66.255015,18.447803],[-66.255034,18.447832],[-66.255049,18.447864],[-66.255064,18.447898],[-66.255076,18.447928],[-66.255089,18.44796],[-66.255096,18.447992],[-66.255106,18.448024],[-66.255114,18.448059],[-66.255121,18.448086],[-66.255131,18.448125],[-66.255141,18.448166],[-66.255149,18.448205],[-66.255164,18.448253],[-66.255174,18.448294],[-66.255186,18.44834],[-66.255196,18.448379],[-66.255203,18.448416],[-66.255211,18.448443],[-66.255221,18.448491],[-66.255231,18.448544],[-66.255239,18.448592],[-66.255249,18.448645],[-66.255254,18.448672],[-66.255264,18.448725],[-66.255269,18.448766],[-66.255272,18.448803],[-66.255277,18.448844],[-66.25528,18.44889],[-66.255283,18.448917],[-66.255286,18.448947],[-66.255288,18.448977],[-66.255291,18.449009],[-66.255296,18.44905],[-66.255296,18.449085],[-66.255299,18.449114],[-66.255302,18.449165],[-66.2553,18.449218],[-66.2553,18.449256],[-66.255301,18.449296],[-66.255301,18.449369],[-66.255302,18.44941],[-66.2553,18.44949],[-66.255303,18.449527],[-66.255303,18.449557],[-66.255308,18.449589],[-66.255311,18.449617],[-66.255318,18.449653],[-66.255321,18.449681],[-66.255329,18.449713],[-66.255336,18.449749],[-66.255344,18.449788],[-66.255354,18.449825],[-66.255366,18.449855],[-66.255383,18.449889],[-66.255408,18.449923],[-66.255451,18.449976],[-66.25546,18.449984],[-66.255493,18.450015],[-66.255522,18.450037],[-66.255547,18.450054],[-66.25558,18.45007],[-66.255606,18.450081],[-66.255639,18.450085],[-66.255668,18.450078],[-66.255704,18.450059],[-66.25573,18.450042],[-66.255758,18.450017],[-66.255782,18.449991],[-66.255805,18.449965],[-66.255829,18.449938],[-66.25585,18.449916],[-66.255871,18.449891],[-66.255894,18.449863],[-66.255918,18.449832],[-66.25594,18.449803],[-66.255956,18.44978],[-66.255978,18.449754],[-66.255997,18.449726],[-66.256019,18.449699],[-66.256044,18.449666],[-66.256076,18.449621],[-66.256107,18.449587],[-66.256131,18.449563],[-66.256163,18.44952],[-66.256184,18.449499],[-66.256212,18.449469],[-66.256268,18.449413],[-66.256295,18.449385],[-66.256324,18.449358],[-66.256355,18.44933],[-66.256406,18.449289],[-66.256436,18.449265],[-66.256489,18.449225],[-66.25652,18.449205],[-66.256556,18.449186],[-66.256586,18.449165],[-66.256615,18.449149],[-66.256653,18.449128],[-66.256679,18.449117],[-66.256712,18.449101],[-66.256743,18.449085],[-66.25678,18.449066],[-66.256812,18.44905],[-66.256839,18.449034],[-66.256869,18.449017],[-66.256903,18.448996],[-66.256968,18.448957],[-66.256993,18.448939],[-66.257027,18.448917],[-66.257061,18.448893],[-66.257099,18.448866],[-66.257126,18.448845],[-66.25715,18.448827],[-66.257172,18.448808],[-66.257207,18.448776],[-66.257236,18.448743],[-66.257265,18.448711],[-66.257288,18.448683],[-66.257305,18.448657],[-66.257322,18.448634],[-66.257341,18.44861],[-66.257362,18.448582],[-66.257383,18.448551],[-66.257402,18.448519],[-66.257419,18.448488],[-66.257433,18.448461],[-66.257444,18.448433],[-66.257455,18.448403],[-66.257467,18.448371],[-66.257479,18.448332],[-66.25749,18.448294],[-66.2575,18.448253],[-66.257509,18.448212],[-66.257515,18.448177],[-66.25752,18.448142],[-66.257523,18.448112],[-66.257527,18.44805],[-66.257528,18.448018]]]}},{"type":"Feature","properties":{"OBJECTID":684331,"DFIRM_ID":"72000C","FLD_ZONE":"VE","ZONE_SUBTY":null,"SFHA_TF":"T","STATIC_BFE":3.4,"V_DATUM":"MSL","LEN_UNIT":"Meters","SOURCE_CIT":"72000C_FIS1"},"geometry":{"type":"Polygon","coordinates":[[[-66.19893473066642,18.466637473696778],[-66.198894,18.466606],[-66.198779,18.466526],[-66.198671,18.466539],[-66.198561,18.46654],[-66.198455,18.466531],[-66.198358,18.466511],[-66.198267,18.46648],[-66.198159,18.466429],[-66.198058,18.466373],[-66.197915,18.46629],[-66.197839,18.466261],[-66.197749,18.46624],[-66.197706,18.466221],[-66.197616,18.466194],[-66.197515,18.466175],[-66.197284,18.466142],[-66.197143,18.466112],[-66.197082,18.466104],[-66.196935,18.466109],[-66.19652,18.466138],[-66.196215,18.466147],[-66.195998,18.466139],[-66.195538,18.466095],[-66.195337,18.466084],[-66.195029,18.466086],[-66.194466,18.466109],[-66.19421,18.466126],[-66.19392,18.466155],[-66.19324,18.466242],[-66.193143,18.466267],[-66.192995,18.466331],[-66.19291,18.466356],[-66.192679,18.466399],[-66.192171,18.466503],[-66.191779,18.466593],[-66.191619,18.466638],[-66.191385,18.466709],[-66.19122,18.466751],[-66.191147,18.466774],[-66.190947,18.466877],[-66.190909,18.466889],[-66.19083,18.466898],[-66.190796,18.466907],[-66.190769,18.466924],[-66.190703,18.466976],[-66.19061,18.46703],[-66.190159,18.467233],[-66.189949,18.467307],[-66.189733,18.467355],[-66.18966,18.467376],[-66.189569,18.467411],[-66.189468,18.46746],[-66.189,18.467726],[-66.188556,18.467999],[-66.188539,18.468009],[-66.188011,18.468348],[-66.187965,18.468395],[-66.187935,18.468436],[-66.187871,18.468541],[-66.187833,18.468587],[-66.187772,18.46863],[-66.187605,18.46871],[-66.187541,18.468755],[-66.187474,18.46881],[-66.187373,18.468905],[-66.187186,18.469102],[-66.187077,18.469154],[-66.186963,18.469193],[-66.186803,18.469228],[-66.18672,18.469228],[-66.186638,18.469233],[-66.186592,18.469297],[-66.186553,18.469338],[-66.18652,18.46936],[-66.186483,18.469379],[-66.186446,18.469392],[-66.186611,18.469405],[-66.186834,18.469401],[-66.187009,18.469393],[-66.187253,18.469381],[-66.188434,18.469388],[-66.190453,18.468636],[-66.193601,18.467634],[-66.196022,18.467271],[-66.197678,18.466908],[-66.19845,18.466745],[-66.198502,18.466734],[-66.198859,18.466766],[-66.19890972234096,18.46677266636481],[-66.19892399961718,18.466686999578805],[-66.19893473066642,18.466637473696778]]]}},{"type":"Feature","properties":{"OBJECTID":684393,"DFIRM_ID":"72000C","FLD_ZONE":"VE","ZONE_SUBTY":null,"SFHA_TF":"T","STATIC_BFE":13.4,"V_DATUM":"MSL","LEN_UNIT":"Meters","SOURCE_CIT":"72000C_FIS1"},"geometry":{"type":"Polygon","coordinates":[[[-66.189367,18.477206],[-66.189294,18.477154],[-66.189042,18.476971],[-66.187871,18.476121],[-66.187612,18.475938],[-66.186823,18.475378],[-66.186594,18.475216],[-66.18659,18.475229],[-66.186579,18.47524],[-66.186533,18.475253],[-66.186369,18.475258],[-66.186107,18.47529],[-66.18592,18.475307],[-66.18562,18.475327],[-66.185369,18.475358],[-66.185038,18.475416],[-66.184747,18.475486],[-66.184686,18.475487],[-66.18455,18.47547],[-66.184479,18.475475],[-66.184398,18.475495],[-66.1843,18.475531],[-66.184205,18.475572],[-66.184058,18.475653],[-66.183975,18.475681],[-66.183877,18.475695],[-66.183684,18.475704],[-66.183606,18.475712],[-66.183522,18.475729],[-66.183335,18.475783],[-66.183251,18.475802],[-66.183108,18.475819],[-66.182985,18.475822],[-66.182852,18.475805],[-66.182535,18.475736],[-66.182342,18.475722],[-66.1823,18.47571],[-66.182261,18.475687],[-66.182172,18.475607],[-66.182099,18.475507],[-66.182068,18.475474],[-66.182029,18.475445],[-66.181913,18.475376],[-66.181836,18.475316],[-66.181801,18.475278],[-66.181785,18.475244],[-66.181663,18.475382],[-66.181507,18.47556],[-66.181341,18.475616],[-66.18123,18.475608],[-66.180872,18.475233],[-66.180327,18.474664],[-66.180179,18.474737],[-66.180121,18.474768],[-66.180068,18.474802],[-66.180028,18.474835],[-66.179958,18.474911],[-66.179929,18.474938],[-66.179908,18.474953],[-66.179885,18.474968],[-66.179859,18.474981],[-66.179831,18.474993],[-66.179791,18.475008],[-66.179745,18.475021],[-66.179693,18.475034],[-66.179626,18.475047],[-66.17954,18.47506],[-66.179453,18.475067],[-66.179407,18.475067],[-66.179361,18.475066],[-66.179257,18.475057],[-66.179215,18.475051],[-66.179177,18.475043],[-66.179142,18.475034],[-66.17911,18.475024],[-66.179062,18.475005],[-66.179024,18.474988],[-66.178993,18.474971],[-66.178705,18.475167],[-66.177998,18.475648],[-66.177742,18.475799],[-66.177692,18.475828],[-66.177886,18.476032],[-66.179121,18.476583],[-66.180676,18.477282],[-66.181873,18.477525],[-66.183313,18.477423],[-66.184493,18.477421],[-66.185974,18.477381],[-66.187456,18.47726],[-66.1881,18.477249],[-66.189367,18.477206]]]}},{"type":"Feature","properties":{"OBJECTID":684420,"DFIRM_ID":"72000C","FLD_ZONE":"A","ZONE_SUBTY":null,"SFHA_TF":"T","STATIC_BFE":-9999,"V_DATUM":"","LEN_UNIT":"","SOURCE_CIT":"72000C_FIS1"},"geometry":{"type":"Polygon","coordinates":[[[-66.186993,18.448233],[-66.186961,18.448227],[-66.186944,18.448224],[-66.186613,18.447789],[-66.186378,18.4475],[-66.186061,18.44705],[-66.185807,18.446686],[-66.185636,18.446436],[-66.185325,18.446025],[-66.185039,18.445635],[-66.184721,18.445227],[-66.184391,18.444751],[-66.184103,18.444367],[-66.183866,18.444069],[-66.183531,18.44372],[-66.183207,18.44344],[-66.182804,18.44314],[-66.18218,18.442689],[-66.181248,18.442036],[-66.180824,18.441744],[-66.180452,18.441466],[-66.180079,18.441199],[-66.179803,18.441003],[-66.17941,18.44073],[-66.178993,18.440445],[-66.1785,18.440065],[-66.178275,18.439916],[-66.177999,18.439745],[-66.177702,18.439532],[-66.177657,18.439488],[-66.177204,18.439175],[-66.176766,18.438864],[-66.17631,18.43856],[-66.176182,18.438463],[-66.176035,18.438271],[-66.175926,18.438047],[-66.175853,18.437782],[-66.175823,18.437686],[-66.170706,18.437579],[-66.170093,18.437564],[-66.169247,18.437557],[-66.168655,18.437561],[-66.168489,18.437566],[-66.168468,18.437643],[-66.168505,18.437697],[-66.168665,18.437707],[-66.169355,18.437736],[-66.170012,18.437752],[-66.170833,18.437771],[-66.172618,18.437791],[-66.172922,18.437814],[-66.173486,18.437866],[-66.174326,18.437929],[-66.174792,18.437972],[-66.174797,18.437976],[-66.174801,18.438057],[-66.17483,18.438285],[-66.17487,18.438446],[-66.17501,18.438618],[-66.175179,18.438816],[-66.175349,18.438958],[-66.175567,18.439026],[-66.175844,18.439093],[-66.176265,18.439131],[-66.176459,18.439188],[-66.176665,18.439269],[-66.176932,18.439438],[-66.177253,18.439648],[-66.177463,18.43978],[-66.177801,18.440069],[-66.178153,18.440325],[-66.178532,18.440585],[-66.179064,18.44099],[-66.179605,18.441377],[-66.180216,18.44179],[-66.180845,18.44224],[-66.181359,18.44262],[-66.181854,18.442969],[-66.18231,18.443292],[-66.18266,18.443559],[-66.182928,18.443748],[-66.183155,18.443953],[-66.183364,18.444177],[-66.183573,18.444428],[-66.183846,18.444747],[-66.184055,18.445047],[-66.18431,18.44538],[-66.184666,18.44587],[-66.18496,18.446241],[-66.185339,18.446756],[-66.185588,18.44709],[-66.185811,18.44736],[-66.18602,18.447642],[-66.186331,18.448075],[-66.186612,18.448446],[-66.186624,18.448461],[-66.186993,18.448233]]]}},{"type":"Feature","properties":{"OBJECTID":684506,"DFIRM_ID":"72000C","FLD_ZONE":"VE","ZONE_SUBTY":null,"SFHA_TF":"T","STATIC_BFE":1.8,"V_DATUM":"MSL","LEN_UNIT":"Meters","SOURCE_CIT":"72000C_FIS1"},"geometry":{"type":"Polygon","coordinates":[[[-66.175162,18.452156],[-66.175136,18.452123],[-66.175077,18.452025],[-66.175063,18.451985],[-66.174977,18.451858],[-66.174846,18.451753],[-66.174026,18.451379],[-66.173263,18.451116],[-66.172778,18.451084],[-66.172505,18.450972],[-66.172173,18.45071],[-66.171449,18.450578],[-66.170843,18.450428],[-66.1701,18.450446],[-66.169338,18.450389],[-66.168594,18.450332],[-66.168184,18.450294],[-66.167617,18.450349],[-66.167069,18.450423],[-66.166658,18.450404],[-66.166604,18.4504],[-66.166557,18.450406],[-66.166517,18.450419],[-66.166485,18.450441],[-66.166452,18.45049],[-66.166422,18.450579],[-66.166416,18.450677],[-66.166406,18.450707],[-66.166392,18.450723],[-66.166375,18.450733],[-66.166442,18.450738],[-66.166546,18.450712],[-66.166669,18.450694],[-66.166752,18.450682],[-66.167148,18.450695],[-66.167437,18.450676],[-66.168015,18.450684],[-66.168392,18.450703],[-66.168889,18.450717],[-66.169535,18.450808],[-66.170254,18.450892],[-66.170866,18.450976],[-66.171444,18.451093],[-66.171708,18.451157],[-66.172188,18.451296],[-66.172354,18.451337],[-66.172812,18.45144],[-66.173062,18.451505],[-66.173304,18.451574],[-66.173569,18.451657],[-66.173771,18.451727],[-66.174512,18.452017],[-66.174708,18.4521],[-66.174811,18.452135],[-66.174887,18.452152],[-66.174973,18.45216],[-66.175067,18.452162],[-66.175162,18.452156]]]}},{"type":"Feature","properties":{"OBJECTID":684523,"DFIRM_ID":"72000C","FLD_ZONE":"VE","ZONE_SUBTY":null,"SFHA_TF":"T","STATIC_BFE":3.7,"V_DATUM":"MSL","LEN_UNIT":"Meters","SOURCE_CIT":"72000C_FIS1"},"geometry":{"type":"Polygon","coordinates":[[[-66.19890972234096,18.46677266636481],[-66.198859,18.466766],[-66.198502,18.466734],[-66.19845,18.466745],[-66.197678,18.466908],[-66.196022,18.467271],[-66.193601,18.467634],[-66.190453,18.468636],[-66.188434,18.469388],[-66.187253,18.469381],[-66.187009,18.469393],[-66.186834,18.469401],[-66.186611,18.469405],[-66.186446,18.469392],[-66.186411,18.469398],[-66.186372,18.469398],[-66.186336,18.469392],[-66.186303,18.46938],[-66.186269,18.469361],[-66.186223,18.469321],[-66.186197,18.469274],[-66.186181,18.469213],[-66.18616,18.469066],[-66.186159,18.468968],[-66.18618,18.468718],[-66.18619,18.468391],[-66.186192,18.46817],[-66.186184,18.46798],[-66.186164,18.467738],[-66.186089,18.467022],[-66.185998,18.466375],[-66.185989,18.466253],[-66.185978,18.465932],[-66.185948,18.465697],[-66.1859,18.465452],[-66.185829,18.46517],[-66.185765,18.464946],[-66.185642,18.464571],[-66.185537,18.464192],[-66.185494,18.464065],[-66.185362,18.463734],[-66.185329,18.463622],[-66.185232,18.463255],[-66.185192,18.46314],[-66.185065,18.462813],[-66.184987,18.462568],[-66.184957,18.462461],[-66.184942,18.462385],[-66.184934,18.462315],[-66.184929,18.46218],[-66.184935,18.462102],[-66.184948,18.462051],[-66.184971,18.462003],[-66.185005,18.461953],[-66.185048,18.461906],[-66.184928,18.461597],[-66.184722,18.461142],[-66.18468,18.461032],[-66.184662,18.460964],[-66.184662,18.460927],[-66.184672,18.460877],[-66.184718,18.460781],[-66.18479,18.460524],[-66.184796,18.460466],[-66.184785,18.460255],[-66.184657,18.45995],[-66.184433,18.459545],[-66.184226,18.45922],[-66.184056,18.458956],[-66.183751,18.458455],[-66.183588,18.458227],[-66.183459,18.458087],[-66.183261,18.45792],[-66.182974,18.457698],[-66.18283,18.457586],[-66.182641,18.457427],[-66.182417,18.457432],[-66.182131,18.457431],[-66.181936,18.457455],[-66.178047,18.45792],[-66.177266,18.457957],[-66.177185,18.457961],[-66.177435,18.45818],[-66.178004,18.458809],[-66.178801,18.459777],[-66.179355,18.460383],[-66.180031,18.46114],[-66.180675,18.461927],[-66.181405,18.463163],[-66.182106,18.464308],[-66.18265,18.465482],[-66.182825,18.466291],[-66.182882,18.466651],[-66.182934,18.467279],[-66.182956,18.467847],[-66.182913,18.468593],[-66.182682,18.469314],[-66.182139,18.469993],[-66.18144,18.47061],[-66.181061,18.470814],[-66.180339,18.471012],[-66.17993,18.471096],[-66.178988,18.471291],[-66.178452,18.471552],[-66.177693,18.472078],[-66.177446,18.472318],[-66.177199,18.472557],[-66.177234,18.472602],[-66.177788,18.473316],[-66.178867,18.474475],[-66.178935,18.474548],[-66.17896,18.474461],[-66.179118,18.474107],[-66.179314,18.473655],[-66.179371,18.473468],[-66.179453,18.473334],[-66.179606,18.473226],[-66.17968,18.473222],[-66.179755,18.473222],[-66.179831,18.473226],[-66.179904,18.473233],[-66.179972,18.473243],[-66.180032,18.473256],[-66.180086,18.473272],[-66.180134,18.47329],[-66.180175,18.47331],[-66.180209,18.473333],[-66.180236,18.473357],[-66.180255,18.473383],[-66.18027,18.473413],[-66.180279,18.473441],[-66.180285,18.473473],[-66.180288,18.473508],[-66.180288,18.473548],[-66.180283,18.473634],[-66.18026,18.473826],[-66.180253,18.47391],[-66.180251,18.473954],[-66.180252,18.473994],[-66.180255,18.474031],[-66.18026,18.474065],[-66.180266,18.474095],[-66.180275,18.474121],[-66.180286,18.474149],[-66.180299,18.474231],[-66.180313,18.474291],[-66.180448,18.474409],[-66.180455,18.474422],[-66.180466,18.47445],[-66.180473,18.474476],[-66.180476,18.4745],[-66.180544,18.474482],[-66.181111,18.474331],[-66.181342,18.47436],[-66.18152,18.474473],[-66.181748,18.474806],[-66.181791,18.47487],[-66.18181,18.474833],[-66.181835,18.474807],[-66.181879,18.474788],[-66.182023,18.474766],[-66.182087,18.474742],[-66.182148,18.474704],[-66.182277,18.474609],[-66.18239,18.474516],[-66.182423,18.474496],[-66.182454,18.474483],[-66.182694,18.474395],[-66.182982,18.474325],[-66.183155,18.474256],[-66.183881,18.473651],[-66.184079,18.473467],[-66.184273,18.473271],[-66.184481,18.473038],[-66.184664,18.472807],[-66.184713,18.472727],[-66.184824,18.472509],[-66.18486,18.472454],[-66.184898,18.472412],[-66.184929,18.472388],[-66.184962,18.472369],[-66.185069,18.472327],[-66.185174,18.472305],[-66.185266,18.472304],[-66.185309,18.472313],[-66.185346,18.472328],[-66.185384,18.472353],[-66.185423,18.472389],[-66.185466,18.472438],[-66.185508,18.472497],[-66.18555,18.472568],[-66.18557,18.472615],[-66.185585,18.472676],[-66.185592,18.472747],[-66.185587,18.472999],[-66.185591,18.473093],[-66.185632,18.47335],[-66.185684,18.473601],[-66.185749,18.47385],[-66.185828,18.474093],[-66.185921,18.474337],[-66.186029,18.474577],[-66.186159,18.474733],[-66.186202,18.474744],[-66.186253,18.474765],[-66.186313,18.474799],[-66.186371,18.474843],[-66.186759,18.474578],[-66.188004,18.473723],[-66.189981,18.473038],[-66.190036,18.473019],[-66.190091,18.472222],[-66.190685,18.47135],[-66.191448,18.470625],[-66.192681,18.470114],[-66.194697,18.469724],[-66.19646256148098,18.4696769428058],[-66.19693199984768,18.468956999830787],[-66.19728699967492,18.468412999585947],[-66.19823499987909,18.467883999718673],[-66.1983410001843,18.467859999932454],[-66.19839800008572,18.46784700015336],[-66.19843099969766,18.467845000383868],[-66.19846000000999,18.46784400007311],[-66.19854000037593,18.46783600014287],[-66.19857899983566,18.4678239998208],[-66.19863499991217,18.467779000309637],[-66.19866099985143,18.467729000081572],[-66.19868199976783,18.467689000399865],[-66.19873899966925,18.467535000047093],[-66.19882599970786,18.46705000027929],[-66.19890500024891,18.46680099995193],[-66.19890972234096,18.46677266636481]]]}},{"type":"Feature","properties":{"OBJECTID":684526,"DFIRM_ID":"72000C","FLD_ZONE":"AE","ZONE_SUBTY":null,"SFHA_TF":"T","STATIC_BFE":-9999,"V_DATUM":"","LEN_UNIT":"","SOURCE_CIT":"72000C_FIS1"},"geometry":{"type":"MultiPolygon","coordinates":[[[[-66.161368,18.450472],[-66.161362,18.450396],[-66.161253,18.449904],[-66.161154,18.449617],[-66.161146,18.449514],[-66.161124,18.449176],[-66.16111,18.449099],[-66.16110674144646,18.449080604939727],[-66.1610629999848,18.449129000395953],[-66.16078000012757,18.44937100042238],[-66.16060699987523,18.449470000063766],[-66.1604579999123,18.44955400020535],[-66.16040299966072,18.44957999997709],[-66.16007799997071,18.449728999871308],[-66.16006038842136,18.449736391597604],[-66.160062,18.449748],[-66.160128,18.450227],[-66.160206,18.45064],[-66.160236,18.450798],[-66.160243,18.450794],[-66.16026,18.450786],[-66.160309,18.450763],[-66.160363,18.450735],[-66.160436,18.450714],[-66.160439,18.450714],[-66.16071,18.450675],[-66.160799,18.450657],[-66.160834,18.450645],[-66.161368,18.450472]]],[[[-66.16026899976642,18.446552000097682],[-66.16025899972065,18.44630000025808],[-66.16017300040527,18.44608900009785],[-66.16006700010006,18.445924000256415],[-66.16006000042735,18.445916999743172],[-66.1599800000614,18.445856000249837],[-66.15987899977908,18.445778999671003],[-66.15983399957324,18.445745000068463],[-66.15967399973965,18.445676999991022],[-66.1596620000441,18.445676000403218],[-66.15953999984535,18.445664000236278],[-66.15948999961664,18.445658999740424],[-66.15947200007331,18.44565699971245],[-66.1593530002476,18.445645000396404],[-66.15933399998103,18.445643000368264],[-66.15928399975232,18.445647000424476],[-66.15924199991953,18.445650000040505],[-66.15918738186744,18.44565496537832],[-66.159471,18.446691],[-66.159592,18.447029],[-66.159704,18.447344],[-66.1597493622789,18.447646705976535],[-66.15976400015134,18.447616999750036],[-66.15989600039583,18.44746500014358],[-66.15992099961187,18.447435999614758],[-66.15997699968835,18.447386999856043],[-66.16006700010006,18.447273000224246],[-66.16018699975065,18.447020999738047],[-66.16026399974353,18.446796000361118],[-66.16026899976642,18.446552000097682]]]]}},{"type":"Feature","properties":{"OBJECTID":684528,"DFIRM_ID":"72000C","FLD_ZONE":"AE","ZONE_SUBTY":null,"SFHA_TF":"T","STATIC_BFE":3,"V_DATUM":"MSL","LEN_UNIT":"Meters","SOURCE_CIT":"72000C_FIS1"},"geometry":{"type":"MultiPolygon","coordinates":[[[[-66.141239,18.462465],[-66.141145,18.462359],[-66.141078,18.462278],[-66.141043,18.462235],[-66.14103063631906,18.462216236295976],[-66.14085600043808,18.462264000307297],[-66.14077521050848,18.46228080262712],[-66.140892,18.46231],[-66.140919,18.462322],[-66.14107,18.46239],[-66.141145,18.462431],[-66.141239,18.462465]]],[[[-66.13956148759955,18.4623412028879],[-66.1395490002087,18.46229499986993],[-66.13942399963693,18.462222000368616],[-66.1393440001693,18.462175999896594],[-66.13923734600525,18.462066012862103],[-66.139238,18.462068],[-66.139259,18.46213],[-66.139279,18.462178],[-66.139318,18.462233],[-66.139366,18.462272],[-66.139427,18.462306],[-66.139458,18.46232],[-66.13948,18.462328],[-66.139504,18.462336],[-66.139525,18.46234],[-66.13956148759955,18.4623412028879]]]]}},{"type":"Feature","properties":{"OBJECTID":684720,"DFIRM_ID":"72000C","FLD_ZONE":"VE","ZONE_SUBTY":null,"SFHA_TF":"T","STATIC_BFE":3.4,"V_DATUM":"MSL","LEN_UNIT":"Meters","SOURCE_CIT":"72000C_FIS1"},"geometry":{"type":"Polygon","coordinates":[[[-66.182641,18.457427],[-66.182479,18.45729],[-66.182411,18.457213],[-66.182255,18.45707],[-66.182207,18.457039],[-66.180925,18.455821],[-66.180886,18.455776],[-66.180513,18.455475],[-66.180174,18.455519],[-66.179848,18.455506],[-66.179683,18.455519],[-66.176363,18.455774],[-66.173981,18.456239],[-66.173867,18.456261],[-66.174616,18.456495],[-66.175453,18.456925],[-66.176602,18.45745],[-66.177185,18.457961],[-66.177266,18.457957],[-66.178047,18.45792],[-66.181936,18.457455],[-66.182131,18.457431],[-66.182417,18.457432],[-66.182641,18.457427]]]}},{"type":"Feature","properties":{"OBJECTID":684757,"DFIRM_ID":"72000C","FLD_ZONE":"VE","ZONE_SUBTY":null,"SFHA_TF":"T","STATIC_BFE":6.1,"V_DATUM":"MSL","LEN_UNIT":"Meters","SOURCE_CIT":"72000C_FIS1"},"geometry":{"type":"Polygon","coordinates":[[[-66.190919,18.475407],[-66.190676,18.474544],[-66.190238,18.473739],[-66.190036,18.473019],[-66.189981,18.473038],[-66.188004,18.473723],[-66.186759,18.474578],[-66.186371,18.474843],[-66.186443,18.474915],[-66.186501,18.474995],[-66.186548,18.475089],[-66.186588,18.475186],[-66.186594,18.475216],[-66.186823,18.475378],[-66.187612,18.475938],[-66.187871,18.476121],[-66.189042,18.476971],[-66.189294,18.477154],[-66.189367,18.477206],[-66.190253,18.47681],[-66.1908,18.476122],[-66.190919,18.475407]]]}},{"type":"Feature","properties":{"OBJECTID":684758,"DFIRM_ID":"72000C","FLD_ZONE":"VE","ZONE_SUBTY":null,"SFHA_TF":"T","STATIC_BFE":6.1,"V_DATUM":"MSL","LEN_UNIT":"Meters","SOURCE_CIT":"72000C_FIS1"},"geometry":{"type":"Polygon","coordinates":[[[-66.178993,18.474971],[-66.178967,18.474954],[-66.178946,18.474936],[-66.17893,18.474918],[-66.178916,18.474896],[-66.178904,18.47487],[-66.178895,18.47484],[-66.178889,18.474815],[-66.178903,18.474657],[-66.178935,18.474548],[-66.178867,18.474475],[-66.177788,18.473316],[-66.177234,18.472602],[-66.177199,18.472557],[-66.177025,18.472726],[-66.176934,18.472973],[-66.176779,18.473395],[-66.176746,18.47447],[-66.177048,18.475147],[-66.177692,18.475828],[-66.177742,18.475799],[-66.177998,18.475648],[-66.178705,18.475167],[-66.178993,18.474971]]]}},{"type":"Feature","properties":{"OBJECTID":684765,"DFIRM_ID":"72000C","FLD_ZONE":"VE","ZONE_SUBTY":null,"SFHA_TF":"T","STATIC_BFE":4.3,"V_DATUM":"MSL","LEN_UNIT":"Meters","SOURCE_CIT":"72000C_STUDY4"},"geometry":{"type":"Polygon","coordinates":[[[-66.142181,18.474419],[-66.142161,18.473702],[-66.142077,18.473103],[-66.141807,18.472442],[-66.141163,18.471625],[-66.140516,18.470855],[-66.140508,18.470845],[-66.140458,18.470778],[-66.140275,18.470447],[-66.140094,18.470055],[-66.14001,18.469486],[-66.13968,18.46849],[-66.139266,18.46718],[-66.139207,18.467173],[-66.137845,18.467011],[-66.136852,18.466791],[-66.13655,18.466724],[-66.136579,18.466736],[-66.136598,18.466752],[-66.13661,18.466777],[-66.136616,18.46681],[-66.136614,18.46687],[-66.136588,18.467056],[-66.136594,18.467585],[-66.13661,18.467933],[-66.13664,18.468307],[-66.136657,18.468465],[-66.13668,18.468605],[-66.13671,18.468729],[-66.13674,18.468818],[-66.136818,18.468997],[-66.136848,18.469074],[-66.13687,18.469162],[-66.136885,18.469266],[-66.136925,18.469913],[-66.136951,18.470692],[-66.136967,18.470999],[-66.13699,18.471272],[-66.137053,18.471812],[-66.137079,18.471955],[-66.137113,18.472077],[-66.13715,18.47217],[-66.137248,18.472366],[-66.137314,18.472515],[-66.137348,18.47262],[-66.137386,18.472785],[-66.137414,18.47287],[-66.137441,18.472928],[-66.137477,18.472982],[-66.137535,18.473046],[-66.137599,18.473103],[-66.137651,18.47314],[-66.137756,18.473203],[-66.137999,18.473327],[-66.13806,18.473371],[-66.138106,18.473424],[-66.138141,18.473478],[-66.138178,18.473551],[-66.138211,18.473627],[-66.138234,18.473693],[-66.138256,18.473798],[-66.138273,18.473984],[-66.138289,18.474049],[-66.138324,18.474111],[-66.138377,18.474167],[-66.138428,18.474208],[-66.13849,18.47425],[-66.138552,18.474284],[-66.138606,18.474307],[-66.138668,18.474324],[-66.138788,18.474323],[-66.138825,18.474328],[-66.138851,18.474337],[-66.138888,18.474373],[-66.138925,18.474442],[-66.138965,18.474473],[-66.139031,18.47448],[-66.139143,18.474469],[-66.139226,18.474479],[-66.139359,18.47452],[-66.139413,18.474545],[-66.139476,18.474581],[-66.139561,18.474636],[-66.139644,18.474697],[-66.139722,18.474762],[-66.139759,18.474805],[-66.139777,18.474843],[-66.139778,18.474883],[-66.139762,18.474933],[-66.139735,18.474982],[-66.13994,18.475161],[-66.141392,18.476435],[-66.141478,18.476497],[-66.141524,18.47653],[-66.141883,18.476046],[-66.141937,18.47594],[-66.1421,18.475524],[-66.142169,18.475136],[-66.142181,18.474419]]]}},{"type":"Feature","properties":{"OBJECTID":684837,"DFIRM_ID":"72000C","FLD_ZONE":"AE","ZONE_SUBTY":null,"SFHA_TF":"T","STATIC_BFE":-9999,"V_DATUM":"","LEN_UNIT":"","SOURCE_CIT":"72000C_FIS1"},"geometry":{"type":"MultiPolygon","coordinates":[[[[-66.17119267636382,18.423733683351397],[-66.17107600033233,18.423768000139283],[-66.17082500026216,18.423911000262795],[-66.17066105248175,18.424059757793053],[-66.170659,18.424062],[-66.170543,18.42419],[-66.170236,18.424526],[-66.170153,18.424611],[-66.17015122379289,18.424612803119338],[-66.16998800038607,18.424865000410712],[-66.16976699955482,18.425300000187605],[-66.16973302117283,18.425399979694905],[-66.169977,18.425166],[-66.170317,18.424854],[-66.170469,18.424707],[-66.170827,18.424344],[-66.17109,18.423956],[-66.17119267636382,18.423733683351397]]],[[[-66.162766,18.450182],[-66.162719,18.449963],[-66.162599,18.449368],[-66.162528,18.448938],[-66.162462,18.448627],[-66.162349,18.448004],[-66.162298,18.447636],[-66.16229565965013,18.44761906032472],[-66.16208300015899,18.447989999879205],[-66.16191800030255,18.448213999823373],[-66.16178012249574,18.448401051230807],[-66.161783,18.448414],[-66.161914,18.449079],[-66.162126,18.450287],[-66.162203,18.45027],[-66.162766,18.450182]]]]}},{"type":"Feature","properties":{"OBJECTID":684944,"DFIRM_ID":"72000C","FLD_ZONE":"AE","ZONE_SUBTY":null,"SFHA_TF":"T","STATIC_BFE":2.1,"V_DATUM":"MSL","LEN_UNIT":"Meters","SOURCE_CIT":"72000C_FIS1"},"geometry":{"type":"Polygon","coordinates":[[[-66.186029,18.474577],[-66.185921,18.474337],[-66.185828,18.474093],[-66.185749,18.47385],[-66.185684,18.473601],[-66.185632,18.47335],[-66.185591,18.473093],[-66.185587,18.472999],[-66.185592,18.472747],[-66.185585,18.472676],[-66.18557,18.472615],[-66.18555,18.472568],[-66.185508,18.472497],[-66.185466,18.472438],[-66.185423,18.472389],[-66.185384,18.472353],[-66.185346,18.472328],[-66.185309,18.472313],[-66.185266,18.472304],[-66.185174,18.472305],[-66.185069,18.472327],[-66.184962,18.472369],[-66.184929,18.472388],[-66.184898,18.472412],[-66.18486,18.472454],[-66.184824,18.472509],[-66.184713,18.472727],[-66.184664,18.472807],[-66.184481,18.473038],[-66.184273,18.473271],[-66.184079,18.473467],[-66.183881,18.473651],[-66.183155,18.474256],[-66.18327,18.47421],[-66.183484,18.474157],[-66.183819,18.474148],[-66.184041,18.474211],[-66.184292,18.474238],[-66.184645,18.474203],[-66.184822,18.474238],[-66.185033,18.474354],[-66.185084,18.474359],[-66.185227,18.474368],[-66.185453,18.474337],[-66.18563,18.474337],[-66.185797,18.474399],[-66.186029,18.474577]]]}},{"type":"Feature","properties":{"OBJECTID":685037,"DFIRM_ID":"72000C","FLD_ZONE":"VE","ZONE_SUBTY":null,"SFHA_TF":"T","STATIC_BFE":3.7,"V_DATUM":"MSL","LEN_UNIT":"Meters","SOURCE_CIT":"72000C_FIS1"},"geometry":{"type":"Polygon","coordinates":[[[-66.141416,18.462695],[-66.141412,18.462634],[-66.141403,18.462587],[-66.141386,18.462541],[-66.141273,18.462477],[-66.141239,18.462465],[-66.141145,18.462431],[-66.14107,18.46239],[-66.140919,18.462322],[-66.140892,18.46231],[-66.14077521050848,18.46228080262712],[-66.14050499991049,18.462336999790683],[-66.14024100031986,18.46238699988585],[-66.14001500036402,18.462391000404093],[-66.13998199985376,18.462390000061507],[-66.13981799982221,18.462383000219603],[-66.1395690003002,18.462368999682834],[-66.13956148759955,18.4623412028879],[-66.139525,18.46234],[-66.139504,18.462336],[-66.13948,18.462328],[-66.139458,18.46232],[-66.139427,18.462306],[-66.139366,18.462272],[-66.139318,18.462233],[-66.139279,18.462178],[-66.139259,18.46213],[-66.139238,18.462068],[-66.13923734600525,18.462066012862103],[-66.13918400033573,18.462011000176517],[-66.13908999972608,18.461989999751474],[-66.139090999551,18.462001000136734],[-66.13909200027422,18.462013000013986],[-66.13909300009914,18.462021999708334],[-66.13909499974896,18.462033000091544],[-66.13909599957387,18.46204499996657],[-66.13909800012199,18.462053999659222],[-66.13910099959675,18.4620650000404],[-66.13910200031995,18.462076999913172],[-66.1391049997947,18.462086999948504],[-66.13910700034283,18.462103000344673],[-66.13910899999266,18.4621150002148],[-66.13910999981758,18.462123999903792],[-66.13911599966535,18.46214200013248],[-66.13912099968822,18.462159000015365],[-66.13912400006127,18.462169000045925],[-66.13912700043433,18.462182999746933],[-66.13912900008415,18.4621940001198],[-66.13913199955888,18.462205999983553],[-66.13913499993193,18.46221799984648],[-66.13913699958177,18.462229000217096],[-66.13913999995479,18.46224200042185],[-66.13914400015275,18.462254999773513],[-66.13914900017564,18.462264000307297],[-66.13915500002341,18.462274000331725],[-66.1391619996961,18.462286000189856],[-66.13916699971898,18.462299000390306],[-66.13917299956677,18.462309000412713],[-66.13917799958963,18.46231999992543],[-66.13918400033573,18.462328000112862],[-66.1391900001835,18.462338000133588],[-66.1391960000313,18.462348000153717],[-66.13920199987908,18.462360000006708],[-66.13920500025212,18.462368999682834],[-66.139210000275,18.46237699986799],[-66.13921600012279,18.462388999718943],[-66.13922100014567,18.462400000078606],[-66.13922500034361,18.462410999585497],[-66.13905499956599,18.462525000243307],[-66.13820699981925,18.4627970001166],[-66.13510199998915,18.463798000313833],[-66.13269209033191,18.464573535053166],[-66.132412,18.464906],[-66.131891,18.465861],[-66.131671,18.466414],[-66.13147,18.467586],[-66.131468,18.467633],[-66.131345,18.469909],[-66.131416,18.469956],[-66.132769,18.470842],[-66.134094,18.471749],[-66.134204,18.471824],[-66.13423,18.471789],[-66.134269,18.471766],[-66.134343,18.471741],[-66.134403,18.471736],[-66.134529,18.471749],[-66.13458,18.471749],[-66.134628,18.471736],[-66.134699,18.471685],[-66.134745,18.471669],[-66.134797,18.471666],[-66.134915,18.471671],[-66.135031,18.47166],[-66.135079,18.471661],[-66.13514,18.471524],[-66.135223,18.471358],[-66.135294,18.471246],[-66.135347,18.471182],[-66.135422,18.471117],[-66.135504,18.471062],[-66.135573,18.471028],[-66.135666,18.470998],[-66.135735,18.470958],[-66.135982,18.470747],[-66.13607,18.470657],[-66.13611,18.4706],[-66.136141,18.470535],[-66.136236,18.470234],[-66.136273,18.47008],[-66.136281,18.470006],[-66.136284,18.469927],[-66.136274,18.469771],[-66.136227,18.469418],[-66.136215,18.469261],[-66.136212,18.468814],[-66.136223,18.468236],[-66.136226,18.468106],[-66.136236,18.467542],[-66.136253,18.4671],[-66.136324,18.466836],[-66.136403,18.466718],[-66.13646,18.466715],[-66.13651,18.466717],[-66.13655,18.466724],[-66.136852,18.466791],[-66.137845,18.467011],[-66.139207,18.467173],[-66.139266,18.46718],[-66.139182,18.466434],[-66.139254,18.466161],[-66.139419,18.4659],[-66.13958,18.465785],[-66.139977,18.465657],[-66.139938,18.465611],[-66.139605,18.465226],[-66.139415,18.464933],[-66.139297,18.464752],[-66.139278,18.464739],[-66.139261,18.464716],[-66.139245,18.464682],[-66.139235,18.464645],[-66.139227,18.464558],[-66.139233,18.464523],[-66.139245,18.46449],[-66.139274,18.464447],[-66.139333,18.464385],[-66.139516,18.464221],[-66.139583,18.464153],[-66.139647,18.46407],[-66.139675,18.463999],[-66.139682,18.463929],[-66.139677,18.463911],[-66.139674,18.463901],[-66.139669,18.463873],[-66.139667,18.463845],[-66.139668,18.463818],[-66.139671,18.463793],[-66.139677,18.463767],[-66.139687,18.463738],[-66.1397,18.463705],[-66.139713,18.463677],[-66.139728,18.463648],[-66.139747,18.463619],[-66.139768,18.463589],[-66.13982,18.463527],[-66.139844,18.463504],[-66.139871,18.463481],[-66.139926,18.46344],[-66.139996,18.463396],[-66.140135,18.463315],[-66.140221,18.463272],[-66.140295,18.463241],[-66.140378,18.46321],[-66.140466,18.46318],[-66.140712,18.463102],[-66.140787,18.463076],[-66.140852,18.463051],[-66.14099,18.46299],[-66.141086,18.462946],[-66.141196,18.462887],[-66.141263,18.462849],[-66.141299,18.462825],[-66.141379,18.462767],[-66.141399,18.462747],[-66.14141,18.462728],[-66.141414,18.462713],[-66.141416,18.462695]]]}},{"type":"Feature","properties":{"OBJECTID":685248,"DFIRM_ID":"72000C","FLD_ZONE":"AE","ZONE_SUBTY":null,"SFHA_TF":"T","STATIC_BFE":-9999,"V_DATUM":"","LEN_UNIT":"","SOURCE_CIT":"72000C_FIS1"},"geometry":{"type":"MultiPolygon","coordinates":[[[[-66.257228,18.40382],[-66.257227,18.40376],[-66.257227,18.403731],[-66.257222,18.403699],[-66.257218,18.40367],[-66.257211,18.403642],[-66.257203,18.403608],[-66.257191,18.403572],[-66.257179,18.403537],[-66.257166,18.403505],[-66.257146,18.403459],[-66.257136,18.403432],[-66.257122,18.403402],[-66.257109,18.403375],[-66.257097,18.403348],[-66.257085,18.403322],[-66.257072,18.403293],[-66.257059,18.403257],[-66.257042,18.403218],[-66.257026,18.403183],[-66.257012,18.403149],[-66.256998,18.403116],[-66.256971,18.403052],[-66.256957,18.403017],[-66.256943,18.402983],[-66.25693,18.402951],[-66.256912,18.40291],[-66.256895,18.402875],[-66.256877,18.40284],[-66.256863,18.402814],[-66.256807,18.402648],[-66.256798,18.402611],[-66.256786,18.402579],[-66.256774,18.402537],[-66.256757,18.402496],[-66.256743,18.40245],[-66.256727,18.402404],[-66.25671,18.402358],[-66.256699,18.402314],[-66.256678,18.402225],[-66.256668,18.402177],[-66.256659,18.402138],[-66.256654,18.402098],[-66.256648,18.402057],[-66.256643,18.402016],[-66.256641,18.40197],[-66.256639,18.401929],[-66.256639,18.401885],[-66.25664,18.401839],[-66.256642,18.401784],[-66.256643,18.401754],[-66.256643,18.401702],[-66.256641,18.401649],[-66.256641,18.401596],[-66.256639,18.401553],[-66.256637,18.4015],[-66.256635,18.401445],[-66.256636,18.401417],[-66.256633,18.401383],[-66.256631,18.401353],[-66.256629,18.401316],[-66.256627,18.401282],[-66.256622,18.40125],[-66.25662,18.401215],[-66.256616,18.401176],[-66.256611,18.401142],[-66.256609,18.401112],[-66.256604,18.401085],[-66.2566,18.401055],[-66.256586,18.400974],[-66.25658,18.40094],[-66.256572,18.400896],[-66.256568,18.400862],[-66.256563,18.400834],[-66.256556,18.4008],[-66.256549,18.400763],[-66.25654,18.400726],[-66.256533,18.400692],[-66.256526,18.400662],[-66.256519,18.400634],[-66.256514,18.400607],[-66.25651,18.400579],[-66.256498,18.400524],[-66.256493,18.400492],[-66.256489,18.400462],[-66.256484,18.40043],[-66.256477,18.400398],[-66.256473,18.400368],[-66.256468,18.400331],[-66.256461,18.400302],[-66.256457,18.400272],[-66.256452,18.400244],[-66.256447,18.400217],[-66.256438,18.400166],[-66.256429,18.40012],[-66.256419,18.400081],[-66.25641,18.400037],[-66.256403,18.40001],[-66.256389,18.39995],[-66.25638,18.399918],[-66.256373,18.399888],[-66.256363,18.399861],[-66.256356,18.399831],[-66.256347,18.399801],[-66.25634,18.399771],[-66.256331,18.399741],[-66.256321,18.399709],[-66.256291,18.399589],[-66.256277,18.399539],[-66.256267,18.399511],[-66.256253,18.399466],[-66.256244,18.399435],[-66.256234,18.399408],[-66.256225,18.399376],[-66.256213,18.399341],[-66.256199,18.399307],[-66.256185,18.399272],[-66.256171,18.399233],[-66.256156,18.399192],[-66.25614,18.39915],[-66.256109,18.399074],[-66.256081,18.399012],[-66.256059,18.398964],[-66.256048,18.398934],[-66.256033,18.398906],[-66.256019,18.398879],[-66.256003,18.398844],[-66.255981,18.398807],[-66.25596,18.398768],[-66.255934,18.398727],[-66.255907,18.398685],[-66.255881,18.398648],[-66.255857,18.398614],[-66.255834,18.398582],[-66.255812,18.398554],[-66.255793,18.398524],[-66.255772,18.398501],[-66.255738,18.398455],[-66.255723,18.398437],[-66.255716,18.398427],[-66.255373,18.39796],[-66.255154,18.397734],[-66.254913,18.397528],[-66.254501,18.397178],[-66.253928,18.396664],[-66.253777,18.396529],[-66.253495,18.396341],[-66.253225,18.396178],[-66.252934,18.396048],[-66.252336,18.395916],[-66.252323,18.395913],[-66.251849,18.395816],[-66.2512,18.395773],[-66.250634,18.395796],[-66.249999,18.395815],[-66.249526,18.395808],[-66.249465,18.395809],[-66.249397,18.395805],[-66.249393,18.395804],[-66.249361,18.395808],[-66.249319,18.395809],[-66.249269,18.395816],[-66.24924,18.395821],[-66.249199,18.395827],[-66.24917,18.395831],[-66.249133,18.395839],[-66.249094,18.395846],[-66.249065,18.395851],[-66.249024,18.39586],[-66.248988,18.395869],[-66.248949,18.395877],[-66.248896,18.395893],[-66.248862,18.395903],[-66.248828,18.395914],[-66.248796,18.395924],[-66.24876,18.395935],[-66.248732,18.395942],[-66.248698,18.395952],[-66.248654,18.395961],[-66.248617,18.395966],[-66.248567,18.395974],[-66.248526,18.395977],[-66.248489,18.39598],[-66.248416,18.395985],[-66.248379,18.395988],[-66.248339,18.395991],[-66.2483,18.395992],[-66.248263,18.395994],[-66.248227,18.395995],[-66.248191,18.395997],[-66.248154,18.395997],[-66.248108,18.395998],[-66.248037,18.395998],[-66.247981,18.395999],[-66.247947,18.396002],[-66.247908,18.396004],[-66.247876,18.396008],[-66.247842,18.396011],[-66.247803,18.396014],[-66.247735,18.39602],[-66.247698,18.396023],[-66.247664,18.396027],[-66.247634,18.39603],[-66.247591,18.396036],[-66.247556,18.39604],[-66.2475,18.396047],[-66.24747,18.396053],[-66.247431,18.396059],[-66.247335,18.396075],[-66.247297,18.39608],[-66.247256,18.396084],[-66.247218,18.396085],[-66.247188,18.396086],[-66.247158,18.396086],[-66.247122,18.396085],[-66.247087,18.396084],[-66.247054,18.396085],[-66.247022,18.396085],[-66.246988,18.396087],[-66.246959,18.39609],[-66.246928,18.396093],[-66.246891,18.396098],[-66.246831,18.396108],[-66.246794,18.396114],[-66.246761,18.39612],[-66.246728,18.396123],[-66.246715,18.396124],[-66.246698,18.396125],[-66.246667,18.396122],[-66.246639,18.396114],[-66.24661,18.396103],[-66.246582,18.396088],[-66.246553,18.396069],[-66.246529,18.396052],[-66.246503,18.396034],[-66.246474,18.396015],[-66.246445,18.395999],[-66.246414,18.39598],[-66.246382,18.395963],[-66.246328,18.395937],[-66.246299,18.395925],[-66.246272,18.395914],[-66.246242,18.395902],[-66.246209,18.395888],[-66.246178,18.395878],[-66.246152,18.395868],[-66.246116,18.395856],[-66.246085,18.395846],[-66.246054,18.395837],[-66.246026,18.395829],[-66.245986,18.395818],[-66.24595,18.39581],[-66.245915,18.395803],[-66.245881,18.395796],[-66.245821,18.395783],[-66.245782,18.395772],[-66.245698,18.395748],[-66.245661,18.395737],[-66.245628,18.395726],[-66.245588,18.395712],[-66.245556,18.3957],[-66.245528,18.39569],[-66.245502,18.395679],[-66.245467,18.395664],[-66.245431,18.395648],[-66.245401,18.395634],[-66.245368,18.39562],[-66.245333,18.395605],[-66.245301,18.395592],[-66.245276,18.395578],[-66.245247,18.395566],[-66.24522,18.395556],[-66.245173,18.395533],[-66.245144,18.395518],[-66.245116,18.3955],[-66.245088,18.395484],[-66.245055,18.395465],[-66.245029,18.395449],[-66.244999,18.395435],[-66.244957,18.39542],[-66.24493,18.395412],[-66.244901,18.395406],[-66.244869,18.3954],[-66.244838,18.395397],[-66.244787,18.395392],[-66.244751,18.39539],[-66.244687,18.395386],[-66.244648,18.395384],[-66.244612,18.395381],[-66.244579,18.395379],[-66.244547,18.395376],[-66.244514,18.395372],[-66.244485,18.395369],[-66.244437,18.395358],[-66.244409,18.395349],[-66.24438,18.39534],[-66.244332,18.395317],[-66.2443,18.395303],[-66.24427,18.395289],[-66.244237,18.395271],[-66.244177,18.395235],[-66.244153,18.395218],[-66.244123,18.395195],[-66.2441,18.395175],[-66.244072,18.395152],[-66.24405,18.395127],[-66.24403,18.395102],[-66.244013,18.395077],[-66.243997,18.395052],[-66.243978,18.395016],[-66.243966,18.39499],[-66.24396317743243,18.394983346805027],[-66.24381400014079,18.39508299981321],[-66.2430609999303,18.395777999801393],[-66.24281848139846,18.39618789101799],[-66.242823,18.396184],[-66.242853,18.396157],[-66.242876,18.396135],[-66.242905,18.396109],[-66.242932,18.396083],[-66.242956,18.396066],[-66.242981,18.396046],[-66.24301,18.39603],[-66.243042,18.396013],[-66.243076,18.395996],[-66.243105,18.395981],[-66.243132,18.395964],[-66.243149,18.395951],[-66.243159,18.395945],[-66.24318,18.395924],[-66.243203,18.395904],[-66.24323,18.395875],[-66.24325,18.39585],[-66.243272,18.395822],[-66.243287,18.395799],[-66.243305,18.395775],[-66.243331,18.395741],[-66.243354,18.39572],[-66.243379,18.395699],[-66.243416,18.395674],[-66.243462,18.395644],[-66.243492,18.395629],[-66.243523,18.395613],[-66.243551,18.395601],[-66.243588,18.395581],[-66.243619,18.39557],[-66.243649,18.395561],[-66.243678,18.395554],[-66.243712,18.395549],[-66.243741,18.395546],[-66.243771,18.395546],[-66.243798,18.395554],[-66.243829,18.395571],[-66.243854,18.395593],[-66.243875,18.395622],[-66.243892,18.395646],[-66.243911,18.395674],[-66.243924,18.395704],[-66.243933,18.395732],[-66.243944,18.395771],[-66.243956,18.395805],[-66.243987,18.395844],[-66.244023,18.395853],[-66.244043,18.395827],[-66.244054,18.395801],[-66.24406,18.395771],[-66.244065,18.39574],[-66.244071,18.39571],[-66.244081,18.395677],[-66.244099,18.395637],[-66.244114,18.39561],[-66.24413,18.395585],[-66.24415,18.395563],[-66.244173,18.395539],[-66.244198,18.395519],[-66.244225,18.395503],[-66.244256,18.395485],[-66.244288,18.395473],[-66.244324,18.395457],[-66.244357,18.395445],[-66.244388,18.395437],[-66.244423,18.395429],[-66.244459,18.395421],[-66.244501,18.395413],[-66.244535,18.395409],[-66.244565,18.395409],[-66.244601,18.395408],[-66.244636,18.39541],[-66.244667,18.395412],[-66.244703,18.395418],[-66.244747,18.395427],[-66.244775,18.395433],[-66.244812,18.395445],[-66.244869,18.395463],[-66.244905,18.395476],[-66.244937,18.395489],[-66.244968,18.395502],[-66.245002,18.395517],[-66.245028,18.395529],[-66.245056,18.395542],[-66.245096,18.395563],[-66.24513,18.395582],[-66.245162,18.395602],[-66.245189,18.395619],[-66.245216,18.395634],[-66.245245,18.395651],[-66.245277,18.395667],[-66.245325,18.395694],[-66.245361,18.395711],[-66.245394,18.39573],[-66.245458,18.395762],[-66.245511,18.395778],[-66.245543,18.395787],[-66.245579,18.395796],[-66.24561,18.395804],[-66.245644,18.395813],[-66.245672,18.395818],[-66.245703,18.395825],[-66.245737,18.39583],[-66.245774,18.395834],[-66.245812,18.395838],[-66.24585,18.395844],[-66.2459,18.395849],[-66.245943,18.395855],[-66.246002,18.395865],[-66.246036,18.395869],[-66.246073,18.395877],[-66.246111,18.395889],[-66.246145,18.395901],[-66.246172,18.395911],[-66.246203,18.395925],[-66.246227,18.39594],[-66.246253,18.395956],[-66.246281,18.395974],[-66.246307,18.395995],[-66.246332,18.396017],[-66.246352,18.396039],[-66.246374,18.396063],[-66.24639,18.396096],[-66.246397,18.396122],[-66.246399,18.396154],[-66.246392,18.396186],[-66.24638,18.396217],[-66.246367,18.396246],[-66.24635,18.396271],[-66.246328,18.396293],[-66.246304,18.396312],[-66.246274,18.396332],[-66.246244,18.396348],[-66.246213,18.396363],[-66.246181,18.396375],[-66.246152,18.396387],[-66.246114,18.396396],[-66.246082,18.396404],[-66.246055,18.396412],[-66.246008,18.396424],[-66.245961,18.396434],[-66.245925,18.396445],[-66.245895,18.396456],[-66.245866,18.396471],[-66.245841,18.396492],[-66.245826,18.396531],[-66.245828,18.396564],[-66.245837,18.396599],[-66.245848,18.39663],[-66.24587,18.396665],[-66.245906,18.396663],[-66.245937,18.396647],[-66.245966,18.396633],[-66.245996,18.396619],[-66.246027,18.396605],[-66.246057,18.396592],[-66.246085,18.396582],[-66.246113,18.396571],[-66.246142,18.396558],[-66.246174,18.396547],[-66.246208,18.396529],[-66.246251,18.396512],[-66.246286,18.3965],[-66.246323,18.396494],[-66.246378,18.396493],[-66.246412,18.396497],[-66.246447,18.396503],[-66.246477,18.396509],[-66.246509,18.396518],[-66.246538,18.396526],[-66.246574,18.396536],[-66.246608,18.396545],[-66.246634,18.396552],[-66.246637,18.396552],[-66.246672,18.396562],[-66.246718,18.396576],[-66.246777,18.396596],[-66.246809,18.396607],[-66.246843,18.396619],[-66.24687,18.396629],[-66.246907,18.396648],[-66.246936,18.396664],[-66.246965,18.396684],[-66.246996,18.396713],[-66.247019,18.396736],[-66.247045,18.396761],[-66.247064,18.396786],[-66.247084,18.396822],[-66.247101,18.396856],[-66.247119,18.396896],[-66.247134,18.396919],[-66.247152,18.396956],[-66.247165,18.396981],[-66.247177,18.397007],[-66.247199,18.397031],[-66.24723,18.397048],[-66.247259,18.397057],[-66.247291,18.397059],[-66.247326,18.397058],[-66.247355,18.397056],[-66.247383,18.397052],[-66.247415,18.397048],[-66.24745,18.397046],[-66.247482,18.397044],[-66.247527,18.397046],[-66.24756,18.397053],[-66.247594,18.397064],[-66.247621,18.397078],[-66.24766,18.3971],[-66.247685,18.397119],[-66.247714,18.397143],[-66.24774,18.397166],[-66.247758,18.397195],[-66.247774,18.397221],[-66.24779,18.397254],[-66.247795,18.397283],[-66.247795,18.397317],[-66.247796,18.39735],[-66.247795,18.397384],[-66.247794,18.397415],[-66.247797,18.39745],[-66.247803,18.397482],[-66.247815,18.397508],[-66.247834,18.397537],[-66.247857,18.397561],[-66.247888,18.397578],[-66.247921,18.397592],[-66.247953,18.397603],[-66.247983,18.397617],[-66.248012,18.397635],[-66.248037,18.397653],[-66.248064,18.397676],[-66.248093,18.397703],[-66.248119,18.397729],[-66.248142,18.397754],[-66.248167,18.397777],[-66.248197,18.397799],[-66.248226,18.397809],[-66.24827,18.397804],[-66.248298,18.397789],[-66.248321,18.397766],[-66.24834,18.397744],[-66.248364,18.397722],[-66.248386,18.397698],[-66.248411,18.397682],[-66.248443,18.397667],[-66.248468,18.397653],[-66.248493,18.397633],[-66.248522,18.397603],[-66.248552,18.397566],[-66.248573,18.397539],[-66.248594,18.397515],[-66.24862,18.397498],[-66.248655,18.397474],[-66.248685,18.397463],[-66.248715,18.397457],[-66.248753,18.397451],[-66.248792,18.397446],[-66.24883,18.397445],[-66.248869,18.397444],[-66.248925,18.397436],[-66.248981,18.39742],[-66.249028,18.3974],[-66.249054,18.397387],[-66.249084,18.397374],[-66.249124,18.397361],[-66.249161,18.397349],[-66.249196,18.39734],[-66.249229,18.397331],[-66.249258,18.397322],[-66.249306,18.397308],[-66.249337,18.397296],[-66.24937,18.397282],[-66.249374,18.397281],[-66.249406,18.397267],[-66.249435,18.397253],[-66.249463,18.397238],[-66.249487,18.397222],[-66.249511,18.397207],[-66.249537,18.397191],[-66.249583,18.39717],[-66.249615,18.397145],[-66.249657,18.397118],[-66.249766,18.39705],[-66.249878,18.396969],[-66.249989,18.396894],[-66.249999,18.396888],[-66.250096,18.396832],[-66.250143,18.396811],[-66.250209,18.396791],[-66.250291,18.396778],[-66.250354,18.396775],[-66.250455,18.396776],[-66.250521,18.396779],[-66.250543,18.396788],[-66.25058,18.396804],[-66.250619,18.396824],[-66.250652,18.396843],[-66.250685,18.396865],[-66.250716,18.396887],[-66.250752,18.396917],[-66.250778,18.396938],[-66.250806,18.396962],[-66.25084,18.396984],[-66.250874,18.397001],[-66.250908,18.397015],[-66.250943,18.397018],[-66.25098,18.397018],[-66.251014,18.397015],[-66.251059,18.397011],[-66.251112,18.397007],[-66.251154,18.397006],[-66.251189,18.397008],[-66.25123,18.397015],[-66.251266,18.397026],[-66.251295,18.397039],[-66.251342,18.397063],[-66.251375,18.397087],[-66.251396,18.397104],[-66.251404,18.39711],[-66.251435,18.397136],[-66.251486,18.397187],[-66.251513,18.397207],[-66.251539,18.397226],[-66.251572,18.397243],[-66.251599,18.397253],[-66.251636,18.39726],[-66.251672,18.397264],[-66.251739,18.397264],[-66.251768,18.397263],[-66.2518,18.397265],[-66.251843,18.397268],[-66.251921,18.397277],[-66.251964,18.397287],[-66.252006,18.397298],[-66.252037,18.397309],[-66.252069,18.397318],[-66.252097,18.397329],[-66.252128,18.397341],[-66.25216,18.397353],[-66.252199,18.397371],[-66.252233,18.397386],[-66.252262,18.3974],[-66.252295,18.397418],[-66.252322,18.397435],[-66.252347,18.39745],[-66.252377,18.397472],[-66.252408,18.397494],[-66.252438,18.397522],[-66.252459,18.397541],[-66.252478,18.397563],[-66.252505,18.397591],[-66.252527,18.397617],[-66.252546,18.397641],[-66.252573,18.39767],[-66.25259,18.397693],[-66.252613,18.397724],[-66.252634,18.397758],[-66.25265,18.397785],[-66.252666,18.397813],[-66.252675,18.397834],[-66.252679,18.397843],[-66.252695,18.397882],[-66.252708,18.397928],[-66.252718,18.397963],[-66.252724,18.397993],[-66.25273,18.398022],[-66.25274,18.39808],[-66.252746,18.398117],[-66.252751,18.398151],[-66.252756,18.398187],[-66.252761,18.398216],[-66.252764,18.398246],[-66.252771,18.398283],[-66.252779,18.39832],[-66.252789,18.398352],[-66.252802,18.398384],[-66.25282,18.398417],[-66.252842,18.398448],[-66.252861,18.398472],[-66.252883,18.398495],[-66.25291,18.398523],[-66.252931,18.398547],[-66.252936,18.398553],[-66.252959,18.398579],[-66.252987,18.398614],[-66.253005,18.398639],[-66.253027,18.398672],[-66.253041,18.3987],[-66.253055,18.39873],[-66.253063,18.398758],[-66.25307,18.398793],[-66.253073,18.398842],[-66.253069,18.398881],[-66.253065,18.398911],[-66.253057,18.398949],[-66.253048,18.398976],[-66.253032,18.399008],[-66.253023,18.399036],[-66.253007,18.399062],[-66.252981,18.399102],[-66.252952,18.399141],[-66.252927,18.399164],[-66.252898,18.39919],[-66.252874,18.399211],[-66.252851,18.39923],[-66.252817,18.399254],[-66.252791,18.399267],[-66.25276,18.399282],[-66.252714,18.39929],[-66.252669,18.399295],[-66.25264,18.399296],[-66.252609,18.399296],[-66.25258,18.399294],[-66.252551,18.39929],[-66.252508,18.399283],[-66.252467,18.399273],[-66.252427,18.39926],[-66.252392,18.399248],[-66.252361,18.399237],[-66.252324,18.399226],[-66.252287,18.399212],[-66.25222,18.399181],[-66.252185,18.399167],[-66.252144,18.399147],[-66.252106,18.399133],[-66.252076,18.39912],[-66.252041,18.39911],[-66.251999,18.399107],[-66.251955,18.399112],[-66.251917,18.399125],[-66.251885,18.399143],[-66.251859,18.399171],[-66.251845,18.399204],[-66.251842,18.39924],[-66.251841,18.399275],[-66.251842,18.399304],[-66.251844,18.399335],[-66.251854,18.399379],[-66.251865,18.399415],[-66.251876,18.399448],[-66.251897,18.399486],[-66.251915,18.399512],[-66.25194,18.399535],[-66.251964,18.399552],[-66.251993,18.399573],[-66.252017,18.399591],[-66.252047,18.399608],[-66.25208,18.399625],[-66.252109,18.399638],[-66.25214,18.399657],[-66.252172,18.399676],[-66.252189,18.39969],[-66.252199,18.399699],[-66.252222,18.399722],[-66.252256,18.399763],[-66.25228,18.399799],[-66.252295,18.399823],[-66.252315,18.399862],[-66.252331,18.399895],[-66.252343,18.399921],[-66.252359,18.399948],[-66.252377,18.399973],[-66.252402,18.399999],[-66.252423,18.400016],[-66.252431,18.400022],[-66.252461,18.400041],[-66.252493,18.400055],[-66.252525,18.40007],[-66.252558,18.400083],[-66.25259,18.400094],[-66.252622,18.400109],[-66.252653,18.400125],[-66.25268,18.400139],[-66.252724,18.400165],[-66.252762,18.400191],[-66.252787,18.400214],[-66.252811,18.400239],[-66.25283,18.400259],[-66.252847,18.400287],[-66.252868,18.400323],[-66.252885,18.400357],[-66.252904,18.400401],[-66.252923,18.400447],[-66.252939,18.400492],[-66.25295,18.400521],[-66.25296,18.400548],[-66.25298,18.400604],[-66.252994,18.400638],[-66.253011,18.40068],[-66.253029,18.400724],[-66.253047,18.400771],[-66.253063,18.400813],[-66.253076,18.400848],[-66.253087,18.400877],[-66.253104,18.400925],[-66.253117,18.400958],[-66.253126,18.400984],[-66.253135,18.401012],[-66.253148,18.401044],[-66.253154,18.40107],[-66.253156,18.401079],[-66.253165,18.401116],[-66.253171,18.401148],[-66.253177,18.401185],[-66.253182,18.401214],[-66.253185,18.401251],[-66.25319,18.401288],[-66.253195,18.401322],[-66.253201,18.401361],[-66.253205,18.401408],[-66.253205,18.401464],[-66.253204,18.401499],[-66.253203,18.401542],[-66.253202,18.401577],[-66.253199,18.401611],[-66.253202,18.40164],[-66.253206,18.401675],[-66.253217,18.401703],[-66.253238,18.401734],[-66.253266,18.401751],[-66.253301,18.401763],[-66.253337,18.401768],[-66.253378,18.401771],[-66.253417,18.401772],[-66.25346,18.40177],[-66.253489,18.401766],[-66.253523,18.401762],[-66.253554,18.401754],[-66.25359,18.401747],[-66.253618,18.40174],[-66.253652,18.401734],[-66.253687,18.401728],[-66.253721,18.401728],[-66.253757,18.401729],[-66.25381,18.401738],[-66.253839,18.401747],[-66.25387,18.401759],[-66.253907,18.401774],[-66.253977,18.401815],[-66.253987,18.401821],[-66.254012,18.401837],[-66.254048,18.40186],[-66.254075,18.401877],[-66.254104,18.401897],[-66.254135,18.401922],[-66.254156,18.401942],[-66.254183,18.401965],[-66.254205,18.401986],[-66.254241,18.402024],[-66.254264,18.402051],[-66.254287,18.402075],[-66.254312,18.402108],[-66.254329,18.402136],[-66.254345,18.402169],[-66.254356,18.402206],[-66.254363,18.402237],[-66.254369,18.402269],[-66.254371,18.402298],[-66.254374,18.402328],[-66.254376,18.40236],[-66.254379,18.4024],[-66.254381,18.402434],[-66.254384,18.402471],[-66.254388,18.402516],[-66.254389,18.402545],[-66.254394,18.402599],[-66.254397,18.402632],[-66.254403,18.402659],[-66.254414,18.402697],[-66.254428,18.402736],[-66.25444,18.402768],[-66.254456,18.402798],[-66.254476,18.402828],[-66.254493,18.40285],[-66.254511,18.402872],[-66.254537,18.402896],[-66.254564,18.40292],[-66.254593,18.402938],[-66.25462,18.402951],[-66.254652,18.402962],[-66.254705,18.40297],[-66.254741,18.40297],[-66.254771,18.402969],[-66.254804,18.402965],[-66.254837,18.402962],[-66.25487,18.402957],[-66.25491,18.402953],[-66.254941,18.402951],[-66.254981,18.402949],[-66.254997,18.402948],[-66.255498,18.402972],[-66.25579,18.403302],[-66.25579,18.40386],[-66.255789,18.404519],[-66.255815,18.405076],[-66.255868,18.405507],[-66.255734,18.406217],[-66.25576,18.406597],[-66.256309,18.407058],[-66.256308,18.407209],[-66.256273,18.407276],[-66.256256,18.407376],[-66.25615,18.407527],[-66.256045,18.407627],[-66.255975,18.40766],[-66.255905,18.407694],[-66.255852,18.407861],[-66.255834,18.408145],[-66.255834,18.408279],[-66.255904,18.40843],[-66.255992,18.40853],[-66.256009,18.408614],[-66.256026,18.408899],[-66.256032,18.408932],[-66.256061,18.409099],[-66.255763,18.409032],[-66.255641,18.408948],[-66.255395,18.408965],[-66.25515,18.408998],[-66.254939,18.408998],[-66.254834,18.408914],[-66.254396,18.408914],[-66.254081,18.408847],[-66.253853,18.408813],[-66.253748,18.408913],[-66.253627,18.408946],[-66.253467,18.408863],[-66.253467,18.408779],[-66.253445,18.408631],[-66.25348,18.408482],[-66.253471,18.408449],[-66.253498,18.408382],[-66.25348,18.408341],[-66.253489,18.408249],[-66.253481,18.408133],[-66.253481,18.408],[-66.25353,18.407813],[-66.253542,18.407768],[-66.253594,18.407593],[-66.253577,18.407377],[-66.25336,18.407244],[-66.253258,18.407189],[-66.252943,18.407222],[-66.252645,18.407323],[-66.252592,18.407406],[-66.252487,18.40764],[-66.252434,18.407741],[-66.252434,18.407992],[-66.252433,18.408293],[-66.252375,18.408356],[-66.25234,18.408489],[-66.252297,18.408555],[-66.252236,18.408647],[-66.251905,18.408754],[-66.251783,18.408671],[-66.251766,18.40863],[-66.251714,18.408605],[-66.251679,18.408543],[-66.251627,18.408376],[-66.25168,18.408242],[-66.251645,18.408141],[-66.251592,18.408024],[-66.251575,18.407857],[-66.251452,18.407773],[-66.25141,18.407633],[-66.251365,18.407422],[-66.25147,18.407238],[-66.251523,18.407137],[-66.251571,18.407058],[-66.251593,18.40702],[-66.251646,18.406786],[-66.251629,18.406702],[-66.251559,18.406435],[-66.251524,18.406117],[-66.251454,18.406066],[-66.251279,18.406234],[-66.251191,18.406401],[-66.251121,18.406568],[-66.25109,18.406713],[-66.251085,18.406735],[-66.250995,18.406964],[-66.250965,18.406987],[-66.250936,18.407009],[-66.250906,18.407034],[-66.250878,18.407058],[-66.250848,18.407083],[-66.250823,18.407105],[-66.250797,18.407126],[-66.250757,18.407158],[-66.250716,18.407196],[-66.250694,18.407216],[-66.250667,18.40724],[-66.250645,18.407261],[-66.250616,18.407285],[-66.250588,18.407301],[-66.250558,18.407318],[-66.250525,18.407333],[-66.250496,18.407346],[-66.250466,18.40736],[-66.250436,18.407373],[-66.250402,18.407385],[-66.250373,18.407395],[-66.250333,18.407405],[-66.250292,18.407416],[-66.250261,18.407423],[-66.250228,18.407426],[-66.250191,18.407429],[-66.250155,18.407431],[-66.250121,18.407432],[-66.250085,18.407433],[-66.250021,18.407433],[-66.249999,18.407437],[-66.249965,18.407443],[-66.249935,18.407454],[-66.249901,18.407474],[-66.249882,18.407495],[-66.249872,18.407524],[-66.24987,18.40756],[-66.249874,18.407591],[-66.249882,18.407623],[-66.249891,18.407653],[-66.249903,18.407685],[-66.249923,18.40773],[-66.249933,18.407756],[-66.249946,18.407785],[-66.249962,18.407813],[-66.24998,18.407842],[-66.249997,18.407869],[-66.249999,18.407873],[-66.250018,18.4079],[-66.250037,18.407926],[-66.250059,18.407954],[-66.250078,18.407978],[-66.250098,18.408],[-66.250123,18.408019],[-66.250154,18.408044],[-66.250182,18.408065],[-66.250208,18.408085],[-66.250257,18.408127],[-66.250278,18.408149],[-66.250307,18.408177],[-66.250338,18.408205],[-66.250359,18.408227],[-66.250381,18.408251],[-66.250402,18.408278],[-66.25042,18.408301],[-66.250435,18.408326],[-66.250455,18.408354],[-66.250471,18.408379],[-66.250492,18.408414],[-66.250511,18.408449],[-66.250525,18.408474],[-66.250543,18.408503],[-66.250556,18.408529],[-66.250574,18.408563],[-66.250588,18.40859],[-66.250603,18.408619],[-66.250617,18.408647],[-66.250636,18.408684],[-66.25065,18.408719],[-66.250662,18.40875],[-66.250675,18.408782],[-66.250687,18.408817],[-66.250696,18.408844],[-66.250705,18.408877],[-66.250716,18.408922],[-66.250721,18.40895],[-66.250728,18.408984],[-66.250735,18.409021],[-66.250739,18.409057],[-66.250744,18.409096],[-66.250747,18.409125],[-66.250751,18.40918],[-66.250755,18.409219],[-66.250757,18.409254],[-66.250758,18.409285],[-66.250756,18.409319],[-66.250753,18.409357],[-66.250749,18.409389],[-66.250745,18.409417],[-66.250741,18.409457],[-66.250735,18.4095],[-66.25073,18.409531],[-66.250725,18.409563],[-66.250717,18.40959],[-66.250708,18.409617],[-66.2507,18.409644],[-66.250688,18.409686],[-66.250678,18.409713],[-66.250666,18.409746],[-66.250655,18.409776],[-66.250643,18.409803],[-66.250629,18.409832],[-66.250614,18.40986],[-66.250596,18.40989],[-66.250576,18.409921],[-66.250562,18.409945],[-66.250529,18.409997],[-66.25051,18.410029],[-66.250493,18.410054],[-66.250475,18.410078],[-66.250453,18.410099],[-66.250422,18.410129],[-66.250398,18.410149],[-66.250358,18.410187],[-66.250326,18.41021],[-66.250305,18.410229],[-66.250281,18.410246],[-66.250255,18.410265],[-66.250228,18.410285],[-66.250204,18.410303],[-66.250176,18.410325],[-66.250144,18.410346],[-66.250112,18.410368],[-66.250086,18.410383],[-66.250058,18.410399],[-66.250032,18.410413],[-66.250004,18.410428],[-66.249999,18.410431],[-66.249977,18.410444],[-66.24995,18.41046],[-66.249912,18.410486],[-66.249887,18.410502],[-66.249857,18.410522],[-66.249833,18.410537],[-66.249804,18.410556],[-66.249779,18.410572],[-66.249754,18.410589],[-66.249724,18.41061],[-66.249697,18.41063],[-66.249673,18.410646],[-66.249646,18.410665],[-66.249611,18.410691],[-66.249587,18.410696],[-66.249556,18.410695],[-66.249458,18.410699],[-66.249431,18.410707],[-66.249388,18.410721],[-66.249338,18.410772],[-66.24931,18.410817],[-66.249296,18.410867],[-66.24929,18.41092],[-66.249301,18.410957],[-66.24933,18.411013],[-66.24938,18.411044],[-66.249413,18.411051],[-66.249475,18.411055],[-66.249487,18.411055],[-66.249602,18.411052],[-66.249622,18.411057],[-66.249632,18.411059],[-66.249659,18.41107],[-66.249689,18.411083],[-66.249722,18.4111],[-66.249748,18.411114],[-66.249775,18.411133],[-66.249799,18.411148],[-66.249825,18.411173],[-66.249861,18.411208],[-66.249888,18.411239],[-66.249918,18.411275],[-66.249952,18.411327],[-66.24997,18.411352],[-66.249988,18.411389],[-66.249999,18.411412],[-66.250001,18.411414],[-66.250016,18.41145],[-66.250031,18.411487],[-66.250043,18.411513],[-66.250056,18.411542],[-66.250084,18.411604],[-66.250099,18.411638],[-66.250112,18.411664],[-66.250123,18.411691],[-66.250136,18.411728],[-66.250152,18.411776],[-66.250166,18.411822],[-66.250185,18.411882],[-66.250194,18.411911],[-66.250205,18.411942],[-66.250214,18.411977],[-66.250224,18.412013],[-66.250233,18.412052],[-66.25024,18.412084],[-66.250247,18.412117],[-66.250261,18.412181],[-66.25027,18.412215],[-66.250277,18.412249],[-66.250285,18.412277],[-66.250293,18.412313],[-66.2503,18.412344],[-66.250305,18.412383],[-66.250307,18.412411],[-66.25031,18.412446],[-66.250315,18.412508],[-66.250317,18.41254],[-66.250323,18.4126],[-66.250325,18.412627],[-66.250329,18.41267],[-66.250331,18.412698],[-66.250336,18.412726],[-66.250344,18.412776],[-66.250352,18.412813],[-66.250359,18.412851],[-66.250367,18.412889],[-66.250372,18.41292],[-66.250376,18.412948],[-66.250378,18.412989],[-66.25038,18.413024],[-66.25038,18.413053],[-66.250379,18.413085],[-66.250379,18.413243],[-66.250377,18.413273],[-66.250373,18.413307],[-66.250358,18.413381],[-66.250348,18.413418],[-66.250338,18.413451],[-66.250327,18.413485],[-66.250312,18.41352],[-66.250298,18.413548],[-66.25028,18.413578],[-66.250264,18.413603],[-66.250245,18.413633],[-66.250225,18.413658],[-66.250203,18.413681],[-66.250178,18.413703],[-66.250158,18.413725],[-66.250134,18.41375],[-66.250101,18.413786],[-66.250072,18.413825],[-66.250057,18.413851],[-66.250047,18.413877],[-66.250044,18.413907],[-66.250046,18.413942],[-66.250049,18.413975],[-66.250053,18.41401],[-66.250055,18.414039],[-66.250056,18.414066],[-66.250053,18.414107],[-66.250048,18.414138],[-66.250038,18.414169],[-66.250022,18.414212],[-66.250007,18.414249],[-66.249999,18.414265],[-66.249993,18.414278],[-66.249982,18.414303],[-66.249969,18.414334],[-66.249951,18.414369],[-66.249938,18.414397],[-66.249923,18.414427],[-66.24991,18.414456],[-66.249895,18.414485],[-66.249879,18.414514],[-66.249875,18.41452],[-66.249869,18.414531],[-66.249829,18.414588],[-66.249793,18.414624],[-66.249747,18.414655],[-66.249695,18.41467],[-66.249625,18.414669],[-66.249593,18.414667],[-66.249562,18.414666],[-66.249529,18.414664],[-66.249499,18.414663],[-66.24946,18.414663],[-66.249431,18.414664],[-66.2494,18.414666],[-66.249366,18.41467],[-66.249333,18.414676],[-66.249303,18.414684],[-66.249278,18.414705],[-66.249258,18.414729],[-66.249239,18.414765],[-66.249229,18.414795],[-66.249217,18.414828],[-66.249208,18.414856],[-66.249196,18.414888],[-66.249184,18.414914],[-66.249164,18.41494],[-66.24914,18.414964],[-66.249112,18.414991],[-66.249093,18.415016],[-66.249081,18.415041],[-66.249069,18.415068],[-66.249054,18.415128],[-66.249046,18.415164],[-66.249041,18.415195],[-66.249034,18.41523],[-66.249027,18.41526],[-66.249013,18.415309],[-66.249005,18.415336],[-66.24899,18.415381],[-66.24898,18.415412],[-66.248968,18.41545],[-66.248953,18.41549],[-66.24894,18.415531],[-66.248927,18.415567],[-66.248904,18.415623],[-66.248897,18.415639],[-66.248863,18.415707],[-66.248844,18.415743],[-66.248826,18.415778],[-66.248812,18.415802],[-66.248789,18.415831],[-66.248768,18.415855],[-66.248746,18.415873],[-66.24872,18.41589],[-66.248692,18.415901],[-66.248658,18.415905],[-66.24863,18.415898],[-66.248603,18.415887],[-66.248573,18.415867],[-66.248533,18.415839],[-66.248504,18.415824],[-66.248468,18.415807],[-66.248437,18.4158],[-66.248407,18.415799],[-66.248372,18.415802],[-66.248339,18.415809],[-66.248309,18.415818],[-66.248275,18.415831],[-66.24824,18.415849],[-66.248214,18.415865],[-66.248187,18.415881],[-66.248151,18.415906],[-66.248128,18.415924],[-66.248103,18.415945],[-66.248082,18.415967],[-66.248062,18.415991],[-66.248041,18.416013],[-66.248015,18.416043],[-66.247989,18.416066],[-66.247963,18.41609],[-66.247935,18.416107],[-66.247907,18.416115],[-66.247872,18.416122],[-66.247834,18.416127],[-66.247801,18.416131],[-66.247764,18.416133],[-66.247698,18.416141],[-66.247664,18.416146],[-66.247632,18.416152],[-66.247603,18.416158],[-66.247572,18.416165],[-66.247536,18.416173],[-66.247499,18.416183],[-66.247471,18.416189],[-66.247433,18.416198],[-66.247393,18.416207],[-66.247346,18.416218],[-66.247311,18.416223],[-66.247275,18.416225],[-66.247243,18.416225],[-66.24721,18.416224],[-66.247171,18.416223],[-66.247128,18.416221],[-66.247089,18.41622],[-66.247046,18.416219],[-66.247004,18.416217],[-66.246967,18.416214],[-66.246928,18.416212],[-66.246893,18.41621],[-66.246865,18.416206],[-66.246826,18.4162],[-66.246794,18.416191],[-66.246754,18.41618],[-66.246719,18.416167],[-66.246674,18.416148],[-66.246645,18.416133],[-66.246617,18.416116],[-66.246589,18.416104],[-66.246555,18.416092],[-66.246526,18.416092],[-66.246498,18.416097],[-66.246469,18.416105],[-66.246441,18.416116],[-66.246408,18.416127],[-66.246377,18.416143],[-66.246351,18.416152],[-66.246306,18.416164],[-66.246271,18.416172],[-66.246243,18.416178],[-66.246212,18.416186],[-66.246177,18.416199],[-66.246129,18.416222],[-66.246093,18.416246],[-66.246068,18.416264],[-66.246035,18.416287],[-66.246009,18.416308],[-66.245982,18.416327],[-66.245946,18.416355],[-66.24592,18.416371],[-66.245891,18.416391],[-66.245863,18.41641],[-66.245832,18.41643],[-66.245801,18.416447],[-66.245775,18.416463],[-66.245749,18.416478],[-66.245722,18.416494],[-66.245689,18.416512],[-66.245653,18.416531],[-66.245614,18.416553],[-66.245583,18.416569],[-66.245556,18.416584],[-66.245529,18.416597],[-66.245517,18.416605],[-66.245503,18.416613],[-66.245474,18.416628],[-66.245423,18.416657],[-66.245394,18.416674],[-66.245367,18.416689],[-66.245331,18.41671],[-66.245299,18.416728],[-66.245274,18.416743],[-66.245245,18.41676],[-66.245201,18.416786],[-66.245173,18.416804],[-66.245146,18.41682],[-66.245118,18.416835],[-66.245087,18.416852],[-66.245059,18.416867],[-66.245031,18.416881],[-66.245005,18.416895],[-66.244937,18.416929],[-66.244907,18.416943],[-66.244869,18.416959],[-66.244847,18.417022],[-66.244833,18.417054],[-66.244808,18.417105],[-66.244799,18.417134],[-66.244784,18.417166],[-66.244772,18.417199],[-66.244758,18.417231],[-66.244734,18.417283],[-66.244707,18.417345],[-66.244693,18.417375],[-66.244681,18.417407],[-66.244666,18.41744],[-66.244659,18.417462],[-66.244654,18.417474],[-66.24464,18.417508],[-66.24462,18.417536],[-66.24456,18.417587],[-66.244224,18.417846],[-66.243855,18.418176],[-66.2435,18.418432],[-66.243321,18.418576],[-66.243228,18.418645],[-66.243184,18.418676],[-66.243142,18.418723],[-66.243102,18.418773],[-66.243089,18.41881],[-66.24312,18.418838],[-66.243154,18.418841],[-66.243236,18.418836],[-66.24345,18.418834],[-66.243859,18.418847],[-66.244029,18.418883],[-66.244077,18.418896],[-66.244088,18.418938],[-66.244097,18.418975],[-66.244047,18.419243],[-66.243861,18.419809],[-66.243724,18.420213],[-66.243712,18.42026],[-66.243272,18.422019],[-66.243102,18.422931],[-66.243039,18.42353],[-66.243041,18.423769],[-66.243062,18.423988],[-66.24307,18.424166],[-66.243073,18.424239],[-66.243087,18.424467],[-66.243076,18.42463],[-66.243052,18.424744],[-66.242998,18.424908],[-66.242956,18.425022],[-66.242892,18.425119],[-66.242813,18.425187],[-66.242747,18.425209],[-66.242697,18.425205],[-66.242641,18.425161],[-66.242625,18.425138],[-66.242569,18.425035],[-66.242533,18.424953],[-66.242517,18.424892],[-66.242511,18.424842],[-66.242517,18.424778],[-66.242539,18.424717],[-66.242581,18.424625],[-66.242625,18.424535],[-66.242657,18.424462],[-66.242672,18.424388],[-66.24265,18.424322],[-66.242613,18.424269],[-66.242573,18.424234],[-66.242543,18.4242],[-66.242494,18.424165],[-66.242449,18.424144],[-66.242413,18.424134],[-66.242373,18.424143],[-66.242303,18.424167],[-66.242218,18.424188],[-66.242139,18.424199],[-66.242075,18.424191],[-66.242018,18.42417],[-66.241974,18.424139],[-66.241941,18.424084],[-66.241907,18.424011],[-66.241886,18.42395],[-66.241878,18.423893],[-66.241888,18.423852],[-66.241903,18.423793],[-66.24193,18.423742],[-66.241971,18.423681],[-66.242006,18.42362],[-66.242028,18.423561],[-66.242043,18.423505],[-66.242025,18.423439],[-66.241948,18.423336],[-66.241881,18.423253],[-66.241829,18.423216],[-66.241794,18.423206],[-66.241756,18.423206],[-66.24171,18.423214],[-66.241651,18.423209],[-66.241609,18.423185],[-66.241581,18.423146],[-66.241563,18.423098],[-66.241535,18.423039],[-66.241505,18.422991],[-66.241458,18.422956],[-66.241397,18.422932],[-66.241316,18.422915],[-66.2412,18.422911],[-66.241081,18.422903],[-66.241026,18.422886],[-66.240997,18.422871],[-66.24097,18.422856],[-66.240918,18.422815],[-66.240885,18.42278],[-66.240855,18.422718],[-66.240844,18.422659],[-66.240827,18.422552],[-66.240828,18.422507],[-66.240812,18.422452],[-66.240779,18.422415],[-66.240754,18.422399],[-66.240702,18.422366],[-66.240633,18.42235],[-66.24056,18.42233],[-66.240501,18.422305],[-66.240458,18.422281],[-66.240423,18.422278],[-66.240392,18.422287],[-66.240368,18.422307],[-66.240327,18.422347],[-66.240273,18.422408],[-66.240203,18.422493],[-66.24014,18.422581],[-66.240089,18.422637],[-66.240034,18.422668],[-66.239984,18.422669],[-66.239948,18.422662],[-66.239918,18.422634],[-66.239893,18.422591],[-66.239863,18.422515],[-66.239842,18.42247],[-66.239798,18.422437],[-66.239731,18.422414],[-66.239641,18.422392],[-66.23953,18.422386],[-66.239458,18.42241],[-66.239367,18.42244],[-66.239224,18.422513],[-66.239058,18.422601],[-66.23894,18.422672],[-66.238813,18.422759],[-66.238664,18.422866],[-66.238587,18.422908],[-66.238439,18.422964],[-66.238346,18.422986],[-66.238246,18.422993],[-66.238153,18.422992],[-66.238065,18.423007],[-66.237979,18.42303],[-66.237858,18.423045],[-66.237751,18.423054],[-66.237665,18.423042],[-66.237554,18.422999],[-66.237486,18.422963],[-66.237436,18.422936],[-66.237373,18.422865],[-66.237349,18.422776],[-66.237333,18.422675],[-66.237339,18.422577],[-66.237352,18.422495],[-66.237373,18.422389],[-66.237396,18.422253],[-66.237409,18.422174],[-66.237413,18.422085],[-66.237405,18.42202],[-66.237389,18.421963],[-66.237347,18.421917],[-66.2373,18.421895],[-66.237252,18.421895],[-66.237209,18.421915],[-66.237166,18.421948],[-66.237122,18.421991],[-66.237052,18.422073],[-66.237006,18.422145],[-66.236933,18.422249],[-66.236872,18.422325],[-66.236827,18.422368],[-66.236762,18.422403],[-66.236666,18.422445],[-66.236556,18.422488],[-66.23651,18.4225],[-66.236365,18.422538],[-66.23621,18.422563],[-66.235953,18.422609],[-66.235698,18.422642],[-66.235631,18.422654],[-66.235564,18.422672],[-66.235516,18.422703],[-66.235449,18.42275],[-66.23535,18.4228],[-66.23524,18.422849],[-66.235168,18.422875],[-66.235068,18.422896],[-66.234963,18.422911],[-66.234851,18.422936],[-66.234744,18.42298],[-66.234674,18.42302],[-66.234542,18.423084],[-66.234509,18.423102],[-66.234384,18.423172],[-66.234221,18.423277],[-66.234146,18.423314],[-66.234043,18.42334],[-66.23397,18.423346],[-66.23387,18.42334],[-66.233789,18.423332],[-66.233742,18.423322],[-66.233701,18.423326],[-66.23363,18.423352],[-66.233565,18.42339],[-66.233492,18.423473],[-66.233431,18.423556],[-66.233356,18.423662],[-66.233257,18.42376],[-66.233156,18.423845],[-66.233055,18.423914],[-66.232952,18.423969],[-66.232854,18.424004],[-66.23278,18.424028],[-66.232718,18.424066],[-66.232708,18.424072],[-66.232626,18.424146],[-66.232549,18.424231],[-66.232478,18.424348],[-66.232443,18.424441],[-66.232421,18.424507],[-66.232413,18.424561],[-66.232417,18.424609],[-66.23243,18.424706],[-66.232442,18.424807],[-66.232436,18.424879],[-66.232421,18.424945],[-66.232385,18.424994],[-66.232308,18.425045],[-66.232185,18.425076],[-66.232083,18.425086],[-66.231845,18.425082],[-66.231747,18.425101],[-66.231657,18.425125],[-66.231652,18.425128],[-66.231604,18.425156],[-66.231534,18.425225],[-66.231464,18.425295],[-66.231406,18.425351],[-66.231334,18.425406],[-66.231276,18.425444],[-66.231154,18.425495],[-66.231025,18.425545],[-66.230905,18.4256],[-66.230761,18.425684],[-66.230684,18.425742],[-66.230645,18.425794],[-66.230616,18.425875],[-66.230592,18.425952],[-66.230584,18.426017],[-66.230587,18.426085],[-66.230605,18.426152],[-66.230626,18.426211],[-66.230622,18.426263],[-66.2306,18.426331],[-66.230549,18.426423],[-66.230488,18.42649],[-66.23039,18.426561],[-66.230294,18.426608],[-66.230191,18.426661],[-66.230076,18.426727],[-66.230008,18.426778],[-66.229928,18.426857],[-66.229873,18.426931],[-66.229824,18.427],[-66.22979,18.427041],[-66.229725,18.42709],[-66.229659,18.42712],[-66.229557,18.427153],[-66.229413,18.427187],[-66.229289,18.427251],[-66.229183,18.427345],[-66.229125,18.427424],[-66.229095,18.427487],[-66.229043,18.427622],[-66.228994,18.427719],[-66.22893,18.427841],[-66.22885,18.427955],[-66.228779,18.428052],[-66.228686,18.428116],[-66.228568,18.428201],[-66.22846,18.428261],[-66.2284,18.428271],[-66.228332,18.428265],[-66.228268,18.428249],[-66.22818,18.428197],[-66.228106,18.428133],[-66.22805,18.42805],[-66.227992,18.427963],[-66.227944,18.427833],[-66.22792,18.427726],[-66.227917,18.427604],[-66.227923,18.42752],[-66.227941,18.427432],[-66.227954,18.427357],[-66.227968,18.427212],[-66.227997,18.427024],[-66.22802,18.426913],[-66.228074,18.426696],[-66.228144,18.426465],[-66.228217,18.426246],[-66.228286,18.426086],[-66.228327,18.425996],[-66.228418,18.425795],[-66.228526,18.425565],[-66.228586,18.425416],[-66.228657,18.425247],[-66.228727,18.425069],[-66.228772,18.424929],[-66.22881,18.424798],[-66.228845,18.424662],[-66.228883,18.424513],[-66.228919,18.42435],[-66.22895,18.42421],[-66.228976,18.42406],[-66.22899,18.42392],[-66.228997,18.423797],[-66.229002,18.423682],[-66.229008,18.423609],[-66.229015,18.423478],[-66.229016,18.423449],[-66.229021,18.423369],[-66.229021,18.423233],[-66.229015,18.423126],[-66.229003,18.42303],[-66.228964,18.422937],[-66.228946,18.422882],[-66.228919,18.422791],[-66.228861,18.422692],[-66.228828,18.42266],[-66.228788,18.422655],[-66.228757,18.422664],[-66.22873,18.422688],[-66.228691,18.42274],[-66.22865,18.422803],[-66.228596,18.422897],[-66.228576,18.422942],[-66.228568,18.422992],[-66.228565,18.423035],[-66.228549,18.423144],[-66.228536,18.423219],[-66.228512,18.423284],[-66.228502,18.423317],[-66.228471,18.423418],[-66.228447,18.423488],[-66.228422,18.423524],[-66.228386,18.42355],[-66.228355,18.423568],[-66.22829,18.42359],[-66.228217,18.423598],[-66.228091,18.4236],[-66.227922,18.423609],[-66.227689,18.423624],[-66.227567,18.423631],[-66.227484,18.423628],[-66.227388,18.423619],[-66.227331,18.423616],[-66.227269,18.423604],[-66.227198,18.423573],[-66.227135,18.42352],[-66.227065,18.423439],[-66.22701,18.423343],[-66.226978,18.423252],[-66.226951,18.423156],[-66.22693,18.423101],[-66.226909,18.423081],[-66.226888,18.423062],[-66.226834,18.423041],[-66.22676,18.423024],[-66.226639,18.423011],[-66.226477,18.422997],[-66.226318,18.422981],[-66.226231,18.422978],[-66.226162,18.42297],[-66.226088,18.422958],[-66.22601,18.422954],[-66.225922,18.422957],[-66.225838,18.422997],[-66.225745,18.423055],[-66.22566,18.423124],[-66.225554,18.423231],[-66.22546,18.423325],[-66.225364,18.423401],[-66.225241,18.423479],[-66.225143,18.423527],[-66.225007,18.423582],[-66.224851,18.423634],[-66.224679,18.423679],[-66.224549,18.423703],[-66.224419,18.423714],[-66.224236,18.423721],[-66.224045,18.423725],[-66.223889,18.423722],[-66.22388,18.423723],[-66.223784,18.423728],[-66.223653,18.423749],[-66.223522,18.423781],[-66.223411,18.423838],[-66.223342,18.423889],[-66.223274,18.423961],[-66.223261,18.424002],[-66.223273,18.424029],[-66.223303,18.424054],[-66.223348,18.424075],[-66.2235,18.424112],[-66.223679,18.424171],[-66.22373,18.424187],[-66.223795,18.424207],[-66.223949,18.424275],[-66.224135,18.424346],[-66.224303,18.424403],[-66.224485,18.424467],[-66.224636,18.424521],[-66.224763,18.424586],[-66.224869,18.424667],[-66.225,18.424792],[-66.225097,18.424902],[-66.225144,18.424953],[-66.225256,18.425075],[-66.225383,18.425188],[-66.225526,18.425308],[-66.225638,18.425405],[-66.225687,18.425451],[-66.225717,18.425495],[-66.225785,18.425607],[-66.225814,18.425671],[-66.225838,18.425701],[-66.225864,18.425721],[-66.225878,18.425724],[-66.225918,18.425715],[-66.226004,18.425701],[-66.2261,18.425675],[-66.226145,18.425664],[-66.226178,18.425665],[-66.226204,18.425681],[-66.226223,18.425709],[-66.226231,18.425749],[-66.226235,18.425806],[-66.226215,18.425901],[-66.226187,18.425996],[-66.226157,18.426107],[-66.226134,18.4262],[-66.226116,18.426288],[-66.226097,18.426397],[-66.226085,18.426465],[-66.226074,18.426512],[-66.226057,18.426557],[-66.226025,18.426605],[-66.225994,18.426643],[-66.22597,18.426667],[-66.225907,18.426712],[-66.225746,18.426803],[-66.225547,18.426909],[-66.22547,18.426969],[-66.225406,18.427025],[-66.225307,18.427091],[-66.225166,18.427196],[-66.225009,18.427303],[-66.22486,18.427407],[-66.224712,18.427487],[-66.224565,18.427575],[-66.224407,18.427655],[-66.224168,18.427769],[-66.223983,18.427857],[-66.223741,18.427961],[-66.223688,18.427981],[-66.223593,18.428011],[-66.223578,18.428016],[-66.223505,18.428037],[-66.223421,18.428063],[-66.223344,18.428087],[-66.223295,18.428089],[-66.223245,18.428088],[-66.223145,18.428068],[-66.223107,18.428077],[-66.223052,18.428083],[-66.22301,18.428078],[-66.222941,18.428065],[-66.222827,18.428043],[-66.222754,18.42802],[-66.22265,18.42797],[-66.222537,18.427917],[-66.222259,18.427778],[-66.222181,18.427748],[-66.2221,18.427733],[-66.222034,18.427737],[-66.221907,18.427744],[-66.221824,18.427747],[-66.221771,18.427744],[-66.221708,18.427718],[-66.221644,18.427695],[-66.221589,18.42768],[-66.221544,18.427682],[-66.221501,18.42769],[-66.221432,18.427716],[-66.221298,18.427764],[-66.221138,18.427828],[-66.220956,18.427887],[-66.220844,18.427914],[-66.220727,18.427942],[-66.220615,18.427961],[-66.220449,18.427977],[-66.220349,18.427984],[-66.220225,18.427976],[-66.220138,18.427963],[-66.220033,18.427934],[-66.219933,18.42791],[-66.219869,18.4279],[-66.219819,18.427904],[-66.219748,18.427917],[-66.21965,18.427936],[-66.219521,18.427965],[-66.219426,18.427991],[-66.219352,18.428006],[-66.219254,18.428021],[-66.219095,18.428032],[-66.218926,18.428045],[-66.218709,18.428069],[-66.218574,18.428081],[-66.218467,18.428084],[-66.218265,18.428085],[-66.218188,18.428096],[-66.218105,18.428122],[-66.218032,18.428165],[-66.217969,18.428205],[-66.217919,18.428227],[-66.217857,18.428256],[-66.217792,18.428275],[-66.217736,18.428265],[-66.217646,18.428246],[-66.217563,18.42822],[-66.217452,18.428195],[-66.217353,18.428176],[-66.217262,18.42817],[-66.217189,18.428171],[-66.217129,18.428188],[-66.217074,18.428215],[-66.217016,18.428269],[-66.216958,18.428318],[-66.216867,18.428396],[-66.216758,18.428478],[-66.216677,18.428545],[-66.216629,18.428565],[-66.216588,18.428576],[-66.216538,18.428579],[-66.216491,18.428576],[-66.216422,18.428562],[-66.216325,18.428547],[-66.216272,18.428548],[-66.216222,18.428559],[-66.216129,18.428589],[-66.215993,18.428644],[-66.215887,18.428681],[-66.215842,18.428696],[-66.215792,18.428707],[-66.21573,18.428715],[-66.215563,18.428712],[-66.2155,18.428689],[-66.215431,18.428656],[-66.215387,18.428628],[-66.215339,18.428607],[-66.215299,18.428595],[-66.215214,18.428594],[-66.215114,18.428595],[-66.21495,18.428599],[-66.214759,18.428616],[-66.214581,18.428637],[-66.214488,18.428649],[-66.214448,18.428644],[-66.214403,18.428629],[-66.214323,18.428576],[-66.214304,18.428567],[-66.21428,18.428555],[-66.214259,18.428552],[-66.214228,18.428559],[-66.214182,18.428583],[-66.214119,18.428629],[-66.214021,18.428691],[-66.213927,18.428726],[-66.213835,18.428729],[-66.213718,18.428739],[-66.213597,18.428744],[-66.213454,18.428733],[-66.213324,18.428699],[-66.213235,18.428661],[-66.213159,18.428651],[-66.213082,18.428661],[-66.212989,18.428703],[-66.21285,18.428769],[-66.212701,18.42886],[-66.212548,18.42894],[-66.212409,18.429028],[-66.212329,18.429109],[-66.212259,18.429185],[-66.212215,18.429264],[-66.212178,18.429362],[-66.21216,18.429427],[-66.21215,18.429481],[-66.212149,18.42954],[-66.212146,18.429586],[-66.212162,18.429609],[-66.212193,18.429632],[-66.212261,18.429669],[-66.212382,18.429698],[-66.212524,18.429718],[-66.212669,18.42973],[-66.212823,18.429746],[-66.212942,18.429768],[-66.213024,18.429796],[-66.213088,18.429838],[-66.213142,18.429889],[-66.213195,18.429955],[-66.213235,18.430017],[-66.213248,18.430076],[-66.213254,18.430124],[-66.213215,18.43018],[-66.21316,18.430214],[-66.213101,18.430222],[-66.213011,18.430199],[-66.212919,18.430157],[-66.212808,18.430137],[-66.212715,18.430115],[-66.212606,18.430118],[-66.212527,18.43014],[-66.212501,18.430164],[-66.212476,18.430202],[-66.212466,18.430241],[-66.212463,18.430282],[-66.21246,18.430336],[-66.212449,18.430443],[-66.212435,18.430535],[-66.212425,18.430606],[-66.212405,18.430673],[-66.212377,18.430734],[-66.212316,18.430833],[-66.212268,18.430885],[-66.212218,18.430904],[-66.212177,18.430908],[-66.212158,18.430899],[-66.212131,18.430865],[-66.212113,18.430801],[-66.212131,18.430719],[-66.21216,18.430656],[-66.21218,18.430598],[-66.212193,18.430507],[-66.212199,18.430425],[-66.212191,18.430339],[-66.212171,18.430262],[-66.212148,18.430207],[-66.212118,18.430147],[-66.212058,18.430071],[-66.211995,18.429998],[-66.211926,18.429961],[-66.211848,18.429937],[-66.211756,18.429924],[-66.211685,18.429909],[-66.211514,18.42988],[-66.211277,18.429836],[-66.211132,18.429809],[-66.211056,18.429803],[-66.211006,18.42982],[-66.210974,18.42985],[-66.210945,18.42989],[-66.210925,18.429951],[-66.210898,18.430032],[-66.210865,18.430143],[-66.210839,18.43029],[-66.210804,18.430421],[-66.210774,18.430496],[-66.210742,18.430536],[-66.210687,18.430569],[-66.210664,18.43056],[-66.210643,18.430535],[-66.210619,18.430505],[-66.210601,18.430452],[-66.2106,18.4304],[-66.210612,18.430357],[-66.210639,18.430296],[-66.210684,18.430197],[-66.210716,18.430109],[-66.210724,18.430023],[-66.210723,18.429939],[-66.210711,18.429859],[-66.210686,18.429766],[-66.210658,18.429706],[-66.210631,18.429661],[-66.210579,18.429621],[-66.210499,18.429588],[-66.210368,18.429555],[-66.210226,18.429534],[-66.210141,18.42954],[-66.210064,18.429564],[-66.209952,18.429612],[-66.20982,18.429671],[-66.209686,18.429731],[-66.20952,18.429803],[-66.209467,18.429825],[-66.20941,18.429843],[-66.209355,18.429844],[-66.209308,18.429841],[-66.209241,18.429836],[-66.209173,18.429826],[-66.209085,18.429806],[-66.209012,18.429789],[-66.208938,18.429761],[-66.208875,18.429744],[-66.208825,18.42973],[-66.208789,18.429729],[-66.208753,18.429738],[-66.208729,18.429758],[-66.208708,18.429782],[-66.208702,18.429812],[-66.208702,18.429846],[-66.208729,18.429914],[-66.208759,18.429987],[-66.208791,18.430054],[-66.208828,18.430113],[-66.208882,18.430171],[-66.208905,18.430221],[-66.208916,18.430267],[-66.208908,18.43031],[-66.208877,18.430361],[-66.208833,18.430392],[-66.208788,18.430412],[-66.208738,18.430418],[-66.2087,18.430413],[-66.208655,18.430383],[-66.208604,18.430328],[-66.20856,18.430252],[-66.208549,18.430193],[-66.208521,18.430143],[-66.208484,18.430063],[-66.208406,18.429935],[-66.208338,18.42985],[-66.208296,18.429815],[-66.20823,18.42978],[-66.208152,18.429754],[-66.20804,18.429754],[-66.207917,18.429739],[-66.207812,18.429733],[-66.207769,18.429755],[-66.207721,18.429784],[-66.207642,18.429842],[-66.207591,18.429884],[-66.207526,18.429915],[-66.207459,18.429932],[-66.207371,18.42994],[-66.207257,18.429959],[-66.207081,18.429983],[-66.206899,18.430028],[-66.206773,18.430054],[-66.206666,18.430066],[-66.20658,18.430073],[-66.206502,18.430065],[-66.206447,18.430044],[-66.206405,18.430021],[-66.206363,18.429986],[-66.206333,18.429943],[-66.206296,18.429874],[-66.206242,18.429803],[-66.206196,18.42975],[-66.206119,18.429656],[-66.206046,18.42958],[-66.20596,18.429488],[-66.205904,18.429435],[-66.205842,18.429402],[-66.205753,18.42936],[-66.205587,18.42931],[-66.205485,18.429281],[-66.205397,18.429271],[-66.205119,18.429267],[-66.204967,18.429271],[-66.2049,18.429268],[-66.204867,18.42926],[-66.204846,18.429242],[-66.204787,18.429207],[-66.20473,18.429199],[-66.204673,18.429199],[-66.204616,18.429214],[-66.204558,18.429258],[-66.204438,18.429356],[-66.20426,18.429501],[-66.204113,18.429633],[-66.203973,18.429758],[-66.203893,18.429845],[-66.203842,18.429915],[-66.203812,18.429985],[-66.20377,18.430075],[-66.203738,18.430193],[-66.203718,18.430294],[-66.203703,18.43038],[-66.203701,18.430485],[-66.203704,18.430585],[-66.203707,18.430687],[-66.20372,18.430798],[-66.203744,18.430944],[-66.203767,18.431101],[-66.203764,18.431137],[-66.203761,18.431167],[-66.203751,18.431216],[-66.203736,18.431271],[-66.203707,18.43132],[-66.203675,18.431345],[-66.203649,18.431353],[-66.203635,18.431355],[-66.203616,18.431341],[-66.203593,18.431312],[-66.203567,18.431264],[-66.203559,18.431189],[-66.203534,18.431091],[-66.203505,18.430981],[-66.203471,18.430869],[-66.203456,18.43079],[-66.203443,18.430697],[-66.203433,18.430576],[-66.203421,18.430485],[-66.2034,18.430428],[-66.203379,18.430394],[-66.203342,18.430368],[-66.203311,18.430361],[-66.203258,18.430385],[-66.203229,18.430414],[-66.203222,18.430453],[-66.203218,18.430518],[-66.203224,18.430596],[-66.20322,18.430673],[-66.203223,18.43078],[-66.203213,18.430859],[-66.203216,18.430963],[-66.203205,18.431043],[-66.203165,18.431142],[-66.203131,18.431228],[-66.203055,18.43134],[-66.202973,18.431425],[-66.202862,18.43152],[-66.202732,18.431628],[-66.202623,18.431726],[-66.202532,18.431815],[-66.202459,18.431892],[-66.202415,18.431961],[-66.202374,18.43202],[-66.202354,18.432074],[-66.202329,18.432137],[-66.202292,18.432259],[-66.202242,18.432401],[-66.202204,18.432519],[-66.202157,18.432641],[-66.20212,18.432744],[-66.202093,18.432771],[-66.202001,18.432849],[-66.201893,18.432934],[-66.201787,18.433009],[-66.201674,18.433071],[-66.20159,18.43312],[-66.20143,18.433197],[-66.201339,18.433225],[-66.201315,18.433236],[-66.201298,18.433257],[-66.201288,18.433277],[-66.201283,18.433302],[-66.201278,18.433329],[-66.201287,18.433356],[-66.201296,18.433386],[-66.201317,18.433422],[-66.201332,18.433484],[-66.201348,18.43357],[-66.201342,18.43362],[-66.201318,18.433663],[-66.201296,18.433695],[-66.201255,18.433714],[-66.201222,18.433714],[-66.201193,18.4337],[-66.201161,18.43367],[-66.201105,18.433615],[-66.201032,18.433545],[-66.20088,18.433416],[-66.200781,18.433351],[-66.200746,18.433316],[-66.20073,18.433282],[-66.200702,18.433209],[-66.20067,18.433152],[-66.20064,18.433122],[-66.200614,18.433103],[-66.200595,18.433103],[-66.200575,18.433123],[-66.200561,18.433141],[-66.200556,18.433177],[-66.200547,18.433239],[-66.200552,18.433409],[-66.200557,18.433529],[-66.200542,18.433574],[-66.200513,18.433626],[-66.200479,18.43366],[-66.200395,18.433718],[-66.200294,18.433782],[-66.200196,18.433828],[-66.200077,18.433895],[-66.200004,18.433953],[-66.199951,18.434007],[-66.199894,18.434047],[-66.199812,18.434096],[-66.199712,18.434135],[-66.199616,18.43417],[-66.19953,18.43421],[-66.199448,18.434259],[-66.199357,18.434316],[-66.199257,18.434351],[-66.199195,18.434359],[-66.199147,18.434345],[-66.199105,18.434303],[-66.199097,18.434249],[-66.199094,18.434131],[-66.199096,18.433972],[-66.199104,18.433813],[-66.19911,18.433695],[-66.199097,18.433668],[-66.199082,18.433658],[-66.199049,18.433653],[-66.19903,18.433653],[-66.199011,18.433676],[-66.198991,18.433702],[-66.198976,18.433757],[-66.198967,18.43377],[-66.198891,18.433769],[-66.198862,18.433773],[-66.198824,18.433786],[-66.198795,18.433808],[-66.198779,18.433865],[-66.198782,18.433915],[-66.198805,18.433961],[-66.198838,18.434012],[-66.19887,18.434076],[-66.198875,18.434123],[-66.198879,18.434187],[-66.198882,18.434295],[-66.198881,18.434382],[-66.198884,18.434463],[-66.198911,18.434537],[-66.198944,18.434591],[-66.198977,18.434619],[-66.199019,18.434629],[-66.199071,18.43463],[-66.199123,18.434649],[-66.199189,18.434722],[-66.199217,18.434763],[-66.199269,18.434787],[-66.199315,18.434828],[-66.199395,18.43492],[-66.199408,18.434993],[-66.19942,18.435111],[-66.199437,18.435225],[-66.199455,18.435312],[-66.199491,18.435403],[-66.199531,18.435538],[-66.199548,18.435623],[-66.199552,18.435683],[-66.199554,18.43575],[-66.199548,18.4358],[-66.199529,18.435854],[-66.199465,18.435931],[-66.199423,18.435972],[-66.199359,18.436014],[-66.199288,18.43605],[-66.199223,18.436074],[-66.19916,18.436085],[-66.199077,18.436087],[-66.198999,18.436088],[-66.198933,18.436094],[-66.198886,18.436101],[-66.198855,18.436116],[-66.198821,18.436133],[-66.198776,18.436174],[-66.198699,18.43625],[-66.198641,18.436297],[-66.198527,18.436385],[-66.198454,18.436431],[-66.198414,18.436467],[-66.198345,18.436539],[-66.198286,18.436635],[-66.198243,18.436716],[-66.198197,18.436808],[-66.198175,18.436912],[-66.198189,18.437012],[-66.198223,18.437177],[-66.198262,18.437317],[-66.198317,18.437467],[-66.198329,18.437503],[-66.198352,18.437577],[-66.198387,18.437662],[-66.198473,18.437803],[-66.19858,18.437959],[-66.198708,18.438115],[-66.19881,18.438221],[-66.198903,18.438287],[-66.199006,18.438343],[-66.199135,18.43841],[-66.199228,18.438471],[-66.1993,18.438527],[-66.199362,18.438592],[-66.199449,18.438678],[-66.199464,18.438718],[-66.199458,18.438743],[-66.199395,18.438792],[-66.199353,18.438806],[-66.199285,18.438805],[-66.199109,18.438773],[-66.198974,18.438736],[-66.198803,18.438694],[-66.198668,18.438647],[-66.198518,18.43857],[-66.198363,18.438498],[-66.198254,18.438467],[-66.198165,18.438455],[-66.198134,18.438455],[-66.198108,18.438469],[-66.198102,18.438534],[-66.198116,18.438599],[-66.198152,18.438649],[-66.198219,18.438685],[-66.19838,18.438742],[-66.198493,18.438794],[-66.198649,18.438866],[-66.198819,18.438948],[-66.198933,18.438989],[-66.199068,18.439031],[-66.199166,18.439077],[-66.199223,18.439118],[-66.199259,18.439163],[-66.199284,18.439223],[-66.199278,18.439258],[-66.199267,18.439308],[-66.199235,18.439357],[-66.199187,18.439416],[-66.199107,18.4395],[-66.199075,18.439539],[-66.199075,18.439589],[-66.19909,18.439614],[-66.199126,18.439619],[-66.199189,18.439605],[-66.199263,18.439566],[-66.199458,18.43943],[-66.199584,18.439337],[-66.199711,18.439255],[-66.199863,18.439187],[-66.200014,18.43916],[-66.200161,18.439137],[-66.200338,18.43913],[-66.200463,18.439136],[-66.200583,18.439143],[-66.20066,18.439179],[-66.200764,18.439225],[-66.200851,18.439301],[-66.200949,18.439377],[-66.201005,18.439438],[-66.201014,18.439513],[-66.200998,18.439592],[-66.200955,18.439656],[-66.200871,18.439715],[-66.200771,18.439773],[-66.200623,18.439845],[-66.20054,18.439884],[-66.200508,18.439893],[-66.200476,18.439918],[-66.200455,18.439942],[-66.200412,18.440026],[-66.200375,18.440091],[-66.200322,18.44014],[-66.200212,18.440173],[-66.200123,18.440176],[-66.200061,18.440166],[-66.200009,18.44014],[-66.199957,18.440129],[-66.199926,18.440139],[-66.19991,18.440148],[-66.199899,18.440168],[-66.199899,18.440198],[-66.199919,18.440228],[-66.199944,18.440263],[-66.19996,18.440288],[-66.19997,18.440323],[-66.199969,18.440373],[-66.199978,18.440423],[-66.199994,18.440482],[-66.200004,18.440536],[-66.199993,18.440566],[-66.199935,18.440595],[-66.199851,18.440599],[-66.199742,18.440577],[-66.199675,18.440547],[-66.199587,18.440525],[-66.199488,18.440504],[-66.199306,18.440471],[-66.19915,18.440469],[-66.198999,18.440457],[-66.198822,18.440449],[-66.198676,18.440432],[-66.198531,18.4404],[-66.198396,18.440358],[-66.198236,18.440301],[-66.198147,18.440285],[-66.19809,18.440284],[-66.198043,18.440298],[-66.19798,18.440337],[-66.197853,18.440445],[-66.197741,18.440563],[-66.197562,18.440734],[-66.197424,18.440832],[-66.197314,18.44087],[-66.197126,18.440912],[-66.197037,18.440916],[-66.196907,18.440919],[-66.196767,18.440887],[-66.196591,18.440819],[-66.196451,18.440748],[-66.196322,18.440681],[-66.196219,18.4406],[-66.196142,18.440514],[-66.196087,18.440424],[-66.196041,18.440358],[-66.196037,18.440289],[-66.196059,18.440209],[-66.196076,18.44013],[-66.196103,18.440071],[-66.196151,18.439997],[-66.196225,18.439918],[-66.196309,18.439865],[-66.19643,18.439802],[-66.196609,18.43967],[-66.196757,18.439563],[-66.196905,18.43946],[-66.197016,18.439378],[-66.1971,18.439279],[-66.197132,18.43923],[-66.197159,18.439196],[-66.197149,18.439156],[-66.197124,18.439125],[-66.197051,18.439104],[-66.197009,18.439104],[-66.196952,18.439118],[-66.196884,18.439152],[-66.196794,18.439205],[-66.196731,18.439264],[-66.196635,18.439377],[-66.196509,18.43945],[-66.196361,18.439547],[-66.19622,18.439595],[-66.196083,18.439657],[-66.195941,18.43973],[-66.195799,18.439822],[-66.195713,18.439901],[-66.195644,18.440014],[-66.195589,18.440183],[-66.195597,18.440312],[-66.195616,18.440477],[-66.195614,18.440541],[-66.195598,18.440621],[-66.195597,18.440646],[-66.195571,18.44068],[-66.195507,18.440714],[-66.19523,18.440809],[-66.19512,18.440843],[-66.195078,18.440867],[-66.195041,18.440866],[-66.19501,18.440851],[-66.195005,18.440836],[-66.194995,18.440801],[-66.194981,18.440746],[-66.194987,18.440696],[-66.195029,18.440627],[-66.195083,18.440558],[-66.195126,18.440484],[-66.195186,18.440301],[-66.195246,18.440108],[-66.195263,18.440053],[-66.195254,18.439979],[-66.195254,18.439939],[-66.195234,18.439894],[-66.195214,18.439859],[-66.195126,18.439803],[-66.194997,18.439721],[-66.194801,18.439609],[-66.194662,18.439532],[-66.194574,18.439466],[-66.194492,18.439395],[-66.194405,18.439274],[-66.194232,18.439008],[-66.194089,18.438817],[-66.193998,18.438701],[-66.193873,18.438659],[-66.193837,18.438659],[-66.193795,18.438678],[-66.193768,18.438712],[-66.193757,18.438772],[-66.193791,18.438937],[-66.193859,18.439202],[-66.193868,18.439306],[-66.193856,18.439391],[-66.193802,18.439489],[-66.19376,18.439558],[-66.193686,18.439617],[-66.193576,18.439665],[-66.193471,18.439703],[-66.19333,18.439706],[-66.193195,18.439694],[-66.193054,18.439677],[-66.192904,18.439635],[-66.192785,18.439594],[-66.192671,18.439537],[-66.192568,18.439481],[-66.192475,18.439425],[-66.192361,18.439344],[-66.19219,18.439223],[-66.191958,18.439031],[-66.191752,18.438873],[-66.191613,18.438772],[-66.191453,18.43869],[-66.191293,18.438573],[-66.191191,18.438482],[-66.191083,18.438376],[-66.191017,18.438275],[-66.190941,18.43811],[-66.190901,18.43801],[-66.190862,18.437865],[-66.190832,18.43781],[-66.19078,18.437779],[-66.190702,18.437768],[-66.19054,18.437776],[-66.190441,18.437814],[-66.190341,18.437852],[-66.190232,18.437856],[-66.190133,18.437829],[-66.190055,18.437808],[-66.189957,18.437787],[-66.189889,18.437791],[-66.189873,18.43782],[-66.189856,18.437875],[-66.189881,18.43794],[-66.189942,18.43802],[-66.19005,18.438097],[-66.190159,18.438168],[-66.190293,18.43824],[-66.190406,18.438346],[-66.190457,18.438401],[-66.190477,18.438476],[-66.19047,18.438551],[-66.190449,18.43862],[-66.19039,18.438699],[-66.190247,18.438846],[-66.190136,18.438934],[-66.190015,18.439012],[-66.189831,18.439104],[-66.189621,18.43918],[-66.189532,18.439194],[-66.189459,18.439218],[-66.189412,18.439247],[-66.189328,18.439256],[-66.189235,18.439229],[-66.189111,18.439173],[-66.189039,18.439107],[-66.188942,18.438976],[-66.188901,18.438926],[-66.18885,18.438885],[-66.188803,18.438865],[-66.188654,18.438807],[-66.188462,18.438779],[-66.188291,18.438746],[-66.188187,18.43872],[-66.188026,18.438708],[-66.187926,18.438716],[-66.187842,18.438765],[-66.187789,18.438848],[-66.187782,18.438923],[-66.187818,18.438998],[-66.187858,18.439058],[-66.188038,18.4392],[-66.188414,18.43947],[-66.188759,18.439744],[-66.188857,18.439825],[-66.188965,18.439886],[-66.189131,18.439933],[-66.189277,18.439955],[-66.189417,18.439962],[-66.189569,18.43995],[-66.18972,18.439922],[-66.189903,18.43987],[-66.190306,18.439782],[-66.190505,18.43975],[-66.190672,18.439737],[-66.190848,18.439765],[-66.191004,18.439807],[-66.191102,18.439858],[-66.191221,18.439954],[-66.191307,18.440065],[-66.191389,18.440161],[-66.19145,18.440251],[-66.191485,18.440342],[-66.191488,18.440471],[-66.191481,18.440575],[-66.191448,18.440689],[-66.191383,18.440848],[-66.191286,18.441031],[-66.191201,18.441179],[-66.191115,18.441317],[-66.19105,18.441451],[-66.190996,18.441574],[-66.190958,18.441693],[-66.19094,18.441807],[-66.190907,18.441936],[-66.190895,18.442036],[-66.190883,18.442155],[-66.190876,18.442249],[-66.190859,18.442334],[-66.190805,18.442428],[-66.190667,18.442605],[-66.190456,18.442771],[-66.190287,18.442873],[-66.19013,18.44295],[-66.189977,18.443027],[-66.18982,18.443105],[-66.189483,18.443271],[-66.189116,18.44345],[-66.188879,18.443556],[-66.188565,18.443676],[-66.188469,18.443718],[-66.188402,18.443748],[-66.188051,18.443877],[-66.18792,18.443935],[-66.187725,18.444052],[-66.187562,18.444134],[-66.187431,18.444191],[-66.187271,18.444331],[-66.18716,18.444542],[-66.187117,18.444644],[-66.187072,18.44488],[-66.18705,18.445204],[-66.18707,18.445488],[-66.187073,18.445819],[-66.187148,18.445813],[-66.187538,18.445817],[-66.187758,18.445842],[-66.188046,18.445898],[-66.188221,18.445951],[-66.188508,18.446072],[-66.188693,18.446161],[-66.189097,18.446357],[-66.189422,18.446514],[-66.189528,18.446545],[-66.188976,18.447235],[-66.188898,18.447357],[-66.188775,18.447304],[-66.188308,18.447101],[-66.188164,18.447063],[-66.187937,18.447007],[-66.187777,18.446968],[-66.187706,18.446929],[-66.187695,18.446881],[-66.187697,18.446785],[-66.187729,18.446685],[-66.187743,18.446598],[-66.187752,18.446475],[-66.187722,18.446422],[-66.187692,18.446396],[-66.187547,18.446394],[-66.187399,18.446395],[-66.187322,18.44641],[-66.187374,18.446506],[-66.187381,18.446564],[-66.187379,18.446644],[-66.187384,18.446738],[-66.18739,18.446862],[-66.187418,18.447088],[-66.187457,18.447288],[-66.187452,18.447594],[-66.187422,18.447772],[-66.18737,18.447928],[-66.187283,18.448059],[-66.187171,18.448156],[-66.187061,18.448218],[-66.186993,18.448233],[-66.186624,18.448461],[-66.18693,18.448841],[-66.186941,18.448857],[-66.187234,18.449272],[-66.187462,18.449615],[-66.187626,18.449805],[-66.1878,18.450062],[-66.187989,18.450268],[-66.188194,18.450505],[-66.18849,18.450869],[-66.188531,18.450919],[-66.188639,18.45099],[-66.188654,18.451014],[-66.188671,18.451102],[-66.188673,18.451221],[-66.188675,18.45136],[-66.188684,18.45152],[-66.188679,18.451632],[-66.188662,18.451709],[-66.188624,18.45182],[-66.18858,18.451926],[-66.188524,18.451992],[-66.188426,18.452074],[-66.188349,18.452172],[-66.18832,18.45233],[-66.188286,18.452598],[-66.188214,18.452938],[-66.188189,18.453194],[-66.188159,18.453532],[-66.188127,18.453729],[-66.188097,18.454008],[-66.188079,18.454359],[-66.188029,18.454694],[-66.187462,18.454424],[-66.187261,18.454296],[-66.186793,18.454016],[-66.186377,18.453671],[-66.1861,18.453438],[-66.185838,18.453268],[-66.185478,18.453042],[-66.185161,18.452777],[-66.184884,18.452536],[-66.184664,18.452328],[-66.184469,18.452104],[-66.184266,18.451903],[-66.18385,18.45159],[-66.183474,18.451339],[-66.183114,18.451074],[-66.182382,18.450552],[-66.182321,18.45066],[-66.18229,18.450714],[-66.182228,18.4508],[-66.18222,18.450822],[-66.182245,18.450869],[-66.18227,18.450906],[-66.182361,18.451008],[-66.182417,18.451071],[-66.182469,18.451172],[-66.182471,18.451275],[-66.182452,18.451357],[-66.182422,18.451404],[-66.182391,18.45147],[-66.182329,18.451521],[-66.182235,18.451608],[-66.18218,18.45168],[-66.182142,18.451729],[-66.182118,18.451784],[-66.182106,18.451813],[-66.182077,18.4519],[-66.182123,18.452198],[-66.18212,18.45238],[-66.181989,18.4526],[-66.181858,18.452821],[-66.181752,18.45284],[-66.181664,18.45298],[-66.181959,18.453106],[-66.182129,18.453109],[-66.182275,18.453273],[-66.182018,18.453411],[-66.181846,18.45355],[-66.181669,18.454013],[-66.18158,18.454274],[-66.181837,18.454076],[-66.181991,18.453774],[-66.182267,18.453738],[-66.182541,18.453864],[-66.182686,18.454068],[-66.182683,18.45423],[-66.182343,18.454266],[-66.182404,18.454469],[-66.182616,18.454472],[-66.182697,18.454676],[-66.182867,18.454678],[-66.183017,18.454559],[-66.1831,18.454702],[-66.183203,18.454886],[-66.183395,18.454828],[-66.183477,18.454971],[-66.183407,18.455354],[-66.18332,18.455535],[-66.183444,18.455699],[-66.183633,18.455803],[-66.183482,18.456003],[-66.1835,18.456185],[-66.183643,18.456511],[-66.18364,18.456714],[-66.183636,18.456957],[-66.18361,18.457199],[-66.183797,18.457465],[-66.18411,18.457794],[-66.184316,18.458161],[-66.184544,18.458468],[-66.184546,18.458528],[-66.184512,18.458581],[-66.184432,18.458589],[-66.184373,18.458567],[-66.184039,18.458238],[-66.183726,18.45795],[-66.183475,18.457723],[-66.183264,18.457659],[-66.182974,18.457698],[-66.183261,18.45792],[-66.183459,18.458087],[-66.183588,18.458227],[-66.183751,18.458455],[-66.184056,18.458956],[-66.184226,18.45922],[-66.184433,18.459545],[-66.184657,18.45995],[-66.184785,18.460255],[-66.184796,18.460466],[-66.18479,18.460524],[-66.184718,18.460781],[-66.184672,18.460877],[-66.184662,18.460927],[-66.184662,18.460964],[-66.18468,18.461032],[-66.184722,18.461142],[-66.184928,18.461597],[-66.185048,18.461906],[-66.18519,18.462341],[-66.185216,18.462398],[-66.185244,18.462439],[-66.185274,18.462475],[-66.185282,18.462483],[-66.185343,18.462549],[-66.185365,18.462578],[-66.185386,18.462611],[-66.185409,18.462651],[-66.185432,18.462698],[-66.185496,18.462845],[-66.185505,18.462874],[-66.185519,18.462939],[-66.185527,18.462965],[-66.185537,18.462988],[-66.18555,18.463004],[-66.185562,18.463013],[-66.185577,18.463018],[-66.185596,18.463021],[-66.185619,18.463022],[-66.185655,18.463019],[-66.185722,18.46301],[-66.185784,18.462996],[-66.185799,18.462996],[-66.185811,18.462998],[-66.185822,18.463003],[-66.185832,18.463011],[-66.185842,18.463022],[-66.185852,18.463036],[-66.185871,18.463068],[-66.185912,18.463155],[-66.185925,18.463174],[-66.185936,18.463187],[-66.185944,18.463191],[-66.185951,18.463194],[-66.185958,18.463194],[-66.185968,18.463192],[-66.185989,18.463182],[-66.186013,18.463163],[-66.18604,18.463136],[-66.186069,18.463101],[-66.186099,18.463061],[-66.186126,18.463017],[-66.186144,18.462983],[-66.186157,18.462953],[-66.186164,18.462926],[-66.186165,18.462902],[-66.186163,18.462889],[-66.186158,18.462877],[-66.186151,18.462863],[-66.186141,18.46285],[-66.186117,18.462824],[-66.186061,18.462775],[-66.186039,18.462754],[-66.18602,18.462731],[-66.186007,18.462709],[-66.185995,18.46268],[-66.185985,18.462649],[-66.185977,18.462617],[-66.185971,18.462587],[-66.185967,18.462558],[-66.185966,18.46253],[-66.185967,18.462504],[-66.18597,18.46248],[-66.185975,18.46246],[-66.185981,18.462445],[-66.185991,18.462428],[-66.186003,18.462412],[-66.186037,18.462379],[-66.186126,18.462308],[-66.186162,18.462274],[-66.186176,18.462258],[-66.186236,18.462181],[-66.18625,18.462158],[-66.186259,18.462139],[-66.186262,18.462125],[-66.186262,18.462113],[-66.186259,18.462103],[-66.186251,18.462093],[-66.186229,18.462076],[-66.186162,18.462037],[-66.186148,18.462025],[-66.186139,18.462014],[-66.186133,18.462],[-66.186129,18.461982],[-66.186128,18.461961],[-66.18613,18.461939],[-66.186135,18.461912],[-66.186144,18.461884],[-66.186155,18.461858],[-66.186169,18.461836],[-66.186179,18.461824],[-66.186192,18.461812],[-66.186252,18.461771],[-66.186273,18.461753],[-66.186282,18.461742],[-66.18629,18.46173],[-66.186295,18.461716],[-66.186299,18.461701],[-66.186303,18.461665],[-66.1863,18.461622],[-66.186289,18.461564],[-66.18626,18.461446],[-66.186251,18.461401],[-66.186247,18.46136],[-66.186248,18.461344],[-66.186252,18.46133],[-66.186257,18.46132],[-66.186265,18.461312],[-66.186275,18.461307],[-66.186287,18.461303],[-66.186304,18.461302],[-66.186325,18.461302],[-66.186374,18.461308],[-66.186436,18.461322],[-66.186505,18.461342],[-66.186551,18.461361],[-66.186599,18.461387],[-66.186651,18.46142],[-66.186758,18.461494],[-66.186922,18.461602],[-66.186988,18.461652],[-66.187043,18.4617],[-66.187089,18.461749],[-66.187136,18.461807],[-66.187184,18.461874],[-66.187256,18.461983],[-66.187296,18.462052],[-66.187378,18.462213],[-66.1874,18.46225],[-66.187421,18.462282],[-66.187454,18.462325],[-66.187528,18.462405],[-66.187579,18.462475],[-66.187595,18.462504],[-66.187603,18.462529],[-66.187604,18.462539],[-66.187602,18.462549],[-66.187593,18.46257],[-66.187578,18.462589],[-66.187556,18.462609],[-66.187462,18.46268],[-66.187428,18.462708],[-66.187414,18.462724],[-66.187404,18.462739],[-66.187398,18.462753],[-66.187395,18.462767],[-66.187395,18.462786],[-66.187398,18.462806],[-66.187404,18.462828],[-66.187413,18.462853],[-66.18746,18.462955],[-66.187496,18.463047],[-66.18751,18.463073],[-66.187525,18.463093],[-66.187538,18.463105],[-66.187554,18.463115],[-66.187572,18.463124],[-66.187594,18.463132],[-66.187716,18.463163],[-66.187738,18.463167],[-66.187757,18.463169],[-66.187779,18.463165],[-66.187796,18.463156],[-66.187812,18.463139],[-66.187846,18.463093],[-66.187856,18.463083],[-66.187865,18.463077],[-66.187876,18.463074],[-66.187889,18.463075],[-66.187904,18.46308],[-66.18792,18.463089],[-66.18794,18.463103],[-66.187987,18.463141],[-66.188034,18.463176],[-66.188062,18.4632],[-66.188089,18.463227],[-66.188119,18.463259],[-66.18815,18.463296],[-66.188268,18.463451],[-66.188321,18.463515],[-66.188359,18.463555],[-66.188525,18.463713],[-66.188598,18.463775],[-66.188632,18.4638],[-66.188665,18.463822],[-66.188695,18.463841],[-66.188726,18.463857],[-66.188807,18.463892],[-66.188831,18.463899],[-66.188851,18.4639],[-66.188876,18.463898],[-66.188929,18.463886],[-66.188952,18.463883],[-66.188975,18.463884],[-66.189,18.463889],[-66.189036,18.463905],[-66.189119,18.463954],[-66.189157,18.463973],[-66.189198,18.463983],[-66.189294,18.463997],[-66.189316,18.464003],[-66.189335,18.46401],[-66.189352,18.464019],[-66.189371,18.46403],[-66.189436,18.464079],[-66.189462,18.464096],[-66.189491,18.46411],[-66.189522,18.464118],[-66.189558,18.464123],[-66.189639,18.464129],[-66.189692,18.46413],[-66.189762,18.464126],[-66.189895,18.464111],[-66.189949,18.464107],[-66.190004,18.464105],[-66.190052,18.464108],[-66.190094,18.464115],[-66.190132,18.464126],[-66.190156,18.464137],[-66.19021,18.464166],[-66.190239,18.464176],[-66.190257,18.464178],[-66.190277,18.464179],[-66.190367,18.464174],[-66.190425,18.464181],[-66.190503,18.464197],[-66.190601,18.464225],[-66.190697,18.46425],[-66.190724,18.46426],[-66.190746,18.46427],[-66.190764,18.464283],[-66.190777,18.464297],[-66.190785,18.464311],[-66.19079,18.464329],[-66.190798,18.464395],[-66.190803,18.464417],[-66.190808,18.464433],[-66.19082,18.464455],[-66.190847,18.464494],[-66.190881,18.464534],[-66.190911,18.464561],[-66.190947,18.464586],[-66.19099,18.464609],[-66.19104,18.464631],[-66.191099,18.46465],[-66.191171,18.46467],[-66.191234,18.464685],[-66.191298,18.464696],[-66.191375,18.464707],[-66.191456,18.464715],[-66.191524,18.464719],[-66.191588,18.464721],[-66.191646,18.46472],[-66.191697,18.464717],[-66.19174,18.464711],[-66.191773,18.464703],[-66.191798,18.464693],[-66.191813,18.464681],[-66.191818,18.464672],[-66.191819,18.464663],[-66.191816,18.464652],[-66.191809,18.464641],[-66.19179,18.464624],[-66.191729,18.464581],[-66.191703,18.46456],[-66.191683,18.464538],[-66.191676,18.464527],[-66.191672,18.464516],[-66.191669,18.464495],[-66.191669,18.464469],[-66.191673,18.464443],[-66.19168,18.464419],[-66.191688,18.464404],[-66.191697,18.464393],[-66.191709,18.464384],[-66.191725,18.464377],[-66.191754,18.464371],[-66.19179,18.464369],[-66.191915,18.464375],[-66.192011,18.464375],[-66.192085,18.464381],[-66.192253,18.464401],[-66.192329,18.464406],[-66.192374,18.464405],[-66.192481,18.464395],[-66.192509,18.464395],[-66.192534,18.464396],[-66.192567,18.464402],[-66.192594,18.464412],[-66.192617,18.464426],[-66.19267,18.464465],[-66.192684,18.464474],[-66.192698,18.46448],[-66.192716,18.464484],[-66.19274,18.464486],[-66.192765,18.464486],[-66.19279,18.464483],[-66.192818,18.464478],[-66.192842,18.464469],[-66.192861,18.464458],[-66.192873,18.464446],[-66.192879,18.464434],[-66.192884,18.464419],[-66.19289,18.46435],[-66.192897,18.464322],[-66.192908,18.464302],[-66.192922,18.46428],[-66.192938,18.46426],[-66.192955,18.464241],[-66.192985,18.464216],[-66.193,18.464207],[-66.193014,18.4642],[-66.193049,18.464189],[-66.193094,18.464183],[-66.193186,18.464178],[-66.193265,18.464171],[-66.193299,18.464169],[-66.193335,18.464171],[-66.193351,18.464174],[-66.193364,18.464179],[-66.193374,18.464185],[-66.193384,18.464193],[-66.193392,18.464204],[-66.1934,18.464217],[-66.193413,18.464253],[-66.193435,18.464343],[-66.193447,18.46438],[-66.193455,18.464397],[-66.193465,18.464412],[-66.193475,18.464422],[-66.19349,18.464433],[-66.193504,18.464442],[-66.193521,18.464449],[-66.193562,18.464461],[-66.193603,18.464468],[-66.193708,18.464482],[-66.193758,18.464492],[-66.193796,18.464506],[-66.193866,18.46454],[-66.193895,18.464552],[-66.193923,18.46456],[-66.193961,18.464566],[-66.194004,18.464568],[-66.19405,18.464566],[-66.194096,18.464561],[-66.194147,18.46455],[-66.194195,18.464537],[-66.19424,18.464521],[-66.194279,18.464503],[-66.194312,18.464483],[-66.194332,18.464467],[-66.194349,18.464451],[-66.194362,18.464434],[-66.194372,18.464417],[-66.194377,18.464403],[-66.194381,18.464386],[-66.194388,18.464319],[-66.194393,18.464292],[-66.194403,18.464268],[-66.194424,18.464237],[-66.194441,18.464216],[-66.194461,18.464197],[-66.194481,18.46418],[-66.194502,18.464164],[-66.194523,18.464153],[-66.194541,18.464145],[-66.19456,18.464139],[-66.194581,18.464135],[-66.194607,18.464134],[-66.194637,18.464134],[-66.194775,18.464149],[-66.194906,18.464154],[-66.194956,18.464157],[-66.195017,18.464165],[-66.195044,18.464172],[-66.195069,18.46418],[-66.195118,18.4642],[-66.195165,18.464224],[-66.195209,18.46425],[-66.195247,18.464279],[-66.195278,18.464308],[-66.195304,18.464338],[-66.195324,18.46437],[-66.195342,18.464407],[-66.19536,18.46446],[-66.195373,18.464521],[-66.195383,18.464597],[-66.195385,18.464626],[-66.195384,18.464653],[-66.195378,18.464688],[-66.195373,18.464703],[-66.195366,18.464716],[-66.195357,18.464731],[-66.195345,18.464745],[-66.195315,18.464771],[-66.195285,18.464791],[-66.195251,18.464809],[-66.195214,18.464824],[-66.195174,18.464837],[-66.195135,18.464846],[-66.195096,18.46485],[-66.195062,18.464851],[-66.195027,18.464848],[-66.194997,18.464843],[-66.194968,18.464836],[-66.194941,18.464826],[-66.194919,18.464816],[-66.194905,18.464807],[-66.19489,18.464795],[-66.19484,18.464744],[-66.194819,18.464725],[-66.194797,18.464712],[-66.194754,18.464693],[-66.194697,18.464675],[-66.194645,18.464664],[-66.194622,18.464662],[-66.194601,18.464662],[-66.194582,18.464665],[-66.194566,18.464669],[-66.194556,18.464674],[-66.194546,18.464681],[-66.194531,18.4647],[-66.194517,18.464729],[-66.194504,18.464768],[-66.194496,18.464806],[-66.194494,18.464826],[-66.194494,18.46485],[-66.194498,18.464908],[-66.194497,18.464937],[-66.194484,18.465002],[-66.194468,18.465053],[-66.194451,18.465086],[-66.194442,18.465099],[-66.194431,18.46511],[-66.19442,18.465118],[-66.194407,18.465126],[-66.194376,18.465136],[-66.194343,18.465141],[-66.194303,18.465143],[-66.19416,18.465139],[-66.194111,18.465133],[-66.194012,18.465116],[-66.193969,18.46511],[-66.193849,18.4651],[-66.193785,18.4651],[-66.193743,18.465105],[-66.193709,18.465115],[-66.193679,18.465129],[-66.193606,18.46517],[-66.193586,18.465179],[-66.193567,18.465185],[-66.193537,18.465191],[-66.193504,18.465195],[-66.193469,18.465195],[-66.19343,18.465193],[-66.193375,18.465187],[-66.19324,18.465167],[-66.193188,18.465156],[-66.193145,18.465143],[-66.193098,18.465126],[-66.192914,18.465047],[-66.192836,18.465019],[-66.192794,18.465007],[-66.192754,18.465],[-66.192717,18.464997],[-66.192682,18.464998],[-66.192634,18.465005],[-66.192576,18.465019],[-66.192522,18.465035],[-66.192472,18.465053],[-66.192428,18.465074],[-66.192389,18.465096],[-66.192356,18.465119],[-66.192328,18.465144],[-66.192313,18.465162],[-66.192302,18.465178],[-66.192294,18.465195],[-66.192288,18.465216],[-66.192282,18.46526],[-66.192276,18.465369],[-66.192272,18.465394],[-66.192267,18.465416],[-66.192259,18.465434],[-66.19225,18.46545],[-66.192237,18.465464],[-66.192221,18.465478],[-66.192185,18.4655],[-66.192137,18.46552],[-66.192013,18.46556],[-66.191907,18.465598],[-66.191854,18.465613],[-66.191819,18.46562],[-66.191787,18.465624],[-66.191751,18.465624],[-66.191713,18.465621],[-66.191673,18.465616],[-66.191634,18.465607],[-66.191595,18.465596],[-66.191559,18.465582],[-66.191509,18.465557],[-66.19149,18.465545],[-66.191476,18.465533],[-66.191451,18.465505],[-66.191399,18.465436],[-66.191374,18.46541],[-66.191362,18.465401],[-66.19135,18.465395],[-66.191335,18.465389],[-66.191319,18.465385],[-66.191284,18.465382],[-66.191242,18.465385],[-66.191088,18.465411],[-66.190965,18.465419],[-66.190926,18.465423],[-66.190896,18.465428],[-66.190871,18.465435],[-66.190852,18.465444],[-66.190837,18.465455],[-66.190825,18.465468],[-66.190818,18.465482],[-66.190815,18.465494],[-66.190814,18.46551],[-66.190815,18.465577],[-66.190812,18.465605],[-66.190805,18.465629],[-66.190782,18.465667],[-66.190776,18.465681],[-66.190773,18.465699],[-66.190776,18.465716],[-66.190781,18.465728],[-66.190788,18.46574],[-66.190811,18.465765],[-66.190839,18.465789],[-66.19092,18.465849],[-66.190941,18.465868],[-66.190957,18.465885],[-66.190967,18.465898],[-66.190973,18.465908],[-66.190995,18.465971],[-66.191002,18.465984],[-66.191009,18.465993],[-66.191016,18.465999],[-66.191024,18.466003],[-66.191069,18.466033],[-66.19113,18.466061],[-66.191192,18.46608],[-66.191235,18.466079],[-66.191276,18.466076],[-66.191288,18.466071],[-66.191354,18.466045],[-66.191441,18.466014],[-66.191531,18.465985],[-66.191625,18.465958],[-66.191724,18.465932],[-66.191813,18.46591],[-66.191908,18.465889],[-66.192008,18.465869],[-66.192118,18.465848],[-66.192274,18.46582],[-66.192697,18.465747],[-66.193035,18.465684],[-66.193195,18.465656],[-66.193431,18.465616],[-66.193548,18.465598],[-66.19366,18.465582],[-66.193795,18.465565],[-66.193926,18.46555],[-66.194049,18.465537],[-66.194169,18.465526],[-66.194284,18.465517],[-66.194399,18.465509],[-66.194596,18.465498],[-66.19476,18.465493],[-66.194899,18.465492],[-66.194939,18.465494],[-66.194981,18.465497],[-66.195024,18.465502],[-66.195069,18.46551],[-66.195116,18.465519],[-66.195119,18.46552],[-66.196005,18.465614],[-66.196066,18.465611],[-66.19612,18.465601],[-66.196137,18.46559],[-66.196232,18.465522],[-66.196269,18.465497],[-66.196315,18.465472],[-66.196368,18.465447],[-66.196421,18.465426],[-66.196478,18.465405],[-66.196541,18.465386],[-66.196612,18.465366],[-66.196683,18.465349],[-66.196948,18.465286],[-66.197005,18.465275],[-66.197056,18.465268],[-66.197099,18.465265],[-66.197142,18.465263],[-66.197185,18.465262],[-66.197229,18.465264],[-66.197272,18.465267],[-66.197316,18.465271],[-66.19736,18.465277],[-66.197404,18.465285],[-66.197558,18.465348],[-66.197613,18.465373],[-66.197668,18.465401],[-66.197723,18.465433],[-66.197778,18.465468],[-66.197883,18.465545],[-66.197995,18.465638],[-66.198101,18.465734],[-66.19836,18.465978],[-66.198502,18.466102],[-66.198578,18.466161],[-66.198652,18.466213],[-66.198724,18.466257],[-66.198796,18.466296],[-66.198885,18.466335],[-66.19899230141799,18.466374193931124],[-66.19901400002885,18.46627500033429],[-66.19907900032618,18.465877999822315],[-66.19910699991527,18.46570399990076],[-66.19925900025123,18.465016999691436],[-66.19931299977958,18.464974000099115],[-66.19957100042076,18.464769000150692],[-66.199890000263,18.464687999920685],[-66.19998200032451,18.464665000016698],[-66.20007299966278,18.46464200010967],[-66.20088500032283,18.46454299984476],[-66.20164199983297,18.464276000136568],[-66.20190999962159,18.464087999898112],[-66.20253999980842,18.463928999757766],[-66.20262799967198,18.463908000419533],[-66.20317699966799,18.46377500029059],[-66.2037270003872,18.463642000058556],[-66.20465899979952,18.46357799989097],[-66.20556299962276,18.4635729999168],[-66.20585100040117,18.46362799962453],[-66.2070849999373,18.46413700000278],[-66.20747099972667,18.464359999850206],[-66.20763399993328,18.46443000000618],[-66.20779799996482,18.464500000133626],[-66.20789599987411,18.464541000036753],[-66.20799200013359,18.464581999930125],[-66.20855000035041,18.46482100019404],[-66.20930400038581,18.46512000013749],[-66.20965699966492,18.465241999899213],[-66.21021300023192,18.46533099991511],[-66.21074200013645,18.465453999851505],[-66.21114499964425,18.465536000044136],[-66.21197400002275,18.465616000402125],[-66.21272300003527,18.46559599989009],[-66.21278800033261,18.465539999636903],[-66.21281400027188,18.465518000171468],[-66.21288899971663,18.465519999968045],[-66.21333300013063,18.465440000417395],[-66.2137399998364,18.46532299986769],[-66.21414800026542,18.465139000378446],[-66.2146820001928,18.46475900027163],[-66.215153000371,18.464395999836608],[-66.21560000025974,18.4640250002299],[-66.21644499963344,18.463404999677884],[-66.21696900041339,18.463038000135935],[-66.21756500026505,18.46260700013146],[-66.21815600009384,18.46222600003862],[-66.21886800029645,18.461794999698988],[-66.21949299956212,18.46143300015895],[-66.22030400039728,18.46096099963541],[-66.22137599955168,18.460349999725207],[-66.22237599963438,18.45978599997495],[-66.22316400000497,18.45933199970594],[-66.22388000040554,18.458881999688195],[-66.22455300025011,18.45845500008208],[-66.2264119999502,18.45712900025581],[-66.22756099999584,18.456330999649367],[-66.22818100013694,18.455890999829926],[-66.22849400013138,18.455668999585978],[-66.22915600010529,18.455193999953654],[-66.22970900029925,18.454812999596598],[-66.23023700037884,18.454432000098258],[-66.23065499995528,18.454120000315527],[-66.23099600043714,18.45373900013152],[-66.23118899988266,18.453514999724874],[-66.23137100035585,18.45327599990836],[-66.23150600007506,18.45304200004023],[-66.2315920002888,18.45279899967578],[-66.23162099970281,18.452555999819563],[-66.2316009996113,18.452285000310738],[-66.23156799999936,18.452037000269087],[-66.23146199969413,18.451794000186677],[-66.23132299977696,18.451573999717272],[-66.23093299978964,18.451171000248983],[-66.23064999993241,18.450808000051538],[-66.23058200016035,18.45060700016851],[-66.2305870001832,18.450373000071878],[-66.23061899997026,18.450320000351656],[-66.23075600023762,18.45008900025464],[-66.23090000017767,18.44991899962324],[-66.23120200030145,18.44974899967568],[-66.23142800025727,18.44967999991465],[-66.23168699982503,18.449619999618253],[-66.23199099959865,18.449589000323247],[-66.2323460003242,18.44964800021366],[-66.23277399994637,18.449836000075898],[-66.23316800013167,18.450023999732327],[-66.23346100003464,18.45019800021001],[-66.23368199996757,18.450363000206323],[-66.23374800008982,18.45043199969295],[-66.23394599955822,18.450647999981452],[-66.23457200044543,18.451395000304917],[-66.23532599958253,18.452266000351145],[-66.23561900038379,18.452672999698606],[-66.23563100007935,18.45269400041131],[-66.23580400033171,18.452845000104297],[-66.2359859999066,18.452974000295512],[-66.23613099967156,18.453047000321156],[-66.23616900020471,18.453068000135993],[-66.23639599998543,18.45319399982333],[-66.23677000007923,18.453428000336455],[-66.23702500034737,18.453694000335776],[-66.2371890003789,18.453813000224457],[-66.23737000012888,18.453932000030708],[-66.23762600022191,18.454105999956948],[-66.23778000020769,18.45422500041221],[-66.2379579995846,18.454325999738614],[-66.23839500032592,18.454643000233528],[-66.23865399989369,18.45481700029134],[-66.23909699958449,18.455077999621363],[-66.23957699998351,18.455297999861738],[-66.23975100006078,18.455366999921665],[-66.23988976589938,18.455406994981832],[-66.239832,18.455159],[-66.239816,18.454937],[-66.239815,18.45477],[-66.239833,18.454605],[-66.239867,18.454316],[-66.239891,18.454022],[-66.239913,18.453722],[-66.239977,18.453383],[-66.240029,18.452929],[-66.240109,18.452315],[-66.240132,18.451969],[-66.240159,18.451565],[-66.240172,18.451138],[-66.240183,18.450763],[-66.240242,18.450243],[-66.240242,18.449758],[-66.240237,18.449538],[-66.2402,18.449309],[-66.240133,18.449094],[-66.240011,18.448847],[-66.239559,18.447846],[-66.239492,18.44763],[-66.239465,18.447457],[-66.239469,18.447289],[-66.239531,18.447142],[-66.239607,18.446989],[-66.239747,18.446843],[-66.239928,18.446655],[-66.240241,18.446446],[-66.240406,18.446402],[-66.240511,18.446373],[-66.240767,18.446303],[-66.241201,18.446201],[-66.241704,18.446133],[-66.241919,18.446106],[-66.242291,18.44606],[-66.24272,18.446033],[-66.243081,18.445966],[-66.243974,18.445779],[-66.244543,18.445632],[-66.244695,18.445582],[-66.244927,18.445506],[-66.245044,18.44543],[-66.245149,18.445293],[-66.245205,18.445172],[-66.245257,18.445017],[-66.245316,18.444862],[-66.245358,18.444714],[-66.245385,18.444623],[-66.245411,18.444511],[-66.245442,18.444056],[-66.245474,18.443717],[-66.245527,18.443532],[-66.245578,18.442911],[-66.245591,18.442635],[-66.245582,18.442543],[-66.245575,18.442485],[-66.245568,18.442458],[-66.245561,18.44241],[-66.245552,18.442361],[-66.245542,18.442313],[-66.24553,18.442265],[-66.245521,18.442226],[-66.245511,18.442187],[-66.245499,18.442148],[-66.24549,18.442113],[-66.245481,18.442079],[-66.245469,18.44204],[-66.245457,18.441994],[-66.24545,18.441966],[-66.245433,18.441918],[-66.245407,18.44184],[-66.245386,18.441778],[-66.245364,18.441712],[-66.24535,18.441679],[-66.245338,18.441647],[-66.245336,18.44164],[-66.245326,18.44161],[-66.245312,18.441576],[-66.245298,18.441544],[-66.245286,18.441507],[-66.245271,18.441475],[-66.245257,18.441443],[-66.245245,18.441411],[-66.245233,18.441383],[-66.245221,18.441353],[-66.245207,18.441323],[-66.245195,18.441293],[-66.245181,18.441259],[-66.245133,18.441142],[-66.245116,18.441105],[-66.245102,18.441068],[-66.245088,18.441032],[-66.245071,18.440997],[-66.245057,18.44096],[-66.24504,18.440926],[-66.245026,18.440894],[-66.245012,18.440864],[-66.244997,18.440831],[-66.244985,18.440799],[-66.244969,18.440769],[-66.244957,18.440737],[-66.244942,18.440707],[-66.244931,18.440678],[-66.244916,18.44065],[-66.244904,18.440622],[-66.244892,18.440595],[-66.244881,18.44057],[-66.244869,18.440544],[-66.244854,18.440514],[-66.24484,18.440485],[-66.244804,18.440411],[-66.244766,18.440337],[-66.244728,18.440266],[-66.244687,18.44019],[-66.244647,18.440121],[-66.244625,18.440085],[-66.244604,18.440048],[-66.244585,18.440011],[-66.244582,18.440006],[-66.244556,18.439967],[-66.244534,18.439926],[-66.244486,18.439839],[-66.244465,18.439795],[-66.244441,18.439754],[-66.244422,18.439712],[-66.244401,18.439671],[-66.244381,18.439632],[-66.24436,18.43959],[-66.244341,18.439551],[-66.244324,18.43951],[-66.244303,18.439473],[-66.244288,18.439441],[-66.244274,18.439413],[-66.244238,18.439335],[-66.244226,18.439308],[-66.244214,18.439278],[-66.2442,18.43925],[-66.244191,18.439223],[-66.244179,18.439195],[-66.244167,18.439161],[-66.24415,18.439131],[-66.244141,18.439103],[-66.244129,18.439073],[-66.244117,18.439046],[-66.244081,18.438956],[-66.244072,18.438924],[-66.24406,18.438896],[-66.244048,18.438867],[-66.244038,18.438837],[-66.244019,18.438786],[-66.244014,18.438772],[-66.243993,18.43871],[-66.243976,18.438655],[-66.24396,18.438605],[-66.243946,18.438559],[-66.243931,18.438518],[-66.243917,18.438474],[-66.243908,18.438437],[-66.243896,18.438398],[-66.243884,18.438357],[-66.243872,18.438318],[-66.24386,18.438281],[-66.243744,18.438023],[-66.243735,18.438004],[-66.243719,18.437963],[-66.243702,18.437919],[-66.243683,18.437872],[-66.243665,18.437828],[-66.24365,18.437792],[-66.243636,18.43776],[-66.243621,18.437717],[-66.243604,18.437669],[-66.243589,18.437625],[-66.243565,18.437555],[-66.243554,18.43752],[-66.24355,18.437503],[-66.243544,18.437482],[-66.243533,18.437447],[-66.243525,18.437415],[-66.243515,18.437382],[-66.243506,18.43735],[-66.243496,18.437314],[-66.243484,18.437271],[-66.243474,18.43723],[-66.243463,18.437194],[-66.243442,18.437118],[-66.24343,18.437074],[-66.243423,18.437048],[-66.243407,18.436998],[-66.243393,18.436954],[-66.243381,18.436914],[-66.243368,18.436875],[-66.243355,18.436837],[-66.243342,18.436795],[-66.243328,18.436756],[-66.243317,18.436721],[-66.243304,18.436684],[-66.243291,18.436646],[-66.243267,18.43657],[-66.243254,18.436535],[-66.243242,18.436499],[-66.243229,18.436466],[-66.243216,18.436429],[-66.243206,18.436399],[-66.243196,18.436365],[-66.243186,18.436329],[-66.243176,18.436291],[-66.243166,18.436254],[-66.243142,18.436149],[-66.243135,18.43611],[-66.243128,18.436072],[-66.243121,18.436032],[-66.243115,18.435997],[-66.24311,18.435964],[-66.2431,18.435902],[-66.243096,18.435864],[-66.243091,18.435825],[-66.243087,18.435791],[-66.243084,18.435761],[-66.243079,18.43573],[-66.243077,18.435701],[-66.243075,18.435663],[-66.243072,18.435626],[-66.24307,18.435595],[-66.243067,18.435557],[-66.243065,18.435515],[-66.243061,18.435469],[-66.24306,18.435435],[-66.243057,18.4354],[-66.243053,18.435368],[-66.243049,18.435332],[-66.243045,18.435295],[-66.243043,18.435267],[-66.243039,18.435234],[-66.243037,18.435195],[-66.243036,18.435157],[-66.243036,18.435097],[-66.243038,18.435059],[-66.243039,18.435026],[-66.243041,18.43499],[-66.243045,18.434953],[-66.243048,18.434915],[-66.243053,18.434877],[-66.243123,18.434554],[-66.243179,18.434135],[-66.243251,18.433794],[-66.243255,18.433785],[-66.243273,18.433737],[-66.243291,18.433688],[-66.243301,18.433661],[-66.243321,18.433611],[-66.243339,18.433563],[-66.243356,18.433518],[-66.243373,18.433477],[-66.24339,18.433432],[-66.243406,18.433388],[-66.243416,18.433362],[-66.243427,18.433335],[-66.243438,18.433306],[-66.24346,18.433246],[-66.243472,18.433218],[-66.243482,18.433192],[-66.243502,18.433139],[-66.243522,18.433088],[-66.243533,18.433059],[-66.243544,18.433031],[-66.243557,18.433001],[-66.24359,18.432922],[-66.24361,18.432871],[-66.243621,18.432845],[-66.243644,18.432785],[-66.243656,18.432759],[-66.243666,18.432732],[-66.243677,18.432706],[-66.243696,18.432656],[-66.243717,18.432605],[-66.243738,18.432549],[-66.24375,18.432518],[-66.243764,18.432482],[-66.243775,18.432453],[-66.243786,18.432426],[-66.243795,18.4324],[-66.243815,18.432351],[-66.243833,18.432301],[-66.243852,18.432249],[-66.243862,18.432219],[-66.243872,18.43219],[-66.243885,18.432155],[-66.243894,18.432125],[-66.243905,18.432095],[-66.243917,18.432065],[-66.243939,18.432003],[-66.243951,18.431973],[-66.243962,18.431942],[-66.243973,18.431916],[-66.243991,18.431868],[-66.244012,18.431817],[-66.244029,18.431772],[-66.244046,18.431731],[-66.244064,18.431688],[-66.244079,18.431652],[-66.244113,18.431573],[-66.24413,18.431531],[-66.244149,18.431482],[-66.244174,18.431419],[-66.244201,18.431356],[-66.244224,18.431295],[-66.244237,18.431267],[-66.244258,18.431214],[-66.244289,18.431132],[-66.244307,18.431089],[-66.244323,18.431047],[-66.24434,18.431],[-66.244352,18.430966],[-66.244364,18.430934],[-66.244375,18.430901],[-66.244388,18.43087],[-66.2444,18.430839],[-66.244411,18.43081],[-66.244421,18.430782],[-66.244438,18.430732],[-66.244456,18.430682],[-66.244458,18.430678],[-66.244476,18.430631],[-66.244489,18.430595],[-66.244501,18.430562],[-66.244515,18.430518],[-66.244525,18.43049],[-66.244536,18.430461],[-66.244548,18.430431],[-66.244558,18.430402],[-66.24457,18.430372],[-66.244583,18.430338],[-66.244615,18.430251],[-66.24463,18.430204],[-66.244649,18.430148],[-66.244658,18.43012],[-66.244667,18.430094],[-66.244677,18.430065],[-66.244695,18.43001],[-66.244711,18.429963],[-66.244723,18.429922],[-66.244735,18.429879],[-66.244746,18.42983],[-66.244758,18.429777],[-66.244766,18.429742],[-66.244775,18.429708],[-66.244784,18.429673],[-66.244795,18.429635],[-66.244804,18.429602],[-66.244814,18.429571],[-66.24483,18.429513],[-66.244838,18.429485],[-66.244847,18.429455],[-66.244855,18.429426],[-66.244866,18.429396],[-66.244876,18.429362],[-66.244887,18.429335],[-66.244896,18.429309],[-66.244903,18.429289],[-66.244913,18.429263],[-66.244928,18.42922],[-66.244944,18.429179],[-66.24496,18.429135],[-66.244969,18.429109],[-66.244982,18.429077],[-66.244994,18.429046],[-66.245005,18.429017],[-66.245027,18.42896],[-66.245038,18.428934],[-66.245063,18.428869],[-66.245076,18.428827],[-66.2451,18.428754],[-66.245113,18.428711],[-66.245126,18.428671],[-66.245145,18.428612],[-66.245157,18.42857],[-66.245171,18.428522],[-66.245185,18.428477],[-66.245198,18.428427],[-66.245206,18.428401],[-66.245221,18.428354],[-66.245234,18.428311],[-66.245246,18.428267],[-66.245253,18.428239],[-66.245261,18.428212],[-66.245274,18.428178],[-66.245285,18.428145],[-66.245293,18.428117],[-66.245301,18.428078],[-66.245312,18.428042],[-66.245327,18.428],[-66.245387,18.427825],[-66.245593,18.427536],[-66.245719,18.427364],[-66.2459,18.427123],[-66.24617,18.426814],[-66.246568,18.426298],[-66.246597,18.426265],[-66.24691,18.42592],[-66.247523,18.425542],[-66.248028,18.425216],[-66.248443,18.424872],[-66.24893,18.424443],[-66.249015,18.424375],[-66.249489,18.423996],[-66.25,18.423678],[-66.250012,18.42367],[-66.250283,18.423412],[-66.250788,18.423155],[-66.25104,18.42288],[-66.251437,18.422587],[-66.25169,18.422364],[-66.251942,18.422141],[-66.252213,18.421763],[-66.2527,18.421281],[-66.252966,18.420994],[-66.253039,18.420792],[-66.253048,18.42072],[-66.253073,18.420534],[-66.253115,18.420265],[-66.253179,18.419942],[-66.253307,18.419719],[-66.253609,18.419375],[-66.253835,18.419067],[-66.253992,18.418852],[-66.254135,18.418632],[-66.254325,18.418243],[-66.254333,18.418214],[-66.254347,18.418162],[-66.254453,18.417859],[-66.254518,18.41757],[-66.254602,18.417191],[-66.254772,18.416645],[-66.254836,18.416463],[-66.2549,18.415897],[-66.254964,18.415432],[-66.255007,18.414966],[-66.255007,18.414602],[-66.254965,18.414379],[-66.255008,18.414157],[-66.255093,18.413894],[-66.255157,18.413672],[-66.255221,18.413449],[-66.255263,18.413146],[-66.255306,18.412923],[-66.255306,18.412599],[-66.25537,18.412276],[-66.255434,18.412134],[-66.255498,18.411851],[-66.255668,18.411568],[-66.255816,18.411265],[-66.255906,18.411043],[-66.255961,18.410743],[-66.255961,18.41049],[-66.255963,18.410466],[-66.255967,18.41039],[-66.255962,18.410306],[-66.255934,18.410232],[-66.25592,18.410109],[-66.255918,18.41009],[-66.255924,18.409769],[-66.256062,18.409428],[-66.256217,18.40924],[-66.256313,18.409111],[-66.256371,18.408973],[-66.256413,18.408907],[-66.256497,18.408777],[-66.256497,18.408251],[-66.256498,18.407988],[-66.256477,18.407583],[-66.256456,18.407279],[-66.256464,18.407176],[-66.256481,18.407102],[-66.256462,18.407002],[-66.256458,18.406992],[-66.256444,18.406959],[-66.256428,18.406922],[-66.256415,18.406883],[-66.256402,18.406849],[-66.25639,18.406812],[-66.25638,18.406777],[-66.256357,18.406706],[-66.256348,18.406671],[-66.25634,18.406641],[-66.256332,18.406609],[-66.256325,18.406579],[-66.256318,18.406552],[-66.256312,18.406524],[-66.256308,18.406495],[-66.256299,18.406454],[-66.256294,18.406423],[-66.256288,18.40639],[-66.256285,18.406353],[-66.256281,18.406319],[-66.256277,18.406287],[-66.256272,18.406241],[-66.256266,18.40619],[-66.256262,18.406139],[-66.256259,18.406108],[-66.256258,18.406076],[-66.256258,18.40603],[-66.256262,18.406003],[-66.256269,18.405962],[-66.256276,18.405932],[-66.256284,18.405899],[-66.256293,18.405869],[-66.256304,18.405836],[-66.256315,18.405807],[-66.256324,18.405781],[-66.256332,18.405755],[-66.256344,18.405723],[-66.256355,18.405694],[-66.256371,18.405653],[-66.256389,18.405606],[-66.256399,18.405579],[-66.256414,18.405546],[-66.256424,18.405519],[-66.256439,18.405487],[-66.256455,18.405451],[-66.256471,18.405414],[-66.256489,18.405376],[-66.256505,18.405343],[-66.256521,18.405311],[-66.256545,18.40527],[-66.256559,18.405245],[-66.256573,18.405218],[-66.256589,18.405187],[-66.256606,18.405156],[-66.256626,18.40512],[-66.256645,18.405084],[-66.256665,18.405047],[-66.256686,18.40501],[-66.256707,18.40497],[-66.256727,18.404935],[-66.256751,18.404895],[-66.256773,18.404857],[-66.256795,18.404818],[-66.256818,18.404778],[-66.256842,18.404739],[-66.256864,18.404701],[-66.256891,18.404657],[-66.256913,18.404623],[-66.256933,18.404591],[-66.256955,18.404556],[-66.256979,18.404522],[-66.257001,18.404491],[-66.257019,18.404464],[-66.257037,18.404433],[-66.257052,18.404409],[-66.257066,18.404381],[-66.257077,18.404353],[-66.257089,18.404327],[-66.257113,18.404273],[-66.257126,18.40424],[-66.257135,18.404213],[-66.257147,18.40418],[-66.257157,18.404152],[-66.257166,18.404126],[-66.257178,18.404089],[-66.257186,18.404061],[-66.257193,18.404034],[-66.257202,18.404006],[-66.25721,18.403974],[-66.257217,18.403933],[-66.257222,18.403897],[-66.257226,18.403858],[-66.257228,18.40382]],[[-66.231948,18.448812],[-66.231936,18.448926],[-66.231897,18.449045],[-66.231823,18.449119],[-66.231744,18.449177],[-66.231644,18.449231],[-66.231529,18.449269],[-66.231382,18.449316],[-66.231252,18.449324],[-66.231064,18.449317],[-66.230903,18.449309],[-66.230778,18.449288],[-66.23068,18.449227],[-66.23053,18.44915],[-66.230396,18.449073],[-66.230194,18.448971],[-66.230024,18.448874],[-66.229833,18.448736],[-66.229652,18.448629],[-66.229446,18.448492],[-66.229198,18.448364],[-66.229007,18.448281],[-66.228784,18.448184],[-66.228508,18.448057],[-66.228233,18.447973],[-66.228089,18.447928],[-66.228047,18.447915],[-66.227886,18.447878],[-66.227771,18.447867],[-66.227631,18.44785],[-66.227496,18.447828],[-66.227381,18.447796],[-66.227236,18.447764],[-66.227075,18.447742],[-66.226991,18.447761],[-66.226902,18.447784],[-66.226803,18.447813],[-66.226682,18.447876],[-66.226519,18.447943],[-66.226341,18.448],[-66.226195,18.448043],[-66.226053,18.44806],[-66.225886,18.448083],[-66.225683,18.448095],[-66.22548,18.448102],[-66.225386,18.448081],[-66.225236,18.448039],[-66.225163,18.447993],[-66.225071,18.447927],[-66.224994,18.447836],[-66.224901,18.447795],[-66.224792,18.447753],[-66.224657,18.447707],[-66.224501,18.447689],[-66.224205,18.447635],[-66.224055,18.447578],[-66.223898,18.447543],[-66.223727,18.447476],[-66.223566,18.447413],[-66.223426,18.447372],[-66.223287,18.44732],[-66.223074,18.447272],[-66.222914,18.447274],[-66.222748,18.447257],[-66.22254,18.447224],[-66.222337,18.447186],[-66.222119,18.447124],[-66.221917,18.447056],[-66.221736,18.446978],[-66.221523,18.446911],[-66.221326,18.446843],[-66.221176,18.446806],[-66.220838,18.446746],[-66.220651,18.446684],[-66.220526,18.446667],[-66.220391,18.44667],[-66.220229,18.446668],[-66.220099,18.446681],[-66.219802,18.446676],[-66.219516,18.446657],[-66.219292,18.446619],[-66.219183,18.446593],[-66.219106,18.446532],[-66.219045,18.446461],[-66.21902,18.446396],[-66.219011,18.446272],[-66.219002,18.446177],[-66.218993,18.446087],[-66.218968,18.446022],[-66.218928,18.445932],[-66.218842,18.445776],[-66.218812,18.445696],[-66.218813,18.445642],[-66.218845,18.445577],[-66.218898,18.445523],[-66.218962,18.44545],[-66.219141,18.445343],[-66.219235,18.445295],[-66.219371,18.445267],[-66.219491,18.445258],[-66.21959,18.445265],[-66.219674,18.445246],[-66.219758,18.445208],[-66.21981,18.445184],[-66.219878,18.44518],[-66.219993,18.445186],[-66.220071,18.445177],[-66.220139,18.445158],[-66.220286,18.445091],[-66.220359,18.445072],[-66.220417,18.445053],[-66.220485,18.445054],[-66.220563,18.445075],[-66.220614,18.445121],[-66.220706,18.445212],[-66.220758,18.445262],[-66.220859,18.445281],[-66.220968,18.445278],[-66.221042,18.445264],[-66.221094,18.445235],[-66.221163,18.445151],[-66.221258,18.445093],[-66.221385,18.444985],[-66.221543,18.444873],[-66.221733,18.444756],[-66.221917,18.444649],[-66.222105,18.444578],[-66.222262,18.44453],[-66.222498,18.444499],[-66.222774,18.444493],[-66.222914,18.444505],[-66.223081,18.444512],[-66.223257,18.44456],[-66.223382,18.444601],[-66.223506,18.444658],[-66.223656,18.444705],[-66.223828,18.444747],[-66.223994,18.444775],[-66.22414,18.444797],[-66.224311,18.444804],[-66.224457,18.444801],[-66.224572,18.444783],[-66.224724,18.444735],[-66.224824,18.444677],[-66.224893,18.444599],[-66.224936,18.444515],[-66.22499,18.444421],[-66.225049,18.444337],[-66.225107,18.444278],[-66.225128,18.444254],[-66.225177,18.444143],[-66.225178,18.444034],[-66.225159,18.443964],[-66.225113,18.443879],[-66.22501,18.443808],[-66.224896,18.443756],[-66.224798,18.44373],[-66.224658,18.443693],[-66.224517,18.443661],[-66.224393,18.443629],[-66.224284,18.443603],[-66.224155,18.443526],[-66.224026,18.443445],[-66.223928,18.443354],[-66.223867,18.443263],[-66.223838,18.443158],[-66.223818,18.443078],[-66.223872,18.442985],[-66.223889,18.44287],[-66.223938,18.442727],[-66.223965,18.442668],[-66.224082,18.442555],[-66.224161,18.442476],[-66.22423,18.442408],[-66.224242,18.442343],[-66.224242,18.442303],[-66.224211,18.442278],[-66.224144,18.442247],[-66.22404,18.442231],[-66.223916,18.442189],[-66.223801,18.442172],[-66.223703,18.442156],[-66.223609,18.44214],[-66.223505,18.442133],[-66.223416,18.442152],[-66.223348,18.442181],[-66.223326,18.442215],[-66.223284,18.442269],[-66.223252,18.442334],[-66.223214,18.442388],[-66.223146,18.442437],[-66.223077,18.442475],[-66.222998,18.442519],[-66.222904,18.442547],[-66.222805,18.442561],[-66.222607,18.442548],[-66.222456,18.442546],[-66.222321,18.442529],[-66.222155,18.442497],[-66.221905,18.442448],[-66.221615,18.442369],[-66.221469,18.442342],[-66.221376,18.442301],[-66.221335,18.442256],[-66.221315,18.442221],[-66.221316,18.442116],[-66.221344,18.442042],[-66.221424,18.441889],[-66.221493,18.441805],[-66.221615,18.441721],[-66.221788,18.441624],[-66.221941,18.441547],[-66.222156,18.441445],[-66.222224,18.441421],[-66.222302,18.441422],[-66.222401,18.441454],[-66.22252,18.441495],[-66.222629,18.441522],[-66.222738,18.441538],[-66.222868,18.44155],[-66.223019,18.441537],[-66.223166,18.441515],[-66.223208,18.44149],[-66.223224,18.441441],[-66.223251,18.441367],[-66.22327,18.441198],[-66.223224,18.441147],[-66.223126,18.441071],[-66.222976,18.440994],[-66.222811,18.440912],[-66.222712,18.440876],[-66.222614,18.4408],[-66.222548,18.440724],[-66.222518,18.440659],[-66.222518,18.440614],[-66.222555,18.440585],[-66.222629,18.440546],[-66.222697,18.440537],[-66.22278,18.440563],[-66.222904,18.44064],[-66.223053,18.440732],[-66.223373,18.440911],[-66.22357,18.441013],[-66.223735,18.441085],[-66.223855,18.441127],[-66.223959,18.441143],[-66.224058,18.441135],[-66.224251,18.441088],[-66.224476,18.441026],[-66.224712,18.440935],[-66.224755,18.440901],[-66.224776,18.440871],[-66.224745,18.440851],[-66.224678,18.44083],[-66.224568,18.440809],[-66.224433,18.440812],[-66.224297,18.440825],[-66.224152,18.440797],[-66.224048,18.440771],[-66.223919,18.440719],[-66.223779,18.440658],[-66.223571,18.440595],[-66.223348,18.440522],[-66.223172,18.440485],[-66.222954,18.440437],[-66.22284,18.440405],[-66.222793,18.440375],[-66.222767,18.440354],[-66.222763,18.44028],[-66.22278,18.44022],[-66.222823,18.440136],[-66.222871,18.440057],[-66.222924,18.440018],[-66.223008,18.439984],[-66.223144,18.439937],[-66.223583,18.439888],[-66.223713,18.43986],[-66.22386,18.439803],[-66.223949,18.439789],[-66.224043,18.439801],[-66.224152,18.439837],[-66.224244,18.439898],[-66.224364,18.43994],[-66.224519,18.439972],[-66.22476,18.439965],[-66.225073,18.43995],[-66.225339,18.439924],[-66.22559,18.439883],[-66.225825,18.439861],[-66.225992,18.439849],[-66.226117,18.439866],[-66.226268,18.439891],[-66.226314,18.439898],[-66.226558,18.439952],[-66.22686,18.440011],[-66.227124,18.440079],[-66.227347,18.440182],[-66.227605,18.440345],[-66.227677,18.440416],[-66.227775,18.440482],[-66.22795,18.440589],[-66.228156,18.440747],[-66.228418,18.440999],[-66.22852,18.441125],[-66.228652,18.441356],[-66.228768,18.441562],[-66.228828,18.441717],[-66.228865,18.441888],[-66.228888,18.442082],[-66.228926,18.442282],[-66.228992,18.442382],[-66.229038,18.442438],[-66.229115,18.442519],[-66.229167,18.442569],[-66.22929,18.442695],[-66.229398,18.442782],[-66.229475,18.442852],[-66.229516,18.442888],[-66.229645,18.442944],[-66.229723,18.442965],[-66.229822,18.442977],[-66.229946,18.443009],[-66.230034,18.443065],[-66.230116,18.44314],[-66.230193,18.443236],[-66.230243,18.443351],[-66.230283,18.443466],[-66.230323,18.443596],[-66.230336,18.443711],[-66.230335,18.443811],[-66.230322,18.443975],[-66.230304,18.444094],[-66.230234,18.444267],[-66.230159,18.444365],[-66.230054,18.444434],[-66.22998,18.444487],[-66.22988,18.444516],[-66.229671,18.444563],[-66.229536,18.444581],[-66.2294,18.444574],[-66.229057,18.444519],[-66.228927,18.444522],[-66.228833,18.444545],[-66.228571,18.444616],[-66.228513,18.444655],[-66.228449,18.444744],[-66.228427,18.444808],[-66.228425,18.444908],[-66.228396,18.445106],[-66.228369,18.445166],[-66.228347,18.44523],[-66.228335,18.445329],[-66.228317,18.445498],[-66.228305,18.445588],[-66.228325,18.445653],[-66.228355,18.445728],[-66.228431,18.445833],[-66.228544,18.445979],[-66.228702,18.446186],[-66.22883,18.446302],[-66.228943,18.446443],[-66.229055,18.446579],[-66.229168,18.44673],[-66.229258,18.446877],[-66.22937,18.447057],[-66.229477,18.447233],[-66.229574,18.447379],[-66.229696,18.44755],[-66.229788,18.447656],[-66.229885,18.447767],[-66.229993,18.447843],[-66.230102,18.447894],[-66.230211,18.447941],[-66.230361,18.447983],[-66.230497,18.447995],[-66.230648,18.448002],[-66.230788,18.448014],[-66.23096,18.448046],[-66.231141,18.448099],[-66.231255,18.44814],[-66.231374,18.448211],[-66.231508,18.448288],[-66.231606,18.448369],[-66.231688,18.448445],[-66.231785,18.448546],[-66.231852,18.448637],[-66.231918,18.448727],[-66.231948,18.448812]],[[-66.22843,18.42444],[-66.228419,18.424495],[-66.228389,18.424587],[-66.228354,18.424696],[-66.228319,18.424802],[-66.228275,18.424881],[-66.228224,18.42495],[-66.228147,18.425008],[-66.228071,18.425043],[-66.227975,18.425062],[-66.227895,18.42505],[-66.227824,18.425013],[-66.227758,18.424955],[-66.227705,18.424881],[-66.227636,18.424728],[-66.227602,18.424651],[-66.227581,18.424598],[-66.227531,18.424466],[-66.227502,18.424338],[-66.227487,18.424265],[-66.227495,18.424207],[-66.227508,18.424152],[-66.227534,18.424109],[-66.227592,18.424063],[-66.227664,18.424041],[-66.227778,18.424027],[-66.227871,18.424028],[-66.227961,18.424048],[-66.228065,18.424092],[-66.228177,18.424171],[-66.228318,18.424266],[-66.228386,18.424326],[-66.228407,18.424356],[-66.228426,18.424393],[-66.22843,18.42444]],[[-66.21748,18.441867],[-66.217473,18.441997],[-66.21744,18.442096],[-66.217381,18.442229],[-66.217305,18.442412],[-66.217202,18.44262],[-66.217128,18.442738],[-66.217037,18.442856],[-66.216937,18.442929],[-66.216863,18.442998],[-66.216778,18.443101],[-66.216703,18.443195],[-66.216623,18.443303],[-66.216553,18.443451],[-66.21652,18.443555],[-66.216519,18.443625],[-66.216513,18.443709],[-66.216532,18.443779],[-66.216526,18.443864],[-66.216499,18.443928],[-66.216435,18.444012],[-66.216357,18.444071],[-66.2162,18.444128],[-66.216108,18.444164],[-66.21598,18.444214],[-66.215702,18.444295],[-66.215571,18.444328],[-66.215482,18.444396],[-66.21546,18.444461],[-66.215479,18.444531],[-66.215515,18.444601],[-66.215576,18.444671],[-66.215715,18.444773],[-66.215859,18.4449],[-66.215967,18.444971],[-66.216184,18.445113],[-66.21624,18.445162],[-66.216271,18.445189],[-66.216296,18.445249],[-66.216322,18.445309],[-66.216341,18.445394],[-66.216339,18.445524],[-66.216359,18.445569],[-66.216374,18.445609],[-66.216363,18.445658],[-66.216336,18.445708],[-66.216315,18.445728],[-66.216267,18.445772],[-66.216183,18.445805],[-66.216058,18.445838],[-66.21589,18.445866],[-66.215707,18.445923],[-66.215565,18.44599],[-66.215476,18.446049],[-66.215433,18.446098],[-66.215422,18.446157],[-66.215395,18.446222],[-66.215404,18.446286],[-66.215372,18.446346],[-66.215303,18.446409],[-66.215209,18.446463],[-66.215078,18.446496],[-66.214942,18.446508],[-66.214802,18.446496],[-66.214646,18.446454],[-66.2145,18.446422],[-66.214365,18.446405],[-66.214235,18.446389],[-66.214053,18.446396],[-66.213912,18.446419],[-66.213839,18.446423],[-66.213745,18.446391],[-66.213595,18.44633],[-66.213455,18.446263],[-66.213347,18.446201],[-66.213259,18.446165],[-66.213158,18.44612],[-66.213076,18.446064],[-66.212978,18.446008],[-66.212823,18.445906],[-66.212719,18.4459],[-66.212625,18.445903],[-66.212531,18.445922],[-66.212394,18.445969],[-66.212248,18.446027],[-66.212121,18.446095],[-66.212027,18.446113],[-66.211965,18.446107],[-66.211898,18.446072],[-66.211821,18.445991],[-66.211796,18.445916],[-66.211787,18.445826],[-66.211806,18.445617],[-66.211836,18.445399],[-66.211881,18.445156],[-66.211903,18.444768],[-66.211946,18.444385],[-66.211932,18.444266],[-66.211908,18.444156],[-66.21191,18.444041],[-66.211916,18.443977],[-66.211933,18.443882],[-66.211918,18.443832],[-66.211898,18.443782],[-66.211827,18.443702],[-66.211703,18.443585],[-66.211503,18.443413],[-66.211364,18.443291],[-66.211221,18.443125],[-66.211061,18.442993],[-66.210958,18.442962],[-66.210869,18.442951],[-66.210728,18.442973],[-66.21052,18.442985],[-66.210337,18.442992],[-66.21027,18.442977],[-66.210223,18.442956],[-66.210192,18.442911],[-66.210216,18.442767],[-66.210286,18.442589],[-66.210377,18.44248],[-66.210477,18.442392],[-66.210625,18.4423],[-66.210809,18.442198],[-66.211003,18.442106],[-66.211123,18.442068],[-66.211327,18.442052],[-66.211472,18.442069],[-66.211665,18.442076],[-66.211863,18.442114],[-66.212024,18.442102],[-66.212171,18.442064],[-66.212265,18.442026],[-66.212344,18.441972],[-66.212439,18.441889],[-66.21254,18.44182],[-66.212629,18.441782],[-66.212822,18.441735],[-66.213053,18.441684],[-66.213345,18.441633],[-66.213544,18.441611],[-66.213721,18.441574],[-66.213831,18.441536],[-66.2139,18.441497],[-66.213958,18.441448],[-66.213979,18.441409],[-66.213985,18.441354],[-66.213971,18.441254],[-66.21392,18.441179],[-66.213819,18.441033],[-66.213752,18.440947],[-66.21369,18.440917],[-66.213643,18.440906],[-66.213591,18.440915],[-66.213476,18.440943],[-66.213319,18.440986],[-66.213162,18.441003],[-66.213084,18.441007],[-66.21297,18.440981],[-66.212815,18.440968],[-66.212695,18.440971],[-66.212528,18.440983],[-66.212371,18.441001],[-66.212178,18.441028],[-66.212074,18.441041],[-66.211985,18.441035],[-66.21185,18.441003],[-66.211737,18.440942],[-66.211665,18.440891],[-66.211598,18.44081],[-66.211537,18.440715],[-66.211487,18.44057],[-66.211474,18.44044],[-66.211513,18.440281],[-66.211553,18.440172],[-66.211603,18.440008],[-66.211653,18.43984],[-66.211681,18.439716],[-66.211729,18.439549],[-66.211732,18.439443],[-66.211712,18.439384],[-66.211674,18.439318],[-66.211623,18.439233],[-66.211572,18.439182],[-66.211436,18.439075],[-66.211392,18.43905],[-66.211294,18.439009],[-66.211083,18.438956],[-66.210878,18.438904],[-66.210683,18.438885],[-66.210348,18.438855],[-66.210046,18.43882],[-66.209916,18.438801],[-66.20987,18.438776],[-66.209855,18.438726],[-66.20985,18.438686],[-66.209835,18.438651],[-66.209805,18.438606],[-66.209758,18.43856],[-66.209701,18.438539],[-66.209472,18.438546],[-66.209243,18.438538],[-66.208998,18.438524],[-66.208639,18.438514],[-66.208425,18.438511],[-66.208259,18.438503],[-66.20816,18.438507],[-66.208055,18.43852],[-66.2076,18.438638],[-66.207165,18.438746],[-66.206912,18.43882],[-66.206656,18.438866],[-66.206489,18.438883],[-66.206395,18.438897],[-66.206279,18.438945],[-66.206048,18.439051],[-66.205864,18.439163],[-66.205648,18.439319],[-66.205616,18.439343],[-66.2056,18.439378],[-66.205584,18.439422],[-66.205547,18.439457],[-66.205473,18.43949],[-66.205326,18.439583],[-66.205236,18.439636],[-66.205199,18.439666],[-66.205188,18.43971],[-66.205172,18.43977],[-66.205135,18.439809],[-66.205035,18.439852],[-66.204951,18.439871],[-66.204889,18.43985],[-66.204806,18.439794],[-66.20475,18.439734],[-66.204698,18.439713],[-66.20462,18.439712],[-66.204506,18.439715],[-66.204427,18.439714],[-66.204376,18.439703],[-66.204319,18.439672],[-66.204263,18.439582],[-66.204217,18.439517],[-66.204181,18.439471],[-66.204124,18.439436],[-66.204041,18.43941],[-66.203849,18.439402],[-66.203729,18.43939],[-66.203641,18.439359],[-66.203528,18.439283],[-66.203498,18.439193],[-66.203494,18.439118],[-66.203516,18.439029],[-66.203543,18.438974],[-66.203601,18.43891],[-66.203633,18.438881],[-66.203691,18.438872],[-66.203743,18.438848],[-66.203775,18.438823],[-66.203869,18.438747],[-66.204101,18.438576],[-66.204343,18.438426],[-66.204601,18.43829],[-66.204942,18.438146],[-66.205262,18.438051],[-66.205534,18.437975],[-66.205847,18.437925],[-66.206197,18.437895],[-66.206507,18.437857],[-66.206799,18.437846],[-66.20705,18.437825],[-66.207201,18.437787],[-66.207301,18.437739],[-66.207412,18.437676],[-66.207501,18.437608],[-66.207539,18.437543],[-66.207551,18.437504],[-66.207561,18.437474],[-66.207599,18.43738],[-66.207652,18.437326],[-66.207741,18.437258],[-66.207878,18.43719],[-66.20802,18.437128],[-66.208276,18.437042],[-66.208522,18.436981],[-66.208779,18.43693],[-66.209113,18.43689],[-66.209379,18.436864],[-66.209535,18.436861],[-66.209686,18.436898],[-66.209784,18.436939],[-66.209924,18.437001],[-66.210033,18.437043],[-66.210126,18.437059],[-66.210267,18.437046],[-66.210443,18.437019],[-66.21082,18.436966],[-66.21095,18.436957],[-66.211122,18.436924],[-66.211316,18.436887],[-66.211519,18.436877],[-66.211676,18.436869],[-66.211936,18.436834],[-66.212082,18.436822],[-66.21223,18.436773],[-66.212377,18.436716],[-66.212628,18.436645],[-66.212843,18.436583],[-66.213005,18.436541],[-66.213172,18.436528],[-66.213266,18.43653],[-66.213375,18.436541],[-66.213489,18.436558],[-66.213614,18.436599],[-66.213712,18.436651],[-66.213779,18.436706],[-66.213876,18.436822],[-66.213977,18.436988],[-66.214033,18.437078],[-66.214111,18.437134],[-66.214193,18.43717],[-66.21425,18.437191],[-66.214308,18.437202],[-66.214427,18.437224],[-66.214605,18.43723],[-66.214793,18.437203],[-66.215055,18.437167],[-66.215375,18.437124],[-66.215389,18.437122],[-66.215686,18.437101],[-66.215889,18.437114],[-66.216056,18.437187],[-66.21618,18.437239],[-66.216365,18.437355],[-66.216465,18.437503],[-66.216487,18.437536],[-66.216573,18.437722],[-66.216613,18.437832],[-66.216626,18.437951],[-66.21664,18.438036],[-66.216661,18.438061],[-66.216708,18.438072],[-66.216801,18.438073],[-66.216928,18.438092],[-66.217053,18.438118],[-66.217227,18.438179],[-66.217367,18.438256],[-66.217417,18.438361],[-66.21742,18.438505],[-66.217412,18.438665],[-66.217382,18.438913],[-66.217359,18.439047],[-66.21734,18.439236],[-66.217332,18.439421],[-66.21735,18.43963],[-66.217327,18.439724],[-66.217311,18.439774],[-66.217263,18.439848],[-66.21721,18.439897],[-66.217162,18.439936],[-66.217094,18.43998],[-66.217041,18.440009],[-66.217004,18.440053],[-66.216977,18.440092],[-66.216966,18.440162],[-66.216975,18.440257],[-66.216988,18.440376],[-66.217012,18.440511],[-66.217009,18.44073],[-66.217038,18.440885],[-66.217067,18.440975],[-66.217108,18.44106],[-66.217199,18.44123],[-66.217341,18.441457],[-66.217391,18.441562],[-66.217457,18.441708],[-66.21748,18.441867]],[[-66.202985,18.439885],[-66.202979,18.439925],[-66.202968,18.439965],[-66.202936,18.440012],[-66.20291,18.440039],[-66.202878,18.440061],[-66.202828,18.440085],[-66.202707,18.440128],[-66.202605,18.440164],[-66.202537,18.440182],[-66.202477,18.440187],[-66.202441,18.440188],[-66.202394,18.44018],[-66.202282,18.440161],[-66.202178,18.440142],[-66.202067,18.440116],[-66.201971,18.44008],[-66.201914,18.440056],[-66.201883,18.440038],[-66.201883,18.440024],[-66.201902,18.439999],[-66.201952,18.439965],[-66.202086,18.439912],[-66.20219,18.439879],[-66.202282,18.439843],[-66.202348,18.439816],[-66.202447,18.439773],[-66.2025,18.439754],[-66.202534,18.439747],[-66.202581,18.439745],[-66.202635,18.439743],[-66.202708,18.439747],[-66.202792,18.439753],[-66.202857,18.439762],[-66.202896,18.439775],[-66.202942,18.439795],[-66.202965,18.439815],[-66.20298,18.439848],[-66.202985,18.439885]],[[-66.194402,18.452958],[-66.193873,18.453125],[-66.193771,18.452847],[-66.193683,18.452642],[-66.193543,18.452371],[-66.193394,18.452158],[-66.193238,18.45193],[-66.193043,18.45176],[-66.192824,18.451626],[-66.192492,18.451439],[-66.192062,18.451222],[-66.191714,18.451093],[-66.191274,18.450948],[-66.191039,18.450909],[-66.191092,18.450473],[-66.191692,18.450577],[-66.191759,18.450156],[-66.192123,18.450256],[-66.192046,18.450814],[-66.192613,18.451026],[-66.192999,18.451178],[-66.193112,18.451237],[-66.193286,18.451342],[-66.193511,18.451541],[-66.193676,18.451711],[-66.193817,18.451902],[-66.193966,18.452101],[-66.194151,18.452416],[-66.194402,18.452958]],[[-66.19355,18.452887],[-66.193211,18.453129],[-66.193093,18.452895],[-66.192989,18.452726],[-66.19293,18.452602],[-66.19278,18.452454],[-66.192668,18.452365],[-66.192517,18.452261],[-66.192306,18.452142],[-66.192034,18.452007],[-66.191694,18.451849],[-66.191414,18.451736],[-66.191171,18.451667],[-66.191208,18.451311],[-66.191579,18.451418],[-66.191942,18.451547],[-66.192298,18.451698],[-66.192698,18.451871],[-66.192993,18.452021],[-66.193098,18.452102],[-66.193218,18.452206],[-66.193329,18.452433],[-66.193403,18.452551],[-66.19355,18.452887]],[[-66.192854,18.449777],[-66.192501,18.449975],[-66.192375,18.4498],[-66.192264,18.449609],[-66.192198,18.449463],[-66.192095,18.449236],[-66.19197,18.448943],[-66.191882,18.448745],[-66.191793,18.448577],[-66.19163,18.44832],[-66.191482,18.448085],[-66.191303,18.447857],[-66.191161,18.447688],[-66.19098,18.44754],[-66.190755,18.447369],[-66.190476,18.447198],[-66.189993,18.4469],[-66.190204,18.446561],[-66.190951,18.446994],[-66.1912,18.447128],[-66.191321,18.44721],[-66.1915,18.447387],[-66.191807,18.447763],[-66.192023,18.44805],[-66.19209,18.448145],[-66.192237,18.448438],[-66.192481,18.448892],[-66.192539,18.449053],[-66.192613,18.449236],[-66.192708,18.44947],[-66.192854,18.449777]],[[-66.192115,18.449831],[-66.191687,18.449949],[-66.191621,18.449773],[-66.191562,18.449634],[-66.191437,18.449385],[-66.191229,18.449033],[-66.191044,18.448747],[-66.190932,18.448599],[-66.190805,18.448438],[-66.190671,18.448268],[-66.190408,18.448039],[-66.190258,18.447906],[-66.19016,18.447832],[-66.190275,18.447354],[-66.190622,18.447519],[-66.190841,18.447638],[-66.190991,18.447757],[-66.191156,18.447912],[-66.191298,18.448103],[-66.191395,18.448221],[-66.191542,18.448558],[-66.191696,18.448916],[-66.191872,18.449326],[-66.192026,18.449684],[-66.192115,18.449831]],[[-66.189805,18.44955],[-66.189752,18.450014],[-66.189066,18.450484],[-66.189029,18.450439],[-66.18876,18.450116],[-66.188754,18.449527],[-66.18895,18.449531],[-66.189805,18.44955]]],[[[-66.24263873974746,18.396366520505083],[-66.24250435321979,18.396472000205925],[-66.242526,18.396488],[-66.24256,18.39648],[-66.242586,18.396457],[-66.24261,18.396424],[-66.242626,18.396392],[-66.24263873974746,18.396366520505083]]]]}},{"type":"Feature","properties":{"OBJECTID":685249,"DFIRM_ID":"72000C","FLD_ZONE":"AE","ZONE_SUBTY":"FLOODWAY","SFHA_TF":"T","STATIC_BFE":-9999,"V_DATUM":"","LEN_UNIT":"","SOURCE_CIT":"72000C_FIS1"},"geometry":{"type":"Polygon","coordinates":[[[-66.26437899988778,18.42710299982174],[-66.26431500031369,18.426539999704367],[-66.2641260001678,18.426231000364268],[-66.2636320004234,18.42582000008377],[-66.26320599955271,18.42488999994767],[-66.26284300022787,18.42452200022618],[-66.26258100028706,18.424436000358405],[-66.26243800017193,18.424437000069716],[-66.2620349997658,18.424648000390846],[-66.26155100006713,18.425274999857987],[-66.26126400001196,18.425425999782327],[-66.2608029998795,18.425518999647153],[-66.26012900021003,18.425837000152157],[-66.25975199974317,18.425662000019372],[-66.25956199977237,18.42535299995399],[-66.25954199968089,18.424804000263897],[-66.25971400010835,18.424564999717806],[-66.26024499966267,18.424248999694775],[-66.26046999979356,18.423684000178174],[-66.26039899964846,18.423509000411492],[-66.26037799973206,18.423471999809763],[-66.26036699986142,18.423428000327714],[-66.26030900013508,18.423284999802615],[-66.26017600006571,18.42312900025637],[-66.26013300040799,18.423078999814635],[-66.2602320001422,18.422765999633707],[-66.26045999974782,18.42259399980371],[-66.26049200043319,18.422581999729875],[-66.26075600002385,18.42257700026705],[-66.26093299957586,18.422601000414595],[-66.26095199984242,18.4226119999129],[-66.26109900015551,18.422907000297617],[-66.26141899982265,18.423260000032354],[-66.26185300019092,18.423404000295573],[-66.26205400003238,18.423372999680904],[-66.2622259995615,18.42328199979629],[-66.26229400023189,18.423066000055353],[-66.26262200029495,18.423017999886667],[-66.26273699992267,18.42264200009071],[-66.26274699996841,18.422362000216456],[-66.26279600037222,18.422087000215942],[-66.26304599971917,18.421742999878344],[-66.26328799956849,18.421586999785927],[-66.26380899997541,18.421344999843413],[-66.26392600015126,18.42138400036079],[-66.2640979996804,18.421293000276208],[-66.26432600018435,18.421024000362866],[-66.2643229998113,18.42057900010549],[-66.26394100021987,18.41985799965833],[-66.26372199993675,18.419442999677425],[-66.26371899956371,18.4193709996076],[-66.26371799973879,18.41934399978671],[-66.2637169999139,18.41929099987347],[-66.26371199989102,18.41916199996811],[-66.26370199984528,18.418916999941036],[-66.2638299998918,18.4185039997388],[-66.26384999998328,18.418167999594093],[-66.26385199963309,18.418142000184606],[-66.26385300035633,18.41810699962932],[-66.2636549999896,18.416758999807215],[-66.26325999997941,18.41603600002557],[-66.26261800009699,18.41518199990212],[-66.2624709997839,18.41488699990855],[-66.26213600004813,18.414578999861035],[-66.26186300023667,18.41453700019928],[-66.2616330000829,18.41465699969275],[-66.26143300006635,18.4149850000405],[-66.26099000037557,18.415330000017498],[-66.26090599981167,18.41559799969525],[-66.26106700036846,18.415997000000495],[-66.26111500004903,18.416456000194238],[-66.26093199975094,18.416887999809582],[-66.26064399987085,18.417039000277583],[-66.26005300004205,18.416939999855895],[-66.25936299958074,18.41671099958342],[-66.25928099956496,18.416635999952703],[-66.2589790003395,18.416558000165722],[-66.25853599975039,18.41648499998338],[-66.25812800021971,18.416452000311125],[-66.2577759998672,18.416365999818243],[-66.25756400015511,18.416224000000526],[-66.25733400000132,18.415986000079265],[-66.25711600044144,18.415840000050597],[-66.25706200001477,18.415783000011633],[-66.25681099994459,18.415516000385182],[-66.25610499958977,18.413950999993446],[-66.25609500044234,18.413864999955347],[-66.25602799959688,18.41328399975129],[-66.25609500044234,18.412765000097725],[-66.25593100041081,18.412068999844763],[-66.2560150000764,18.41180200042257],[-66.25635999985789,18.411620000298115],[-66.25663100001954,18.411609000097084],[-66.25679199967801,18.411617000088373],[-66.25690700020407,18.41155600035847],[-66.25807299996814,18.411501000178244],[-66.25956799962015,18.410865000133924],[-66.25985700022348,18.410540999625955],[-66.25991699959961,18.410473999907833],[-66.26001100020926,18.41037099994676],[-66.26003700014853,18.410270000363713],[-66.26020600020291,18.409599000304116],[-66.260197999807,18.40954599994659],[-66.26017500024078,18.40939099967582],[-66.25991099975184,18.408860000038224],[-66.25963600029054,18.408669000281698],[-66.25961100017618,18.408630000292003],[-66.25957900038912,18.408595000359252],[-66.25925700017385,18.408312000373886],[-66.25901600014942,18.40807700001139],[-66.25896099989784,18.408037999887537],[-66.25854800034429,18.407864000210886],[-66.25825500044131,18.40742099963773],[-66.25781400040034,18.406536000001175],[-66.25766200006439,18.40549900002566],[-66.25745700002498,18.40508600001506],[-66.25755400010935,18.404624999681506],[-66.25811200032618,18.40407100034545],[-66.25827999965736,18.40353600031191],[-66.25811700034906,18.403137000103417],[-66.25786999957853,18.402857000033165],[-66.25769499967636,18.402503000376424],[-66.2575440000636,18.401911000215385],[-66.25758699972133,18.401777000003033],[-66.25746799989562,18.401245000052363],[-66.25764699999577,18.40036799987408],[-66.25749300000999,18.39933100026069],[-66.25750600042878,18.398990000049594],[-66.25735800029078,18.398694999587285],[-66.25731300008493,18.398383999965837],[-66.25746799989562,18.39789300022071],[-66.25734900006995,18.39750799957884],[-66.2570019997403,18.39739300026079],[-66.25665399958577,18.397128999853322],[-66.25640500006374,18.39670099958589],[-66.25628700006297,18.39631700041663],[-66.2559530001521,18.396007999664505],[-66.25512899979651,18.395734000059427],[-66.25507000024527,18.395615999921038],[-66.25473700015935,18.395455999647695],[-66.25461900015857,18.395353000080323],[-66.25447000019564,18.395223000257122],[-66.25442800036285,18.395186000394386],[-66.25437499976108,18.395139999885902],[-66.25425900030847,18.39503899989377],[-66.25409799975166,18.394898000269894],[-66.25383199961287,18.394824000396937],[-66.25380099965074,18.394813999858762],[-66.25370899958924,18.3947859997126],[-66.25363999999227,18.394770999754204],[-66.25321700039295,18.39465399969298],[-66.25268000009251,18.394228999756475],[-66.25256799993953,18.394191999680288],[-66.2523760003189,18.394127000195372],[-66.25191699983628,18.394369000041905],[-66.2517910003379,18.394769999870622],[-66.25149199968885,18.395262999754166],[-66.2509750003782,18.395533999618383],[-66.24974299959361,18.395532999739192],[-66.2496239997679,18.395532999739192],[-66.24961100024744,18.395546999752135],[-66.2493199999943,18.39559200027311],[-66.24902799991625,18.39564300005375],[-66.24863600027909,18.395712000184247],[-66.24824399974361,18.395781000287098],[-66.24815900025311,18.395796000157556],[-66.24737199970741,18.395875999728727],[-66.2471580003455,18.395897999582967],[-66.24694400008524,18.39592000028682],[-66.24686600026743,18.395928000154594],[-66.24603799971388,18.395697000306473],[-66.24554099959641,18.395492000425392],[-66.24547100017453,18.395444000239177],[-66.2454050000523,18.395429000338073],[-66.2451029999285,18.395268000010308],[-66.24500599984412,18.395166000211873],[-66.24495399996559,18.39511199979273],[-66.24487199994982,18.394973999875933],[-66.24485799970613,18.39495100002113],[-66.24485900042934,18.394936000077113],[-66.24475300012413,18.394890000354263],[-66.24472700018487,18.39487500040495],[-66.24458599971956,18.394793999633066],[-66.24427899957287,18.394761000065376],[-66.24406100001299,18.394917999631115],[-66.24396317743243,18.394983346805027],[-66.243966,18.39499],[-66.243978,18.395016],[-66.243997,18.395052],[-66.244013,18.395077],[-66.24403,18.395102],[-66.24405,18.395127],[-66.244072,18.395152],[-66.2441,18.395175],[-66.244123,18.395195],[-66.244153,18.395218],[-66.244177,18.395235],[-66.244237,18.395271],[-66.24427,18.395289],[-66.2443,18.395303],[-66.244332,18.395317],[-66.24438,18.39534],[-66.244409,18.395349],[-66.244437,18.395358],[-66.244485,18.395369],[-66.244514,18.395372],[-66.244547,18.395376],[-66.244579,18.395379],[-66.244612,18.395381],[-66.244648,18.395384],[-66.244687,18.395386],[-66.244751,18.39539],[-66.244787,18.395392],[-66.244838,18.395397],[-66.244869,18.3954],[-66.244901,18.395406],[-66.24493,18.395412],[-66.244957,18.39542],[-66.244999,18.395435],[-66.245029,18.395449],[-66.245055,18.395465],[-66.245088,18.395484],[-66.245116,18.3955],[-66.245144,18.395518],[-66.245173,18.395533],[-66.24522,18.395556],[-66.245247,18.395566],[-66.245276,18.395578],[-66.245301,18.395592],[-66.245333,18.395605],[-66.245368,18.39562],[-66.245401,18.395634],[-66.245431,18.395648],[-66.245467,18.395664],[-66.245502,18.395679],[-66.245528,18.39569],[-66.245556,18.3957],[-66.245588,18.395712],[-66.245628,18.395726],[-66.245661,18.395737],[-66.245698,18.395748],[-66.245782,18.395772],[-66.245821,18.395783],[-66.245881,18.395796],[-66.245915,18.395803],[-66.24595,18.39581],[-66.245986,18.395818],[-66.246026,18.395829],[-66.246054,18.395837],[-66.246085,18.395846],[-66.246116,18.395856],[-66.246152,18.395868],[-66.246178,18.395878],[-66.246209,18.395888],[-66.246242,18.395902],[-66.246272,18.395914],[-66.246299,18.395925],[-66.246328,18.395937],[-66.246382,18.395963],[-66.246414,18.39598],[-66.246445,18.395999],[-66.246474,18.396015],[-66.246503,18.396034],[-66.246529,18.396052],[-66.246553,18.396069],[-66.246582,18.396088],[-66.24661,18.396103],[-66.246639,18.396114],[-66.246667,18.396122],[-66.246698,18.396125],[-66.246715,18.396124],[-66.246728,18.396123],[-66.246761,18.39612],[-66.246794,18.396114],[-66.246831,18.396108],[-66.246891,18.396098],[-66.246928,18.396093],[-66.246959,18.39609],[-66.246988,18.396087],[-66.247022,18.396085],[-66.247054,18.396085],[-66.247087,18.396084],[-66.247122,18.396085],[-66.247158,18.396086],[-66.247188,18.396086],[-66.247218,18.396085],[-66.247256,18.396084],[-66.247297,18.39608],[-66.247335,18.396075],[-66.247431,18.396059],[-66.24747,18.396053],[-66.2475,18.396047],[-66.247556,18.39604],[-66.247591,18.396036],[-66.247634,18.39603],[-66.247664,18.396027],[-66.247698,18.396023],[-66.247735,18.39602],[-66.247803,18.396014],[-66.247842,18.396011],[-66.247876,18.396008],[-66.247908,18.396004],[-66.247947,18.396002],[-66.247981,18.395999],[-66.248037,18.395998],[-66.248108,18.395998],[-66.248154,18.395997],[-66.248191,18.395997],[-66.248227,18.395995],[-66.248263,18.395994],[-66.2483,18.395992],[-66.248339,18.395991],[-66.248379,18.395988],[-66.248416,18.395985],[-66.248489,18.39598],[-66.248526,18.395977],[-66.248567,18.395974],[-66.248617,18.395966],[-66.248654,18.395961],[-66.248698,18.395952],[-66.248732,18.395942],[-66.24876,18.395935],[-66.248796,18.395924],[-66.248828,18.395914],[-66.248862,18.395903],[-66.248896,18.395893],[-66.248949,18.395877],[-66.248988,18.395869],[-66.249024,18.39586],[-66.249065,18.395851],[-66.249094,18.395846],[-66.249133,18.395839],[-66.24917,18.395831],[-66.249199,18.395827],[-66.24924,18.395821],[-66.249269,18.395816],[-66.249319,18.395809],[-66.249361,18.395808],[-66.249393,18.395804],[-66.249397,18.395805],[-66.249465,18.395809],[-66.249526,18.395808],[-66.249999,18.395815],[-66.250634,18.395796],[-66.2512,18.395773],[-66.251849,18.395816],[-66.252323,18.395913],[-66.252336,18.395916],[-66.252934,18.396048],[-66.253225,18.396178],[-66.253495,18.396341],[-66.253777,18.396529],[-66.253928,18.396664],[-66.254501,18.397178],[-66.254913,18.397528],[-66.255154,18.397734],[-66.255373,18.39796],[-66.255716,18.398427],[-66.255723,18.398437],[-66.255738,18.398455],[-66.255772,18.398501],[-66.255793,18.398524],[-66.255812,18.398554],[-66.255834,18.398582],[-66.255857,18.398614],[-66.255881,18.398648],[-66.255907,18.398685],[-66.255934,18.398727],[-66.25596,18.398768],[-66.255981,18.398807],[-66.256003,18.398844],[-66.256019,18.398879],[-66.256033,18.398906],[-66.256048,18.398934],[-66.256059,18.398964],[-66.256081,18.399012],[-66.256109,18.399074],[-66.25614,18.39915],[-66.256156,18.399192],[-66.256171,18.399233],[-66.256185,18.399272],[-66.256199,18.399307],[-66.256213,18.399341],[-66.256225,18.399376],[-66.256234,18.399408],[-66.256244,18.399435],[-66.256253,18.399466],[-66.256267,18.399511],[-66.256277,18.399539],[-66.256291,18.399589],[-66.256321,18.399709],[-66.256331,18.399741],[-66.25634,18.399771],[-66.256347,18.399801],[-66.256356,18.399831],[-66.256363,18.399861],[-66.256373,18.399888],[-66.25638,18.399918],[-66.256389,18.39995],[-66.256403,18.40001],[-66.25641,18.400037],[-66.256419,18.400081],[-66.256429,18.40012],[-66.256438,18.400166],[-66.256447,18.400217],[-66.256452,18.400244],[-66.256457,18.400272],[-66.256461,18.400302],[-66.256468,18.400331],[-66.256473,18.400368],[-66.256477,18.400398],[-66.256484,18.40043],[-66.256489,18.400462],[-66.256493,18.400492],[-66.256498,18.400524],[-66.25651,18.400579],[-66.256514,18.400607],[-66.256519,18.400634],[-66.256526,18.400662],[-66.256533,18.400692],[-66.25654,18.400726],[-66.256549,18.400763],[-66.256556,18.4008],[-66.256563,18.400834],[-66.256568,18.400862],[-66.256572,18.400896],[-66.25658,18.40094],[-66.256586,18.400974],[-66.2566,18.401055],[-66.256604,18.401085],[-66.256609,18.401112],[-66.256611,18.401142],[-66.256616,18.401176],[-66.25662,18.401215],[-66.256622,18.40125],[-66.256627,18.401282],[-66.256629,18.401316],[-66.256631,18.401353],[-66.256633,18.401383],[-66.256636,18.401417],[-66.256635,18.401445],[-66.256637,18.4015],[-66.256639,18.401553],[-66.256641,18.401596],[-66.256641,18.401649],[-66.256643,18.401702],[-66.256643,18.401754],[-66.256642,18.401784],[-66.25664,18.401839],[-66.256639,18.401885],[-66.256639,18.401929],[-66.256641,18.40197],[-66.256643,18.402016],[-66.256648,18.402057],[-66.256654,18.402098],[-66.256659,18.402138],[-66.256668,18.402177],[-66.256678,18.402225],[-66.256699,18.402314],[-66.25671,18.402358],[-66.256727,18.402404],[-66.256743,18.40245],[-66.256757,18.402496],[-66.256774,18.402537],[-66.256786,18.402579],[-66.256798,18.402611],[-66.256807,18.402648],[-66.256863,18.402814],[-66.256877,18.40284],[-66.256895,18.402875],[-66.256912,18.40291],[-66.25693,18.402951],[-66.256943,18.402983],[-66.256957,18.403017],[-66.256971,18.403052],[-66.256998,18.403116],[-66.257012,18.403149],[-66.257026,18.403183],[-66.257042,18.403218],[-66.257059,18.403257],[-66.257072,18.403293],[-66.257085,18.403322],[-66.257097,18.403348],[-66.257109,18.403375],[-66.257122,18.403402],[-66.257136,18.403432],[-66.257146,18.403459],[-66.257166,18.403505],[-66.257179,18.403537],[-66.257191,18.403572],[-66.257203,18.403608],[-66.257211,18.403642],[-66.257218,18.40367],[-66.257222,18.403699],[-66.257227,18.403731],[-66.257227,18.40376],[-66.257228,18.40382],[-66.257226,18.403858],[-66.257222,18.403897],[-66.257217,18.403933],[-66.25721,18.403974],[-66.257202,18.404006],[-66.257193,18.404034],[-66.257186,18.404061],[-66.257178,18.404089],[-66.257166,18.404126],[-66.257157,18.404152],[-66.257147,18.40418],[-66.257135,18.404213],[-66.257126,18.40424],[-66.257113,18.404273],[-66.257089,18.404327],[-66.257077,18.404353],[-66.257066,18.404381],[-66.257052,18.404409],[-66.257037,18.404433],[-66.257019,18.404464],[-66.257001,18.404491],[-66.256979,18.404522],[-66.256955,18.404556],[-66.256933,18.404591],[-66.256913,18.404623],[-66.256891,18.404657],[-66.256864,18.404701],[-66.256842,18.404739],[-66.256818,18.404778],[-66.256795,18.404818],[-66.256773,18.404857],[-66.256751,18.404895],[-66.256727,18.404935],[-66.256707,18.40497],[-66.256686,18.40501],[-66.256665,18.405047],[-66.256645,18.405084],[-66.256626,18.40512],[-66.256606,18.405156],[-66.256589,18.405187],[-66.256573,18.405218],[-66.256559,18.405245],[-66.256545,18.40527],[-66.256521,18.405311],[-66.256505,18.405343],[-66.256489,18.405376],[-66.256471,18.405414],[-66.256455,18.405451],[-66.256439,18.405487],[-66.256424,18.405519],[-66.256414,18.405546],[-66.256399,18.405579],[-66.256389,18.405606],[-66.256371,18.405653],[-66.256355,18.405694],[-66.256344,18.405723],[-66.256332,18.405755],[-66.256324,18.405781],[-66.256315,18.405807],[-66.256304,18.405836],[-66.256293,18.405869],[-66.256284,18.405899],[-66.256276,18.405932],[-66.256269,18.405962],[-66.256262,18.406003],[-66.256258,18.40603],[-66.256258,18.406076],[-66.256259,18.406108],[-66.256262,18.406139],[-66.256266,18.40619],[-66.256272,18.406241],[-66.256277,18.406287],[-66.256281,18.406319],[-66.256285,18.406353],[-66.256288,18.40639],[-66.256294,18.406423],[-66.256299,18.406454],[-66.256308,18.406495],[-66.256312,18.406524],[-66.256318,18.406552],[-66.256325,18.406579],[-66.256332,18.406609],[-66.25634,18.406641],[-66.256348,18.406671],[-66.256357,18.406706],[-66.25638,18.406777],[-66.25639,18.406812],[-66.256402,18.406849],[-66.256415,18.406883],[-66.256428,18.406922],[-66.256444,18.406959],[-66.256458,18.406992],[-66.256462,18.407002],[-66.256481,18.407102],[-66.256464,18.407176],[-66.256456,18.407279],[-66.256477,18.407583],[-66.256498,18.407988],[-66.256497,18.408251],[-66.256497,18.408777],[-66.256413,18.408907],[-66.256371,18.408973],[-66.256313,18.409111],[-66.256217,18.40924],[-66.256062,18.409428],[-66.255924,18.409769],[-66.255918,18.41009],[-66.25592,18.410109],[-66.255934,18.410232],[-66.255962,18.410306],[-66.255967,18.41039],[-66.255963,18.410466],[-66.255961,18.41049],[-66.255961,18.410743],[-66.255906,18.411043],[-66.255816,18.411265],[-66.255668,18.411568],[-66.255498,18.411851],[-66.255434,18.412134],[-66.25537,18.412276],[-66.255306,18.412599],[-66.255306,18.412923],[-66.255263,18.413146],[-66.255221,18.413449],[-66.255157,18.413672],[-66.255093,18.413894],[-66.255008,18.414157],[-66.254965,18.414379],[-66.255007,18.414602],[-66.255007,18.414966],[-66.254964,18.415432],[-66.2549,18.415897],[-66.254836,18.416463],[-66.254772,18.416645],[-66.254602,18.417191],[-66.254518,18.41757],[-66.254453,18.417859],[-66.254347,18.418162],[-66.254333,18.418214],[-66.254325,18.418243],[-66.254135,18.418632],[-66.253992,18.418852],[-66.253835,18.419067],[-66.253609,18.419375],[-66.253307,18.419719],[-66.253179,18.419942],[-66.253115,18.420265],[-66.253073,18.420534],[-66.253048,18.42072],[-66.253039,18.420792],[-66.252966,18.420994],[-66.2527,18.421281],[-66.252213,18.421763],[-66.251942,18.422141],[-66.25169,18.422364],[-66.251437,18.422587],[-66.25104,18.42288],[-66.250788,18.423155],[-66.250283,18.423412],[-66.250012,18.42367],[-66.25,18.423678],[-66.249489,18.423996],[-66.249015,18.424375],[-66.24893,18.424443],[-66.248443,18.424872],[-66.248028,18.425216],[-66.247523,18.425542],[-66.24691,18.42592],[-66.246597,18.426265],[-66.246568,18.426298],[-66.24617,18.426814],[-66.2459,18.427123],[-66.245719,18.427364],[-66.245593,18.427536],[-66.245387,18.427825],[-66.245327,18.428],[-66.245312,18.428042],[-66.245301,18.428078],[-66.245293,18.428117],[-66.245285,18.428145],[-66.245274,18.428178],[-66.245261,18.428212],[-66.245253,18.428239],[-66.245246,18.428267],[-66.245234,18.428311],[-66.245221,18.428354],[-66.245206,18.428401],[-66.245198,18.428427],[-66.245185,18.428477],[-66.245171,18.428522],[-66.245157,18.42857],[-66.245145,18.428612],[-66.245126,18.428671],[-66.245113,18.428711],[-66.2451,18.428754],[-66.245076,18.428827],[-66.245063,18.428869],[-66.245038,18.428934],[-66.245027,18.42896],[-66.245005,18.429017],[-66.244994,18.429046],[-66.244982,18.429077],[-66.244969,18.429109],[-66.24496,18.429135],[-66.244944,18.429179],[-66.244928,18.42922],[-66.244913,18.429263],[-66.244903,18.429289],[-66.244896,18.429309],[-66.244887,18.429335],[-66.244876,18.429362],[-66.244866,18.429396],[-66.244855,18.429426],[-66.244847,18.429455],[-66.244838,18.429485],[-66.24483,18.429513],[-66.244814,18.429571],[-66.244804,18.429602],[-66.244795,18.429635],[-66.244784,18.429673],[-66.244775,18.429708],[-66.244766,18.429742],[-66.244758,18.429777],[-66.244746,18.42983],[-66.244735,18.429879],[-66.244723,18.429922],[-66.244711,18.429963],[-66.244695,18.43001],[-66.244677,18.430065],[-66.244667,18.430094],[-66.244658,18.43012],[-66.244649,18.430148],[-66.24463,18.430204],[-66.244615,18.430251],[-66.244583,18.430338],[-66.24457,18.430372],[-66.244558,18.430402],[-66.244548,18.430431],[-66.244536,18.430461],[-66.244525,18.43049],[-66.244515,18.430518],[-66.244501,18.430562],[-66.244489,18.430595],[-66.244476,18.430631],[-66.244458,18.430678],[-66.244456,18.430682],[-66.244438,18.430732],[-66.244421,18.430782],[-66.244411,18.43081],[-66.2444,18.430839],[-66.244388,18.43087],[-66.244375,18.430901],[-66.244364,18.430934],[-66.244352,18.430966],[-66.24434,18.431],[-66.244323,18.431047],[-66.244307,18.431089],[-66.244289,18.431132],[-66.244258,18.431214],[-66.244237,18.431267],[-66.244224,18.431295],[-66.244201,18.431356],[-66.244174,18.431419],[-66.244149,18.431482],[-66.24413,18.431531],[-66.244113,18.431573],[-66.244079,18.431652],[-66.244064,18.431688],[-66.244046,18.431731],[-66.244029,18.431772],[-66.244012,18.431817],[-66.243991,18.431868],[-66.243973,18.431916],[-66.243962,18.431942],[-66.243951,18.431973],[-66.243939,18.432003],[-66.243917,18.432065],[-66.243905,18.432095],[-66.243894,18.432125],[-66.243885,18.432155],[-66.243872,18.43219],[-66.243862,18.432219],[-66.243852,18.432249],[-66.243833,18.432301],[-66.243815,18.432351],[-66.243795,18.4324],[-66.243786,18.432426],[-66.243775,18.432453],[-66.243764,18.432482],[-66.24375,18.432518],[-66.243738,18.432549],[-66.243717,18.432605],[-66.243696,18.432656],[-66.243677,18.432706],[-66.243666,18.432732],[-66.243656,18.432759],[-66.243644,18.432785],[-66.243621,18.432845],[-66.24361,18.432871],[-66.24359,18.432922],[-66.243557,18.433001],[-66.243544,18.433031],[-66.243533,18.433059],[-66.243522,18.433088],[-66.243502,18.433139],[-66.243482,18.433192],[-66.243472,18.433218],[-66.24346,18.433246],[-66.243438,18.433306],[-66.243427,18.433335],[-66.243416,18.433362],[-66.243406,18.433388],[-66.24339,18.433432],[-66.243373,18.433477],[-66.243356,18.433518],[-66.243339,18.433563],[-66.243321,18.433611],[-66.243301,18.433661],[-66.243291,18.433688],[-66.243273,18.433737],[-66.243255,18.433785],[-66.243251,18.433794],[-66.243179,18.434135],[-66.243123,18.434554],[-66.243053,18.434877],[-66.243048,18.434915],[-66.243045,18.434953],[-66.243041,18.43499],[-66.243039,18.435026],[-66.243038,18.435059],[-66.243036,18.435097],[-66.243036,18.435157],[-66.243037,18.435195],[-66.243039,18.435234],[-66.243043,18.435267],[-66.243045,18.435295],[-66.243049,18.435332],[-66.243053,18.435368],[-66.243057,18.4354],[-66.24306,18.435435],[-66.243061,18.435469],[-66.243065,18.435515],[-66.243067,18.435557],[-66.24307,18.435595],[-66.243072,18.435626],[-66.243075,18.435663],[-66.243077,18.435701],[-66.243079,18.43573],[-66.243084,18.435761],[-66.243087,18.435791],[-66.243091,18.435825],[-66.243096,18.435864],[-66.2431,18.435902],[-66.24311,18.435964],[-66.243115,18.435997],[-66.243121,18.436032],[-66.243128,18.436072],[-66.243135,18.43611],[-66.243142,18.436149],[-66.243166,18.436254],[-66.243176,18.436291],[-66.243186,18.436329],[-66.243196,18.436365],[-66.243206,18.436399],[-66.243216,18.436429],[-66.243229,18.436466],[-66.243242,18.436499],[-66.243254,18.436535],[-66.243267,18.43657],[-66.243291,18.436646],[-66.243304,18.436684],[-66.243317,18.436721],[-66.243328,18.436756],[-66.243342,18.436795],[-66.243355,18.436837],[-66.243368,18.436875],[-66.243381,18.436914],[-66.243393,18.436954],[-66.243407,18.436998],[-66.243423,18.437048],[-66.24343,18.437074],[-66.243442,18.437118],[-66.243463,18.437194],[-66.243474,18.43723],[-66.243484,18.437271],[-66.243496,18.437314],[-66.243506,18.43735],[-66.243515,18.437382],[-66.243525,18.437415],[-66.243533,18.437447],[-66.243544,18.437482],[-66.24355,18.437503],[-66.243554,18.43752],[-66.243565,18.437555],[-66.243589,18.437625],[-66.243604,18.437669],[-66.243621,18.437717],[-66.243636,18.43776],[-66.24365,18.437792],[-66.243665,18.437828],[-66.243683,18.437872],[-66.243702,18.437919],[-66.243719,18.437963],[-66.243735,18.438004],[-66.243744,18.438023],[-66.24386,18.438281],[-66.243872,18.438318],[-66.243884,18.438357],[-66.243896,18.438398],[-66.243908,18.438437],[-66.243917,18.438474],[-66.243931,18.438518],[-66.243946,18.438559],[-66.24396,18.438605],[-66.243976,18.438655],[-66.243993,18.43871],[-66.244014,18.438772],[-66.244019,18.438786],[-66.244038,18.438837],[-66.244048,18.438867],[-66.24406,18.438896],[-66.244072,18.438924],[-66.244081,18.438956],[-66.244117,18.439046],[-66.244129,18.439073],[-66.244141,18.439103],[-66.24415,18.439131],[-66.244167,18.439161],[-66.244179,18.439195],[-66.244191,18.439223],[-66.2442,18.43925],[-66.244214,18.439278],[-66.244226,18.439308],[-66.244238,18.439335],[-66.244274,18.439413],[-66.244288,18.439441],[-66.244303,18.439473],[-66.244324,18.43951],[-66.244341,18.439551],[-66.24436,18.43959],[-66.244381,18.439632],[-66.244401,18.439671],[-66.244422,18.439712],[-66.244441,18.439754],[-66.244465,18.439795],[-66.244486,18.439839],[-66.244534,18.439926],[-66.244556,18.439967],[-66.244582,18.440006],[-66.244585,18.440011],[-66.244604,18.440048],[-66.244625,18.440085],[-66.244647,18.440121],[-66.244687,18.44019],[-66.244728,18.440266],[-66.244766,18.440337],[-66.244804,18.440411],[-66.24484,18.440485],[-66.244854,18.440514],[-66.244869,18.440544],[-66.244881,18.44057],[-66.244892,18.440595],[-66.244904,18.440622],[-66.244916,18.44065],[-66.244931,18.440678],[-66.244942,18.440707],[-66.244957,18.440737],[-66.244969,18.440769],[-66.244985,18.440799],[-66.244997,18.440831],[-66.245012,18.440864],[-66.245026,18.440894],[-66.24504,18.440926],[-66.245057,18.44096],[-66.245071,18.440997],[-66.245088,18.441032],[-66.245102,18.441068],[-66.245116,18.441105],[-66.245133,18.441142],[-66.245181,18.441259],[-66.245195,18.441293],[-66.245207,18.441323],[-66.245221,18.441353],[-66.245233,18.441383],[-66.245245,18.441411],[-66.245257,18.441443],[-66.245271,18.441475],[-66.245286,18.441507],[-66.245298,18.441544],[-66.245312,18.441576],[-66.245326,18.44161],[-66.245336,18.44164],[-66.245338,18.441647],[-66.24535,18.441679],[-66.245364,18.441712],[-66.245386,18.441778],[-66.245407,18.44184],[-66.245433,18.441918],[-66.24545,18.441966],[-66.245457,18.441994],[-66.245469,18.44204],[-66.245481,18.442079],[-66.24549,18.442113],[-66.245499,18.442148],[-66.245511,18.442187],[-66.245521,18.442226],[-66.24553,18.442265],[-66.245542,18.442313],[-66.245552,18.442361],[-66.245561,18.44241],[-66.245568,18.442458],[-66.245575,18.442485],[-66.245582,18.442543],[-66.245591,18.442635],[-66.245578,18.442911],[-66.245527,18.443532],[-66.245474,18.443717],[-66.245442,18.444056],[-66.245411,18.444511],[-66.245385,18.444623],[-66.245358,18.444714],[-66.245316,18.444862],[-66.245257,18.445017],[-66.245205,18.445172],[-66.245149,18.445293],[-66.245044,18.44543],[-66.244927,18.445506],[-66.244695,18.445582],[-66.244543,18.445632],[-66.243974,18.445779],[-66.243081,18.445966],[-66.24272,18.446033],[-66.242291,18.44606],[-66.241919,18.446106],[-66.241704,18.446133],[-66.241201,18.446201],[-66.240767,18.446303],[-66.240511,18.446373],[-66.240406,18.446402],[-66.240241,18.446446],[-66.239928,18.446655],[-66.239747,18.446843],[-66.239607,18.446989],[-66.239531,18.447142],[-66.239469,18.447289],[-66.239465,18.447457],[-66.239492,18.44763],[-66.239559,18.447846],[-66.240011,18.448847],[-66.240133,18.449094],[-66.2402,18.449309],[-66.240237,18.449538],[-66.240242,18.449758],[-66.240242,18.450243],[-66.240183,18.450763],[-66.240172,18.451138],[-66.240159,18.451565],[-66.240132,18.451969],[-66.240109,18.452315],[-66.240029,18.452929],[-66.239977,18.453383],[-66.239913,18.453722],[-66.239891,18.454022],[-66.239867,18.454316],[-66.239833,18.454605],[-66.239815,18.45477],[-66.239816,18.454937],[-66.239832,18.455159],[-66.23988976589938,18.455406994981832],[-66.24015000026895,18.455481999675882],[-66.24044300017191,18.45557300040487],[-66.24074600012061,18.455651000382684],[-66.24095600018289,18.455682999817107],[-66.24115299982638,18.45569199984335],[-66.24130799963709,18.455706000072635],[-66.24147099984371,18.455706000072635],[-66.24171600006609,18.455682999817107],[-66.24189400034132,18.455653999823962],[-66.24197499963387,18.455642000354267],[-66.2422729995597,18.45554499992353],[-66.24268699983647,18.455472000107864],[-66.24285599989089,18.455385000006864],[-66.24307199980096,18.455306999908185],[-66.24327799966528,18.45524699987375],[-66.24359599968258,18.455168999712367],[-66.24383099985923,18.45510000042501],[-66.24405199979218,18.454985000414922],[-66.24416800014312,18.45493499986781],[-66.24431100025825,18.454852000188616],[-66.24449399965805,18.454623000147038],[-66.24473800005553,18.45436599997847],[-66.24488299982049,18.454264999823497],[-66.24504199982913,18.454177999963008],[-66.24529600027235,18.454030999599002],[-66.24545100008305,18.453957999991704],[-66.24559400019818,18.453869999583418],[-66.24567200001599,18.45381100029148],[-66.24576300025258,18.453718999939692],[-66.24583000019973,18.45356800016321],[-66.2459409996295,18.453415999859057],[-66.24614599966893,18.45316399986559],[-66.24634300021073,18.452989999836852],[-66.24652700033374,18.452783000116646],[-66.2467709998329,18.45254499968119],[-66.24684299980291,18.45245300035536],[-66.24710200026901,18.45220499970422],[-66.24720400037624,18.45209000031152],[-66.24729100041489,18.451980000301685],[-66.24740600004262,18.45184700030411],[-66.24754499995979,18.451659000086988],[-66.24765999958751,18.451535000084956],[-66.24772700043299,18.45144399977224],[-66.24776099986985,18.45141099999339],[-66.24781699994634,18.451376000246828],[-66.24794400016796,18.45129699962402],[-66.24816000007803,18.4512090004084],[-66.2485590002862,18.451075999813686],[-66.24889099964889,18.451021000344966],[-66.24907200029719,18.451002999802263],[-66.24921799988704,18.451006999733657],[-66.24935699980422,18.451025000275923],[-66.24961299989725,18.45114000038182],[-66.24980299986807,18.451144999865992],[-66.25000899973237,18.451112000029685],[-66.25060100028439,18.451144999865992],[-66.2510809997851,18.451246000151905],[-66.25133000020546,18.451319000060007],[-66.25146400009976,18.45138800001467],[-66.25165800026852,18.45149399963164],[-66.25181200025429,18.451617000110076],[-66.25224400007443,18.451961999859527],[-66.25257399978732,18.45232900007456],[-66.25287699973602,18.45292099967381],[-66.25317499966184,18.45362700039079],[-66.25325800040085,18.45376399972891],[-66.25327299957115,18.453789999715347],[-66.25329400038586,18.45382400028162],[-66.25347799961055,18.45401700008527],[-66.25357399987001,18.454085999807877],[-66.25376100036608,18.454209999671974],[-66.25397300007819,18.454310999859263],[-66.25419900003399,18.454384000168574],[-66.25441900014204,18.454411999987162],[-66.25467500023507,18.454356999882727],[-66.25493800000079,18.454292999661487],[-66.25503900028313,18.454244000155068],[-66.25525199982015,18.454142000389822],[-66.25552600035485,18.453861999853924],[-66.25565500022628,18.45377000038161],[-66.25584799967181,18.453650999610986],[-66.2560159999013,18.45358199971356],[-66.25619300035163,18.45352700019531],[-66.25633300009372,18.453499999774696],[-66.25636099968281,18.453499000232437],[-66.25654499980583,18.45349500035906],[-66.25665299976086,18.45352399986475],[-66.25687899971666,18.45362999986742],[-66.25704699994616,18.453780999589416],[-66.25718699968824,18.453967999647936],[-66.25750300005573,18.454702999626953],[-66.2575990003152,18.454914000281303],[-66.2577189999658,18.45507500017001],[-66.25779599995869,18.455111000399697],[-66.25796699966291,18.455073999784812],[-66.25803199996024,18.45446500014865],[-66.25809999973231,18.45393300042256],[-66.2581769997252,18.4534600001852],[-66.25827399980957,18.452835999928794],[-66.25841000025201,18.452410000171927],[-66.25854999999412,18.45200100024701],[-66.25867100036793,18.451611000234273],[-66.25881500030796,18.45108399967297],[-66.25890200034661,18.450562000404116],[-66.25889300012577,18.450093999769397],[-66.25890399999643,18.449961999578285],[-66.2589369996084,18.44950700018192],[-66.25893300030874,18.448974999581875],[-66.25887999970698,18.44849299977136],[-66.25880400043732,18.448221999815974],[-66.2587609998813,18.448071000318798],[-66.25861199991839,18.447803999703563],[-66.2584150002749,18.447560999596714],[-66.25823799982456,18.447354999727843],[-66.25795900016531,18.44715299963304],[-66.2577330002095,18.446991999986412],[-66.25740099994847,18.446823000131488],[-66.257204000305,18.4465930000265],[-66.25714200038071,18.446261999864674],[-66.25726299985622,18.446025000203992],[-66.25741699984202,18.445794999882647],[-66.25766700008727,18.445478999687374],[-66.25794599974651,18.44503799974032],[-66.25814900013611,18.444648000107584],[-66.25833200043422,18.444276999582762],[-66.25849100044287,18.44399700000678],[-66.25864500042864,18.44368599961413],[-66.2588239996305,18.443324000242775],[-66.25892999993569,18.44305800037396],[-66.25898299963914,18.442759000356492],[-66.25899799970776,18.442535000116507],[-66.25893099976061,18.4423559998061],[-66.25875800040654,18.44223100029759],[-66.25784000033963,18.44179100014528],[-66.25782500027101,18.44178400031578],[-66.25762600007937,18.44171000015322],[-66.2566970001418,18.441006999575926],[-66.25607399962763,18.44085000030266],[-66.25543799959298,18.440588000186427],[-66.25515999975865,18.440101999667586],[-66.25506900042038,18.439480000410523],[-66.25532299996527,18.43882500011415],[-66.25572399982326,18.438614000147997],[-66.25654499980583,18.43844299960973],[-66.25687100021906,18.438271999753503],[-66.25711899991617,18.43814199996825],[-66.25725700000844,18.43802199981698],[-66.25744799980416,18.43785699989826],[-66.25788899984512,18.437066999745266],[-66.2582119998853,18.436041000067725],[-66.25815900018185,18.434988999959625],[-66.25814499993815,18.434913999777326],[-66.2579800000817,18.434034999735363],[-66.25796900021106,18.433977000104854],[-66.25787200012668,18.433464000331522],[-66.25751800012434,18.43245900023062],[-66.25738300040513,18.43182300011531],[-66.2573950001007,18.43163000009335],[-66.25759299956911,18.431153000270974],[-66.25799900034828,18.430879000365955],[-66.25811099960296,18.430803000420692],[-66.25841199990184,18.430835000222313],[-66.25868600043654,18.430877000165967],[-66.25900299973064,18.43078500031659],[-66.25928899996089,18.430633999984643],[-66.25957500019116,18.430334999658534],[-66.25990699955388,18.43019800038713],[-66.26029599971629,18.430328000214722],[-66.26056000020526,18.430710999679462],[-66.26079100018393,18.430887000313394],[-66.2612110003085,18.430927999718513],[-66.26138200001273,18.430837000422784],[-66.26148099974694,18.430525000401985],[-66.26147999992202,18.43037800025333],[-66.2616759997406,18.430376000047538],[-66.2619019996964,18.43029799967321],[-66.26192599998586,18.430045000182243],[-66.26186800025953,18.42981600031192],[-66.261816000381,18.42952200038106],[-66.2618239998786,18.42948399968662],[-66.26214699991878,18.42917000039977],[-66.26243399997396,18.429019000353982],[-66.26262099957171,18.42903199966328],[-66.26284200040298,18.428916000415978],[-66.26296600025152,18.428851000406816],[-66.26333399959924,18.42853999987871],[-66.26401099964177,18.427966999888135],[-66.26406699971827,18.427787999746577],[-66.2641959995897,18.427682999686343],[-66.26437899988778,18.42710299982174]],[[-66.257528,18.448018],[-66.257527,18.44805],[-66.257523,18.448112],[-66.25752,18.448142],[-66.257515,18.448177],[-66.257509,18.448212],[-66.2575,18.448253],[-66.25749,18.448294],[-66.257479,18.448332],[-66.257467,18.448371],[-66.257455,18.448403],[-66.257444,18.448433],[-66.257433,18.448461],[-66.257419,18.448488],[-66.257402,18.448519],[-66.257383,18.448551],[-66.257362,18.448582],[-66.257341,18.44861],[-66.257322,18.448634],[-66.257305,18.448657],[-66.257288,18.448683],[-66.257265,18.448711],[-66.257236,18.448743],[-66.257207,18.448776],[-66.257172,18.448808],[-66.25715,18.448827],[-66.257126,18.448845],[-66.257099,18.448866],[-66.257061,18.448893],[-66.257027,18.448917],[-66.256993,18.448939],[-66.256968,18.448957],[-66.256903,18.448996],[-66.256869,18.449017],[-66.256839,18.449034],[-66.256812,18.44905],[-66.25678,18.449066],[-66.256743,18.449085],[-66.256712,18.449101],[-66.256679,18.449117],[-66.256653,18.449128],[-66.256615,18.449149],[-66.256586,18.449165],[-66.256556,18.449186],[-66.25652,18.449205],[-66.256489,18.449225],[-66.256436,18.449265],[-66.256406,18.449289],[-66.256355,18.44933],[-66.256324,18.449358],[-66.256295,18.449385],[-66.256268,18.449413],[-66.256212,18.449469],[-66.256184,18.449499],[-66.256163,18.44952],[-66.256131,18.449563],[-66.256107,18.449587],[-66.256076,18.449621],[-66.256044,18.449666],[-66.256019,18.449699],[-66.255997,18.449726],[-66.255978,18.449754],[-66.255956,18.44978],[-66.25594,18.449803],[-66.255918,18.449832],[-66.255894,18.449863],[-66.255871,18.449891],[-66.25585,18.449916],[-66.255829,18.449938],[-66.255805,18.449965],[-66.255782,18.449991],[-66.255758,18.450017],[-66.25573,18.450042],[-66.255704,18.450059],[-66.255668,18.450078],[-66.255639,18.450085],[-66.255606,18.450081],[-66.25558,18.45007],[-66.255547,18.450054],[-66.255522,18.450037],[-66.255493,18.450015],[-66.25546,18.449984],[-66.255451,18.449976],[-66.255408,18.449923],[-66.255383,18.449889],[-66.255366,18.449855],[-66.255354,18.449825],[-66.255344,18.449788],[-66.255336,18.449749],[-66.255329,18.449713],[-66.255321,18.449681],[-66.255318,18.449653],[-66.255311,18.449617],[-66.255308,18.449589],[-66.255303,18.449557],[-66.255303,18.449527],[-66.2553,18.44949],[-66.255302,18.44941],[-66.255301,18.449369],[-66.255301,18.449296],[-66.2553,18.449256],[-66.2553,18.449218],[-66.255302,18.449165],[-66.255299,18.449114],[-66.255296,18.449085],[-66.255296,18.44905],[-66.255291,18.449009],[-66.255288,18.448977],[-66.255286,18.448947],[-66.255283,18.448917],[-66.25528,18.44889],[-66.255277,18.448844],[-66.255272,18.448803],[-66.255269,18.448766],[-66.255264,18.448725],[-66.255254,18.448672],[-66.255249,18.448645],[-66.255239,18.448592],[-66.255231,18.448544],[-66.255221,18.448491],[-66.255211,18.448443],[-66.255203,18.448416],[-66.255196,18.448379],[-66.255186,18.44834],[-66.255174,18.448294],[-66.255164,18.448253],[-66.255149,18.448205],[-66.255141,18.448166],[-66.255131,18.448125],[-66.255121,18.448086],[-66.255114,18.448059],[-66.255106,18.448024],[-66.255096,18.447992],[-66.255089,18.44796],[-66.255076,18.447928],[-66.255064,18.447898],[-66.255049,18.447864],[-66.255034,18.447832],[-66.255015,18.447803],[-66.254998,18.447777],[-66.254981,18.44775],[-66.254942,18.447705],[-66.25492,18.447682],[-66.254895,18.447659],[-66.254869,18.447639],[-66.25483,18.447611],[-66.254779,18.447582],[-66.254719,18.447553],[-66.25467,18.44753],[-66.254632,18.447514],[-66.254595,18.447498],[-66.254557,18.44748],[-66.254511,18.44746],[-66.254462,18.447442],[-66.254436,18.447431],[-66.254407,18.447422],[-66.254361,18.447406],[-66.254305,18.447388],[-66.254252,18.447375],[-66.254223,18.447368],[-66.25418,18.447359],[-66.254146,18.447355],[-66.254115,18.447351],[-66.254042,18.447351],[-66.254001,18.447356],[-66.253951,18.447361],[-66.253898,18.447371],[-66.253847,18.447378],[-66.253797,18.447385],[-66.253744,18.447393],[-66.253664,18.4474],[-66.253575,18.447408],[-66.25353,18.447413],[-66.253474,18.447415],[-66.253424,18.447418],[-66.253383,18.447418],[-66.253347,18.447419],[-66.253272,18.447419],[-66.253233,18.447417],[-66.253195,18.447415],[-66.253151,18.447409],[-66.253122,18.447404],[-66.253077,18.447393],[-66.253038,18.447382],[-66.253006,18.447371],[-66.252978,18.447359],[-66.252914,18.447307],[-66.252815,18.447244],[-66.252788,18.447226],[-66.252731,18.447187],[-66.252721,18.447178],[-66.252692,18.447149],[-66.252673,18.447126],[-66.252648,18.4471],[-66.252624,18.447068],[-66.252588,18.447018],[-66.252568,18.446988],[-66.252545,18.446958],[-66.252522,18.446927],[-66.2525,18.4469],[-66.252477,18.446866],[-66.252461,18.446838],[-66.252442,18.446809],[-66.252424,18.446781],[-66.252408,18.446757],[-66.252389,18.446727],[-66.252372,18.446694],[-66.252354,18.44666],[-66.252338,18.446628],[-66.252327,18.446601],[-66.252313,18.446566],[-66.252301,18.446529],[-66.252291,18.446479],[-66.252286,18.446442],[-66.252281,18.446402],[-66.252278,18.446363],[-66.252276,18.446335],[-66.252275,18.446304],[-66.252273,18.446271],[-66.25227,18.446237],[-66.252265,18.446203],[-66.25226,18.446174],[-66.252252,18.446134],[-66.252246,18.446107],[-66.252239,18.446077],[-66.252231,18.446044],[-66.252224,18.446018],[-66.252216,18.445985],[-66.252208,18.445955],[-66.252197,18.445923],[-66.25218,18.44588],[-66.252168,18.445854],[-66.252167,18.445853],[-66.252142,18.44581],[-66.252127,18.445783],[-66.252108,18.445755],[-66.252066,18.445693],[-66.252049,18.445668],[-66.25203,18.445646],[-66.252007,18.445616],[-66.251964,18.445567],[-66.251945,18.445543],[-66.251921,18.44552],[-66.251897,18.445496],[-66.251869,18.445471],[-66.251846,18.44545],[-66.251824,18.44543],[-66.2518,18.44541],[-66.251773,18.445388],[-66.251746,18.44537],[-66.251721,18.44535],[-66.251683,18.445323],[-66.251658,18.445304],[-66.251635,18.445287],[-66.251612,18.445268],[-66.251581,18.445244],[-66.251552,18.445214],[-66.251531,18.445192],[-66.251507,18.445161],[-66.251488,18.445133],[-66.251471,18.445107],[-66.251457,18.445081],[-66.251446,18.445053],[-66.251436,18.445021],[-66.25143,18.444987],[-66.251429,18.444939],[-66.251429,18.444909],[-66.25143,18.444869],[-66.251432,18.444832],[-66.251433,18.444801],[-66.251434,18.444769],[-66.251434,18.44472],[-66.251433,18.444679],[-66.251432,18.444642],[-66.251431,18.444599],[-66.251431,18.444568],[-66.251429,18.444538],[-66.251429,18.444472],[-66.251432,18.444431],[-66.251434,18.444397],[-66.251436,18.444361],[-66.25144,18.444323],[-66.251445,18.444284],[-66.251448,18.444254],[-66.251452,18.444224],[-66.251456,18.444186],[-66.251464,18.444117],[-66.251467,18.444064],[-66.251468,18.444034],[-66.251469,18.444005],[-66.251472,18.443949],[-66.251473,18.443917],[-66.251475,18.443878],[-66.251476,18.443849],[-66.251482,18.443773],[-66.251483,18.443735],[-66.251486,18.443699],[-66.251486,18.443671],[-66.251487,18.443634],[-66.251488,18.443596],[-66.251488,18.443569],[-66.251489,18.443541],[-66.251489,18.44344],[-66.251488,18.443409],[-66.251484,18.443353],[-66.251482,18.443316],[-66.25148,18.44327],[-66.251478,18.44323],[-66.251478,18.443196],[-66.251477,18.443166],[-66.251475,18.443128],[-66.251475,18.443095],[-66.251474,18.443064],[-66.251474,18.443034],[-66.251473,18.443007],[-66.251471,18.442974],[-66.251469,18.442898],[-66.251467,18.442863],[-66.251463,18.442824],[-66.251459,18.442792],[-66.251457,18.442763],[-66.251453,18.442728],[-66.251449,18.442691],[-66.251443,18.442645],[-66.25144,18.442617],[-66.251435,18.442588],[-66.251424,18.442529],[-66.251419,18.442494],[-66.251412,18.442465],[-66.251407,18.442433],[-66.251401,18.442399],[-66.251396,18.442362],[-66.25139,18.442322],[-66.251382,18.442277],[-66.251375,18.442236],[-66.25137,18.442198],[-66.251364,18.442163],[-66.251361,18.442133],[-66.251353,18.442077],[-66.251347,18.442041],[-66.251345,18.442014],[-66.25134,18.441985],[-66.251336,18.441958],[-66.25133,18.441918],[-66.251317,18.441842],[-66.251311,18.441811],[-66.251306,18.441779],[-66.251299,18.441729],[-66.251295,18.441699],[-66.25129,18.441668],[-66.251286,18.441641],[-66.251283,18.4416],[-66.251277,18.441532],[-66.251273,18.441491],[-66.251269,18.441459],[-66.251267,18.44142],[-66.251263,18.441387],[-66.251261,18.441355],[-66.251255,18.441299],[-66.251252,18.441263],[-66.251248,18.44123],[-66.251246,18.441195],[-66.251245,18.441158],[-66.251242,18.441117],[-66.25124,18.44108],[-66.251239,18.441042],[-66.251236,18.440982],[-66.251235,18.440952],[-66.251233,18.440913],[-66.251229,18.440833],[-66.251226,18.440793],[-66.251224,18.440761],[-66.25122,18.440732],[-66.251217,18.440697],[-66.251213,18.440663],[-66.251209,18.440634],[-66.251205,18.4406],[-66.2512,18.440569],[-66.251196,18.440539],[-66.251186,18.4405],[-66.251179,18.440467],[-66.251171,18.44043],[-66.251163,18.440389],[-66.251152,18.440341],[-66.251142,18.44029],[-66.251136,18.440258],[-66.251132,18.440229],[-66.251128,18.440193],[-66.251123,18.440159],[-66.25112,18.440132],[-66.251114,18.440076],[-66.25111,18.440034],[-66.251108,18.439978],[-66.251109,18.439941],[-66.251113,18.439907],[-66.251116,18.439879],[-66.251123,18.439847],[-66.251129,18.439816],[-66.251141,18.439769],[-66.251155,18.439729],[-66.251167,18.439697],[-66.251179,18.439667],[-66.251194,18.439636],[-66.251215,18.439599],[-66.251234,18.439567],[-66.251255,18.439536],[-66.251276,18.43951],[-66.251299,18.439485],[-66.251319,18.439462],[-66.251343,18.439439],[-66.25137,18.439418],[-66.251406,18.439396],[-66.251447,18.439375],[-66.251483,18.439357],[-66.25152,18.439344],[-66.251551,18.439332],[-66.251607,18.439316],[-66.251643,18.439307],[-66.25168,18.439297],[-66.25172,18.439288],[-66.251758,18.43928],[-66.251793,18.439273],[-66.251827,18.439266],[-66.25186,18.439261],[-66.25189,18.439255],[-66.251922,18.43925],[-66.25196,18.439243],[-66.252001,18.439235],[-66.252045,18.439227],[-66.25209,18.439218],[-66.252128,18.43921],[-66.252185,18.439197],[-66.252251,18.43918],[-66.252286,18.439172],[-66.252323,18.439161],[-66.252359,18.439152],[-66.252398,18.439144],[-66.252438,18.439135],[-66.252469,18.439128],[-66.252525,18.439115],[-66.252571,18.439102],[-66.252601,18.439097],[-66.252647,18.439085],[-66.252686,18.439074],[-66.252723,18.439062],[-66.252757,18.439052],[-66.252785,18.439041],[-66.25282,18.439026],[-66.252858,18.439006],[-66.252888,18.438989],[-66.252918,18.43897],[-66.252949,18.438952],[-66.252998,18.438921],[-66.253028,18.438901],[-66.253059,18.438881],[-66.253089,18.438858],[-66.25312,18.438836],[-66.253149,18.438811],[-66.253181,18.438787],[-66.253209,18.438765],[-66.253279,18.438705],[-66.253303,18.438683],[-66.253324,18.438664],[-66.253346,18.438646],[-66.253376,18.438619],[-66.253399,18.438597],[-66.253428,18.438569],[-66.253459,18.438545],[-66.253482,18.438524],[-66.253511,18.438495],[-66.253538,18.438466],[-66.253565,18.438438],[-66.253584,18.438416],[-66.253605,18.438389],[-66.253623,18.438365],[-66.253643,18.438331],[-66.253681,18.438278],[-66.253721,18.438205],[-66.253733,18.438177],[-66.25375,18.438147],[-66.253767,18.438115],[-66.253784,18.438087],[-66.253803,18.438055],[-66.253817,18.438029],[-66.253839,18.437996],[-66.253859,18.437965],[-66.253878,18.437936],[-66.253897,18.43791],[-66.253916,18.437882],[-66.253934,18.437858],[-66.253953,18.43783],[-66.253973,18.437802],[-66.253994,18.437777],[-66.254012,18.437754],[-66.25403,18.43773],[-66.25409,18.437658],[-66.254143,18.437595],[-66.254168,18.437567],[-66.254193,18.43754],[-66.254229,18.437503],[-66.254231,18.437502],[-66.25426,18.437472],[-66.254281,18.437451],[-66.254303,18.437431],[-66.254326,18.437409],[-66.254352,18.437386],[-66.254377,18.437366],[-66.254405,18.437345],[-66.254435,18.437324],[-66.254462,18.437308],[-66.254493,18.437299],[-66.254509,18.43733],[-66.254503,18.437357],[-66.254492,18.437389],[-66.254479,18.437425],[-66.254469,18.437451],[-66.25445,18.437495],[-66.254446,18.437503],[-66.254438,18.437523],[-66.254423,18.437559],[-66.254414,18.437586],[-66.254403,18.437616],[-66.254392,18.437651],[-66.254374,18.437713],[-66.254366,18.437745],[-66.254358,18.437792],[-66.254354,18.437827],[-66.254353,18.437861],[-66.25435,18.437901],[-66.254351,18.43794],[-66.254352,18.437977],[-66.254352,18.438054],[-66.254351,18.438082],[-66.25435,18.438121],[-66.254348,18.438153],[-66.254347,18.438187],[-66.254344,18.438229],[-66.254341,18.438266],[-66.254339,18.438303],[-66.254336,18.438339],[-66.254328,18.438405],[-66.254324,18.438446],[-66.25432,18.438473],[-66.254311,18.43853],[-66.254303,18.438561],[-66.254295,18.438591],[-66.254284,18.438626],[-66.254275,18.438652],[-66.254263,18.43868],[-66.254246,18.438719],[-66.254231,18.43875],[-66.254213,18.438784],[-66.2542,18.438812],[-66.254183,18.438848],[-66.254161,18.438894],[-66.254146,18.43892],[-66.254133,18.438944],[-66.254109,18.438984],[-66.254091,18.439016],[-66.254075,18.439047],[-66.25406,18.439076],[-66.254043,18.439108],[-66.254026,18.439141],[-66.254009,18.439171],[-66.253986,18.439218],[-66.253968,18.439254],[-66.253956,18.439283],[-66.253944,18.439315],[-66.253935,18.439343],[-66.253922,18.43938],[-66.253913,18.439409],[-66.253904,18.439437],[-66.253894,18.439469],[-66.253885,18.439497],[-66.253876,18.439526],[-66.253869,18.439552],[-66.253862,18.439587],[-66.253853,18.439622],[-66.253847,18.439655],[-66.253841,18.439691],[-66.253837,18.439731],[-66.253833,18.43977],[-66.253832,18.439807],[-66.253832,18.439843],[-66.253834,18.439877],[-66.253845,18.43997],[-66.253852,18.440019],[-66.253863,18.440089],[-66.253873,18.440156],[-66.253882,18.440195],[-66.253888,18.440224],[-66.253896,18.440257],[-66.253904,18.440283],[-66.253912,18.440312],[-66.253922,18.440344],[-66.253933,18.440374],[-66.253949,18.440409],[-66.253959,18.440438],[-66.253976,18.440469],[-66.253994,18.440501],[-66.254014,18.44053],[-66.254033,18.440555],[-66.254056,18.440584],[-66.254084,18.440614],[-66.254121,18.440648],[-66.254152,18.440674],[-66.254179,18.440695],[-66.254214,18.440721],[-66.254249,18.440745],[-66.254287,18.44077],[-66.254329,18.440795],[-66.254368,18.440817],[-66.254406,18.440838],[-66.25445,18.440861],[-66.254489,18.440882],[-66.254525,18.440902],[-66.254558,18.440921],[-66.254592,18.440941],[-66.254632,18.440964],[-66.254677,18.440992],[-66.254719,18.441018],[-66.254765,18.441045],[-66.254808,18.441073],[-66.254847,18.441096],[-66.254876,18.441118],[-66.254923,18.441155],[-66.254952,18.44118],[-66.254982,18.441207],[-66.255007,18.44123],[-66.255027,18.441251],[-66.25505,18.441281],[-66.255077,18.441313],[-66.255105,18.441348],[-66.255136,18.441392],[-66.255165,18.441433],[-66.25519,18.441468],[-66.25521,18.441505],[-66.255233,18.441538],[-66.255251,18.441567],[-66.255268,18.441598],[-66.255286,18.44163],[-66.255307,18.441668],[-66.25533,18.441711],[-66.255357,18.441754],[-66.255385,18.441797],[-66.255401,18.44182],[-66.255416,18.441843],[-66.255444,18.44188],[-66.255467,18.441911],[-66.255489,18.441942],[-66.255512,18.441971],[-66.255535,18.442002],[-66.255558,18.442034],[-66.255583,18.442069],[-66.2556,18.442093],[-66.25561,18.442107],[-66.255639,18.442154],[-66.255658,18.442178],[-66.255674,18.442203],[-66.255709,18.442253],[-66.255738,18.442294],[-66.255761,18.442331],[-66.255797,18.442389],[-66.255822,18.442435],[-66.255845,18.442474],[-66.255867,18.442508],[-66.255892,18.442551],[-66.25591,18.442581],[-66.255928,18.442615],[-66.25595,18.442646],[-66.255968,18.442675],[-66.255985,18.442698],[-66.256004,18.442724],[-66.256027,18.442758],[-66.256047,18.442782],[-66.256065,18.442804],[-66.256084,18.442827],[-66.256105,18.442851],[-66.256129,18.442881],[-66.256156,18.442917],[-66.256218,18.442985],[-66.256245,18.443017],[-66.256294,18.443076],[-66.256316,18.443108],[-66.256341,18.443138],[-66.256363,18.443167],[-66.256387,18.443204],[-66.256412,18.443239],[-66.256432,18.443268],[-66.256448,18.443299],[-66.256468,18.443331],[-66.256486,18.443365],[-66.2565,18.443396],[-66.256511,18.443421],[-66.256525,18.443459],[-66.256533,18.443486],[-66.25654,18.443516],[-66.256549,18.443552],[-66.256556,18.443585],[-66.256562,18.443616],[-66.256567,18.443643],[-66.256574,18.443688],[-66.256579,18.443717],[-66.256588,18.443764],[-66.256593,18.443799],[-66.2566,18.443826],[-66.256607,18.443858],[-66.256616,18.443896],[-66.256624,18.443929],[-66.256636,18.443979],[-66.256644,18.444021],[-66.256648,18.44405],[-66.256653,18.444084],[-66.256658,18.444117],[-66.256662,18.444153],[-66.256663,18.444203],[-66.256664,18.444239],[-66.256664,18.444279],[-66.256661,18.444315],[-66.256659,18.444342],[-66.256654,18.444375],[-66.256649,18.444409],[-66.256644,18.444441],[-66.256639,18.444482],[-66.256636,18.444516],[-66.25663,18.444549],[-66.256624,18.44458],[-66.256617,18.444618],[-66.25661,18.444652],[-66.256602,18.444694],[-66.25659,18.44475],[-66.25658,18.444794],[-66.256571,18.444829],[-66.256559,18.44487],[-66.25655,18.444903],[-66.256543,18.444933],[-66.256534,18.444959],[-66.256525,18.444989],[-66.256509,18.445051],[-66.256501,18.445083],[-66.256492,18.445116],[-66.256485,18.445148],[-66.256477,18.445185],[-66.256464,18.445234],[-66.256452,18.445282],[-66.256438,18.445337],[-66.25643,18.445371],[-66.256423,18.445401],[-66.256414,18.44544],[-66.256408,18.445478],[-66.256404,18.445505],[-66.256399,18.445537],[-66.256394,18.44557],[-66.256392,18.445597],[-66.256388,18.445642],[-66.256386,18.445677],[-66.256386,18.445708],[-66.256387,18.445746],[-66.256388,18.445773],[-66.256392,18.445804],[-66.256394,18.445813],[-66.256403,18.445861],[-66.25642,18.445915],[-66.256431,18.445944],[-66.256443,18.44597],[-66.256455,18.445995],[-66.256474,18.446031],[-66.25649,18.446059],[-66.256509,18.446096],[-66.256555,18.44616],[-66.256575,18.446185],[-66.2566,18.446217],[-66.256625,18.446252],[-66.256648,18.446277],[-66.25667,18.446305],[-66.256693,18.446335],[-66.256719,18.446365],[-66.256745,18.446397],[-66.25677,18.446427],[-66.256794,18.44645],[-66.256847,18.446512],[-66.256865,18.446535],[-66.256886,18.446561],[-66.256908,18.446584],[-66.256934,18.446615],[-66.256957,18.446642],[-66.256987,18.446714],[-66.257006,18.44677],[-66.257031,18.446816],[-66.257048,18.446844],[-66.257066,18.446877],[-66.257089,18.446912],[-66.257111,18.446947],[-66.257131,18.446982],[-66.257152,18.447018],[-66.25717,18.447052],[-66.257188,18.447096],[-66.257208,18.447139],[-66.257227,18.447181],[-66.257245,18.447218],[-66.257264,18.447257],[-66.257286,18.447302],[-66.25731,18.447354],[-66.257335,18.447395],[-66.257353,18.447433],[-66.257369,18.447469],[-66.257388,18.447518],[-66.257401,18.447548],[-66.257413,18.447576],[-66.257449,18.447676],[-66.257479,18.447767],[-66.25749,18.447803],[-66.257497,18.447831],[-66.257505,18.447865],[-66.257512,18.447896],[-66.257518,18.44793],[-66.257523,18.447963],[-66.257525,18.44799],[-66.257528,18.448018]]]}},{"type":"Feature","properties":{"OBJECTID":3112159,"DFIRM_ID":"72000C","FLD_ZONE":"X","ZONE_SUBTY":"AREA OF MINIMAL FLOOD HAZARD","SFHA_TF":"F","STATIC_BFE":-9999,"V_DATUM":"","LEN_UNIT":"","SOURCE_CIT":"72000C_FIS1"},"geometry":{"type":"Polygon","coordinates":[[[-66.136878,18.472302],[-66.136873,18.472272],[-66.136862,18.472259],[-66.136842,18.472249],[-66.13675,18.472228],[-66.136717,18.472215],[-66.136684,18.472192],[-66.136601,18.472122],[-66.136501,18.472064],[-66.13627,18.471962],[-66.136058,18.471849],[-66.136002,18.471827],[-66.135952,18.471815],[-66.1359,18.47181],[-66.13584,18.471817],[-66.135774,18.471833],[-66.135716,18.471856],[-66.135672,18.471893],[-66.135586,18.472004],[-66.135562,18.472023],[-66.135539,18.472033],[-66.135498,18.472032],[-66.135396,18.472001],[-66.135283,18.471995],[-66.13524,18.471986],[-66.135158,18.471948],[-66.135132,18.471928],[-66.135117,18.471909],[-66.135114,18.471895],[-66.135116,18.471878],[-66.135153,18.471796],[-66.135157,18.47176],[-66.135146,18.471718],[-66.135128,18.471685],[-66.135108,18.47167],[-66.135079,18.471661],[-66.135031,18.47166],[-66.134915,18.471671],[-66.134797,18.471666],[-66.134745,18.471669],[-66.134699,18.471685],[-66.134628,18.471736],[-66.13458,18.471749],[-66.134529,18.471749],[-66.134403,18.471736],[-66.134343,18.471741],[-66.134269,18.471766],[-66.13423,18.471789],[-66.134204,18.471824],[-66.134189,18.471874],[-66.134189,18.471915],[-66.134212,18.471944],[-66.134245,18.471963],[-66.134338,18.472003],[-66.134377,18.472024],[-66.134411,18.472053],[-66.134485,18.472135],[-66.134522,18.472169],[-66.134557,18.47219],[-66.134673,18.472245],[-66.134802,18.472351],[-66.134853,18.472384],[-66.134891,18.472398],[-66.134936,18.472406],[-66.135099,18.472411],[-66.135318,18.472433],[-66.135439,18.472456],[-66.135537,18.472482],[-66.135629,18.47252],[-66.135728,18.472578],[-66.135787,18.472621],[-66.135863,18.472695],[-66.135899,18.472722],[-66.135938,18.47274],[-66.135984,18.472751],[-66.136035,18.472748],[-66.136147,18.47271],[-66.136199,18.472703],[-66.136274,18.472709],[-66.136474,18.472747],[-66.136522,18.472748],[-66.136559,18.472737],[-66.136578,18.472722],[-66.136593,18.472699],[-66.136609,18.472663],[-66.136619,18.472625],[-66.136622,18.472581],[-66.1366,18.472515],[-66.136604,18.47249],[-66.136622,18.472474],[-66.136653,18.47246],[-66.136743,18.472432],[-66.136815,18.472418],[-66.136841,18.472405],[-66.13686,18.47238],[-66.136873,18.472343],[-66.136878,18.472302]]]}},{"type":"Feature","properties":{"OBJECTID":3112173,"DFIRM_ID":"72000C","FLD_ZONE":"X","ZONE_SUBTY":"0.2 PCT ANNUAL CHANCE FLOOD HAZARD","SFHA_TF":"F","STATIC_BFE":-9999,"V_DATUM":"","LEN_UNIT":"","SOURCE_CIT":"72000C_FIS1"},"geometry":{"type":"Polygon","coordinates":[[[-66.194402,18.452958],[-66.194151,18.452416],[-66.193966,18.452101],[-66.193817,18.451902],[-66.193676,18.451711],[-66.193511,18.451541],[-66.193286,18.451342],[-66.193112,18.451237],[-66.192999,18.451178],[-66.192613,18.451026],[-66.192046,18.450814],[-66.192123,18.450256],[-66.191759,18.450156],[-66.191692,18.450577],[-66.191092,18.450473],[-66.191039,18.450909],[-66.191274,18.450948],[-66.191714,18.451093],[-66.192062,18.451222],[-66.192492,18.451439],[-66.192824,18.451626],[-66.193043,18.45176],[-66.193238,18.45193],[-66.193394,18.452158],[-66.193543,18.452371],[-66.193683,18.452642],[-66.193771,18.452847],[-66.193873,18.453125],[-66.194402,18.452958]]]}},{"type":"Feature","properties":{"OBJECTID":3112434,"DFIRM_ID":"72000C","FLD_ZONE":"X","ZONE_SUBTY":"AREA OF MINIMAL FLOOD HAZARD","SFHA_TF":"F","STATIC_BFE":-9999,"V_DATUM":"","LEN_UNIT":"","SOURCE_CIT":"72000C_FIS1"},"geometry":{"type":"Polygon","coordinates":[[[-66.230147,18.443907],[-66.230138,18.443822],[-66.230103,18.443722],[-66.230062,18.443667],[-66.230027,18.443616],[-66.229929,18.44356],[-66.229846,18.443509],[-66.229784,18.443468],[-66.229738,18.443433],[-66.229692,18.443392],[-66.229641,18.443302],[-66.229585,18.443242],[-66.229502,18.443176],[-66.229399,18.443089],[-66.229307,18.443018],[-66.229198,18.442957],[-66.229058,18.442905],[-66.228945,18.442849],[-66.228846,18.442803],[-66.228706,18.442766],[-66.228525,18.442718],[-66.228405,18.442677],[-66.228333,18.442646],[-66.22824,18.44258],[-66.228179,18.442519],[-66.228143,18.442454],[-66.228114,18.442372],[-66.228141,18.442318],[-66.228173,18.442283],[-66.22821,18.442259],[-66.228273,18.442245],[-66.228356,18.442251],[-66.228408,18.442262],[-66.228449,18.442268],[-66.228492,18.442248],[-66.228544,18.442209],[-66.228587,18.442165],[-66.228629,18.442096],[-66.228657,18.442012],[-66.228674,18.441942],[-66.228649,18.441877],[-66.228599,18.441712],[-66.228539,18.441562],[-66.228509,18.441467],[-66.228454,18.441362],[-66.228393,18.441256],[-66.228316,18.441141],[-66.228219,18.441045],[-66.228116,18.440959],[-66.227951,18.440832],[-66.227786,18.44073],[-66.227626,18.440648],[-66.227466,18.440576],[-66.227227,18.440518],[-66.227024,18.44047],[-66.226864,18.440428],[-66.226739,18.440386],[-66.226568,18.440354],[-66.226385,18.440356],[-66.226219,18.440344],[-66.226031,18.440326],[-66.225891,18.440299],[-66.22574,18.440282],[-66.225595,18.44027],[-66.2255,18.440283],[-66.225311,18.44041],[-66.225216,18.440488],[-66.225146,18.440587],[-66.225103,18.440676],[-66.225113,18.440731],[-66.225226,18.440827],[-66.225345,18.440888],[-66.225428,18.440914],[-66.225526,18.440941],[-66.225614,18.440997],[-66.225723,18.441043],[-66.225816,18.441074],[-66.225977,18.441097],[-66.226092,18.441108],[-66.226185,18.441135],[-66.226268,18.441176],[-66.22634,18.441231],[-66.226395,18.441357],[-66.226389,18.441446],[-66.226307,18.441639],[-66.226232,18.441797],[-66.226139,18.441997],[-66.226048,18.442135],[-66.225935,18.442357],[-66.22585,18.44247],[-66.225807,18.442564],[-66.225753,18.442678],[-66.225703,18.442856],[-66.225664,18.44299],[-66.225662,18.443119],[-66.22565,18.443254],[-66.22569,18.443369],[-66.225745,18.443479],[-66.225863,18.443575],[-66.226034,18.443692],[-66.226163,18.443769],[-66.226224,18.443829],[-66.226265,18.44388],[-66.226342,18.443936],[-66.226472,18.443997],[-66.22656,18.444018],[-66.226684,18.44405],[-66.226772,18.444091],[-66.226845,18.444122],[-66.226886,18.444158],[-66.226917,18.444198],[-66.227014,18.444309],[-66.227085,18.444394],[-66.227163,18.44446],[-66.227266,18.444517],[-66.227349,18.444558],[-66.227473,18.444594],[-66.227608,18.444626],[-66.227764,18.444643],[-66.227884,18.444635],[-66.22802,18.444607],[-66.228198,18.44456],[-66.228486,18.44448],[-66.22868,18.444423],[-66.228847,18.444375],[-66.228957,18.444357],[-66.229035,18.444353],[-66.229343,18.444358],[-66.229556,18.444351],[-66.229671,18.444338],[-66.229802,18.444295],[-66.229918,18.444252],[-66.229991,18.444203],[-66.230076,18.44413],[-66.230119,18.444056],[-66.230146,18.443986],[-66.230147,18.443907]]]}},{"type":"Feature","properties":{"OBJECTID":3112624,"DFIRM_ID":"72000C","FLD_ZONE":"X","ZONE_SUBTY":"AREA OF MINIMAL FLOOD HAZARD","SFHA_TF":"F","STATIC_BFE":-9999,"V_DATUM":"","LEN_UNIT":"","SOURCE_CIT":"72000C_FIS1"},"geometry":{"type":"Polygon","coordinates":[[[-66.216871,18.442299],[-66.216862,18.442229],[-66.216852,18.442189],[-66.216801,18.442139],[-66.216703,18.442053],[-66.216564,18.441951],[-66.21642,18.441854],[-66.216322,18.441798],[-66.216192,18.441757],[-66.216119,18.44175],[-66.216015,18.441749],[-66.215942,18.441743],[-66.215874,18.441747],[-66.215765,18.441765],[-66.215639,18.441808],[-66.215581,18.441832],[-66.215513,18.441866],[-66.215439,18.44194],[-66.215354,18.442018],[-66.215317,18.442072],[-66.215284,18.442151],[-66.21524,18.44229],[-66.215213,18.442384],[-66.215128,18.442492],[-66.215053,18.442576],[-66.214984,18.44265],[-66.214921,18.442688],[-66.214821,18.442737],[-66.214737,18.44277],[-66.214643,18.442799],[-66.214549,18.442832],[-66.214465,18.442871],[-66.214375,18.442924],[-66.214312,18.442998],[-66.214269,18.443082],[-66.214236,18.443186],[-66.214229,18.443251],[-66.214223,18.44334],[-66.214226,18.44343],[-66.214251,18.44353],[-66.214286,18.44362],[-66.214337,18.443685],[-66.214425,18.443746],[-66.214559,18.443808],[-66.214725,18.44386],[-66.214886,18.443907],[-66.215016,18.443934],[-66.215089,18.443935],[-66.215214,18.443917],[-66.215371,18.44389],[-66.215575,18.443838],[-66.215737,18.443775],[-66.215811,18.443742],[-66.215869,18.443708],[-66.215917,18.443659],[-66.21597,18.443575],[-66.216007,18.443516],[-66.216029,18.443446],[-66.216025,18.443382],[-66.216,18.443302],[-66.21597,18.443221],[-66.215961,18.443167],[-66.215957,18.443102],[-66.215968,18.443057],[-66.21599,18.442998],[-66.216006,18.442953],[-66.216054,18.442894],[-66.216123,18.442831],[-66.216249,18.442743],[-66.21636,18.442655],[-66.216455,18.442601],[-66.216554,18.442558],[-66.216654,18.44251],[-66.216738,18.442461],[-66.216796,18.442427],[-66.216839,18.442388],[-66.216839,18.442378],[-66.21686,18.442344],[-66.216871,18.442299]]]}},{"type":"Feature","properties":{"OBJECTID":3112696,"DFIRM_ID":"72000C","FLD_ZONE":"X","ZONE_SUBTY":"0.2 PCT ANNUAL CHANCE FLOOD HAZARD","SFHA_TF":"F","STATIC_BFE":-9999,"V_DATUM":"","LEN_UNIT":"","SOURCE_CIT":"72000C_FIS1"},"geometry":{"type":"Polygon","coordinates":[[[-66.192854,18.449777],[-66.192708,18.44947],[-66.192613,18.449236],[-66.192539,18.449053],[-66.192481,18.448892],[-66.192237,18.448438],[-66.19209,18.448145],[-66.192023,18.44805],[-66.191807,18.447763],[-66.1915,18.447387],[-66.191321,18.44721],[-66.1912,18.447128],[-66.190951,18.446994],[-66.190204,18.446561],[-66.189993,18.4469],[-66.190476,18.447198],[-66.190755,18.447369],[-66.19098,18.44754],[-66.191161,18.447688],[-66.191303,18.447857],[-66.191482,18.448085],[-66.19163,18.44832],[-66.191793,18.448577],[-66.191882,18.448745],[-66.19197,18.448943],[-66.192095,18.449236],[-66.192198,18.449463],[-66.192264,18.449609],[-66.192375,18.4498],[-66.192501,18.449975],[-66.192854,18.449777]]]}},{"type":"Feature","properties":{"OBJECTID":3112706,"DFIRM_ID":"72000C","FLD_ZONE":"X","ZONE_SUBTY":"AREA OF MINIMAL FLOOD HAZARD","SFHA_TF":"F","STATIC_BFE":-9999,"V_DATUM":"","LEN_UNIT":"","SOURCE_CIT":"72000C_FIS1"},"geometry":{"type":"Polygon","coordinates":[[[-66.217324,18.438465],[-66.217293,18.43842],[-66.217247,18.438394],[-66.217159,18.438363],[-66.217054,18.438366],[-66.216924,18.438394],[-66.216809,18.438412],[-66.216642,18.438415],[-66.216496,18.438413],[-66.216434,18.438397],[-66.216351,18.438361],[-66.216227,18.438289],[-66.216103,18.438243],[-66.215994,18.438211],[-66.21589,18.43822],[-66.215754,18.438248],[-66.215669,18.438296],[-66.215591,18.438335],[-66.215514,18.438383],[-66.21532,18.43849],[-66.215193,18.438563],[-66.215104,18.438631],[-66.21503,18.438695],[-66.214956,18.438763],[-66.214876,18.438832],[-66.214808,18.438871],[-66.214766,18.438895],[-66.214719,18.438909],[-66.214656,18.438913],[-66.214615,18.438903],[-66.214573,18.438887],[-66.214512,18.438837],[-66.214414,18.438746],[-66.214332,18.43865],[-66.214266,18.438564],[-66.214214,18.438529],[-66.214162,18.438513],[-66.21411,18.438512],[-66.214053,18.438531],[-66.213969,18.438575],[-66.213863,18.438643],[-66.213732,18.438726],[-66.213616,18.438784],[-66.213553,18.438813],[-66.213464,18.438826],[-66.213375,18.438835],[-66.213272,18.438823],[-66.213147,18.438812],[-66.213017,18.438795],[-66.212902,18.438778],[-66.212772,18.438771],[-66.212678,18.438795],[-66.212583,18.438843],[-66.212552,18.438867],[-66.212556,18.438897],[-66.212587,18.438928],[-66.212675,18.438949],[-66.212748,18.438965],[-66.212889,18.438977],[-66.213081,18.439015],[-66.213195,18.439036],[-66.213278,18.439057],[-66.213371,18.439118],[-66.213448,18.439194],[-66.213509,18.439285],[-66.213596,18.439405],[-66.213677,18.439516],[-66.213744,18.439592],[-66.213785,18.439627],[-66.213826,18.439643],[-66.213889,18.439649],[-66.213941,18.439629],[-66.214025,18.439601],[-66.214077,18.439592],[-66.214129,18.439612],[-66.214175,18.439653],[-66.214206,18.439713],[-66.214225,18.439798],[-66.214218,18.439882],[-66.214201,18.439977],[-66.214184,18.440091],[-66.214166,18.440215],[-66.214186,18.440295],[-66.214199,18.440415],[-66.214235,18.440475],[-66.214266,18.440505],[-66.214302,18.440506],[-66.214334,18.440496],[-66.214376,18.440467],[-66.214397,18.440422],[-66.214436,18.440304],[-66.214469,18.440155],[-66.214487,18.440031],[-66.214521,18.439872],[-66.214548,18.439808],[-66.214574,18.439788],[-66.214643,18.439719],[-66.214706,18.439685],[-66.214774,18.439672],[-66.214852,18.439698],[-66.21494,18.439744],[-66.215007,18.439789],[-66.215042,18.439845],[-66.215083,18.439915],[-66.215159,18.440055],[-66.215209,18.440176],[-66.215255,18.440241],[-66.215322,18.440307],[-66.215404,18.440363],[-66.215533,18.440424],[-66.215593,18.44043],[-66.215656,18.440421],[-66.215709,18.440392],[-66.215751,18.440353],[-66.215773,18.440293],[-66.215795,18.440224],[-66.215775,18.440139],[-66.215725,18.440034],[-66.215644,18.439893],[-66.215593,18.439803],[-66.215578,18.439743],[-66.215584,18.439688],[-66.215612,18.439619],[-66.215638,18.439585],[-66.215701,18.439551],[-66.215801,18.439532],[-66.215952,18.439525],[-66.216108,18.439537],[-66.216228,18.439554],[-66.216347,18.439565],[-66.216461,18.439592],[-66.216596,18.439629],[-66.216679,18.439655],[-66.216773,18.439676],[-66.216861,18.439682],[-66.216966,18.439654],[-66.217039,18.43962],[-66.217076,18.439591],[-66.217082,18.439556],[-66.217062,18.439511],[-66.217031,18.439486],[-66.216995,18.439455],[-66.216938,18.439435],[-66.216881,18.439429],[-66.216824,18.439388],[-66.216778,18.439333],[-66.216753,18.439293],[-66.216748,18.439258],[-66.216759,18.439213],[-66.216797,18.439154],[-66.217004,18.438943],[-66.217147,18.438796],[-66.217274,18.438628],[-66.217301,18.438569],[-66.217323,18.43851],[-66.217324,18.438465]]]}},{"type":"Feature","properties":{"OBJECTID":3112719,"DFIRM_ID":"72000C","FLD_ZONE":"X","ZONE_SUBTY":"0.2 PCT ANNUAL CHANCE FLOOD HAZARD","SFHA_TF":"F","STATIC_BFE":-9999,"V_DATUM":"","LEN_UNIT":"","SOURCE_CIT":"72000C_STUDY4"},"geometry":{"type":"MultiPolygon","coordinates":[[[[-66.256309,18.407058],[-66.25576,18.406597],[-66.255734,18.406217],[-66.255868,18.405507],[-66.255815,18.405076],[-66.255789,18.404519],[-66.25579,18.40386],[-66.25579,18.403302],[-66.255498,18.402972],[-66.254997,18.402948],[-66.254981,18.402949],[-66.254941,18.402951],[-66.25491,18.402953],[-66.25487,18.402957],[-66.254837,18.402962],[-66.254804,18.402965],[-66.254771,18.402969],[-66.254741,18.40297],[-66.254705,18.40297],[-66.254652,18.402962],[-66.25462,18.402951],[-66.254593,18.402938],[-66.254564,18.40292],[-66.254537,18.402896],[-66.254511,18.402872],[-66.254493,18.40285],[-66.254476,18.402828],[-66.254456,18.402798],[-66.25444,18.402768],[-66.254428,18.402736],[-66.254414,18.402697],[-66.254403,18.402659],[-66.254397,18.402632],[-66.254394,18.402599],[-66.254389,18.402545],[-66.254388,18.402516],[-66.254384,18.402471],[-66.254381,18.402434],[-66.254379,18.4024],[-66.254376,18.40236],[-66.254374,18.402328],[-66.254371,18.402298],[-66.254369,18.402269],[-66.254363,18.402237],[-66.254356,18.402206],[-66.254345,18.402169],[-66.254329,18.402136],[-66.254312,18.402108],[-66.254287,18.402075],[-66.254264,18.402051],[-66.254241,18.402024],[-66.254205,18.401986],[-66.254183,18.401965],[-66.254156,18.401942],[-66.254135,18.401922],[-66.254104,18.401897],[-66.254075,18.401877],[-66.254048,18.40186],[-66.254012,18.401837],[-66.253987,18.401821],[-66.253977,18.401815],[-66.253907,18.401774],[-66.25387,18.401759],[-66.253839,18.401747],[-66.25381,18.401738],[-66.253757,18.401729],[-66.253721,18.401728],[-66.253687,18.401728],[-66.253652,18.401734],[-66.253618,18.40174],[-66.25359,18.401747],[-66.253554,18.401754],[-66.253523,18.401762],[-66.253489,18.401766],[-66.25346,18.40177],[-66.253417,18.401772],[-66.253378,18.401771],[-66.253337,18.401768],[-66.253301,18.401763],[-66.253266,18.401751],[-66.253238,18.401734],[-66.253217,18.401703],[-66.253206,18.401675],[-66.253202,18.40164],[-66.253199,18.401611],[-66.253202,18.401577],[-66.253203,18.401542],[-66.253204,18.401499],[-66.253205,18.401464],[-66.253205,18.401408],[-66.253201,18.401361],[-66.253195,18.401322],[-66.25319,18.401288],[-66.253185,18.401251],[-66.253182,18.401214],[-66.253177,18.401185],[-66.253171,18.401148],[-66.253165,18.401116],[-66.253156,18.401079],[-66.253154,18.40107],[-66.253148,18.401044],[-66.253135,18.401012],[-66.253126,18.400984],[-66.253117,18.400958],[-66.253104,18.400925],[-66.253087,18.400877],[-66.253076,18.400848],[-66.253063,18.400813],[-66.253047,18.400771],[-66.253029,18.400724],[-66.253011,18.40068],[-66.252994,18.400638],[-66.25298,18.400604],[-66.25296,18.400548],[-66.25295,18.400521],[-66.252939,18.400492],[-66.252923,18.400447],[-66.252904,18.400401],[-66.252885,18.400357],[-66.252868,18.400323],[-66.252847,18.400287],[-66.25283,18.400259],[-66.252811,18.400239],[-66.252787,18.400214],[-66.252762,18.400191],[-66.252724,18.400165],[-66.25268,18.400139],[-66.252653,18.400125],[-66.252622,18.400109],[-66.25259,18.400094],[-66.252558,18.400083],[-66.252525,18.40007],[-66.252493,18.400055],[-66.252461,18.400041],[-66.252431,18.400022],[-66.252423,18.400016],[-66.252402,18.399999],[-66.252377,18.399973],[-66.252359,18.399948],[-66.252343,18.399921],[-66.252331,18.399895],[-66.252315,18.399862],[-66.252295,18.399823],[-66.25228,18.399799],[-66.252256,18.399763],[-66.252222,18.399722],[-66.252199,18.399699],[-66.252189,18.39969],[-66.252172,18.399676],[-66.25214,18.399657],[-66.252109,18.399638],[-66.25208,18.399625],[-66.252047,18.399608],[-66.252017,18.399591],[-66.251993,18.399573],[-66.251964,18.399552],[-66.25194,18.399535],[-66.251915,18.399512],[-66.251897,18.399486],[-66.251876,18.399448],[-66.251865,18.399415],[-66.251854,18.399379],[-66.251844,18.399335],[-66.251842,18.399304],[-66.251841,18.399275],[-66.251842,18.39924],[-66.251845,18.399204],[-66.251859,18.399171],[-66.251885,18.399143],[-66.251917,18.399125],[-66.251955,18.399112],[-66.251999,18.399107],[-66.252041,18.39911],[-66.252076,18.39912],[-66.252106,18.399133],[-66.252144,18.399147],[-66.252185,18.399167],[-66.25222,18.399181],[-66.252287,18.399212],[-66.252324,18.399226],[-66.252361,18.399237],[-66.252392,18.399248],[-66.252427,18.39926],[-66.252467,18.399273],[-66.252508,18.399283],[-66.252551,18.39929],[-66.25258,18.399294],[-66.252609,18.399296],[-66.25264,18.399296],[-66.252669,18.399295],[-66.252714,18.39929],[-66.25276,18.399282],[-66.252791,18.399267],[-66.252817,18.399254],[-66.252851,18.39923],[-66.252874,18.399211],[-66.252898,18.39919],[-66.252927,18.399164],[-66.252952,18.399141],[-66.252981,18.399102],[-66.253007,18.399062],[-66.253023,18.399036],[-66.253032,18.399008],[-66.253048,18.398976],[-66.253057,18.398949],[-66.253065,18.398911],[-66.253069,18.398881],[-66.253073,18.398842],[-66.25307,18.398793],[-66.253063,18.398758],[-66.253055,18.39873],[-66.253041,18.3987],[-66.253027,18.398672],[-66.253005,18.398639],[-66.252987,18.398614],[-66.252959,18.398579],[-66.252936,18.398553],[-66.252931,18.398547],[-66.25291,18.398523],[-66.252883,18.398495],[-66.252861,18.398472],[-66.252842,18.398448],[-66.25282,18.398417],[-66.252802,18.398384],[-66.252789,18.398352],[-66.252779,18.39832],[-66.252771,18.398283],[-66.252764,18.398246],[-66.252761,18.398216],[-66.252756,18.398187],[-66.252751,18.398151],[-66.252746,18.398117],[-66.25274,18.39808],[-66.25273,18.398022],[-66.252724,18.397993],[-66.252718,18.397963],[-66.252708,18.397928],[-66.252695,18.397882],[-66.252679,18.397843],[-66.252675,18.397834],[-66.252666,18.397813],[-66.25265,18.397785],[-66.252634,18.397758],[-66.252613,18.397724],[-66.25259,18.397693],[-66.252573,18.39767],[-66.252546,18.397641],[-66.252527,18.397617],[-66.252505,18.397591],[-66.252478,18.397563],[-66.252459,18.397541],[-66.252438,18.397522],[-66.252408,18.397494],[-66.252377,18.397472],[-66.252347,18.39745],[-66.252322,18.397435],[-66.252295,18.397418],[-66.252262,18.3974],[-66.252233,18.397386],[-66.252199,18.397371],[-66.25216,18.397353],[-66.252128,18.397341],[-66.252097,18.397329],[-66.252069,18.397318],[-66.252037,18.397309],[-66.252006,18.397298],[-66.251964,18.397287],[-66.251921,18.397277],[-66.251843,18.397268],[-66.2518,18.397265],[-66.251768,18.397263],[-66.251739,18.397264],[-66.251672,18.397264],[-66.251636,18.39726],[-66.251599,18.397253],[-66.251572,18.397243],[-66.251539,18.397226],[-66.251513,18.397207],[-66.251486,18.397187],[-66.251435,18.397136],[-66.251404,18.39711],[-66.251396,18.397104],[-66.251375,18.397087],[-66.251342,18.397063],[-66.251295,18.397039],[-66.251266,18.397026],[-66.25123,18.397015],[-66.251189,18.397008],[-66.251154,18.397006],[-66.251112,18.397007],[-66.251059,18.397011],[-66.251014,18.397015],[-66.25098,18.397018],[-66.250943,18.397018],[-66.250908,18.397015],[-66.250874,18.397001],[-66.25084,18.396984],[-66.250806,18.396962],[-66.250778,18.396938],[-66.250752,18.396917],[-66.250716,18.396887],[-66.250685,18.396865],[-66.250652,18.396843],[-66.250619,18.396824],[-66.25058,18.396804],[-66.250543,18.396788],[-66.250521,18.396779],[-66.250455,18.396776],[-66.250354,18.396775],[-66.250291,18.396778],[-66.250209,18.396791],[-66.250143,18.396811],[-66.250096,18.396832],[-66.249999,18.396888],[-66.249989,18.396894],[-66.249878,18.396969],[-66.249766,18.39705],[-66.249657,18.397118],[-66.249615,18.397145],[-66.249583,18.39717],[-66.249537,18.397191],[-66.249511,18.397207],[-66.249487,18.397222],[-66.249463,18.397238],[-66.249435,18.397253],[-66.249406,18.397267],[-66.249374,18.397281],[-66.24937,18.397282],[-66.249337,18.397296],[-66.249306,18.397308],[-66.249258,18.397322],[-66.249229,18.397331],[-66.249196,18.39734],[-66.249161,18.397349],[-66.249124,18.397361],[-66.249084,18.397374],[-66.249054,18.397387],[-66.249028,18.3974],[-66.248981,18.39742],[-66.248925,18.397436],[-66.248869,18.397444],[-66.24883,18.397445],[-66.248792,18.397446],[-66.248753,18.397451],[-66.248715,18.397457],[-66.248685,18.397463],[-66.248655,18.397474],[-66.24862,18.397498],[-66.248594,18.397515],[-66.248573,18.397539],[-66.248552,18.397566],[-66.248522,18.397603],[-66.248493,18.397633],[-66.248468,18.397653],[-66.248443,18.397667],[-66.248411,18.397682],[-66.248386,18.397698],[-66.248364,18.397722],[-66.24834,18.397744],[-66.248321,18.397766],[-66.248298,18.397789],[-66.24827,18.397804],[-66.248226,18.397809],[-66.248197,18.397799],[-66.248167,18.397777],[-66.248142,18.397754],[-66.248119,18.397729],[-66.248093,18.397703],[-66.248064,18.397676],[-66.248037,18.397653],[-66.248012,18.397635],[-66.247983,18.397617],[-66.247953,18.397603],[-66.247921,18.397592],[-66.247888,18.397578],[-66.247857,18.397561],[-66.247834,18.397537],[-66.247815,18.397508],[-66.247803,18.397482],[-66.247797,18.39745],[-66.247794,18.397415],[-66.247795,18.397384],[-66.247796,18.39735],[-66.247795,18.397317],[-66.247795,18.397283],[-66.24779,18.397254],[-66.247774,18.397221],[-66.247758,18.397195],[-66.24774,18.397166],[-66.247714,18.397143],[-66.247685,18.397119],[-66.24766,18.3971],[-66.247621,18.397078],[-66.247594,18.397064],[-66.24756,18.397053],[-66.247527,18.397046],[-66.247482,18.397044],[-66.24745,18.397046],[-66.247415,18.397048],[-66.247383,18.397052],[-66.247355,18.397056],[-66.247326,18.397058],[-66.247291,18.397059],[-66.247259,18.397057],[-66.24723,18.397048],[-66.247199,18.397031],[-66.247177,18.397007],[-66.247165,18.396981],[-66.247152,18.396956],[-66.247134,18.396919],[-66.247119,18.396896],[-66.247101,18.396856],[-66.247084,18.396822],[-66.247064,18.396786],[-66.247045,18.396761],[-66.247019,18.396736],[-66.246996,18.396713],[-66.246965,18.396684],[-66.246936,18.396664],[-66.246907,18.396648],[-66.24687,18.396629],[-66.246843,18.396619],[-66.246809,18.396607],[-66.246777,18.396596],[-66.246718,18.396576],[-66.246672,18.396562],[-66.246637,18.396552],[-66.246634,18.396552],[-66.246608,18.396545],[-66.246574,18.396536],[-66.246538,18.396526],[-66.246509,18.396518],[-66.246477,18.396509],[-66.246447,18.396503],[-66.246412,18.396497],[-66.246378,18.396493],[-66.246323,18.396494],[-66.246286,18.3965],[-66.246251,18.396512],[-66.246208,18.396529],[-66.246174,18.396547],[-66.246142,18.396558],[-66.246113,18.396571],[-66.246085,18.396582],[-66.246057,18.396592],[-66.246027,18.396605],[-66.245996,18.396619],[-66.245966,18.396633],[-66.245937,18.396647],[-66.245906,18.396663],[-66.24587,18.396665],[-66.245848,18.39663],[-66.245837,18.396599],[-66.245828,18.396564],[-66.245826,18.396531],[-66.245841,18.396492],[-66.245866,18.396471],[-66.245895,18.396456],[-66.245925,18.396445],[-66.245961,18.396434],[-66.246008,18.396424],[-66.246055,18.396412],[-66.246082,18.396404],[-66.246114,18.396396],[-66.246152,18.396387],[-66.246181,18.396375],[-66.246213,18.396363],[-66.246244,18.396348],[-66.246274,18.396332],[-66.246304,18.396312],[-66.246328,18.396293],[-66.24635,18.396271],[-66.246367,18.396246],[-66.24638,18.396217],[-66.246392,18.396186],[-66.246399,18.396154],[-66.246397,18.396122],[-66.24639,18.396096],[-66.246374,18.396063],[-66.246352,18.396039],[-66.246332,18.396017],[-66.246307,18.395995],[-66.246281,18.395974],[-66.246253,18.395956],[-66.246227,18.39594],[-66.246203,18.395925],[-66.246172,18.395911],[-66.246145,18.395901],[-66.246111,18.395889],[-66.246073,18.395877],[-66.246036,18.395869],[-66.246002,18.395865],[-66.245943,18.395855],[-66.2459,18.395849],[-66.24585,18.395844],[-66.245812,18.395838],[-66.245774,18.395834],[-66.245737,18.39583],[-66.245703,18.395825],[-66.245672,18.395818],[-66.245644,18.395813],[-66.24561,18.395804],[-66.245579,18.395796],[-66.245543,18.395787],[-66.245511,18.395778],[-66.245458,18.395762],[-66.245394,18.39573],[-66.245361,18.395711],[-66.245325,18.395694],[-66.245277,18.395667],[-66.245245,18.395651],[-66.245216,18.395634],[-66.245189,18.395619],[-66.245162,18.395602],[-66.24513,18.395582],[-66.245096,18.395563],[-66.245056,18.395542],[-66.245028,18.395529],[-66.245002,18.395517],[-66.244968,18.395502],[-66.244937,18.395489],[-66.244905,18.395476],[-66.244869,18.395463],[-66.244812,18.395445],[-66.244775,18.395433],[-66.244747,18.395427],[-66.244703,18.395418],[-66.244667,18.395412],[-66.244636,18.39541],[-66.244601,18.395408],[-66.244565,18.395409],[-66.244535,18.395409],[-66.244501,18.395413],[-66.244459,18.395421],[-66.244423,18.395429],[-66.244388,18.395437],[-66.244357,18.395445],[-66.244324,18.395457],[-66.244288,18.395473],[-66.244256,18.395485],[-66.244225,18.395503],[-66.244198,18.395519],[-66.244173,18.395539],[-66.24415,18.395563],[-66.24413,18.395585],[-66.244114,18.39561],[-66.244099,18.395637],[-66.244081,18.395677],[-66.244071,18.39571],[-66.244065,18.39574],[-66.24406,18.395771],[-66.244054,18.395801],[-66.244043,18.395827],[-66.244023,18.395853],[-66.243987,18.395844],[-66.243956,18.395805],[-66.243944,18.395771],[-66.243933,18.395732],[-66.243924,18.395704],[-66.243911,18.395674],[-66.243892,18.395646],[-66.243875,18.395622],[-66.243854,18.395593],[-66.243829,18.395571],[-66.243798,18.395554],[-66.243771,18.395546],[-66.243741,18.395546],[-66.243712,18.395549],[-66.243678,18.395554],[-66.243649,18.395561],[-66.243619,18.39557],[-66.243588,18.395581],[-66.243551,18.395601],[-66.243523,18.395613],[-66.243492,18.395629],[-66.243462,18.395644],[-66.243416,18.395674],[-66.243379,18.395699],[-66.243354,18.39572],[-66.243331,18.395741],[-66.243305,18.395775],[-66.243287,18.395799],[-66.243272,18.395822],[-66.24325,18.39585],[-66.24323,18.395875],[-66.243203,18.395904],[-66.24318,18.395924],[-66.243159,18.395945],[-66.243149,18.395951],[-66.243132,18.395964],[-66.243105,18.395981],[-66.243076,18.395996],[-66.243042,18.396013],[-66.24301,18.39603],[-66.242981,18.396046],[-66.242956,18.396066],[-66.242932,18.396083],[-66.242905,18.396109],[-66.242876,18.396135],[-66.242853,18.396157],[-66.242823,18.396184],[-66.24281848139846,18.39618789101799],[-66.24280514286507,18.396210435058816],[-66.242807,18.396209],[-66.242833,18.396193],[-66.242866,18.396173],[-66.242904,18.396152],[-66.242949,18.396133],[-66.242982,18.396119],[-66.243013,18.396105],[-66.243047,18.39609],[-66.243077,18.396072],[-66.243101,18.396054],[-66.243125,18.396033],[-66.243146,18.396008],[-66.243171,18.395979],[-66.243194,18.395951],[-66.243213,18.395928],[-66.243233,18.395902],[-66.243255,18.395876],[-66.243278,18.395853],[-66.243312,18.39582],[-66.243338,18.395797],[-66.243361,18.39578],[-66.243395,18.395757],[-66.24342,18.395741],[-66.243456,18.39572],[-66.243482,18.395707],[-66.243515,18.39569],[-66.243543,18.395676],[-66.243585,18.395659],[-66.243614,18.395652],[-66.243649,18.395647],[-66.243691,18.395649],[-66.243725,18.395659],[-66.243759,18.395675],[-66.243788,18.395691],[-66.243823,18.395721],[-66.243849,18.395749],[-66.243868,18.395776],[-66.243884,18.395806],[-66.243906,18.395845],[-66.243927,18.395886],[-66.243941,18.395912],[-66.243952,18.395937],[-66.243963,18.395965],[-66.243979,18.395993],[-66.243997,18.396026],[-66.244017,18.396059],[-66.244032,18.396086],[-66.244049,18.396121],[-66.244062,18.396147],[-66.244081,18.396174],[-66.244104,18.396203],[-66.244122,18.396226],[-66.244149,18.396259],[-66.244168,18.39628],[-66.244199,18.396305],[-66.244233,18.396319],[-66.244243,18.396292],[-66.244232,18.396262],[-66.24422,18.396236],[-66.244203,18.396209],[-66.244185,18.396177],[-66.244171,18.39615],[-66.244156,18.396123],[-66.244138,18.396089],[-66.24412,18.396059],[-66.244107,18.396027],[-66.244094,18.395982],[-66.244088,18.395945],[-66.244084,18.395913],[-66.244082,18.395883],[-66.244084,18.39585],[-66.244089,18.395822],[-66.244099,18.39579],[-66.244114,18.395757],[-66.244133,18.395728],[-66.244155,18.395694],[-66.244176,18.395664],[-66.244201,18.395638],[-66.244226,18.395613],[-66.24425,18.395592],[-66.244279,18.395573],[-66.244305,18.395557],[-66.244335,18.395544],[-66.244368,18.395532],[-66.244399,18.395524],[-66.244428,18.395519],[-66.244467,18.395514],[-66.244499,18.395511],[-66.244531,18.39551],[-66.244567,18.395508],[-66.2446,18.395508],[-66.244637,18.395507],[-66.244673,18.39551],[-66.244714,18.395515],[-66.244744,18.39552],[-66.244774,18.395527],[-66.244816,18.395538],[-66.244844,18.395548],[-66.244883,18.395564],[-66.244919,18.395582],[-66.244951,18.395597],[-66.245013,18.395628],[-66.245043,18.395642],[-66.245077,18.395658],[-66.245107,18.395669],[-66.245149,18.395687],[-66.24519,18.395708],[-66.245232,18.395727],[-66.245258,18.395742],[-66.245288,18.395757],[-66.245317,18.395771],[-66.245354,18.395789],[-66.245383,18.395801],[-66.245425,18.395817],[-66.245459,18.395828],[-66.24549,18.395837],[-66.24552,18.395846],[-66.245559,18.395856],[-66.24559,18.395863],[-66.245629,18.395875],[-66.245674,18.395887],[-66.245717,18.395896],[-66.24578,18.395908],[-66.245823,18.395915],[-66.24587,18.395922],[-66.245917,18.39593],[-66.245997,18.395945],[-66.246033,18.395953],[-66.246063,18.395959],[-66.2461,18.395965],[-66.246135,18.395971],[-66.246189,18.395989],[-66.246222,18.396004],[-66.246248,18.396019],[-66.246274,18.396039],[-66.246298,18.396061],[-66.246321,18.396092],[-66.246333,18.396119],[-66.246342,18.396152],[-66.246344,18.396186],[-66.246339,18.396214],[-66.246329,18.396243],[-66.246297,18.396274],[-66.246269,18.396289],[-66.246231,18.396305],[-66.246202,18.396313],[-66.246174,18.396321],[-66.246144,18.396327],[-66.246115,18.396333],[-66.246082,18.39634],[-66.246046,18.39635],[-66.246013,18.396358],[-66.245985,18.396364],[-66.245952,18.396371],[-66.245918,18.39638],[-66.245882,18.396389],[-66.245848,18.396403],[-66.245815,18.396423],[-66.24579,18.396449],[-66.245775,18.396475],[-66.245764,18.3965],[-66.24576,18.396532],[-66.245761,18.396561],[-66.245769,18.396591],[-66.24578,18.396627],[-66.245787,18.396659],[-66.24579,18.396688],[-66.245791,18.396718],[-66.245787,18.396745],[-66.245776,18.396779],[-66.245765,18.396805],[-66.245757,18.396831],[-66.245774,18.396855],[-66.245805,18.396849],[-66.245836,18.396829],[-66.245869,18.396803],[-66.245895,18.396778],[-66.245919,18.396755],[-66.245947,18.39673],[-66.245995,18.396694],[-66.246021,18.396671],[-66.246044,18.396652],[-66.246067,18.396635],[-66.246092,18.396614],[-66.246133,18.396589],[-66.246162,18.396575],[-66.246201,18.396561],[-66.246247,18.39655],[-66.24628,18.396546],[-66.246314,18.396543],[-66.246351,18.396547],[-66.24638,18.39655],[-66.24646,18.396564],[-66.246489,18.396571],[-66.246526,18.396581],[-66.246564,18.39659],[-66.246601,18.3966],[-66.246635,18.396608],[-66.246665,18.396617],[-66.246699,18.39663],[-66.246735,18.396648],[-66.246776,18.39667],[-66.246805,18.396686],[-66.246838,18.396706],[-66.246873,18.396731],[-66.246898,18.396752],[-66.246924,18.396775],[-66.246947,18.396798],[-66.246968,18.396821],[-66.246985,18.396846],[-66.246997,18.396872],[-66.247012,18.396901],[-66.247028,18.396933],[-66.247042,18.396964],[-66.247052,18.397],[-66.247059,18.397033],[-66.247073,18.397064],[-66.247092,18.397086],[-66.247119,18.397101],[-66.247147,18.397112],[-66.247177,18.397123],[-66.247211,18.397136],[-66.247246,18.397143],[-66.247276,18.397144],[-66.247308,18.397141],[-66.247345,18.397135],[-66.247377,18.397129],[-66.247414,18.397125],[-66.247453,18.397122],[-66.24749,18.39712],[-66.247524,18.397119],[-66.247554,18.397124],[-66.247588,18.397137],[-66.247614,18.397154],[-66.24764,18.397175],[-66.247657,18.3972],[-66.247672,18.397225],[-66.247685,18.397249],[-66.247696,18.397274],[-66.247707,18.397305],[-66.247712,18.397333],[-66.247715,18.397367],[-66.247719,18.397405],[-66.247723,18.39744],[-66.247725,18.397471],[-66.247726,18.397501],[-66.247733,18.397552],[-66.247745,18.397582],[-66.247762,18.397606],[-66.247783,18.397631],[-66.247806,18.39765],[-66.247833,18.397667],[-66.247861,18.397683],[-66.247891,18.397698],[-66.247922,18.397713],[-66.247955,18.397731],[-66.247982,18.397748],[-66.248028,18.397782],[-66.248048,18.397802],[-66.248069,18.397833],[-66.248084,18.397863],[-66.248093,18.397893],[-66.248097,18.397927],[-66.248096,18.397958],[-66.248095,18.397987],[-66.248101,18.398018],[-66.24813,18.398036],[-66.248164,18.398026],[-66.248191,18.39801],[-66.248217,18.397991],[-66.248248,18.397964],[-66.248276,18.397935],[-66.248302,18.397908],[-66.248323,18.397889],[-66.248366,18.397848],[-66.248405,18.397826],[-66.248435,18.397814],[-66.248469,18.397802],[-66.248495,18.397783],[-66.248519,18.397749],[-66.248529,18.397723],[-66.248542,18.397693],[-66.248556,18.397659],[-66.24857,18.397632],[-66.248589,18.397607],[-66.248608,18.397584],[-66.248637,18.397572],[-66.248671,18.397569],[-66.2487,18.397571],[-66.24873,18.397571],[-66.248761,18.397572],[-66.248797,18.39757],[-66.248834,18.397566],[-66.248869,18.397558],[-66.248897,18.397551],[-66.248925,18.397542],[-66.248953,18.397532],[-66.248983,18.397523],[-66.249029,18.397511],[-66.249065,18.397504],[-66.249111,18.397497],[-66.249145,18.397494],[-66.249176,18.397493],[-66.249212,18.397493],[-66.249244,18.397487],[-66.249279,18.397474],[-66.249304,18.397461],[-66.24933,18.397445],[-66.249364,18.397424],[-66.24939,18.397404],[-66.249419,18.397386],[-66.249424,18.397382],[-66.249606,18.397242],[-66.249784,18.397139],[-66.249957,18.39705],[-66.249999,18.397038],[-66.25012,18.397001],[-66.250213,18.396993],[-66.250349,18.396979],[-66.250404,18.396978],[-66.250456,18.396981],[-66.250501,18.39699],[-66.250532,18.396998],[-66.250571,18.397014],[-66.250597,18.397028],[-66.250624,18.397045],[-66.250651,18.397068],[-66.250674,18.397087],[-66.250699,18.397105],[-66.250733,18.39712],[-66.250763,18.397128],[-66.250808,18.397137],[-66.250865,18.397149],[-66.250894,18.397154],[-66.250923,18.39716],[-66.250961,18.397168],[-66.250992,18.397169],[-66.251027,18.397171],[-66.251065,18.397174],[-66.251097,18.397179],[-66.251132,18.397185],[-66.251165,18.397193],[-66.251198,18.397203],[-66.251224,18.397214],[-66.251251,18.397227],[-66.251279,18.39724],[-66.251325,18.397269],[-66.25135,18.397285],[-66.251376,18.397303],[-66.251408,18.397327],[-66.251435,18.397343],[-66.251466,18.397359],[-66.251502,18.397374],[-66.251529,18.397381],[-66.251567,18.397385],[-66.251604,18.397386],[-66.251637,18.397384],[-66.251668,18.397382],[-66.251698,18.397379],[-66.25173,18.397376],[-66.251763,18.397372],[-66.251794,18.39737],[-66.251828,18.397367],[-66.251861,18.397366],[-66.251892,18.397366],[-66.25194,18.397368],[-66.251969,18.397373],[-66.252005,18.397384],[-66.252036,18.397399],[-66.252068,18.397421],[-66.252091,18.397438],[-66.252115,18.39746],[-66.252158,18.397505],[-66.252185,18.397534],[-66.252203,18.39756],[-66.252226,18.397588],[-66.252249,18.397613],[-66.252275,18.397641],[-66.252296,18.397661],[-66.252319,18.397682],[-66.252364,18.397725],[-66.252412,18.397763],[-66.252435,18.397784],[-66.252459,18.397803],[-66.252481,18.397824],[-66.252507,18.397852],[-66.252528,18.397881],[-66.252543,18.397904],[-66.252559,18.397936],[-66.252576,18.397982],[-66.252587,18.398017],[-66.252595,18.39805],[-66.252602,18.398086],[-66.252604,18.398122],[-66.252605,18.398152],[-66.252607,18.398183],[-66.252608,18.39823],[-66.252609,18.398257],[-66.252613,18.398292],[-66.25262,18.398327],[-66.252629,18.398363],[-66.252643,18.398406],[-66.252656,18.398436],[-66.252673,18.398468],[-66.252692,18.398501],[-66.252707,18.398526],[-66.252724,18.398548],[-66.252747,18.398584],[-66.252762,18.398608],[-66.252779,18.398636],[-66.252797,18.398664],[-66.252814,18.398696],[-66.252826,18.398722],[-66.252837,18.398755],[-66.252838,18.398783],[-66.252831,18.398823],[-66.252807,18.398877],[-66.252792,18.398908],[-66.252779,18.398936],[-66.252764,18.398965],[-66.252743,18.398999],[-66.252725,18.399021],[-66.252699,18.399054],[-66.25267,18.399078],[-66.252641,18.399095],[-66.252612,18.399106],[-66.252581,18.399109],[-66.252547,18.399104],[-66.252516,18.399095],[-66.252483,18.399085],[-66.252452,18.399077],[-66.252422,18.399074],[-66.252389,18.399071],[-66.252354,18.399074],[-66.252323,18.399075],[-66.252293,18.399076],[-66.252258,18.399075],[-66.252214,18.399066],[-66.252179,18.399052],[-66.252153,18.399039],[-66.252123,18.399018],[-66.252095,18.398999],[-66.252066,18.398976],[-66.252042,18.398955],[-66.252017,18.398934],[-66.251989,18.398911],[-66.251959,18.39889],[-66.251936,18.398873],[-66.251888,18.398839],[-66.251861,18.398823],[-66.251836,18.398806],[-66.251801,18.398785],[-66.251775,18.398772],[-66.251744,18.398756],[-66.251708,18.398738],[-66.251669,18.398717],[-66.251638,18.398701],[-66.251607,18.398684],[-66.251579,18.398667],[-66.251555,18.39865],[-66.251529,18.39863],[-66.251484,18.398594],[-66.251463,18.398574],[-66.251439,18.398554],[-66.25141,18.398528],[-66.251384,18.3985],[-66.251362,18.398477],[-66.251315,18.398434],[-66.251291,18.398413],[-66.251262,18.398389],[-66.251235,18.39837],[-66.25121,18.398352],[-66.251186,18.398337],[-66.251155,18.39832],[-66.251125,18.398306],[-66.251096,18.398294],[-66.251062,18.398281],[-66.251029,18.39827],[-66.250993,18.39826],[-66.25095,18.398255],[-66.25092,18.398256],[-66.250884,18.398261],[-66.250853,18.398269],[-66.250828,18.398283],[-66.250803,18.398307],[-66.250784,18.398351],[-66.25078,18.39838],[-66.250791,18.398411],[-66.250811,18.398437],[-66.250838,18.398459],[-66.250866,18.398474],[-66.250894,18.398486],[-66.250924,18.3985],[-66.250955,18.398515],[-66.25099,18.398531],[-66.251018,18.398543],[-66.251046,18.398557],[-66.251079,18.398577],[-66.251118,18.398601],[-66.251147,18.398623],[-66.251171,18.39864],[-66.251204,18.398668],[-66.251225,18.398688],[-66.251255,18.398718],[-66.251284,18.398749],[-66.251309,18.398775],[-66.251332,18.398803],[-66.25135,18.398834],[-66.251364,18.398866],[-66.251374,18.398898],[-66.25138,18.398932],[-66.251381,18.398961],[-66.251378,18.398989],[-66.251371,18.399021],[-66.251362,18.399048],[-66.25135,18.399082],[-66.251335,18.399116],[-66.251321,18.399148],[-66.251307,18.399185],[-66.251302,18.399212],[-66.2513,18.399242],[-66.251299,18.399279],[-66.25131,18.399309],[-66.251323,18.399336],[-66.251344,18.399372],[-66.251365,18.3994],[-66.251393,18.399426],[-66.25142,18.399448],[-66.251449,18.399466],[-66.251497,18.399492],[-66.251534,18.39951],[-66.251568,18.399524],[-66.251606,18.399539],[-66.251635,18.399548],[-66.251664,18.399555],[-66.251713,18.399566],[-66.251773,18.399582],[-66.2518,18.399593],[-66.251833,18.399609],[-66.251862,18.399628],[-66.251892,18.399648],[-66.251915,18.399669],[-66.25194,18.39969],[-66.251961,18.399718],[-66.251989,18.399766],[-66.252002,18.399798],[-66.252013,18.399827],[-66.252024,18.399857],[-66.252037,18.399896],[-66.25205,18.399934],[-66.252066,18.399968],[-66.252081,18.400001],[-66.252099,18.400038],[-66.252117,18.400066],[-66.252136,18.400088],[-66.252164,18.400113],[-66.252186,18.400137],[-66.252211,18.400157],[-66.252261,18.400184],[-66.252287,18.400198],[-66.252318,18.400208],[-66.252346,18.400217],[-66.252379,18.400227],[-66.252408,18.400237],[-66.252464,18.400257],[-66.252494,18.400268],[-66.252524,18.400277],[-66.252553,18.400288],[-66.252581,18.400294],[-66.252622,18.400308],[-66.252653,18.40032],[-66.252682,18.400335],[-66.252716,18.400356],[-66.252739,18.400378],[-66.25277,18.400407],[-66.25279,18.400431],[-66.252812,18.400459],[-66.252834,18.400491],[-66.252855,18.400525],[-66.25288,18.400576],[-66.252896,18.400608],[-66.252909,18.40064],[-66.252924,18.400679],[-66.252937,18.400719],[-66.252951,18.400758],[-66.252962,18.400796],[-66.252972,18.400833],[-66.252985,18.400874],[-66.252997,18.400914],[-66.253009,18.40095],[-66.253022,18.400993],[-66.253029,18.401019],[-66.253044,18.401068],[-66.253053,18.401094],[-66.25306,18.401121],[-66.253073,18.401165],[-66.253083,18.401199],[-66.253091,18.401229],[-66.253097,18.401259],[-66.253105,18.401304],[-66.253106,18.401358],[-66.253105,18.401386],[-66.253096,18.401435],[-66.253087,18.401469],[-66.253078,18.401497],[-66.253068,18.401526],[-66.253057,18.401551],[-66.253043,18.401581],[-66.253025,18.401616],[-66.253007,18.40165],[-66.252995,18.401676],[-66.252984,18.401703],[-66.252976,18.401732],[-66.252965,18.401768],[-66.252957,18.401804],[-66.252949,18.401835],[-66.252942,18.401868],[-66.252939,18.401897],[-66.252938,18.401924],[-66.252936,18.401953],[-66.252939,18.401986],[-66.252946,18.40202],[-66.25296,18.402044],[-66.252986,18.402071],[-66.253015,18.402084],[-66.253046,18.402082],[-66.25308,18.402074],[-66.253115,18.402065],[-66.253144,18.402054],[-66.253179,18.402039],[-66.25321,18.402023],[-66.253235,18.40201],[-66.253269,18.401992],[-66.253295,18.401974],[-66.253322,18.401958],[-66.253351,18.401938],[-66.253375,18.401921],[-66.253398,18.401905],[-66.253423,18.401886],[-66.253459,18.401861],[-66.253502,18.401841],[-66.253533,18.401833],[-66.253573,18.401828],[-66.253612,18.401827],[-66.253643,18.401829],[-66.253672,18.40183],[-66.253704,18.401832],[-66.253738,18.401838],[-66.253776,18.401845],[-66.253812,18.401856],[-66.253844,18.401866],[-66.253871,18.401877],[-66.253897,18.401888],[-66.253923,18.401901],[-66.253961,18.401918],[-66.253986,18.40193],[-66.254017,18.40195],[-66.254041,18.401966],[-66.254064,18.401983],[-66.254093,18.402007],[-66.254119,18.402028],[-66.254141,18.402049],[-66.254164,18.402071],[-66.254188,18.402098],[-66.254208,18.402128],[-66.254229,18.40216],[-66.254242,18.402185],[-66.254257,18.402216],[-66.254267,18.402247],[-66.254276,18.402283],[-66.25428,18.402319],[-66.254279,18.402351],[-66.254278,18.402385],[-66.254273,18.402419],[-66.254268,18.402447],[-66.254261,18.402481],[-66.254253,18.402517],[-66.254242,18.402551],[-66.254234,18.402579],[-66.254225,18.40262],[-66.254217,18.402659],[-66.254211,18.402695],[-66.254207,18.402727],[-66.254206,18.402758],[-66.254208,18.402801],[-66.254212,18.402828],[-66.254223,18.402854],[-66.254263,18.40293],[-66.254287,18.402968],[-66.254314,18.402998],[-66.254337,18.403023],[-66.254357,18.403044],[-66.254382,18.403066],[-66.254407,18.403082],[-66.254436,18.403096],[-66.254465,18.403109],[-66.254502,18.403123],[-66.254536,18.403131],[-66.25457,18.403133],[-66.254602,18.403133],[-66.254633,18.403132],[-66.254673,18.403126],[-66.254703,18.403118],[-66.25474,18.403104],[-66.254771,18.403089],[-66.254802,18.403073],[-66.25483,18.403059],[-66.254863,18.403037],[-66.254896,18.403021],[-66.254928,18.403009],[-66.254964,18.402998],[-66.254999,18.402994],[-66.255033,18.402995],[-66.255063,18.403004],[-66.255093,18.403017],[-66.255135,18.403046],[-66.255167,18.403066],[-66.255191,18.403086],[-66.255219,18.403108],[-66.255248,18.40313],[-66.255274,18.403153],[-66.255297,18.403173],[-66.255324,18.403199],[-66.255344,18.403219],[-66.255365,18.403242],[-66.25539,18.403271],[-66.255411,18.403296],[-66.255429,18.403318],[-66.255444,18.403343],[-66.25547,18.403385],[-66.255488,18.403416],[-66.255513,18.403469],[-66.255525,18.403498],[-66.255535,18.403529],[-66.255542,18.403558],[-66.255547,18.403592],[-66.255546,18.403623],[-66.255543,18.40366],[-66.255538,18.403692],[-66.255531,18.403727],[-66.255524,18.403753],[-66.255518,18.403781],[-66.255506,18.403827],[-66.255458,18.403969],[-66.255587,18.404349],[-66.25571,18.404753],[-66.255709,18.405139],[-66.255691,18.405441],[-66.255673,18.405727],[-66.255603,18.406096],[-66.255585,18.406533],[-66.255936,18.40697],[-66.256006,18.407138],[-66.256024,18.407407],[-66.25583,18.407524],[-66.255724,18.407759],[-66.255653,18.407994],[-66.255653,18.408246],[-66.255758,18.408515],[-66.255864,18.4087],[-66.255899,18.408901],[-66.255793,18.408935],[-66.255705,18.408868],[-66.255494,18.408834],[-66.25523,18.408833],[-66.255002,18.408867],[-66.254667,18.408833],[-66.254316,18.408749],[-66.253964,18.408715],[-66.2537,18.408748],[-66.253594,18.408765],[-66.253559,18.40858],[-66.253594,18.408345],[-66.25363,18.408194],[-66.25363,18.407975],[-66.253683,18.40774],[-66.253683,18.407556],[-66.253578,18.407203],[-66.253385,18.407051],[-66.253156,18.407001],[-66.252839,18.407034],[-66.252699,18.407084],[-66.252558,18.407219],[-66.252452,18.407336],[-66.252381,18.407487],[-66.252346,18.407638],[-66.252275,18.40784],[-66.252258,18.408024],[-66.252222,18.408142],[-66.252152,18.408377],[-66.252064,18.408511],[-66.252011,18.408562],[-66.251817,18.408478],[-66.251818,18.408209],[-66.251835,18.408007],[-66.25173,18.407822],[-66.251642,18.407688],[-66.251572,18.40752],[-66.251572,18.407335],[-66.251643,18.407184],[-66.251696,18.406966],[-66.251784,18.406731],[-66.251749,18.406445],[-66.251591,18.406008],[-66.251468,18.405907],[-66.251345,18.405924],[-66.251151,18.406226],[-66.251045,18.406579],[-66.250939,18.406797],[-66.25071,18.407032],[-66.250499,18.407217],[-66.250323,18.407284],[-66.2502,18.4073],[-66.249999,18.40735],[-66.249999,18.407346],[-66.249981,18.407351],[-66.249941,18.407364],[-66.249912,18.407377],[-66.249878,18.407394],[-66.249844,18.407419],[-66.249817,18.407442],[-66.249786,18.407477],[-66.249764,18.407509],[-66.249746,18.407549],[-66.249741,18.407581],[-66.24974,18.407612],[-66.249744,18.407647],[-66.249751,18.407674],[-66.249763,18.407708],[-66.249776,18.407735],[-66.249791,18.407758],[-66.249812,18.40779],[-66.24983,18.407813],[-66.249853,18.407844],[-66.249882,18.407881],[-66.249915,18.407918],[-66.249955,18.407964],[-66.249993,18.408008],[-66.249999,18.408015],[-66.250012,18.408029],[-66.250031,18.408051],[-66.250073,18.408095],[-66.250101,18.408125],[-66.25013,18.408152],[-66.250153,18.408173],[-66.250175,18.408194],[-66.250221,18.408234],[-66.250242,18.408256],[-66.250264,18.408277],[-66.250289,18.4083],[-66.250313,18.408326],[-66.250334,18.408346],[-66.250371,18.408385],[-66.250402,18.408419],[-66.250424,18.408446],[-66.250445,18.408475],[-66.25047,18.408508],[-66.250486,18.408531],[-66.250505,18.408555],[-66.250525,18.408585],[-66.250551,18.408628],[-66.250573,18.408661],[-66.250593,18.408696],[-66.250609,18.408729],[-66.250623,18.408762],[-66.250635,18.408792],[-66.250648,18.408827],[-66.250657,18.408857],[-66.250665,18.408887],[-66.250672,18.40892],[-66.250678,18.40895],[-66.250687,18.409005],[-66.250693,18.409044],[-66.250696,18.409078],[-66.2507,18.409118],[-66.250702,18.409169],[-66.250702,18.409229],[-66.250701,18.409259],[-66.250701,18.409293],[-66.250698,18.409329],[-66.250697,18.409364],[-66.250695,18.409396],[-66.250692,18.409434],[-66.25069,18.409463],[-66.250686,18.409494],[-66.25068,18.409527],[-66.250673,18.40956],[-66.250663,18.409598],[-66.25065,18.40964],[-66.250639,18.409675],[-66.250632,18.409704],[-66.25062,18.409737],[-66.250612,18.409765],[-66.250598,18.409796],[-66.250586,18.409823],[-66.250571,18.409851],[-66.250558,18.409876],[-66.250542,18.409901],[-66.250523,18.409929],[-66.250505,18.409959],[-66.250482,18.409992],[-66.250462,18.410017],[-66.250439,18.410044],[-66.250418,18.410065],[-66.250372,18.410107],[-66.250344,18.410133],[-66.250319,18.410152],[-66.250288,18.410176],[-66.250263,18.410196],[-66.25024,18.410214],[-66.250215,18.410236],[-66.250184,18.41026],[-66.250129,18.410295],[-66.250099,18.410315],[-66.25007,18.410335],[-66.250024,18.410369],[-66.249999,18.410385],[-66.249998,18.410386],[-66.24997,18.410405],[-66.249947,18.410421],[-66.249922,18.410436],[-66.249896,18.410454],[-66.249873,18.41047],[-66.249841,18.410489],[-66.249813,18.410506],[-66.249786,18.410519],[-66.249739,18.410545],[-66.24971,18.41056],[-66.249655,18.410599],[-66.249556,18.410695],[-66.249587,18.410696],[-66.249611,18.410691],[-66.249646,18.410665],[-66.249673,18.410646],[-66.249697,18.41063],[-66.249724,18.41061],[-66.249754,18.410589],[-66.249779,18.410572],[-66.249804,18.410556],[-66.249833,18.410537],[-66.249857,18.410522],[-66.249887,18.410502],[-66.249912,18.410486],[-66.24995,18.41046],[-66.249977,18.410444],[-66.249999,18.410431],[-66.250004,18.410428],[-66.250032,18.410413],[-66.250058,18.410399],[-66.250086,18.410383],[-66.250112,18.410368],[-66.250144,18.410346],[-66.250176,18.410325],[-66.250204,18.410303],[-66.250228,18.410285],[-66.250255,18.410265],[-66.250281,18.410246],[-66.250305,18.410229],[-66.250326,18.41021],[-66.250358,18.410187],[-66.250398,18.410149],[-66.250422,18.410129],[-66.250453,18.410099],[-66.250475,18.410078],[-66.250493,18.410054],[-66.25051,18.410029],[-66.250529,18.409997],[-66.250562,18.409945],[-66.250576,18.409921],[-66.250596,18.40989],[-66.250614,18.40986],[-66.250629,18.409832],[-66.250643,18.409803],[-66.250655,18.409776],[-66.250666,18.409746],[-66.250678,18.409713],[-66.250688,18.409686],[-66.2507,18.409644],[-66.250708,18.409617],[-66.250717,18.40959],[-66.250725,18.409563],[-66.25073,18.409531],[-66.250735,18.4095],[-66.250741,18.409457],[-66.250745,18.409417],[-66.250749,18.409389],[-66.250753,18.409357],[-66.250756,18.409319],[-66.250758,18.409285],[-66.250757,18.409254],[-66.250755,18.409219],[-66.250751,18.40918],[-66.250747,18.409125],[-66.250744,18.409096],[-66.250739,18.409057],[-66.250735,18.409021],[-66.250728,18.408984],[-66.250721,18.40895],[-66.250716,18.408922],[-66.250705,18.408877],[-66.250696,18.408844],[-66.250687,18.408817],[-66.250675,18.408782],[-66.250662,18.40875],[-66.25065,18.408719],[-66.250636,18.408684],[-66.250617,18.408647],[-66.250603,18.408619],[-66.250588,18.40859],[-66.250574,18.408563],[-66.250556,18.408529],[-66.250543,18.408503],[-66.250525,18.408474],[-66.250511,18.408449],[-66.250492,18.408414],[-66.250471,18.408379],[-66.250455,18.408354],[-66.250435,18.408326],[-66.25042,18.408301],[-66.250402,18.408278],[-66.250381,18.408251],[-66.250359,18.408227],[-66.250338,18.408205],[-66.250307,18.408177],[-66.250278,18.408149],[-66.250257,18.408127],[-66.250208,18.408085],[-66.250182,18.408065],[-66.250154,18.408044],[-66.250123,18.408019],[-66.250098,18.408],[-66.250078,18.407978],[-66.250059,18.407954],[-66.250037,18.407926],[-66.250018,18.4079],[-66.249999,18.407873],[-66.249997,18.407869],[-66.24998,18.407842],[-66.249962,18.407813],[-66.249946,18.407785],[-66.249933,18.407756],[-66.249923,18.40773],[-66.249903,18.407685],[-66.249891,18.407653],[-66.249882,18.407623],[-66.249874,18.407591],[-66.24987,18.40756],[-66.249872,18.407524],[-66.249882,18.407495],[-66.249901,18.407474],[-66.249935,18.407454],[-66.249965,18.407443],[-66.249999,18.407437],[-66.250021,18.407433],[-66.250085,18.407433],[-66.250121,18.407432],[-66.250155,18.407431],[-66.250191,18.407429],[-66.250228,18.407426],[-66.250261,18.407423],[-66.250292,18.407416],[-66.250333,18.407405],[-66.250373,18.407395],[-66.250402,18.407385],[-66.250436,18.407373],[-66.250466,18.40736],[-66.250496,18.407346],[-66.250525,18.407333],[-66.250558,18.407318],[-66.250588,18.407301],[-66.250616,18.407285],[-66.250645,18.407261],[-66.250667,18.40724],[-66.250694,18.407216],[-66.250716,18.407196],[-66.250757,18.407158],[-66.250797,18.407126],[-66.250823,18.407105],[-66.250848,18.407083],[-66.250878,18.407058],[-66.250906,18.407034],[-66.250936,18.407009],[-66.250965,18.406987],[-66.250995,18.406964],[-66.251085,18.406735],[-66.25109,18.406713],[-66.251121,18.406568],[-66.251191,18.406401],[-66.251279,18.406234],[-66.251454,18.406066],[-66.251524,18.406117],[-66.251559,18.406435],[-66.251629,18.406702],[-66.251646,18.406786],[-66.251593,18.40702],[-66.251571,18.407058],[-66.251523,18.407137],[-66.25147,18.407238],[-66.251365,18.407422],[-66.25141,18.407633],[-66.251452,18.407773],[-66.251575,18.407857],[-66.251592,18.408024],[-66.251645,18.408141],[-66.25168,18.408242],[-66.251627,18.408376],[-66.251679,18.408543],[-66.251714,18.408605],[-66.251766,18.40863],[-66.251783,18.408671],[-66.251905,18.408754],[-66.252236,18.408647],[-66.252297,18.408555],[-66.25234,18.408489],[-66.252375,18.408356],[-66.252433,18.408293],[-66.252434,18.407992],[-66.252434,18.407741],[-66.252487,18.40764],[-66.252592,18.407406],[-66.252645,18.407323],[-66.252943,18.407222],[-66.253258,18.407189],[-66.25336,18.407244],[-66.253577,18.407377],[-66.253594,18.407593],[-66.253542,18.407768],[-66.25353,18.407813],[-66.253481,18.408],[-66.253481,18.408133],[-66.253489,18.408249],[-66.25348,18.408341],[-66.253498,18.408382],[-66.253471,18.408449],[-66.25348,18.408482],[-66.253445,18.408631],[-66.253467,18.408779],[-66.253467,18.408863],[-66.253627,18.408946],[-66.253748,18.408913],[-66.253853,18.408813],[-66.254081,18.408847],[-66.254396,18.408914],[-66.254834,18.408914],[-66.254939,18.408998],[-66.25515,18.408998],[-66.255395,18.408965],[-66.255641,18.408948],[-66.255763,18.409032],[-66.256061,18.409099],[-66.256032,18.408932],[-66.256026,18.408899],[-66.256009,18.408614],[-66.255992,18.40853],[-66.255904,18.40843],[-66.255834,18.408279],[-66.255834,18.408145],[-66.255852,18.407861],[-66.255905,18.407694],[-66.255975,18.40766],[-66.256045,18.407627],[-66.25615,18.407527],[-66.256256,18.407376],[-66.256273,18.407276],[-66.256308,18.407209],[-66.256309,18.407058]]],[[[-66.2426883287326,18.396327598215713],[-66.24263873974746,18.396366520505083],[-66.242626,18.396392],[-66.24261,18.396424],[-66.242586,18.396457],[-66.24256,18.39648],[-66.242526,18.396488],[-66.24250435321979,18.396472000205925],[-66.24236805217247,18.396578982609178],[-66.24238,18.396575],[-66.242414,18.396567],[-66.242446,18.396564],[-66.242475,18.396564],[-66.24251,18.39656],[-66.242541,18.396549],[-66.242566,18.396528],[-66.242585,18.396498],[-66.242601,18.396471],[-66.242618,18.396442],[-66.242635,18.396412],[-66.242653,18.396382],[-66.242668,18.396358],[-66.242688,18.396328],[-66.2426883287326,18.396327598215713]]]]}},{"type":"Feature","properties":{"OBJECTID":3112722,"DFIRM_ID":"72000C","FLD_ZONE":"X","ZONE_SUBTY":"AREA OF MINIMAL FLOOD HAZARD","SFHA_TF":"F","STATIC_BFE":-9999,"V_DATUM":"","LEN_UNIT":"","SOURCE_CIT":"72000C_FIS1"},"geometry":{"type":"Polygon","coordinates":[[[-66.150517,18.451599],[-66.150515,18.451593],[-66.15051,18.451589],[-66.150502,18.451588],[-66.150493,18.451587],[-66.150469,18.451589],[-66.150456,18.451591],[-66.150414,18.451598],[-66.150315,18.451616],[-66.150244,18.451628],[-66.15016,18.451643],[-66.150061,18.451659],[-66.15002,18.451666],[-66.149992,18.451672],[-66.149979,18.451676],[-66.149967,18.45168],[-66.149954,18.451685],[-66.149943,18.451691],[-66.149933,18.451699],[-66.149923,18.451708],[-66.149915,18.451717],[-66.149906,18.451728],[-66.14989,18.45175],[-66.149868,18.451784],[-66.1498,18.451889],[-66.149763,18.451947],[-66.149739,18.451981],[-66.149715,18.452014],[-66.149706,18.452024],[-66.149697,18.452033],[-66.149689,18.452042],[-66.14968,18.45205],[-66.149643,18.452084],[-66.149634,18.452093],[-66.149614,18.452112],[-66.149586,18.452142],[-66.149548,18.452182],[-66.149419,18.452325],[-66.1494,18.452346],[-66.149392,18.452356],[-66.149383,18.452367],[-66.149375,18.452377],[-66.149367,18.452388],[-66.14936,18.4524],[-66.149348,18.452424],[-66.149338,18.45245],[-66.149334,18.452463],[-66.149325,18.45249],[-66.149309,18.452543],[-66.149301,18.452568],[-66.149296,18.452581],[-66.149291,18.452593],[-66.149286,18.452604],[-66.149279,18.452614],[-66.149272,18.452623],[-66.149264,18.45263],[-66.149254,18.452635],[-66.149243,18.452638],[-66.149232,18.452639],[-66.14922,18.45264],[-66.149183,18.452641],[-66.149171,18.452642],[-66.149159,18.452644],[-66.149149,18.452647],[-66.14914,18.452651],[-66.149132,18.452658],[-66.149125,18.452667],[-66.14912,18.452677],[-66.149115,18.452688],[-66.149107,18.452712],[-66.149104,18.452725],[-66.149097,18.452751],[-66.149069,18.452869],[-66.149062,18.452896],[-66.14906,18.452909],[-66.149057,18.452921],[-66.149056,18.452934],[-66.149055,18.452946],[-66.149055,18.452958],[-66.149056,18.452969],[-66.14906,18.452979],[-66.149066,18.452988],[-66.149075,18.452996],[-66.149085,18.453003],[-66.149096,18.45301],[-66.14912,18.453022],[-66.149133,18.453028],[-66.149185,18.45305],[-66.149198,18.453055],[-66.149211,18.453059],[-66.149223,18.453062],[-66.149235,18.453064],[-66.149246,18.453064],[-66.149256,18.453062],[-66.149265,18.453058],[-66.149272,18.453051],[-66.149279,18.453043],[-66.149286,18.453033],[-66.149292,18.453023],[-66.149298,18.453012],[-66.149327,18.452954],[-66.149333,18.452943],[-66.14934,18.452932],[-66.149356,18.452912],[-66.149365,18.452902],[-66.149374,18.452893],[-66.149393,18.452875],[-66.149433,18.452841],[-66.149452,18.452823],[-66.14947,18.452805],[-66.149478,18.452795],[-66.149486,18.452784],[-66.149493,18.452773],[-66.1495,18.452761],[-66.149506,18.45275],[-66.14953,18.452702],[-66.149537,18.452691],[-66.149543,18.45268],[-66.14955,18.452669],[-66.149558,18.452659],[-66.149567,18.452651],[-66.149577,18.452644],[-66.149588,18.452638],[-66.1496,18.452632],[-66.149612,18.452627],[-66.149624,18.452623],[-66.149637,18.452619],[-66.149689,18.452604],[-66.149715,18.452596],[-66.149727,18.452592],[-66.149751,18.452582],[-66.149762,18.452576],[-66.149772,18.452569],[-66.149781,18.45256],[-66.149788,18.452551],[-66.149795,18.452541],[-66.149802,18.45253],[-66.149808,18.452519],[-66.149814,18.452507],[-66.149832,18.452472],[-66.149839,18.452461],[-66.149845,18.452449],[-66.149852,18.452438],[-66.149868,18.452416],[-66.149877,18.452406],[-66.149885,18.452395],[-66.149904,18.452374],[-66.149931,18.452344],[-66.150288,18.451958],[-66.150315,18.451928],[-66.150333,18.451906],[-66.150341,18.451896],[-66.150349,18.451884],[-66.150365,18.451862],[-66.15038,18.451838],[-66.150475,18.451683],[-66.150497,18.451647],[-66.150503,18.451636],[-66.150508,18.451625],[-66.150513,18.451615],[-66.150516,18.451606],[-66.150517,18.451599]]]}},{"type":"Feature","properties":{"OBJECTID":3112873,"DFIRM_ID":"72000C","FLD_ZONE":"X","ZONE_SUBTY":"AREA OF MINIMAL FLOOD HAZARD","SFHA_TF":"F","STATIC_BFE":-9999,"V_DATUM":"","LEN_UNIT":"","SOURCE_CIT":"72000C_FIS1"},"geometry":{"type":"Polygon","coordinates":[[[-66.186594,18.475216],[-66.186588,18.475186],[-66.186548,18.475089],[-66.186501,18.474995],[-66.186443,18.474915],[-66.186371,18.474843],[-66.186313,18.474799],[-66.186253,18.474765],[-66.186202,18.474744],[-66.186159,18.474733],[-66.186029,18.474577],[-66.185797,18.474399],[-66.18563,18.474337],[-66.185453,18.474337],[-66.185227,18.474368],[-66.185084,18.474359],[-66.185033,18.474354],[-66.184822,18.474238],[-66.184645,18.474203],[-66.184292,18.474238],[-66.184041,18.474211],[-66.183819,18.474148],[-66.183484,18.474157],[-66.18327,18.47421],[-66.183155,18.474256],[-66.182982,18.474325],[-66.182694,18.474395],[-66.182454,18.474483],[-66.182423,18.474496],[-66.18239,18.474516],[-66.182277,18.474609],[-66.182148,18.474704],[-66.182087,18.474742],[-66.182023,18.474766],[-66.181879,18.474788],[-66.181835,18.474807],[-66.18181,18.474833],[-66.181791,18.47487],[-66.181779,18.474917],[-66.181772,18.474976],[-66.181776,18.475201],[-66.181785,18.475244],[-66.181801,18.475278],[-66.181836,18.475316],[-66.181913,18.475376],[-66.182029,18.475445],[-66.182068,18.475474],[-66.182099,18.475507],[-66.182172,18.475607],[-66.182261,18.475687],[-66.1823,18.47571],[-66.182342,18.475722],[-66.182535,18.475736],[-66.182852,18.475805],[-66.182985,18.475822],[-66.183108,18.475819],[-66.183251,18.475802],[-66.183335,18.475783],[-66.183522,18.475729],[-66.183606,18.475712],[-66.183684,18.475704],[-66.183877,18.475695],[-66.183975,18.475681],[-66.184058,18.475653],[-66.184205,18.475572],[-66.1843,18.475531],[-66.184398,18.475495],[-66.184479,18.475475],[-66.18455,18.47547],[-66.184686,18.475487],[-66.184747,18.475486],[-66.185038,18.475416],[-66.185369,18.475358],[-66.18562,18.475327],[-66.18592,18.475307],[-66.186107,18.47529],[-66.186369,18.475258],[-66.186533,18.475253],[-66.186579,18.47524],[-66.18659,18.475229],[-66.186594,18.475216]]]}},{"type":"Feature","properties":{"OBJECTID":3112901,"DFIRM_ID":"72000C","FLD_ZONE":"X","ZONE_SUBTY":"0.2 PCT ANNUAL CHANCE FLOOD HAZARD","SFHA_TF":"F","STATIC_BFE":-9999,"V_DATUM":"","LEN_UNIT":"","SOURCE_CIT":"72000C_FIS1"},"geometry":{"type":"Polygon","coordinates":[[[-66.192115,18.449831],[-66.192026,18.449684],[-66.191872,18.449326],[-66.191696,18.448916],[-66.191542,18.448558],[-66.191395,18.448221],[-66.191298,18.448103],[-66.191156,18.447912],[-66.190991,18.447757],[-66.190841,18.447638],[-66.190622,18.447519],[-66.190275,18.447354],[-66.19016,18.447832],[-66.190258,18.447906],[-66.190408,18.448039],[-66.190671,18.448268],[-66.190805,18.448438],[-66.190932,18.448599],[-66.191044,18.448747],[-66.191229,18.449033],[-66.191437,18.449385],[-66.191562,18.449634],[-66.191621,18.449773],[-66.191687,18.449949],[-66.192115,18.449831]]]}},{"type":"Feature","properties":{"OBJECTID":3113034,"DFIRM_ID":"72000C","FLD_ZONE":"X","ZONE_SUBTY":"0.2 PCT ANNUAL CHANCE FLOOD HAZARD","SFHA_TF":"F","STATIC_BFE":-9999,"V_DATUM":"","LEN_UNIT":"","SOURCE_CIT":"72000C_STUDY4"},"geometry":{"type":"Polygon","coordinates":[[[-66.22843,18.42444],[-66.228426,18.424393],[-66.228407,18.424356],[-66.228386,18.424326],[-66.228318,18.424266],[-66.228177,18.424171],[-66.228065,18.424092],[-66.227961,18.424048],[-66.227871,18.424028],[-66.227778,18.424027],[-66.227664,18.424041],[-66.227592,18.424063],[-66.227534,18.424109],[-66.227508,18.424152],[-66.227495,18.424207],[-66.227487,18.424265],[-66.227502,18.424338],[-66.227531,18.424466],[-66.227581,18.424598],[-66.227602,18.424651],[-66.227636,18.424728],[-66.227705,18.424881],[-66.227758,18.424955],[-66.227824,18.425013],[-66.227895,18.42505],[-66.227975,18.425062],[-66.228071,18.425043],[-66.228147,18.425008],[-66.228224,18.42495],[-66.228275,18.424881],[-66.228319,18.424802],[-66.228354,18.424696],[-66.228389,18.424587],[-66.228419,18.424495],[-66.22843,18.42444]]]}},{"type":"Feature","properties":{"OBJECTID":3113206,"DFIRM_ID":"72000C","FLD_ZONE":"X","ZONE_SUBTY":"0.2 PCT ANNUAL CHANCE FLOOD HAZARD","SFHA_TF":"F","STATIC_BFE":-9999,"V_DATUM":"","LEN_UNIT":"","SOURCE_CIT":"72000C_STUDY4"},"geometry":{"type":"Polygon","coordinates":[[[-66.218032,18.428165],[-66.217996,18.428172],[-66.217934,18.428182],[-66.217852,18.428183],[-66.217761,18.428175],[-66.217662,18.428162],[-66.217586,18.428148],[-66.217525,18.428124],[-66.217463,18.428105],[-66.217388,18.428067],[-66.217324,18.428039],[-66.217232,18.428008],[-66.217142,18.427987],[-66.217066,18.427976],[-66.217033,18.427983],[-66.216985,18.427996],[-66.216901,18.428013],[-66.216828,18.428023],[-66.216694,18.428028],[-66.216611,18.428031],[-66.216573,18.428042],[-66.216535,18.428064],[-66.216503,18.428091],[-66.216469,18.428143],[-66.216462,18.428167],[-66.216437,18.428199],[-66.216406,18.428216],[-66.216358,18.428234],[-66.216215,18.428286],[-66.216072,18.428325],[-66.21589,18.428358],[-66.215795,18.428373],[-66.215716,18.428374],[-66.215635,18.428373],[-66.215538,18.428367],[-66.215453,18.428357],[-66.215405,18.428347],[-66.215365,18.428346],[-66.215327,18.428352],[-66.215286,18.428356],[-66.215246,18.428354],[-66.215206,18.428346],[-66.215149,18.428343],[-66.215092,18.428344],[-66.214875,18.428362],[-66.214585,18.428387],[-66.214461,18.428399],[-66.214425,18.428394],[-66.214407,18.428384],[-66.214397,18.428373],[-66.214386,18.428332],[-66.214394,18.428302],[-66.214408,18.428284],[-66.214461,18.428244],[-66.214531,18.428186],[-66.214567,18.428146],[-66.21457,18.428121],[-66.214551,18.428094],[-66.214535,18.428082],[-66.214492,18.428081],[-66.214435,18.428069],[-66.214388,18.428046],[-66.214342,18.427998],[-66.214306,18.427963],[-66.214269,18.427944],[-66.214226,18.427937],[-66.214174,18.427952],[-66.214109,18.42798],[-66.214082,18.428014],[-66.214057,18.428077],[-66.214047,18.428161],[-66.214043,18.428243],[-66.214019,18.42833],[-66.213997,18.428389],[-66.213965,18.428447],[-66.213926,18.428501],[-66.213859,18.428559],[-66.213792,18.428601],[-66.21371,18.428632],[-66.213627,18.428647],[-66.213563,18.428641],[-66.213492,18.42862],[-66.213412,18.428582],[-66.213329,18.428536],[-66.213245,18.42848],[-66.213146,18.428408],[-66.213089,18.428373],[-66.213059,18.428368],[-66.212999,18.42837],[-66.212951,18.42838],[-66.212906,18.428405],[-66.212855,18.428447],[-66.212766,18.428543],[-66.21265,18.428669],[-66.212551,18.428781],[-66.212471,18.428875],[-66.212383,18.428985],[-66.212325,18.429054],[-66.212288,18.429117],[-66.212259,18.429185],[-66.212329,18.429109],[-66.212409,18.429028],[-66.212548,18.42894],[-66.212701,18.42886],[-66.21285,18.428769],[-66.212989,18.428703],[-66.213082,18.428661],[-66.213159,18.428651],[-66.213235,18.428661],[-66.213324,18.428699],[-66.213454,18.428733],[-66.213597,18.428744],[-66.213718,18.428739],[-66.213835,18.428729],[-66.213927,18.428726],[-66.214021,18.428691],[-66.214119,18.428629],[-66.214182,18.428583],[-66.214228,18.428559],[-66.214259,18.428552],[-66.21428,18.428555],[-66.214304,18.428567],[-66.214323,18.428576],[-66.214403,18.428629],[-66.214448,18.428644],[-66.214488,18.428649],[-66.214581,18.428637],[-66.214759,18.428616],[-66.21495,18.428599],[-66.215114,18.428595],[-66.215214,18.428594],[-66.215299,18.428595],[-66.215339,18.428607],[-66.215387,18.428628],[-66.215431,18.428656],[-66.2155,18.428689],[-66.215563,18.428712],[-66.21573,18.428715],[-66.215792,18.428707],[-66.215842,18.428696],[-66.215887,18.428681],[-66.215993,18.428644],[-66.216129,18.428589],[-66.216222,18.428559],[-66.216272,18.428548],[-66.216325,18.428547],[-66.216422,18.428562],[-66.216491,18.428576],[-66.216538,18.428579],[-66.216588,18.428576],[-66.216629,18.428565],[-66.216677,18.428545],[-66.216758,18.428478],[-66.216867,18.428396],[-66.216958,18.428318],[-66.217016,18.428269],[-66.217074,18.428215],[-66.217129,18.428188],[-66.217189,18.428171],[-66.217262,18.42817],[-66.217353,18.428176],[-66.217452,18.428195],[-66.217563,18.42822],[-66.217646,18.428246],[-66.217736,18.428265],[-66.217792,18.428275],[-66.217857,18.428256],[-66.217919,18.428227],[-66.217969,18.428205],[-66.218032,18.428165]]]}},{"type":"Feature","properties":{"OBJECTID":3113257,"DFIRM_ID":"72000C","FLD_ZONE":"X","ZONE_SUBTY":"0.2 PCT ANNUAL CHANCE FLOOD HAZARD","SFHA_TF":"F","STATIC_BFE":-9999,"V_DATUM":"","LEN_UNIT":"","SOURCE_CIT":"72000C_STUDY4"},"geometry":{"type":"Polygon","coordinates":[[[-66.243087,18.424467],[-66.243073,18.424239],[-66.24307,18.424166],[-66.243033,18.424007],[-66.243012,18.423952],[-66.242996,18.423913],[-66.242968,18.42388],[-66.242935,18.423847],[-66.242871,18.423801],[-66.24285,18.423786],[-66.242694,18.423682],[-66.242628,18.423636],[-66.2426,18.423611],[-66.242579,18.423576],[-66.242564,18.423508],[-66.242559,18.423474],[-66.242558,18.423428],[-66.242573,18.423379],[-66.242588,18.423345],[-66.242595,18.423306],[-66.242586,18.42327],[-66.242565,18.423236],[-66.242498,18.42315],[-66.242422,18.42304],[-66.242359,18.422951],[-66.242292,18.42285],[-66.242196,18.422722],[-66.242157,18.422671],[-66.242096,18.422632],[-66.242044,18.42261],[-66.24198,18.422594],[-66.241921,18.422584],[-66.241885,18.422567],[-66.241857,18.422549],[-66.241824,18.422519],[-66.241771,18.422457],[-66.241745,18.422415],[-66.241712,18.422392],[-66.241651,18.422378],[-66.241575,18.422363],[-66.241473,18.422348],[-66.241347,18.422326],[-66.241286,18.4223],[-66.241251,18.422277],[-66.241218,18.422242],[-66.2412,18.422178],[-66.241177,18.422135],[-66.241137,18.422091],[-66.241071,18.422047],[-66.240965,18.421983],[-66.240915,18.421964],[-66.240813,18.421942],[-66.24073,18.421932],[-66.240611,18.421937],[-66.240409,18.42195],[-66.240209,18.421974],[-66.240135,18.421993],[-66.240056,18.422035],[-66.239986,18.422073],[-66.239936,18.422084],[-66.239889,18.422087],[-66.239815,18.422082],[-66.239725,18.422065],[-66.239621,18.422045],[-66.23946,18.422011],[-66.23931,18.421984],[-66.239158,18.421979],[-66.239065,18.42199],[-66.238982,18.422],[-66.238908,18.422015],[-66.23881,18.422047],[-66.238683,18.422113],[-66.238582,18.422173],[-66.238472,18.422233],[-66.23839,18.422277],[-66.2383,18.422303],[-66.238185,18.422331],[-66.238045,18.422343],[-66.237971,18.422328],[-66.237907,18.422304],[-66.23786,18.42227],[-66.237837,18.422222],[-66.237808,18.422119],[-66.237791,18.42203],[-66.237766,18.421939],[-66.23773,18.421841],[-66.237693,18.421756],[-66.237663,18.421708],[-66.237638,18.421644],[-66.237626,18.421594],[-66.237606,18.421539],[-66.237564,18.42148],[-66.237512,18.42144],[-66.237456,18.421415],[-66.237411,18.421416],[-66.237367,18.42143],[-66.237341,18.421438],[-66.237272,18.421484],[-66.23724,18.421504],[-66.237136,18.421603],[-66.23702,18.421717],[-66.236914,18.421817],[-66.236791,18.421927],[-66.236673,18.422027],[-66.236557,18.422123],[-66.23643,18.422212],[-66.236286,18.422305],[-66.236197,18.422354],[-66.236092,18.422393],[-66.235982,18.422416],[-66.235896,18.422438],[-66.235844,18.42246],[-66.235769,18.422522],[-66.235675,18.422594],[-66.235564,18.422672],[-66.235631,18.422654],[-66.235698,18.422642],[-66.235953,18.422609],[-66.23621,18.422563],[-66.236365,18.422538],[-66.23651,18.4225],[-66.236556,18.422488],[-66.236666,18.422445],[-66.236762,18.422403],[-66.236827,18.422368],[-66.236872,18.422325],[-66.236933,18.422249],[-66.237006,18.422145],[-66.237052,18.422073],[-66.237122,18.421991],[-66.237166,18.421948],[-66.237209,18.421915],[-66.237252,18.421895],[-66.2373,18.421895],[-66.237347,18.421917],[-66.237389,18.421963],[-66.237405,18.42202],[-66.237413,18.422085],[-66.237409,18.422174],[-66.237396,18.422253],[-66.237373,18.422389],[-66.237352,18.422495],[-66.237339,18.422577],[-66.237333,18.422675],[-66.237349,18.422776],[-66.237373,18.422865],[-66.237436,18.422936],[-66.237486,18.422963],[-66.237554,18.422999],[-66.237665,18.423042],[-66.237751,18.423054],[-66.237858,18.423045],[-66.237979,18.42303],[-66.238065,18.423007],[-66.238153,18.422992],[-66.238246,18.422993],[-66.238346,18.422986],[-66.238439,18.422964],[-66.238587,18.422908],[-66.238664,18.422866],[-66.238813,18.422759],[-66.23894,18.422672],[-66.239058,18.422601],[-66.239224,18.422513],[-66.239367,18.42244],[-66.239458,18.42241],[-66.23953,18.422386],[-66.239641,18.422392],[-66.239731,18.422414],[-66.239798,18.422437],[-66.239842,18.42247],[-66.239863,18.422515],[-66.239893,18.422591],[-66.239918,18.422634],[-66.239948,18.422662],[-66.239984,18.422669],[-66.240034,18.422668],[-66.240089,18.422637],[-66.24014,18.422581],[-66.240203,18.422493],[-66.240273,18.422408],[-66.240327,18.422347],[-66.240368,18.422307],[-66.240392,18.422287],[-66.240423,18.422278],[-66.240458,18.422281],[-66.240501,18.422305],[-66.24056,18.42233],[-66.240633,18.42235],[-66.240702,18.422366],[-66.240754,18.422399],[-66.240779,18.422415],[-66.240812,18.422452],[-66.240828,18.422507],[-66.240827,18.422552],[-66.240844,18.422659],[-66.240855,18.422718],[-66.240885,18.42278],[-66.240918,18.422815],[-66.24097,18.422856],[-66.240997,18.422871],[-66.241026,18.422886],[-66.241081,18.422903],[-66.2412,18.422911],[-66.241316,18.422915],[-66.241397,18.422932],[-66.241458,18.422956],[-66.241505,18.422991],[-66.241535,18.423039],[-66.241563,18.423098],[-66.241581,18.423146],[-66.241609,18.423185],[-66.241651,18.423209],[-66.24171,18.423214],[-66.241756,18.423206],[-66.241794,18.423206],[-66.241829,18.423216],[-66.241881,18.423253],[-66.241948,18.423336],[-66.242025,18.423439],[-66.242043,18.423505],[-66.242028,18.423561],[-66.242006,18.42362],[-66.241971,18.423681],[-66.24193,18.423742],[-66.241903,18.423793],[-66.241888,18.423852],[-66.241878,18.423893],[-66.241886,18.42395],[-66.241907,18.424011],[-66.241941,18.424084],[-66.241974,18.424139],[-66.242018,18.42417],[-66.242075,18.424191],[-66.242139,18.424199],[-66.242218,18.424188],[-66.242303,18.424167],[-66.242373,18.424143],[-66.242413,18.424134],[-66.242449,18.424144],[-66.242494,18.424165],[-66.242543,18.4242],[-66.242573,18.424234],[-66.242613,18.424269],[-66.24265,18.424322],[-66.242672,18.424388],[-66.242657,18.424462],[-66.242625,18.424535],[-66.242581,18.424625],[-66.242539,18.424717],[-66.242517,18.424778],[-66.242511,18.424842],[-66.242517,18.424892],[-66.242533,18.424953],[-66.242569,18.425035],[-66.242625,18.425138],[-66.242641,18.425161],[-66.242697,18.425205],[-66.242747,18.425209],[-66.242813,18.425187],[-66.242892,18.425119],[-66.242956,18.425022],[-66.242998,18.424908],[-66.243052,18.424744],[-66.243076,18.42463],[-66.243087,18.424467]]]}},{"type":"Feature","properties":{"OBJECTID":3113306,"DFIRM_ID":"72000C","FLD_ZONE":"X","ZONE_SUBTY":"AREA OF MINIMAL FLOOD HAZARD","SFHA_TF":"F","STATIC_BFE":-9999,"V_DATUM":"","LEN_UNIT":"","SOURCE_CIT":"72000C_FIS1"},"geometry":{"type":"Polygon","coordinates":[[[-66.228702,18.447368],[-66.228687,18.447333],[-66.22864,18.44726],[-66.228538,18.447134],[-66.228446,18.447023],[-66.228384,18.446967],[-66.228317,18.446921],[-66.228229,18.446885],[-66.228162,18.446854],[-66.228101,18.446799],[-66.228035,18.446693],[-66.227995,18.446578],[-66.22797,18.446503],[-66.227941,18.446354],[-66.227937,18.446274],[-66.227917,18.446209],[-66.227877,18.446139],[-66.227789,18.446073],[-66.22768,18.446031],[-66.227582,18.44599],[-66.227489,18.445944],[-66.227391,18.445893],[-66.227293,18.445812],[-66.227195,18.445721],[-66.227077,18.445609],[-66.227011,18.445534],[-66.226939,18.445438],[-66.226847,18.445327],[-66.226781,18.445242],[-66.226704,18.445166],[-66.226632,18.445095],[-66.22654,18.445024],[-66.226436,18.444973],[-66.226343,18.444927],[-66.226234,18.44491],[-66.226056,18.444927],[-66.22577,18.444938],[-66.225524,18.44497],[-66.225316,18.444971],[-66.225175,18.444979],[-66.225039,18.445017],[-66.224944,18.445075],[-66.224797,18.445153],[-66.224702,18.445191],[-66.224593,18.44522],[-66.224408,18.445237],[-66.224309,18.445235],[-66.224231,18.445224],[-66.224159,18.445174],[-66.224005,18.445062],[-66.223938,18.445006],[-66.223793,18.444929],[-66.223664,18.444863],[-66.223503,18.444796],[-66.223348,18.444749],[-66.223202,18.444707],[-66.223062,18.444675],[-66.222948,18.444668],[-66.222859,18.444672],[-66.222739,18.444685],[-66.222582,18.444717],[-66.22242,18.444735],[-66.222284,18.444768],[-66.222148,18.44483],[-66.222037,18.444894],[-66.221901,18.444931],[-66.221786,18.44497],[-66.221717,18.445048],[-66.221616,18.445166],[-66.221557,18.44529],[-66.221529,18.445369],[-66.221507,18.445488],[-66.221495,18.445582],[-66.221546,18.445648],[-66.22168,18.445739],[-66.221835,18.445821],[-66.222005,18.445918],[-66.222238,18.446011],[-66.222409,18.446074],[-66.222591,18.446126],[-66.222772,18.446168],[-66.222923,18.446186],[-66.223079,18.446203],[-66.223173,18.446204],[-66.223261,18.446235],[-66.223411,18.446317],[-66.223493,18.446378],[-66.223586,18.446454],[-66.223689,18.44655],[-66.223806,18.446701],[-66.223887,18.446837],[-66.223974,18.44696],[-66.224076,18.447071],[-66.22421,18.447162],[-66.224324,18.447224],[-66.224516,18.447291],[-66.224781,18.44735],[-66.225025,18.447403],[-66.225321,18.447467],[-66.225492,18.447505],[-66.225731,18.447548],[-66.225952,18.447586],[-66.226123,18.447619],[-66.226269,18.447626],[-66.226478,18.447614],[-66.226639,18.447596],[-66.22676,18.447563],[-66.226886,18.44752],[-66.227022,18.447458],[-66.227127,18.447399],[-66.227211,18.447376],[-66.227337,18.447348],[-66.227441,18.447339],[-66.227561,18.447336],[-66.227748,18.447364],[-66.227925,18.447406],[-66.228101,18.447453],[-66.228184,18.447484],[-66.228267,18.447501],[-66.228408,18.447498],[-66.228533,18.44747],[-66.228622,18.447436],[-66.22868,18.447402],[-66.228702,18.447368]]]}},{"type":"Feature","properties":{"OBJECTID":3113324,"DFIRM_ID":"72000C","FLD_ZONE":"X","ZONE_SUBTY":"AREA OF MINIMAL FLOOD HAZARD","SFHA_TF":"F","STATIC_BFE":-9999,"V_DATUM":"","LEN_UNIT":"","SOURCE_CIT":"72000C_FIS1"},"geometry":{"type":"MultiPolygon","coordinates":[[[[-66.15179997703453,18.44802491695779],[-66.15177019580214,18.448051693580457],[-66.151776,18.448048],[-66.151786,18.44804],[-66.151795,18.448031],[-66.15179997703453,18.44802491695779]]],[[[-66.151528,18.448407],[-66.151525,18.448397],[-66.15152,18.448388],[-66.151514,18.448379],[-66.15151180447054,18.448376255588183],[-66.15146200026423,18.448488999781407],[-66.15144834515431,18.44854502541283],[-66.15146,18.448529],[-66.151486,18.448495],[-66.151501,18.448472],[-66.151509,18.448461],[-66.151521,18.448439],[-66.151526,18.448428],[-66.151528,18.448417],[-66.151528,18.448407]]],[[[-66.151316,18.449553],[-66.151314,18.449527],[-66.15131,18.449514],[-66.151306,18.449503],[-66.151292,18.449481],[-66.151286,18.449472],[-66.151284,18.44947],[-66.15127992665428,18.44946502146634],[-66.15125999969955,18.449552999787993],[-66.15118799972952,18.44980400040398],[-66.15092300031397,18.450033999617652],[-66.1506439997564,18.45014799997328],[-66.15045471347199,18.450189076777022],[-66.150471,18.450192],[-66.150481,18.450195],[-66.150483,18.450195],[-66.150503,18.450201],[-66.15051,18.450205],[-66.150514,18.45021],[-66.150514,18.450216],[-66.150512,18.450223],[-66.150508,18.45023],[-66.150502,18.450237],[-66.150494,18.450246],[-66.150485,18.450255],[-66.150475,18.450264],[-66.150454,18.450282],[-66.150366,18.450354],[-66.150346,18.450372],[-66.150337,18.450381],[-66.15033,18.450389],[-66.150324,18.450398],[-66.15032,18.450406],[-66.150319,18.450413],[-66.150322,18.45042],[-66.150328,18.450426],[-66.150336,18.450432],[-66.150345,18.450438],[-66.150356,18.450444],[-66.150367,18.450449],[-66.150429,18.450477],[-66.150453,18.450489],[-66.150475,18.450503],[-66.150484,18.45051],[-66.150493,18.450519],[-66.1505,18.45053],[-66.150505,18.450541],[-66.15051,18.450554],[-66.150514,18.450566],[-66.150518,18.450579],[-66.150527,18.450618],[-66.15053,18.450629],[-66.150534,18.45064],[-66.150537,18.450649],[-66.150542,18.450656],[-66.150547,18.45066],[-66.150553,18.45066],[-66.150559,18.450658],[-66.150566,18.450653],[-66.150572,18.450647],[-66.150577,18.450638],[-66.150583,18.450628],[-66.150587,18.450616],[-66.150592,18.450604],[-66.150596,18.450592],[-66.1506,18.450579],[-66.15062,18.450515],[-66.150624,18.450502],[-66.150629,18.450489],[-66.150639,18.450465],[-66.150645,18.450454],[-66.150653,18.450444],[-66.150662,18.450435],[-66.150672,18.450427],[-66.150683,18.450419],[-66.150694,18.450412],[-66.150705,18.450407],[-66.150717,18.450402],[-66.150729,18.450398],[-66.15074,18.450395],[-66.15075,18.450394],[-66.15076,18.450396],[-66.150768,18.450401],[-66.150775,18.450408],[-66.150782,18.450417],[-66.150789,18.450427],[-66.150794,18.450438],[-66.1508,18.450449],[-66.150806,18.450461],[-66.150833,18.450524],[-66.150845,18.450548],[-66.150852,18.45056],[-66.150859,18.450571],[-66.150867,18.450581],[-66.150876,18.450591],[-66.150886,18.4506],[-66.150896,18.450608],[-66.150907,18.450615],[-66.150917,18.450621],[-66.150928,18.450625],[-66.150938,18.450627],[-66.150947,18.450626],[-66.150955,18.450622],[-66.150962,18.450615],[-66.150969,18.450606],[-66.150975,18.450596],[-66.150982,18.450585],[-66.150987,18.450574],[-66.150999,18.450549],[-66.15106,18.45041],[-66.151071,18.450385],[-66.151081,18.45036],[-66.151086,18.450347],[-66.15109,18.450334],[-66.151093,18.450321],[-66.151095,18.450309],[-66.151097,18.450295],[-66.151097,18.450269],[-66.151096,18.450255],[-66.151093,18.450228],[-66.151089,18.450201],[-66.151073,18.450091],[-66.15107,18.450064],[-66.151068,18.45005],[-66.151066,18.450024],[-66.151066,18.450012],[-66.151068,18.450001],[-66.151071,18.449991],[-66.151075,18.449982],[-66.151083,18.449975],[-66.151092,18.44997],[-66.151103,18.449966],[-66.151116,18.449962],[-66.151128,18.449959],[-66.151142,18.449957],[-66.151158,18.449954],[-66.151207,18.449824],[-66.15127,18.4496],[-66.151316,18.449555],[-66.151316,18.449553]]]]}},{"type":"Feature","properties":{"OBJECTID":3113467,"DFIRM_ID":"72000C","FLD_ZONE":"X","ZONE_SUBTY":"0.2 PCT ANNUAL CHANCE FLOOD HAZARD","SFHA_TF":"F","STATIC_BFE":-9999,"V_DATUM":"","LEN_UNIT":"","SOURCE_CIT":"72000C_STUDY4"},"geometry":{"type":"Polygon","coordinates":[[[-66.25038,18.413024],[-66.250378,18.412989],[-66.250376,18.412948],[-66.250372,18.41292],[-66.250367,18.412889],[-66.250359,18.412851],[-66.250352,18.412813],[-66.250344,18.412776],[-66.250336,18.412726],[-66.250331,18.412698],[-66.250329,18.41267],[-66.250325,18.412627],[-66.250323,18.4126],[-66.250317,18.41254],[-66.250315,18.412508],[-66.25031,18.412446],[-66.250307,18.412411],[-66.250305,18.412383],[-66.2503,18.412344],[-66.250293,18.412313],[-66.250285,18.412277],[-66.250277,18.412249],[-66.25027,18.412215],[-66.250261,18.412181],[-66.250247,18.412117],[-66.25024,18.412084],[-66.250233,18.412052],[-66.250224,18.412013],[-66.250214,18.411977],[-66.250205,18.411942],[-66.250194,18.411911],[-66.250185,18.411882],[-66.250166,18.411822],[-66.250152,18.411776],[-66.250136,18.411728],[-66.250123,18.411691],[-66.250112,18.411664],[-66.250099,18.411638],[-66.250084,18.411604],[-66.250056,18.411542],[-66.250043,18.411513],[-66.250031,18.411487],[-66.250016,18.41145],[-66.250001,18.411414],[-66.249999,18.411412],[-66.249988,18.411389],[-66.24997,18.411352],[-66.249952,18.411327],[-66.249918,18.411275],[-66.249888,18.411239],[-66.249861,18.411208],[-66.249825,18.411173],[-66.249799,18.411148],[-66.249775,18.411133],[-66.249748,18.411114],[-66.249722,18.4111],[-66.249689,18.411083],[-66.249659,18.41107],[-66.249632,18.411059],[-66.249622,18.411057],[-66.249602,18.411052],[-66.249487,18.411055],[-66.249475,18.411055],[-66.249596,18.411109],[-66.249655,18.411136],[-66.249688,18.411154],[-66.249718,18.411174],[-66.249744,18.411194],[-66.249771,18.411218],[-66.249795,18.411242],[-66.249817,18.411265],[-66.24984,18.411291],[-66.24986,18.411312],[-66.249881,18.411339],[-66.249899,18.411363],[-66.249917,18.411388],[-66.249931,18.411416],[-66.249957,18.411471],[-66.249971,18.411507],[-66.249985,18.41154],[-66.249995,18.41157],[-66.249999,18.41158],[-66.250011,18.411608],[-66.250027,18.411648],[-66.250039,18.411677],[-66.250053,18.411706],[-66.250071,18.411741],[-66.250099,18.411803],[-66.250109,18.41183],[-66.25012,18.41186],[-66.250129,18.411892],[-66.250138,18.411928],[-66.250147,18.411959],[-66.250155,18.411996],[-66.250163,18.412032],[-66.25017,18.41206],[-66.250179,18.412097],[-66.250192,18.41214],[-66.250202,18.412176],[-66.250211,18.412214],[-66.250218,18.412249],[-66.250223,18.41228],[-66.250226,18.412312],[-66.250229,18.41234],[-66.250233,18.412374],[-66.250237,18.412407],[-66.250243,18.412449],[-66.250246,18.412487],[-66.25025,18.412524],[-66.250252,18.41256],[-66.250255,18.412597],[-66.250261,18.412645],[-66.250264,18.412673],[-66.250271,18.412716],[-66.250277,18.412752],[-66.25028,18.412787],[-66.250286,18.412818],[-66.25029,18.41285],[-66.250299,18.4129],[-66.250305,18.412928],[-66.250311,18.412967],[-66.250316,18.413001],[-66.250319,18.413034],[-66.250322,18.413062],[-66.250325,18.413093],[-66.250326,18.413123],[-66.250327,18.413158],[-66.250325,18.413187],[-66.250322,18.413223],[-66.250318,18.413255],[-66.250312,18.4133],[-66.250305,18.413338],[-66.250298,18.413368],[-66.250282,18.413422],[-66.250272,18.413454],[-66.250262,18.413482],[-66.250249,18.413509],[-66.250236,18.413538],[-66.250222,18.413563],[-66.250208,18.413587],[-66.250185,18.41361],[-66.250161,18.413635],[-66.25013,18.413662],[-66.250103,18.41368],[-66.250073,18.413697],[-66.250045,18.413715],[-66.250022,18.413733],[-66.249999,18.413755],[-66.249992,18.413762],[-66.249973,18.413791],[-66.249964,18.413821],[-66.249962,18.413854],[-66.249964,18.413886],[-66.249972,18.413918],[-66.249982,18.41395],[-66.249989,18.413977],[-66.249996,18.414005],[-66.249999,18.414036],[-66.249999,18.414038],[-66.249998,18.414072],[-66.249993,18.414108],[-66.249988,18.414136],[-66.24998,18.414169],[-66.249971,18.414196],[-66.249961,18.414222],[-66.24995,18.414248],[-66.249938,18.414275],[-66.249923,18.414302],[-66.249912,18.414327],[-66.249896,18.41436],[-66.249883,18.414385],[-66.249868,18.414413],[-66.249847,18.41445],[-66.249834,18.414474],[-66.249785,18.414558],[-66.249743,18.414602],[-66.2497,18.414634],[-66.249669,18.414647],[-66.249634,18.414653],[-66.249594,18.414658],[-66.249555,18.414661],[-66.249524,18.41466],[-66.24949,18.414656],[-66.249458,18.414647],[-66.249428,18.414636],[-66.249395,18.414619],[-66.249367,18.414607],[-66.249337,18.414598],[-66.249301,18.414598],[-66.249264,18.414606],[-66.249233,18.414618],[-66.249203,18.414633],[-66.249166,18.414669],[-66.249154,18.414699],[-66.249142,18.414753],[-66.249136,18.41479],[-66.249132,18.414823],[-66.249126,18.414852],[-66.249119,18.41488],[-66.249111,18.414906],[-66.249096,18.414939],[-66.249077,18.414972],[-66.249054,18.414999],[-66.249032,18.415026],[-66.249014,18.415051],[-66.249,18.415078],[-66.248987,18.415105],[-66.248975,18.415141],[-66.248967,18.415174],[-66.24896,18.415206],[-66.248949,18.41526],[-66.248938,18.415299],[-66.248929,18.415336],[-66.248917,18.415368],[-66.248908,18.415396],[-66.248896,18.415425],[-66.248885,18.415452],[-66.248874,18.415478],[-66.248847,18.415532],[-66.248833,18.415561],[-66.248818,18.415589],[-66.2488,18.415616],[-66.248784,18.415643],[-66.248761,18.415675],[-66.24874,18.415707],[-66.248719,18.41574],[-66.248699,18.415762],[-66.24867,18.415781],[-66.248635,18.415791],[-66.248603,18.415793],[-66.248574,18.415791],[-66.248541,18.415786],[-66.248509,18.415779],[-66.248477,18.415776],[-66.248448,18.415774],[-66.248414,18.415775],[-66.248385,18.415779],[-66.248356,18.415785],[-66.248316,18.415797],[-66.248279,18.415812],[-66.248252,18.415823],[-66.248216,18.415841],[-66.248185,18.415858],[-66.248151,18.415879],[-66.248125,18.415896],[-66.248099,18.415915],[-66.248071,18.415938],[-66.248047,18.415958],[-66.248023,18.415979],[-66.247987,18.416004],[-66.24796,18.416023],[-66.247934,18.416035],[-66.247906,18.416044],[-66.247872,18.416053],[-66.247843,18.416057],[-66.247806,18.416061],[-66.247768,18.416065],[-66.247738,18.416067],[-66.247704,18.416072],[-66.247672,18.416077],[-66.247634,18.416084],[-66.247575,18.416103],[-66.247543,18.416113],[-66.24751,18.416119],[-66.247481,18.416121],[-66.247419,18.416127],[-66.24732,18.416127],[-66.247275,18.416126],[-66.247239,18.416125],[-66.247151,18.416125],[-66.247087,18.416126],[-66.247051,18.416126],[-66.247003,18.416127],[-66.24695,18.416126],[-66.246907,18.416121],[-66.246871,18.416113],[-66.246843,18.416105],[-66.24681,18.416088],[-66.246777,18.416068],[-66.246746,18.416049],[-66.246717,18.416031],[-66.246683,18.416015],[-66.246651,18.416005],[-66.246616,18.416001],[-66.246574,18.416002],[-66.246545,18.416004],[-66.246513,18.416006],[-66.246473,18.41601],[-66.246439,18.416017],[-66.246402,18.416028],[-66.246367,18.416043],[-66.246338,18.416054],[-66.246304,18.416071],[-66.246278,18.416085],[-66.246244,18.416101],[-66.246217,18.416115],[-66.24618,18.416135],[-66.246151,18.416152],[-66.246121,18.416168],[-66.246093,18.416183],[-66.246065,18.416201],[-66.246039,18.416216],[-66.246012,18.416234],[-66.245984,18.416255],[-66.245943,18.416284],[-66.245916,18.416303],[-66.24589,18.41632],[-66.245859,18.41634],[-66.24583,18.416356],[-66.245802,18.416374],[-66.245773,18.416391],[-66.245742,18.416408],[-66.245714,18.416426],[-66.245675,18.416448],[-66.245643,18.416465],[-66.245616,18.416477],[-66.245586,18.416492],[-66.245554,18.416507],[-66.245526,18.416522],[-66.245472,18.41655],[-66.245446,18.416564],[-66.245412,18.416583],[-66.245384,18.416597],[-66.245353,18.416612],[-66.24532,18.416631],[-66.245286,18.416649],[-66.245256,18.416666],[-66.245211,18.41669],[-66.245177,18.416707],[-66.245145,18.416725],[-66.245116,18.416741],[-66.245088,18.416757],[-66.245036,18.416783],[-66.245007,18.416797],[-66.244951,18.416825],[-66.244909,18.416845],[-66.244869,18.416959],[-66.244907,18.416943],[-66.244937,18.416929],[-66.245005,18.416895],[-66.245031,18.416881],[-66.245059,18.416867],[-66.245087,18.416852],[-66.245118,18.416835],[-66.245146,18.41682],[-66.245173,18.416804],[-66.245201,18.416786],[-66.245245,18.41676],[-66.245274,18.416743],[-66.245299,18.416728],[-66.245331,18.41671],[-66.245367,18.416689],[-66.245394,18.416674],[-66.245423,18.416657],[-66.245474,18.416628],[-66.245503,18.416613],[-66.245517,18.416605],[-66.245529,18.416597],[-66.245556,18.416584],[-66.245583,18.416569],[-66.245614,18.416553],[-66.245653,18.416531],[-66.245689,18.416512],[-66.245722,18.416494],[-66.245749,18.416478],[-66.245775,18.416463],[-66.245801,18.416447],[-66.245832,18.41643],[-66.245863,18.41641],[-66.245891,18.416391],[-66.24592,18.416371],[-66.245946,18.416355],[-66.245982,18.416327],[-66.246009,18.416308],[-66.246035,18.416287],[-66.246068,18.416264],[-66.246093,18.416246],[-66.246129,18.416222],[-66.246177,18.416199],[-66.246212,18.416186],[-66.246243,18.416178],[-66.246271,18.416172],[-66.246306,18.416164],[-66.246351,18.416152],[-66.246377,18.416143],[-66.246408,18.416127],[-66.246441,18.416116],[-66.246469,18.416105],[-66.246498,18.416097],[-66.246526,18.416092],[-66.246555,18.416092],[-66.246589,18.416104],[-66.246617,18.416116],[-66.246645,18.416133],[-66.246674,18.416148],[-66.246719,18.416167],[-66.246754,18.41618],[-66.246794,18.416191],[-66.246826,18.4162],[-66.246865,18.416206],[-66.246893,18.41621],[-66.246928,18.416212],[-66.246967,18.416214],[-66.247004,18.416217],[-66.247046,18.416219],[-66.247089,18.41622],[-66.247128,18.416221],[-66.247171,18.416223],[-66.24721,18.416224],[-66.247243,18.416225],[-66.247275,18.416225],[-66.247311,18.416223],[-66.247346,18.416218],[-66.247393,18.416207],[-66.247433,18.416198],[-66.247471,18.416189],[-66.247499,18.416183],[-66.247536,18.416173],[-66.247572,18.416165],[-66.247603,18.416158],[-66.247632,18.416152],[-66.247664,18.416146],[-66.247698,18.416141],[-66.247764,18.416133],[-66.247801,18.416131],[-66.247834,18.416127],[-66.247872,18.416122],[-66.247907,18.416115],[-66.247935,18.416107],[-66.247963,18.41609],[-66.247989,18.416066],[-66.248015,18.416043],[-66.248041,18.416013],[-66.248062,18.415991],[-66.248082,18.415967],[-66.248103,18.415945],[-66.248128,18.415924],[-66.248151,18.415906],[-66.248187,18.415881],[-66.248214,18.415865],[-66.24824,18.415849],[-66.248275,18.415831],[-66.248309,18.415818],[-66.248339,18.415809],[-66.248372,18.415802],[-66.248407,18.415799],[-66.248437,18.4158],[-66.248468,18.415807],[-66.248504,18.415824],[-66.248533,18.415839],[-66.248573,18.415867],[-66.248603,18.415887],[-66.24863,18.415898],[-66.248658,18.415905],[-66.248692,18.415901],[-66.24872,18.41589],[-66.248746,18.415873],[-66.248768,18.415855],[-66.248789,18.415831],[-66.248812,18.415802],[-66.248826,18.415778],[-66.248844,18.415743],[-66.248863,18.415707],[-66.248897,18.415639],[-66.248904,18.415623],[-66.248927,18.415567],[-66.24894,18.415531],[-66.248953,18.41549],[-66.248968,18.41545],[-66.24898,18.415412],[-66.24899,18.415381],[-66.249005,18.415336],[-66.249013,18.415309],[-66.249027,18.41526],[-66.249034,18.41523],[-66.249041,18.415195],[-66.249046,18.415164],[-66.249054,18.415128],[-66.249069,18.415068],[-66.249081,18.415041],[-66.249093,18.415016],[-66.249112,18.414991],[-66.24914,18.414964],[-66.249164,18.41494],[-66.249184,18.414914],[-66.249196,18.414888],[-66.249208,18.414856],[-66.249217,18.414828],[-66.249229,18.414795],[-66.249239,18.414765],[-66.249258,18.414729],[-66.249278,18.414705],[-66.249303,18.414684],[-66.249333,18.414676],[-66.249366,18.41467],[-66.2494,18.414666],[-66.249431,18.414664],[-66.24946,18.414663],[-66.249499,18.414663],[-66.249529,18.414664],[-66.249562,18.414666],[-66.249593,18.414667],[-66.249625,18.414669],[-66.249695,18.41467],[-66.249747,18.414655],[-66.249793,18.414624],[-66.249829,18.414588],[-66.249869,18.414531],[-66.249875,18.41452],[-66.249879,18.414514],[-66.249895,18.414485],[-66.24991,18.414456],[-66.249923,18.414427],[-66.249938,18.414397],[-66.249951,18.414369],[-66.249969,18.414334],[-66.249982,18.414303],[-66.249993,18.414278],[-66.249999,18.414265],[-66.250007,18.414249],[-66.250022,18.414212],[-66.250038,18.414169],[-66.250048,18.414138],[-66.250053,18.414107],[-66.250056,18.414066],[-66.250055,18.414039],[-66.250053,18.41401],[-66.250049,18.413975],[-66.250046,18.413942],[-66.250044,18.413907],[-66.250047,18.413877],[-66.250057,18.413851],[-66.250072,18.413825],[-66.250101,18.413786],[-66.250134,18.41375],[-66.250158,18.413725],[-66.250178,18.413703],[-66.250203,18.413681],[-66.250225,18.413658],[-66.250245,18.413633],[-66.250264,18.413603],[-66.25028,18.413578],[-66.250298,18.413548],[-66.250312,18.41352],[-66.250327,18.413485],[-66.250338,18.413451],[-66.250348,18.413418],[-66.250358,18.413381],[-66.250373,18.413307],[-66.250377,18.413273],[-66.250379,18.413243],[-66.250379,18.413085],[-66.25038,18.413053],[-66.25038,18.413024]]]}},{"type":"Feature","properties":{"OBJECTID":3113498,"DFIRM_ID":"72000C","FLD_ZONE":"X","ZONE_SUBTY":"0.2 PCT ANNUAL CHANCE FLOOD HAZARD","SFHA_TF":"F","STATIC_BFE":-9999,"V_DATUM":"","LEN_UNIT":"","SOURCE_CIT":"72000C_FIS1"},"geometry":{"type":"Polygon","coordinates":[[[-66.202985,18.439885],[-66.20298,18.439848],[-66.202965,18.439815],[-66.202942,18.439795],[-66.202896,18.439775],[-66.202857,18.439762],[-66.202792,18.439753],[-66.202708,18.439747],[-66.202635,18.439743],[-66.202581,18.439745],[-66.202534,18.439747],[-66.2025,18.439754],[-66.202447,18.439773],[-66.202348,18.439816],[-66.202282,18.439843],[-66.20219,18.439879],[-66.202086,18.439912],[-66.201952,18.439965],[-66.201902,18.439999],[-66.201883,18.440024],[-66.201883,18.440038],[-66.201914,18.440056],[-66.201971,18.44008],[-66.202067,18.440116],[-66.202178,18.440142],[-66.202282,18.440161],[-66.202394,18.44018],[-66.202441,18.440188],[-66.202477,18.440187],[-66.202537,18.440182],[-66.202605,18.440164],[-66.202707,18.440128],[-66.202828,18.440085],[-66.202878,18.440061],[-66.20291,18.440039],[-66.202936,18.440012],[-66.202968,18.439965],[-66.202979,18.439925],[-66.202985,18.439885]]]}},{"type":"Feature","properties":{"OBJECTID":3113510,"DFIRM_ID":"72000C","FLD_ZONE":"X","ZONE_SUBTY":"AREA OF MINIMAL FLOOD HAZARD","SFHA_TF":"F","STATIC_BFE":-9999,"V_DATUM":"","LEN_UNIT":"","SOURCE_CIT":"72000C_FIS1"},"geometry":{"type":"Polygon","coordinates":[[[-66.152036,18.450895],[-66.152035,18.450883],[-66.152031,18.45087],[-66.152027,18.450858],[-66.152022,18.450845],[-66.152017,18.450833],[-66.152011,18.450821],[-66.152006,18.450808],[-66.152,18.450797],[-66.151993,18.450785],[-66.151981,18.450765],[-66.151974,18.450757],[-66.151967,18.450752],[-66.15196,18.450749],[-66.151953,18.450751],[-66.151945,18.450755],[-66.151938,18.450761],[-66.15193,18.450769],[-66.151922,18.450778],[-66.151914,18.450788],[-66.151897,18.45081],[-66.151856,18.450865],[-66.151839,18.450887],[-66.151831,18.450898],[-66.151822,18.450909],[-66.151813,18.450919],[-66.151803,18.450929],[-66.151793,18.450938],[-66.151782,18.450948],[-66.15176,18.450964],[-66.151748,18.450972],[-66.151737,18.45098],[-66.151713,18.450994],[-66.151701,18.451],[-66.151675,18.451008],[-66.151663,18.451009],[-66.151638,18.451009],[-66.151625,18.451007],[-66.151612,18.451006],[-66.151573,18.451],[-66.15156,18.450999],[-66.151548,18.450998],[-66.151536,18.450998],[-66.151524,18.450999],[-66.151514,18.451002],[-66.151503,18.451007],[-66.151493,18.451014],[-66.151484,18.451023],[-66.151476,18.451032],[-66.151467,18.451042],[-66.151459,18.451052],[-66.151435,18.451085],[-66.151365,18.451188],[-66.151349,18.45121],[-66.151341,18.45122],[-66.151332,18.451231],[-66.151324,18.451241],[-66.151315,18.45125],[-66.151305,18.451258],[-66.151294,18.451265],[-66.151283,18.45127],[-66.151271,18.451274],[-66.151258,18.451277],[-66.151245,18.451279],[-66.151231,18.451281],[-66.151217,18.451282],[-66.15119,18.451284],[-66.151076,18.451292],[-66.150962,18.451299],[-66.150936,18.451301],[-66.150913,18.451301],[-66.150904,18.4513],[-66.150898,18.451298],[-66.150894,18.451296],[-66.150895,18.451292],[-66.1509,18.451286],[-66.150907,18.45128],[-66.150915,18.451273],[-66.150936,18.451258],[-66.151008,18.45121],[-66.151019,18.451202],[-66.151031,18.451194],[-66.151042,18.451185],[-66.151052,18.451177],[-66.151061,18.451167],[-66.151069,18.451158],[-66.151074,18.451147],[-66.151078,18.451136],[-66.151079,18.451124],[-66.151079,18.451112],[-66.151078,18.451099],[-66.151076,18.451086],[-66.151073,18.451072],[-66.151063,18.451019],[-66.15106,18.451005],[-66.151059,18.450992],[-66.151057,18.450979],[-66.151057,18.450967],[-66.151059,18.450955],[-66.151062,18.450944],[-66.151067,18.450934],[-66.151083,18.450916],[-66.151092,18.450908],[-66.151103,18.4509],[-66.151113,18.450892],[-66.151158,18.450861],[-66.15118,18.450845],[-66.1512,18.450829],[-66.151216,18.450811],[-66.151221,18.450801],[-66.151225,18.450789],[-66.151226,18.450778],[-66.151226,18.450766],[-66.151225,18.450753],[-66.151219,18.450731],[-66.151214,18.450721],[-66.151208,18.450713],[-66.151201,18.450707],[-66.151192,18.450704],[-66.151182,18.450704],[-66.15117,18.450706],[-66.151158,18.450709],[-66.151145,18.450712],[-66.151131,18.450717],[-66.151118,18.450721],[-66.151077,18.450737],[-66.151022,18.450758],[-66.150996,18.450769],[-66.150983,18.450775],[-66.150971,18.450781],[-66.15096,18.450787],[-66.15095,18.450794],[-66.150941,18.450802],[-66.150934,18.450811],[-66.150931,18.45082],[-66.150929,18.45083],[-66.150928,18.450841],[-66.150928,18.450853],[-66.150931,18.450889],[-66.150931,18.450913],[-66.15093,18.450925],[-66.150927,18.450936],[-66.150923,18.450948],[-66.150918,18.450959],[-66.150906,18.450981],[-66.150899,18.450992],[-66.150873,18.451036],[-66.150866,18.451047],[-66.15086,18.451058],[-66.150854,18.451071],[-66.150842,18.451096],[-66.150831,18.451121],[-66.150816,18.45116],[-66.15079,18.451224],[-66.15078,18.45125],[-66.150768,18.451274],[-66.150762,18.451285],[-66.150755,18.451296],[-66.150747,18.451306],[-66.150739,18.451315],[-66.150728,18.451322],[-66.150717,18.451327],[-66.150693,18.451335],[-66.15068,18.451339],[-66.150653,18.451344],[-66.150625,18.45135],[-66.1505,18.451372],[-66.150444,18.451382],[-66.150402,18.451391],[-66.150389,18.451394],[-66.150363,18.451402],[-66.150351,18.451407],[-66.150342,18.451412],[-66.150333,18.451418],[-66.150325,18.451424],[-66.15032,18.45143],[-66.150316,18.451436],[-66.150316,18.451441],[-66.150319,18.451446],[-66.150326,18.451451],[-66.150335,18.451456],[-66.150345,18.45146],[-66.150357,18.451464],[-66.15037,18.451467],[-66.150439,18.451485],[-66.150452,18.451489],[-66.150466,18.451493],[-66.150478,18.451497],[-66.150491,18.451502],[-66.150502,18.451507],[-66.150512,18.451514],[-66.150521,18.451521],[-66.150528,18.45153],[-66.150534,18.451539],[-66.150539,18.451549],[-66.150545,18.451559],[-66.150552,18.451568],[-66.15056,18.451575],[-66.15057,18.451581],[-66.15058,18.451586],[-66.150591,18.45159],[-66.150603,18.451594],[-66.150616,18.451598],[-66.150628,18.451601],[-66.150654,18.451607],[-66.150667,18.451609],[-66.15068,18.45161],[-66.150692,18.451611],[-66.150705,18.451611],[-66.150717,18.45161],[-66.15073,18.451607],[-66.150743,18.451602],[-66.150756,18.451596],[-66.150768,18.45159],[-66.150781,18.451583],[-66.150793,18.451576],[-66.150829,18.451554],[-66.150853,18.45154],[-66.150865,18.451534],[-66.150876,18.451529],[-66.150888,18.451525],[-66.150899,18.451523],[-66.150909,18.451524],[-66.150919,18.451527],[-66.150927,18.451532],[-66.150936,18.451539],[-66.150945,18.451547],[-66.150953,18.451556],[-66.150978,18.451584],[-66.150987,18.451593],[-66.150997,18.451602],[-66.151007,18.45161],[-66.151018,18.451618],[-66.151029,18.451625],[-66.151042,18.451631],[-66.151054,18.451637],[-66.151091,18.451654],[-66.151103,18.45166],[-66.151114,18.451666],[-66.151124,18.451673],[-66.151133,18.45168],[-66.15114,18.451689],[-66.151145,18.451699],[-66.151147,18.451709],[-66.151151,18.451731],[-66.151157,18.451753],[-66.151161,18.451762],[-66.151167,18.451771],[-66.151173,18.451778],[-66.15118,18.451784],[-66.151188,18.451789],[-66.151195,18.451792],[-66.151203,18.451793],[-66.151212,18.451791],[-66.15122,18.451786],[-66.151228,18.451779],[-66.151237,18.451771],[-66.151245,18.451762],[-66.151253,18.451752],[-66.151262,18.451741],[-66.151278,18.451719],[-66.151311,18.451675],[-66.151328,18.451653],[-66.151337,18.451643],[-66.151345,18.451632],[-66.151355,18.451622],[-66.151364,18.451612],[-66.151374,18.451603],[-66.151385,18.451594],[-66.151396,18.451586],[-66.15144,18.451553],[-66.151462,18.451537],[-66.151473,18.451528],[-66.151483,18.451519],[-66.151493,18.451509],[-66.151511,18.451489],[-66.151519,18.451478],[-66.151536,18.451457],[-66.151553,18.451435],[-66.151602,18.451369],[-66.151627,18.451336],[-66.151644,18.451315],[-66.151652,18.451305],[-66.151662,18.451295],[-66.151671,18.451285],[-66.151682,18.451276],[-66.151692,18.451267],[-66.151703,18.451259],[-66.151715,18.45125],[-66.151738,18.451234],[-66.151796,18.451194],[-66.15182,18.451178],[-66.151843,18.451162],[-66.151865,18.451144],[-66.151885,18.451126],[-66.151894,18.451116],[-66.151903,18.451105],[-66.151912,18.451095],[-66.151929,18.451073],[-66.151962,18.45103],[-66.151979,18.451008],[-66.152011,18.450964],[-66.152018,18.450953],[-66.152024,18.450941],[-66.15203,18.45093],[-66.152034,18.450918],[-66.152036,18.450907],[-66.152036,18.450895]]]}},{"type":"Feature","properties":{"OBJECTID":3113564,"DFIRM_ID":"72000C","FLD_ZONE":"X","ZONE_SUBTY":"AREA OF MINIMAL FLOOD HAZARD","SFHA_TF":"F","STATIC_BFE":-9999,"V_DATUM":"","LEN_UNIT":"","SOURCE_CIT":"72000C_FIS1"},"geometry":{"type":"Polygon","coordinates":[[[-66.180476,18.4745],[-66.180473,18.474476],[-66.180466,18.47445],[-66.180455,18.474422],[-66.180448,18.474409],[-66.180313,18.474291],[-66.180299,18.474231],[-66.180286,18.474149],[-66.180275,18.474121],[-66.180266,18.474095],[-66.18026,18.474065],[-66.180255,18.474031],[-66.180252,18.473994],[-66.180251,18.473954],[-66.180253,18.47391],[-66.18026,18.473826],[-66.180283,18.473634],[-66.180288,18.473548],[-66.180288,18.473508],[-66.180285,18.473473],[-66.180279,18.473441],[-66.18027,18.473413],[-66.180255,18.473383],[-66.180236,18.473357],[-66.180209,18.473333],[-66.180175,18.47331],[-66.180134,18.47329],[-66.180086,18.473272],[-66.180032,18.473256],[-66.179972,18.473243],[-66.179904,18.473233],[-66.179831,18.473226],[-66.179755,18.473222],[-66.17968,18.473222],[-66.179606,18.473226],[-66.179453,18.473334],[-66.179371,18.473468],[-66.179314,18.473655],[-66.179118,18.474107],[-66.17896,18.474461],[-66.178935,18.474548],[-66.178903,18.474657],[-66.178889,18.474815],[-66.178895,18.47484],[-66.178904,18.47487],[-66.178916,18.474896],[-66.17893,18.474918],[-66.178946,18.474936],[-66.178967,18.474954],[-66.178993,18.474971],[-66.179024,18.474988],[-66.179062,18.475005],[-66.17911,18.475024],[-66.179142,18.475034],[-66.179177,18.475043],[-66.179215,18.475051],[-66.179257,18.475057],[-66.179361,18.475066],[-66.179407,18.475067],[-66.179453,18.475067],[-66.17954,18.47506],[-66.179626,18.475047],[-66.179693,18.475034],[-66.179745,18.475021],[-66.179791,18.475008],[-66.179831,18.474993],[-66.179859,18.474981],[-66.179885,18.474968],[-66.179908,18.474953],[-66.179929,18.474938],[-66.179958,18.474911],[-66.180028,18.474835],[-66.180068,18.474802],[-66.180121,18.474768],[-66.180179,18.474737],[-66.180327,18.474664],[-66.180365,18.474643],[-66.180397,18.474623],[-66.180428,18.474598],[-66.180451,18.474573],[-66.180466,18.474548],[-66.180475,18.474521],[-66.180476,18.4745]]]}},{"type":"Feature","properties":{"OBJECTID":3113600,"DFIRM_ID":"72000C","FLD_ZONE":"X","ZONE_SUBTY":"0.2 PCT ANNUAL CHANCE FLOOD HAZARD","SFHA_TF":"F","STATIC_BFE":-9999,"V_DATUM":"","LEN_UNIT":"","SOURCE_CIT":"72000C_STUDY4"},"geometry":{"type":"Polygon","coordinates":[[[-66.232443,18.424441],[-66.232412,18.424477],[-66.232357,18.424531],[-66.232238,18.42464],[-66.232131,18.424735],[-66.232071,18.424782],[-66.232006,18.424817],[-66.231908,18.424859],[-66.23175,18.424918],[-66.231554,18.42499],[-66.231372,18.425057],[-66.231205,18.425119],[-66.231083,18.425176],[-66.231009,18.425227],[-66.230922,18.425291],[-66.230864,18.42535],[-66.230804,18.425392],[-66.230744,18.425436],[-66.23066,18.425499],[-66.230578,18.425566],[-66.230515,18.425633],[-66.230435,18.425729],[-66.230357,18.425819],[-66.230327,18.425878],[-66.2303,18.425959],[-66.230284,18.426036],[-66.230282,18.426177],[-66.230289,18.426215],[-66.230291,18.426245],[-66.230283,18.426272],[-66.230264,18.426297],[-66.230244,18.426335],[-66.230229,18.426396],[-66.230185,18.426436],[-66.230132,18.426472],[-66.230044,18.426509],[-66.229958,18.426531],[-66.229877,18.426538],[-66.229785,18.426526],[-66.22974,18.426507],[-66.229684,18.426461],[-66.229611,18.426398],[-66.229536,18.426309],[-66.229499,18.426276],[-66.229442,18.426257],[-66.229387,18.426252],[-66.229326,18.426249],[-66.229259,18.426243],[-66.229191,18.426222],[-66.229151,18.426196],[-66.229101,18.426155],[-66.229062,18.426084],[-66.229031,18.425981],[-66.228999,18.425858],[-66.228988,18.425797],[-66.228989,18.42574],[-66.228995,18.425686],[-66.229028,18.425568],[-66.22908,18.425442],[-66.229134,18.425324],[-66.229197,18.425205],[-66.229269,18.42507],[-66.229313,18.424984],[-66.229371,18.42491],[-66.229424,18.424841],[-66.229531,18.424731],[-66.229591,18.424662],[-66.229625,18.424608],[-66.229638,18.424565],[-66.229648,18.424522],[-66.229644,18.424449],[-66.229643,18.424274],[-66.229631,18.424104],[-66.229613,18.423917],[-66.229608,18.423756],[-66.229591,18.423651],[-66.229583,18.423538],[-66.229577,18.423449],[-66.229567,18.423363],[-66.229551,18.42329],[-66.22952,18.423201],[-66.229492,18.423132],[-66.229458,18.423041],[-66.229426,18.42295],[-66.229408,18.422854],[-66.229403,18.422734],[-66.229413,18.422647],[-66.229433,18.422589],[-66.229461,18.422526],[-66.229527,18.422411],[-66.229604,18.422298],[-66.229684,18.422222],[-66.229756,18.42218],[-66.229859,18.42213],[-66.229984,18.422063],[-66.23012,18.422013],[-66.230215,18.421987],[-66.230315,18.421975],[-66.230451,18.42195],[-66.230563,18.421922],[-66.230633,18.421896],[-66.230686,18.421865],[-66.23075,18.421818],[-66.230813,18.421755],[-66.230903,18.421664],[-66.231028,18.421536],[-66.231092,18.42144],[-66.231111,18.42139],[-66.231119,18.421336],[-66.23112,18.421292],[-66.231107,18.421229],[-66.231093,18.421179],[-66.231085,18.421135],[-66.231078,18.421069],[-66.231084,18.421038],[-66.231089,18.420988],[-66.231092,18.420938],[-66.231086,18.420895],[-66.23107,18.420863],[-66.231035,18.420828],[-66.231007,18.42081],[-66.230966,18.420802],[-66.230919,18.420806],[-66.230873,18.420819],[-66.23084,18.420852],[-66.230774,18.420924],[-66.23068,18.421007],[-66.230598,18.421067],[-66.230527,18.421098],[-66.230431,18.421137],[-66.230302,18.42119],[-66.230193,18.421239],[-66.230023,18.421316],[-66.229769,18.421444],[-66.22957,18.421554],[-66.229488,18.421621],[-66.229437,18.421686],[-66.229388,18.421774],[-66.229326,18.42193],[-66.22926,18.422042],[-66.229205,18.422091],[-66.229147,18.422125],[-66.229099,18.422142],[-66.229025,18.422166],[-66.228938,18.422235],[-66.22879,18.422333],[-66.228673,18.422413],[-66.228594,18.422464],[-66.228505,18.422524],[-66.228427,18.422609],[-66.228376,18.422688],[-66.228332,18.422755],[-66.228308,18.422807],[-66.228295,18.422868],[-66.228294,18.422934],[-66.228288,18.423018],[-66.228258,18.423088],[-66.228223,18.423169],[-66.228184,18.423279],[-66.22814,18.423311],[-66.228011,18.423384],[-66.227829,18.423479],[-66.227645,18.423555],[-66.227497,18.423599],[-66.227388,18.423619],[-66.227484,18.423628],[-66.227567,18.423631],[-66.227689,18.423624],[-66.227922,18.423609],[-66.228091,18.4236],[-66.228217,18.423598],[-66.22829,18.42359],[-66.228355,18.423568],[-66.228386,18.42355],[-66.228422,18.423524],[-66.228447,18.423488],[-66.228471,18.423418],[-66.228502,18.423317],[-66.228512,18.423284],[-66.228536,18.423219],[-66.228549,18.423144],[-66.228565,18.423035],[-66.228568,18.422992],[-66.228576,18.422942],[-66.228596,18.422897],[-66.22865,18.422803],[-66.228691,18.42274],[-66.22873,18.422688],[-66.228757,18.422664],[-66.228788,18.422655],[-66.228828,18.42266],[-66.228861,18.422692],[-66.228919,18.422791],[-66.228946,18.422882],[-66.228964,18.422937],[-66.229003,18.42303],[-66.229015,18.423126],[-66.229021,18.423233],[-66.229021,18.423369],[-66.229016,18.423449],[-66.229015,18.423478],[-66.229008,18.423609],[-66.229002,18.423682],[-66.228997,18.423797],[-66.22899,18.42392],[-66.228976,18.42406],[-66.22895,18.42421],[-66.228919,18.42435],[-66.228883,18.424513],[-66.228845,18.424662],[-66.22881,18.424798],[-66.228772,18.424929],[-66.228727,18.425069],[-66.228657,18.425247],[-66.228586,18.425416],[-66.228526,18.425565],[-66.228418,18.425795],[-66.228327,18.425996],[-66.228286,18.426086],[-66.228217,18.426246],[-66.228144,18.426465],[-66.228074,18.426696],[-66.22802,18.426913],[-66.227997,18.427024],[-66.227968,18.427212],[-66.227954,18.427357],[-66.227941,18.427432],[-66.227923,18.42752],[-66.227917,18.427604],[-66.22792,18.427726],[-66.227944,18.427833],[-66.227992,18.427963],[-66.22805,18.42805],[-66.228106,18.428133],[-66.22818,18.428197],[-66.228268,18.428249],[-66.228332,18.428265],[-66.2284,18.428271],[-66.22846,18.428261],[-66.228568,18.428201],[-66.228686,18.428116],[-66.228779,18.428052],[-66.22885,18.427955],[-66.22893,18.427841],[-66.228994,18.427719],[-66.229043,18.427622],[-66.229095,18.427487],[-66.229125,18.427424],[-66.229183,18.427345],[-66.229289,18.427251],[-66.229413,18.427187],[-66.229557,18.427153],[-66.229659,18.42712],[-66.229725,18.42709],[-66.22979,18.427041],[-66.229824,18.427],[-66.229873,18.426931],[-66.229928,18.426857],[-66.230008,18.426778],[-66.230076,18.426727],[-66.230191,18.426661],[-66.230294,18.426608],[-66.23039,18.426561],[-66.230488,18.42649],[-66.230549,18.426423],[-66.2306,18.426331],[-66.230622,18.426263],[-66.230626,18.426211],[-66.230605,18.426152],[-66.230587,18.426085],[-66.230584,18.426017],[-66.230592,18.425952],[-66.230616,18.425875],[-66.230645,18.425794],[-66.230684,18.425742],[-66.230761,18.425684],[-66.230905,18.4256],[-66.231025,18.425545],[-66.231154,18.425495],[-66.231276,18.425444],[-66.231334,18.425406],[-66.231406,18.425351],[-66.231464,18.425295],[-66.231534,18.425225],[-66.231604,18.425156],[-66.231652,18.425128],[-66.231657,18.425125],[-66.231747,18.425101],[-66.231845,18.425082],[-66.232083,18.425086],[-66.232185,18.425076],[-66.232308,18.425045],[-66.232385,18.424994],[-66.232421,18.424945],[-66.232436,18.424879],[-66.232442,18.424807],[-66.23243,18.424706],[-66.232417,18.424609],[-66.232413,18.424561],[-66.232421,18.424507],[-66.232443,18.424441]]]}},{"type":"Feature","properties":{"OBJECTID":3113777,"DFIRM_ID":"72000C","FLD_ZONE":"X","ZONE_SUBTY":"0.2 PCT ANNUAL CHANCE FLOOD HAZARD","SFHA_TF":"F","STATIC_BFE":-9999,"V_DATUM":"","LEN_UNIT":"","SOURCE_CIT":"72000C_FIS1"},"geometry":{"type":"MultiPolygon","coordinates":[[[[-66.191488,18.440471],[-66.191485,18.440342],[-66.19145,18.440251],[-66.191389,18.440161],[-66.191307,18.440065],[-66.191221,18.439954],[-66.191102,18.439858],[-66.191004,18.439807],[-66.190848,18.439765],[-66.190672,18.439737],[-66.190505,18.43975],[-66.190306,18.439782],[-66.189903,18.43987],[-66.18972,18.439922],[-66.189569,18.43995],[-66.189417,18.439962],[-66.189277,18.439955],[-66.189131,18.439933],[-66.188965,18.439886],[-66.188857,18.439825],[-66.188759,18.439744],[-66.188414,18.43947],[-66.188038,18.4392],[-66.187858,18.439058],[-66.187818,18.438998],[-66.187782,18.438923],[-66.187789,18.438848],[-66.187842,18.438765],[-66.187926,18.438716],[-66.188026,18.438708],[-66.188187,18.43872],[-66.188291,18.438746],[-66.188462,18.438779],[-66.188654,18.438807],[-66.188803,18.438865],[-66.188729,18.438739],[-66.188586,18.438603],[-66.188503,18.438532],[-66.188405,18.438475],[-66.188312,18.438434],[-66.188209,18.438403],[-66.188131,18.438392],[-66.188047,18.43841],[-66.18789,18.438468],[-66.187748,18.438525],[-66.187649,18.438549],[-66.187575,18.438563],[-66.187503,18.438552],[-66.18744,18.438536],[-66.187373,18.438505],[-66.187275,18.438444],[-66.187133,18.438352],[-66.186903,18.438238],[-66.186649,18.438147],[-66.186377,18.438088],[-66.18608,18.438068],[-66.185799,18.438056],[-66.185501,18.438075],[-66.185178,18.438118],[-66.184873,18.438129],[-66.184616,18.438141],[-66.18422,18.438119],[-66.183815,18.438105],[-66.183535,18.438078],[-66.183246,18.438042],[-66.183008,18.437975],[-66.182704,18.437892],[-66.182458,18.437746],[-66.182262,18.437617],[-66.182141,18.437503],[-66.182083,18.437448],[-66.181839,18.437224],[-66.181677,18.437],[-66.181589,18.436826],[-66.181502,18.436588],[-66.181423,18.436342],[-66.181336,18.436138],[-66.18124,18.435931],[-66.181163,18.435687],[-66.181086,18.435559],[-66.180959,18.435431],[-66.180784,18.435298],[-66.180589,18.435198],[-66.180412,18.435042],[-66.180158,18.434886],[-66.179787,18.434724],[-66.179501,18.434612],[-66.179262,18.434463],[-66.179098,18.434339],[-66.179039,18.434308],[-66.178804,18.434264],[-66.178625,18.434194],[-66.178409,18.434034],[-66.1782,18.43383],[-66.178042,18.433624],[-66.177756,18.433194],[-66.177559,18.432907],[-66.177381,18.432659],[-66.177264,18.43253],[-66.177158,18.432344],[-66.176989,18.432198],[-66.176802,18.432097],[-66.17649,18.432024],[-66.176236,18.43189],[-66.176037,18.431749],[-66.175766,18.431563],[-66.175441,18.43121],[-66.175341,18.431023],[-66.175251,18.43081],[-66.175182,18.430491],[-66.175109,18.430135],[-66.17509,18.429967],[-66.175036,18.429758],[-66.17495,18.429571],[-66.174921,18.429408],[-66.1747,18.428761],[-66.17449,18.428253],[-66.17434,18.428045],[-66.174272,18.427915],[-66.174225,18.427761],[-66.174206,18.427578],[-66.174161,18.427419],[-66.173974,18.427113],[-66.173511,18.426547],[-66.173087,18.425992],[-66.172735,18.425535],[-66.172473,18.425242],[-66.172252,18.424847],[-66.171807,18.424514],[-66.171606,18.424389],[-66.171516,18.424319],[-66.171481,18.424275],[-66.171448,18.424201],[-66.171443,18.424109],[-66.171469,18.423977],[-66.171502,18.42384],[-66.171577,18.423672],[-66.171677,18.423513],[-66.171824,18.423321],[-66.171876,18.423263],[-66.17195126531357,18.423179433365085],[-66.1719180002313,18.42319799959782],[-66.17149899993161,18.423519999851734],[-66.17119500015801,18.42373299987638],[-66.17119267636382,18.423733683351397],[-66.17109,18.423956],[-66.170827,18.424344],[-66.170469,18.424707],[-66.170317,18.424854],[-66.169977,18.425166],[-66.16973302117283,18.425399979694905],[-66.16962799963764,18.42570899974622],[-66.16955599966762,18.425992999798996],[-66.1694839996976,18.42639199985805],[-66.16944900043582,18.42658100014603],[-66.1694069997047,18.42685099958836],[-66.1693289998869,18.427147000068118],[-66.16930100029782,18.427255000392705],[-66.16924299967317,18.427507000034108],[-66.16923199980253,18.42771299983185],[-66.16922900032779,18.42779500014602],[-66.16922400030492,18.428029000307934],[-66.16926699996262,18.428213000349995],[-66.16933499973469,18.428298000344643],[-66.16955999986557,18.42855699967822],[-66.16985899961632,18.42879099965541],[-66.17019000005243,18.42892800004787],[-66.1704059999625,18.428996999619443],[-66.17056900016911,18.42921299958144],[-66.17061299965172,18.42933500013449],[-66.17063199991831,18.42944200025491],[-66.17061199982682,18.429731999895964],[-66.1705730003671,18.429915999820167],[-66.17036599977952,18.43002400011009],[-66.17012599958002,18.430000000146226],[-66.16999699970859,18.429992000157505],[-66.16979599986715,18.430014999591368],[-66.16970399980563,18.430066999930432],[-66.16961900031512,18.430114000157836],[-66.1696030004216,18.430119999932078],[-66.16954099959901,18.43015799963374],[-66.16946899962899,18.4303739998417],[-66.16941599992553,18.43063199978184],[-66.1694069997047,18.430689999688642],[-66.16938300031359,18.430885999787325],[-66.16937499991766,18.430945000134177],[-66.16951600038297,18.43099799986513],[-66.16947100017713,18.431124000398132],[-66.16965100010218,18.431268000041932],[-66.1698700003853,18.431472000254118],[-66.16988600027882,18.43154900042583],[-66.16990800002014,18.431656000020602],[-66.16990299999725,18.43168600032518],[-66.16986700001225,18.431903999653724],[-66.16986000033954,18.43194400000089],[-66.1698290003774,18.431961000316086],[-66.16967600021654,18.43204499964297],[-66.16966299979774,18.432051000202073],[-66.16923500017556,18.43210200025858],[-66.16870500044615,18.43214699974445],[-66.16856900000371,18.43218999988608],[-66.16828899962123,18.43221000002754],[-66.16796700030427,18.432301999966622],[-66.16777899998328,18.432553999881044],[-66.16775499969384,18.432751000074308],[-66.16777499978532,18.433003000182783],[-66.16783199968674,18.433196000367776],[-66.16812299993987,18.433385999653805],[-66.1683149995605,18.433432000167013],[-66.16853600039174,18.433464999990342],[-66.16880500000525,18.433459999991708],[-66.16916999987824,18.43345499999291],[-66.16937300026785,18.433477999815743],[-66.1696729998435,18.433505999632896],[-66.1697080000036,18.433512000140993],[-66.16975499985925,18.43352099962443],[-66.16991600041605,18.433582999745827],[-66.16995200040107,18.433617999708297],[-66.17006600020387,18.43372400006243],[-66.17009499961787,18.433751000182394],[-66.17010899986158,18.433816000043457],[-66.1701459996715,18.433994000218963],[-66.17015800026537,18.43404900002527],[-66.17015499989233,18.434177999842795],[-66.17015300024252,18.43427899987678],[-66.17009999964075,18.43450400030449],[-66.17001400032534,18.434935000104392],[-66.17001099995228,18.43496100038403],[-66.1699549998758,18.435095000320555],[-66.16990399982217,18.435215999607454],[-66.16983299967706,18.43538400015244],[-66.16974200033879,18.435413999806375],[-66.16965799977488,18.435498000002603],[-66.16945899958324,18.43554100015819],[-66.16931200016847,18.43557200028351],[-66.16897999990745,18.435512000173365],[-66.1688219997237,18.43538799959526],[-66.16870000042327,18.435221000407257],[-66.1685460004375,18.435037000195507],[-66.16853899986648,18.4350300000909],[-66.16833200017724,18.434925999842804],[-66.16804799959681,18.434888000342827],[-66.16777399996043,18.43491199962432],[-66.16762099979955,18.434940999710385],[-66.16751500039264,18.434962000034147],[-66.16720700042107,18.435098999770116],[-66.16684699967264,18.435355999788957],[-66.16647699977679,18.435657999694698],[-66.16606400022324,18.4360760003819],[-66.16597100033681,18.436167999956297],[-66.16581300015307,18.436327000234716],[-66.16569299960415,18.436446999865076],[-66.165449000105,18.436804999826837],[-66.16528000005059,18.43707500025692],[-66.1651679998976,18.437347000387536],[-66.16508000003407,18.437556999717675],[-66.16501499973673,18.43766500032026],[-66.16498999962236,18.437752999656354],[-66.16496000038346,18.43785999965029],[-66.16489500008613,18.438025000418317],[-66.16464499984087,18.438790000359845],[-66.16416899963981,18.440345000098826],[-66.1638230000334,18.441587999861703],[-66.16374699986541,18.441972999872345],[-66.16375600008625,18.44229099976624],[-66.16375600008625,18.442693999616935],[-66.1637610001091,18.44330900025474],[-66.16377000032995,18.44375399962749],[-66.16372699977394,18.444138999897476],[-66.16362600038991,18.44462500007537],[-66.16353900035126,18.444941000137266],[-66.1634139997795,18.445316999734047],[-66.16314500016597,18.445982000115453],[-66.16288499987498,18.446490999977662],[-66.16252000000199,18.447229000017195],[-66.16230200044211,18.447608000152698],[-66.16229565965013,18.44761906032472],[-66.162298,18.447636],[-66.162349,18.448004],[-66.162462,18.448627],[-66.162528,18.448938],[-66.162599,18.449368],[-66.162719,18.449963],[-66.162766,18.450182],[-66.162846,18.45017],[-66.163281,18.450174],[-66.163571,18.45019],[-66.163733,18.450211],[-66.164008,18.450259],[-66.164176,18.450281],[-66.164232,18.450293],[-66.164279,18.450308],[-66.164377,18.450364],[-66.164397,18.450381],[-66.164406,18.450398],[-66.164407,18.450419],[-66.164392,18.450478],[-66.164378,18.450601],[-66.164382,18.450699],[-66.164399,18.450756],[-66.164431,18.4508],[-66.164477,18.450839],[-66.164529,18.450866],[-66.164578,18.450876],[-66.164628,18.450875],[-66.164708,18.450863],[-66.164866,18.450811],[-66.164962,18.450798],[-66.165053,18.450797],[-66.165267,18.450808],[-66.165513,18.450806],[-66.165688,18.450799],[-66.165995,18.450777],[-66.166192,18.450782],[-66.166276,18.450773],[-66.166367,18.450738],[-66.166375,18.450733],[-66.166392,18.450723],[-66.166406,18.450707],[-66.166416,18.450677],[-66.166422,18.450579],[-66.166452,18.45049],[-66.166485,18.450441],[-66.166517,18.450419],[-66.166557,18.450406],[-66.166604,18.4504],[-66.166658,18.450404],[-66.167069,18.450423],[-66.167617,18.450349],[-66.168184,18.450294],[-66.168594,18.450332],[-66.169338,18.450389],[-66.1701,18.450446],[-66.170843,18.450428],[-66.171449,18.450578],[-66.172173,18.45071],[-66.172505,18.450972],[-66.172778,18.451084],[-66.173263,18.451116],[-66.174026,18.451379],[-66.174846,18.451753],[-66.174977,18.451858],[-66.175063,18.451985],[-66.175077,18.452025],[-66.175136,18.452123],[-66.175162,18.452156],[-66.175234,18.452249],[-66.175398,18.452361],[-66.175515,18.45241],[-66.176449,18.452876],[-66.176592,18.452951],[-66.177428,18.453445],[-66.178005,18.453773],[-66.178112,18.453834],[-66.178246,18.453923],[-66.178989,18.454353],[-66.179515,18.454684],[-66.179857,18.454952],[-66.180104,18.455145],[-66.180513,18.455475],[-66.180886,18.455776],[-66.180925,18.455821],[-66.182207,18.457039],[-66.182255,18.45707],[-66.182411,18.457213],[-66.182479,18.45729],[-66.182641,18.457427],[-66.18283,18.457586],[-66.182974,18.457698],[-66.183264,18.457659],[-66.183475,18.457723],[-66.183726,18.45795],[-66.184039,18.458238],[-66.184373,18.458567],[-66.184432,18.458589],[-66.184512,18.458581],[-66.184546,18.458528],[-66.184544,18.458468],[-66.184316,18.458161],[-66.18411,18.457794],[-66.183797,18.457465],[-66.18361,18.457199],[-66.183636,18.456957],[-66.18364,18.456714],[-66.183643,18.456511],[-66.1835,18.456185],[-66.183482,18.456003],[-66.183633,18.455803],[-66.183444,18.455699],[-66.18332,18.455535],[-66.183407,18.455354],[-66.183477,18.454971],[-66.183395,18.454828],[-66.183203,18.454886],[-66.1831,18.454702],[-66.183017,18.454559],[-66.182867,18.454678],[-66.182697,18.454676],[-66.182616,18.454472],[-66.182404,18.454469],[-66.182343,18.454266],[-66.182683,18.45423],[-66.182686,18.454068],[-66.182541,18.453864],[-66.182267,18.453738],[-66.181991,18.453774],[-66.181837,18.454076],[-66.18158,18.454274],[-66.181669,18.454013],[-66.181846,18.45355],[-66.182018,18.453411],[-66.182275,18.453273],[-66.182129,18.453109],[-66.181959,18.453106],[-66.181664,18.45298],[-66.181752,18.45284],[-66.181858,18.452821],[-66.181989,18.4526],[-66.18212,18.45238],[-66.182123,18.452198],[-66.182077,18.4519],[-66.182106,18.451813],[-66.182118,18.451784],[-66.182142,18.451729],[-66.18218,18.45168],[-66.182235,18.451608],[-66.182329,18.451521],[-66.182391,18.45147],[-66.182422,18.451404],[-66.182452,18.451357],[-66.182471,18.451275],[-66.182469,18.451172],[-66.182417,18.451071],[-66.182361,18.451008],[-66.18227,18.450906],[-66.182245,18.450869],[-66.18222,18.450822],[-66.182228,18.4508],[-66.18229,18.450714],[-66.182321,18.45066],[-66.182382,18.450552],[-66.183114,18.451074],[-66.183474,18.451339],[-66.18385,18.45159],[-66.184266,18.451903],[-66.184469,18.452104],[-66.184664,18.452328],[-66.184884,18.452536],[-66.185161,18.452777],[-66.185478,18.453042],[-66.185838,18.453268],[-66.1861,18.453438],[-66.186377,18.453671],[-66.186793,18.454016],[-66.187261,18.454296],[-66.187462,18.454424],[-66.188029,18.454694],[-66.188079,18.454359],[-66.188097,18.454008],[-66.188127,18.453729],[-66.188159,18.453532],[-66.188189,18.453194],[-66.188214,18.452938],[-66.188286,18.452598],[-66.18832,18.45233],[-66.188349,18.452172],[-66.188426,18.452074],[-66.188524,18.451992],[-66.18858,18.451926],[-66.188624,18.45182],[-66.188662,18.451709],[-66.188679,18.451632],[-66.188684,18.45152],[-66.188675,18.45136],[-66.188673,18.451221],[-66.188671,18.451102],[-66.188654,18.451014],[-66.188639,18.45099],[-66.188531,18.450919],[-66.18849,18.450869],[-66.188194,18.450505],[-66.187989,18.450268],[-66.1878,18.450062],[-66.187626,18.449805],[-66.187462,18.449615],[-66.187234,18.449272],[-66.186941,18.448857],[-66.18693,18.448841],[-66.186624,18.448461],[-66.186612,18.448446],[-66.186331,18.448075],[-66.18602,18.447642],[-66.185811,18.44736],[-66.185588,18.44709],[-66.185339,18.446756],[-66.18496,18.446241],[-66.184666,18.44587],[-66.18431,18.44538],[-66.184055,18.445047],[-66.183846,18.444747],[-66.183573,18.444428],[-66.183364,18.444177],[-66.183155,18.443953],[-66.182928,18.443748],[-66.18266,18.443559],[-66.18231,18.443292],[-66.181854,18.442969],[-66.181359,18.44262],[-66.180845,18.44224],[-66.180216,18.44179],[-66.179605,18.441377],[-66.179064,18.44099],[-66.178532,18.440585],[-66.178153,18.440325],[-66.177801,18.440069],[-66.177463,18.43978],[-66.177253,18.439648],[-66.176932,18.439438],[-66.176665,18.439269],[-66.176459,18.439188],[-66.176265,18.439131],[-66.175844,18.439093],[-66.175567,18.439026],[-66.175349,18.438958],[-66.175179,18.438816],[-66.17501,18.438618],[-66.17487,18.438446],[-66.17483,18.438285],[-66.174801,18.438057],[-66.174797,18.437976],[-66.174792,18.437972],[-66.174326,18.437929],[-66.173486,18.437866],[-66.172922,18.437814],[-66.172618,18.437791],[-66.170833,18.437771],[-66.170012,18.437752],[-66.169355,18.437736],[-66.168665,18.437707],[-66.168505,18.437697],[-66.168468,18.437643],[-66.168489,18.437566],[-66.168655,18.437561],[-66.169247,18.437557],[-66.170093,18.437564],[-66.170706,18.437579],[-66.175823,18.437686],[-66.175853,18.437782],[-66.175926,18.438047],[-66.176035,18.438271],[-66.176182,18.438463],[-66.17631,18.43856],[-66.176766,18.438864],[-66.177204,18.439175],[-66.177657,18.439488],[-66.177702,18.439532],[-66.177999,18.439745],[-66.178275,18.439916],[-66.1785,18.440065],[-66.178993,18.440445],[-66.17941,18.44073],[-66.179803,18.441003],[-66.180079,18.441199],[-66.180452,18.441466],[-66.180824,18.441744],[-66.181248,18.442036],[-66.18218,18.442689],[-66.182804,18.44314],[-66.183207,18.44344],[-66.183531,18.44372],[-66.183866,18.444069],[-66.184103,18.444367],[-66.184391,18.444751],[-66.184721,18.445227],[-66.185039,18.445635],[-66.185325,18.446025],[-66.185636,18.446436],[-66.185807,18.446686],[-66.186061,18.44705],[-66.186378,18.4475],[-66.186613,18.447789],[-66.186944,18.448224],[-66.186961,18.448227],[-66.186993,18.448233],[-66.187061,18.448218],[-66.187171,18.448156],[-66.187283,18.448059],[-66.18737,18.447928],[-66.187422,18.447772],[-66.187452,18.447594],[-66.187457,18.447288],[-66.187418,18.447088],[-66.18739,18.446862],[-66.187384,18.446738],[-66.187379,18.446644],[-66.187381,18.446564],[-66.187374,18.446506],[-66.187322,18.44641],[-66.187399,18.446395],[-66.187547,18.446394],[-66.187692,18.446396],[-66.187722,18.446422],[-66.187752,18.446475],[-66.187743,18.446598],[-66.187729,18.446685],[-66.187697,18.446785],[-66.187695,18.446881],[-66.187706,18.446929],[-66.187777,18.446968],[-66.187937,18.447007],[-66.188164,18.447063],[-66.188308,18.447101],[-66.188775,18.447304],[-66.188898,18.447357],[-66.188976,18.447235],[-66.189528,18.446545],[-66.189422,18.446514],[-66.189097,18.446357],[-66.188693,18.446161],[-66.188508,18.446072],[-66.188221,18.445951],[-66.188046,18.445898],[-66.187758,18.445842],[-66.187538,18.445817],[-66.187148,18.445813],[-66.187073,18.445819],[-66.18707,18.445488],[-66.18705,18.445204],[-66.187072,18.44488],[-66.187117,18.444644],[-66.18716,18.444542],[-66.187271,18.444331],[-66.187431,18.444191],[-66.187562,18.444134],[-66.187725,18.444052],[-66.18792,18.443935],[-66.188051,18.443877],[-66.188402,18.443748],[-66.188469,18.443718],[-66.188565,18.443676],[-66.188879,18.443556],[-66.189116,18.44345],[-66.189483,18.443271],[-66.18982,18.443105],[-66.189977,18.443027],[-66.19013,18.44295],[-66.190287,18.442873],[-66.190456,18.442771],[-66.190667,18.442605],[-66.190805,18.442428],[-66.190859,18.442334],[-66.190876,18.442249],[-66.190883,18.442155],[-66.190895,18.442036],[-66.190907,18.441936],[-66.19094,18.441807],[-66.190958,18.441693],[-66.190996,18.441574],[-66.19105,18.441451],[-66.191115,18.441317],[-66.191201,18.441179],[-66.191286,18.441031],[-66.191383,18.440848],[-66.191448,18.440689],[-66.191481,18.440575],[-66.191488,18.440471]]],[[[-66.172962,18.421653],[-66.172951,18.421605],[-66.17294,18.421545],[-66.172886,18.42148],[-66.172855,18.421448],[-66.172758,18.421409],[-66.172654,18.421437],[-66.17256750719466,18.421447590955754],[-66.17255000006794,18.42168699981776],[-66.17255500009082,18.421730000018112],[-66.1725879997028,18.421938999946892],[-66.1726029997714,18.42224599987937],[-66.17259837319624,18.422279202886017],[-66.172716,18.422091],[-66.17294,18.421729],[-66.172962,18.421653]]],[[[-66.17066105248175,18.424059757793053],[-66.17051200026772,18.42419499987551],[-66.17024299975589,18.424470999626],[-66.17015122379289,18.424612803119338],[-66.170153,18.424611],[-66.170236,18.424526],[-66.170543,18.42419],[-66.170659,18.424062],[-66.17066105248175,18.424059757793053]]]]}},{"type":"Feature","properties":{"OBJECTID":3113784,"DFIRM_ID":"72000C","FLD_ZONE":"X","ZONE_SUBTY":"0.2 PCT ANNUAL CHANCE FLOOD HAZARD","SFHA_TF":"F","STATIC_BFE":-9999,"V_DATUM":"","LEN_UNIT":"","SOURCE_CIT":"72000C_FIS1"},"geometry":{"type":"Polygon","coordinates":[[[-66.162126,18.450287],[-66.161914,18.449079],[-66.161783,18.448414],[-66.16178012249574,18.448401051230807],[-66.16177500018742,18.448408000391094],[-66.16147700026157,18.44873000028746],[-66.16110999984046,18.449076999859837],[-66.16110674144646,18.449080604939727],[-66.16111,18.449099],[-66.161124,18.449176],[-66.161146,18.449514],[-66.161154,18.449617],[-66.161253,18.449904],[-66.161362,18.450396],[-66.161368,18.450472],[-66.161451,18.450445],[-66.161647,18.450388],[-66.161817,18.450345],[-66.161858,18.450336],[-66.161961,18.450314],[-66.162126,18.450287]]]}},{"type":"Feature","properties":{"OBJECTID":3113877,"DFIRM_ID":"72000C","FLD_ZONE":"X","ZONE_SUBTY":"AREA OF MINIMAL FLOOD HAZARD","SFHA_TF":"F","STATIC_BFE":-9999,"V_DATUM":"","LEN_UNIT":"","SOURCE_CIT":"72000C_FIS1"},"geometry":{"type":"Polygon","coordinates":[[[-66.189805,18.44955],[-66.18895,18.449531],[-66.188754,18.449527],[-66.18876,18.450116],[-66.189029,18.450439],[-66.189066,18.450484],[-66.189752,18.450014],[-66.189805,18.44955]]]}},{"type":"Feature","properties":{"OBJECTID":3113940,"DFIRM_ID":"72000C","FLD_ZONE":"X","ZONE_SUBTY":"AREA OF MINIMAL FLOOD HAZARD","SFHA_TF":"F","STATIC_BFE":-9999,"V_DATUM":"","LEN_UNIT":"","SOURCE_CIT":"72000C_FIS1"},"geometry":{"type":"MultiPolygon","coordinates":[[[[-66.160236,18.450798],[-66.160206,18.45064],[-66.160128,18.450227],[-66.160062,18.449748],[-66.16006038842136,18.449736391597604],[-66.1598040003343,18.449843999992943],[-66.15968399978541,18.449892999902808],[-66.15930100036907,18.450066000098868],[-66.15914900003311,18.450134999704815],[-66.15909100030679,18.450161000240726],[-66.15909100030679,18.449826999742694],[-66.15912499974367,18.449460999711373],[-66.1591549998809,18.44938700029942],[-66.15920599993451,18.44891899987134],[-66.15927799990453,18.44860300031043],[-66.15939300043058,18.448281999748605],[-66.15942799969237,18.44823799980006],[-66.15948700014191,18.448161999862354],[-66.1594939998146,18.44814799987016],[-66.15951599955592,18.448107000312564],[-66.15953700037063,18.448065999893004],[-66.15954900006619,18.44804399989246],[-66.15957300035564,18.447997999882237],[-66.1596279997089,18.44789300023882],[-66.1597493622789,18.447646705976535],[-66.159704,18.447344],[-66.159592,18.447029],[-66.159471,18.446691],[-66.15918738186744,18.44565496537832],[-66.15917599979728,18.445656000124547],[-66.15916099972868,18.44565699971245],[-66.15910999967505,18.445660999768343],[-66.15909299995661,18.445662000208408],[-66.15903100003233,18.445666000264175],[-66.15896200043537,18.44567200034768],[-66.15892499972712,18.445674999963252],[-66.15889471305776,18.445684818255874],[-66.158893,18.445697],[-66.158881,18.445783],[-66.158877,18.44581],[-66.158874,18.445837],[-66.158873,18.445851],[-66.158872,18.445864],[-66.158872,18.445878],[-66.158874,18.445904],[-66.158876,18.445918],[-66.158879,18.445931],[-66.158886,18.445958],[-66.158898,18.445997],[-66.158937,18.44613],[-66.158949,18.446169],[-66.158956,18.446196],[-66.158962,18.446222],[-66.158974,18.446275],[-66.159001,18.446394],[-66.15901,18.446434],[-66.159015,18.44646],[-66.159018,18.446473],[-66.15902,18.446487],[-66.159023,18.446526],[-66.159023,18.446538],[-66.159021,18.446575],[-66.159021,18.446588],[-66.159022,18.4466],[-66.159023,18.446613],[-66.159025,18.446627],[-66.159027,18.44664],[-66.159032,18.446666],[-66.159041,18.446705],[-66.159075,18.446849],[-66.159087,18.446901],[-66.159095,18.44694],[-66.159102,18.44698],[-66.159111,18.447034],[-66.159139,18.447223],[-66.159155,18.447326],[-66.159162,18.447372],[-66.159166,18.447399],[-66.159167,18.447408],[-66.159168,18.447413],[-66.159169,18.447426],[-66.159171,18.44744],[-66.159171,18.447481],[-66.15917,18.447494],[-66.159168,18.447508],[-66.159167,18.447521],[-66.159163,18.447547],[-66.159157,18.447571],[-66.159153,18.447583],[-66.159148,18.447593],[-66.159141,18.447602],[-66.159132,18.447609],[-66.15911,18.447619],[-66.159097,18.447623],[-66.159071,18.447629],[-66.159057,18.447632],[-66.15903,18.447637],[-66.158931,18.447653],[-66.158805,18.447677],[-66.158777,18.447681],[-66.158764,18.447683],[-66.15875,18.447685],[-66.158737,18.447687],[-66.158712,18.447687],[-66.158701,18.447685],[-66.15869,18.447681],[-66.158681,18.447674],[-66.158673,18.447666],[-66.158666,18.447656],[-66.15866,18.447645],[-66.158653,18.447633],[-66.158648,18.447621],[-66.158642,18.447609],[-66.158625,18.447571],[-66.15862,18.447559],[-66.158614,18.447548],[-66.158609,18.447537],[-66.158603,18.447528],[-66.158597,18.44752],[-66.15859,18.447514],[-66.158583,18.447511],[-66.158576,18.447512],[-66.158569,18.447515],[-66.158561,18.44752],[-66.158538,18.447538],[-66.158531,18.447543],[-66.158525,18.447546],[-66.158519,18.447547],[-66.158514,18.447543],[-66.158509,18.447537],[-66.158506,18.447529],[-66.158504,18.447524],[-66.158503,18.447519],[-66.1585,18.447507],[-66.158494,18.447482],[-66.158487,18.447442],[-66.15847,18.447333],[-66.158465,18.447306],[-66.158459,18.44728],[-66.158456,18.447268],[-66.158452,18.447256],[-66.158447,18.447246],[-66.158441,18.447237],[-66.158434,18.44723],[-66.158425,18.447226],[-66.158415,18.447223],[-66.158404,18.447222],[-66.158379,18.447222],[-66.158314,18.447227],[-66.158302,18.447227],[-66.15829,18.447226],[-66.158279,18.447224],[-66.158269,18.44722],[-66.158259,18.447213],[-66.158251,18.447205],[-66.158244,18.447195],[-66.158237,18.447184],[-66.158231,18.447173],[-66.158225,18.44716],[-66.158219,18.447148],[-66.158192,18.447084],[-66.15818,18.447059],[-66.158174,18.447047],[-66.15816,18.447023],[-66.158152,18.447012],[-66.158145,18.447002],[-66.158127,18.446984],[-66.158118,18.446976],[-66.158091,18.44695],[-66.158072,18.446931],[-66.158053,18.446911],[-66.158027,18.446881],[-66.158009,18.446863],[-66.158001,18.446856],[-66.157992,18.446849],[-66.157983,18.446845],[-66.157974,18.446843],[-66.157966,18.446845],[-66.157957,18.44685],[-66.157948,18.446856],[-66.157939,18.446864],[-66.15793,18.446873],[-66.157912,18.446893],[-66.157894,18.446914],[-66.157841,18.446979],[-66.157805,18.447022],[-66.157714,18.447129],[-66.157697,18.44715],[-66.157688,18.447161],[-66.15768,18.447172],[-66.157666,18.447194],[-66.15766,18.447205],[-66.157656,18.447217],[-66.157653,18.447229],[-66.157651,18.447242],[-66.157651,18.447267],[-66.157652,18.447307],[-66.157653,18.44732],[-66.157652,18.447334],[-66.157651,18.447361],[-66.157646,18.447416],[-66.157645,18.447429],[-66.157644,18.447443],[-66.157644,18.44747],[-66.157646,18.447484],[-66.157648,18.447497],[-66.15765,18.447511],[-66.157655,18.447537],[-66.157667,18.447589],[-66.15767,18.447601],[-66.15767,18.447605],[-66.157672,18.447613],[-66.157673,18.447623],[-66.157673,18.447632],[-66.157672,18.447639],[-66.157669,18.447643],[-66.157665,18.447644],[-66.157659,18.447642],[-66.157652,18.447638],[-66.157644,18.447633],[-66.157635,18.447627],[-66.157617,18.447613],[-66.157599,18.447595],[-66.157581,18.447575],[-66.157563,18.447553],[-66.15752,18.4475],[-66.157512,18.44749],[-66.157494,18.44747],[-66.157485,18.447461],[-66.157476,18.447453],[-66.157466,18.447447],[-66.157455,18.447442],[-66.157444,18.447438],[-66.157431,18.447437],[-66.157418,18.447437],[-66.157405,18.447438],[-66.157391,18.447439],[-66.157377,18.447441],[-66.157363,18.447444],[-66.157335,18.447449],[-66.157264,18.447462],[-66.157236,18.447467],[-66.157209,18.447473],[-66.157195,18.447477],[-66.157182,18.44748],[-66.15717,18.447485],[-66.157148,18.447497],[-66.157139,18.447506],[-66.157131,18.447516],[-66.157124,18.447526],[-66.157105,18.447564],[-66.157096,18.447587],[-66.157069,18.447651],[-66.157059,18.447676],[-66.157041,18.447712],[-66.157034,18.447723],[-66.157026,18.447734],[-66.157018,18.447743],[-66.157008,18.447751],[-66.156986,18.447765],[-66.156974,18.44777],[-66.156961,18.447776],[-66.156936,18.447786],[-66.15691,18.447796],[-66.15687,18.44781],[-66.156844,18.44782],[-66.15683,18.447824],[-66.156804,18.447832],[-66.156791,18.447835],[-66.156777,18.447838],[-66.156764,18.44784],[-66.156751,18.44784],[-66.156738,18.447841],[-66.156725,18.44784],[-66.156687,18.447838],[-66.156675,18.447838],[-66.156663,18.447839],[-66.156652,18.447841],[-66.156641,18.447844],[-66.15663,18.447849],[-66.15662,18.447856],[-66.15661,18.447864],[-66.156601,18.447873],[-66.156592,18.447883],[-66.156556,18.447924],[-66.156547,18.447934],[-66.156528,18.447953],[-66.156518,18.447961],[-66.156507,18.447968],[-66.156495,18.447975],[-66.156471,18.447987],[-66.156458,18.447993],[-66.156446,18.447998],[-66.15642,18.448008],[-66.15633,18.448043],[-66.156292,18.448058],[-66.156266,18.448069],[-66.156242,18.448081],[-66.156206,18.448102],[-66.156194,18.44811],[-66.156171,18.448126],[-66.156126,18.448158],[-66.156001,18.448248],[-66.155966,18.448272],[-66.155943,18.448287],[-66.155919,18.448301],[-66.155907,18.448307],[-66.155895,18.448312],[-66.155882,18.448316],[-66.155869,18.448318],[-66.155855,18.448319],[-66.155813,18.448316],[-66.155773,18.448312],[-66.155749,18.44831],[-66.15574,18.448311],[-66.155732,18.448312],[-66.155727,18.448316],[-66.155726,18.448321],[-66.155728,18.448328],[-66.155732,18.448337],[-66.155736,18.448345],[-66.155737,18.448346],[-66.155744,18.448355],[-66.15576,18.448375],[-66.155769,18.448385],[-66.15578,18.448394],[-66.15579,18.448403],[-66.155812,18.448421],[-66.155846,18.448446],[-66.155856,18.448455],[-66.155866,18.448463],[-66.155874,18.448471],[-66.155881,18.44848],[-66.155886,18.448488],[-66.155888,18.448496],[-66.155886,18.448505],[-66.155882,18.448513],[-66.155875,18.448522],[-66.155866,18.44853],[-66.155857,18.448539],[-66.155847,18.448547],[-66.155836,18.448556],[-66.155813,18.448573],[-66.15579,18.448589],[-66.155779,18.448597],[-66.155767,18.448605],[-66.155756,18.448612],[-66.155744,18.448619],[-66.155732,18.448624],[-66.155721,18.448628],[-66.155709,18.44863],[-66.155697,18.448629],[-66.155685,18.448627],[-66.155661,18.448617],[-66.155637,18.448605],[-66.155612,18.448591],[-66.155576,18.44857],[-66.155478,18.448511],[-66.155474,18.448509],[-66.155454,18.448497],[-66.155418,18.448476],[-66.155406,18.44847],[-66.155382,18.44846],[-66.155371,18.448457],[-66.15536,18.448455],[-66.155349,18.448455],[-66.155339,18.448459],[-66.15533,18.448464],[-66.15532,18.44847],[-66.155293,18.448493],[-66.155284,18.4485],[-66.155274,18.448505],[-66.155264,18.448508],[-66.155253,18.448508],[-66.155242,18.448506],[-66.155231,18.448503],[-66.155207,18.448493],[-66.155183,18.448481],[-66.155159,18.448471],[-66.155147,18.448467],[-66.155136,18.448465],[-66.155125,18.448465],[-66.155115,18.448468],[-66.155106,18.448473],[-66.155097,18.448479],[-66.155078,18.448493],[-66.155068,18.448499],[-66.155058,18.448506],[-66.155048,18.44851],[-66.155037,18.448514],[-66.155001,18.448517],[-66.154976,18.448517],[-66.154964,18.448518],[-66.154951,18.448519],[-66.154939,18.448521],[-66.154927,18.448525],[-66.154915,18.44853],[-66.154903,18.448536],[-66.154892,18.448543],[-66.15488,18.44855],[-66.154857,18.448565],[-66.154838,18.448578],[-66.154824,18.448588],[-66.154734,18.448653],[-66.154689,18.448684],[-66.154667,18.4487],[-66.154655,18.448707],[-66.154644,18.448715],[-66.154632,18.448722],[-66.15462,18.448728],[-66.154608,18.448735],[-66.154596,18.44874],[-66.15457,18.448751],[-66.15452,18.448772],[-66.154494,18.448783],[-66.154469,18.448794],[-66.154433,18.448812],[-66.15441,18.448826],[-66.154327,18.448873],[-66.154304,18.448886],[-66.15428,18.448899],[-66.154268,18.448905],[-66.154255,18.44891],[-66.154243,18.448915],[-66.15423,18.448919],[-66.154204,18.448925],[-66.154178,18.448929],[-66.154151,18.448933],[-66.154125,18.448935],[-66.154062,18.448935],[-66.154038,18.448934],[-66.15401,18.448936],[-66.153969,18.448938],[-66.153956,18.448939],[-66.153944,18.448939],[-66.153922,18.448935],[-66.153913,18.44893],[-66.153907,18.448924],[-66.153902,18.448916],[-66.153898,18.448907],[-66.153896,18.448896],[-66.153895,18.448886],[-66.153895,18.448875],[-66.153896,18.448864],[-66.1539,18.448854],[-66.153905,18.448843],[-66.153913,18.448834],[-66.153922,18.448824],[-66.153931,18.448815],[-66.153942,18.448806],[-66.153953,18.448798],[-66.154009,18.448755],[-66.15402,18.448746],[-66.15403,18.448737],[-66.154041,18.448728],[-66.15405,18.448718],[-66.15406,18.448708],[-66.154069,18.448698],[-66.154113,18.448646],[-66.154131,18.448626],[-66.15414,18.448617],[-66.15415,18.448608],[-66.154172,18.448592],[-66.154184,18.448585],[-66.154196,18.448579],[-66.154209,18.448573],[-66.154222,18.448568],[-66.154249,18.448557],[-66.154342,18.448521],[-66.154382,18.448506],[-66.154421,18.448488],[-66.154433,18.448482],[-66.154505,18.44844],[-66.154779,18.448272],[-66.154826,18.448243],[-66.15485,18.448229],[-66.154863,18.448222],[-66.154875,18.448216],[-66.154887,18.448209],[-66.154913,18.448197],[-66.154926,18.448192],[-66.154952,18.448181],[-66.154992,18.448166],[-66.155098,18.448125],[-66.155138,18.448109],[-66.155164,18.448098],[-66.155176,18.448092],[-66.155189,18.448085],[-66.155201,18.448079],[-66.155213,18.448071],[-66.155236,18.448056],[-66.155258,18.44804],[-66.155281,18.448024],[-66.155326,18.447991],[-66.155348,18.447975],[-66.155378,18.447948],[-66.155394,18.447928],[-66.1554,18.447917],[-66.155405,18.447905],[-66.155411,18.447881],[-66.155414,18.447868],[-66.155416,18.447855],[-66.155417,18.447842],[-66.155418,18.44783],[-66.155418,18.447817],[-66.155417,18.447804],[-66.155414,18.447792],[-66.15541,18.44778],[-66.155404,18.447768],[-66.155398,18.447757],[-66.15539,18.447745],[-66.155374,18.447723],[-66.155365,18.447712],[-66.155348,18.44769],[-66.15533,18.447668],[-66.155321,18.447658],[-66.155313,18.447648],[-66.155304,18.447639],[-66.155295,18.447631],[-66.155286,18.447625],[-66.155277,18.44762],[-66.155268,18.447619],[-66.15526,18.44762],[-66.155251,18.447625],[-66.155242,18.447632],[-66.155224,18.44765],[-66.155215,18.44766],[-66.155206,18.447671],[-66.155162,18.447727],[-66.155144,18.447747],[-66.155135,18.447756],[-66.155126,18.447764],[-66.155119,18.44777],[-66.155111,18.447774],[-66.155105,18.447776],[-66.1551,18.447776],[-66.155096,18.447772],[-66.155094,18.447765],[-66.155093,18.447756],[-66.155092,18.447745],[-66.155093,18.447734],[-66.155093,18.447721],[-66.155095,18.447695],[-66.155106,18.447573],[-66.155112,18.447491],[-66.155114,18.447464],[-66.155116,18.447451],[-66.155117,18.447438],[-66.155119,18.447426],[-66.155122,18.447414],[-66.155126,18.447403],[-66.155131,18.447393],[-66.155137,18.447384],[-66.155146,18.447378],[-66.155156,18.447373],[-66.155167,18.447369],[-66.15518,18.447365],[-66.155192,18.447363],[-66.155206,18.447361],[-66.155219,18.447358],[-66.155247,18.447355],[-66.155303,18.447348],[-66.155331,18.447346],[-66.155344,18.447345],[-66.15537,18.447345],[-66.155382,18.447346],[-66.155394,18.447349],[-66.155404,18.447353],[-66.155413,18.44736],[-66.15542,18.447369],[-66.155427,18.447379],[-66.155433,18.44739],[-66.155439,18.447402],[-66.155449,18.447426],[-66.155464,18.447465],[-66.155556,18.447712],[-66.155571,18.447751],[-66.155576,18.447763],[-66.155588,18.447787],[-66.155595,18.447798],[-66.155602,18.447807],[-66.155611,18.447816],[-66.155621,18.447822],[-66.155633,18.447827],[-66.155645,18.447831],[-66.155658,18.447834],[-66.155672,18.447837],[-66.155714,18.447843],[-66.155742,18.447846],[-66.15577,18.447848],[-66.155784,18.447847],[-66.155797,18.447846],[-66.155809,18.447844],[-66.155821,18.44784],[-66.15583,18.447834],[-66.15584,18.447827],[-66.155848,18.447818],[-66.155864,18.447798],[-66.155871,18.447788],[-66.155892,18.447755],[-66.155898,18.447743],[-66.155903,18.447732],[-66.155907,18.447721],[-66.155911,18.447711],[-66.155912,18.4477],[-66.155912,18.44769],[-66.155908,18.44768],[-66.155902,18.447671],[-66.155894,18.447662],[-66.155876,18.447644],[-66.155865,18.447636],[-66.155855,18.447627],[-66.15581,18.447594],[-66.1558,18.447585],[-66.155789,18.447576],[-66.155771,18.447558],[-66.155764,18.447548],[-66.155758,18.447538],[-66.155754,18.447526],[-66.155752,18.447514],[-66.155751,18.447502],[-66.155752,18.447489],[-66.155752,18.447476],[-66.155754,18.447462],[-66.155755,18.447449],[-66.155759,18.447422],[-66.155774,18.447326],[-66.155777,18.447299],[-66.155778,18.447286],[-66.155779,18.447274],[-66.155779,18.447262],[-66.155778,18.447251],[-66.155775,18.44724],[-66.15577,18.447232],[-66.155762,18.447226],[-66.155753,18.447221],[-66.155742,18.447217],[-66.155729,18.447215],[-66.155703,18.447213],[-66.155689,18.447213],[-66.155661,18.447215],[-66.155646,18.447217],[-66.155589,18.447224],[-66.155575,18.447225],[-66.155549,18.447227],[-66.155536,18.447227],[-66.155525,18.447226],[-66.155514,18.447223],[-66.155505,18.447218],[-66.155499,18.447212],[-66.155494,18.447203],[-66.15549,18.447193],[-66.155488,18.447183],[-66.155486,18.447171],[-66.155485,18.447159],[-66.155484,18.447146],[-66.155486,18.44712],[-66.155489,18.447079],[-66.15549,18.447066],[-66.15549,18.44704],[-66.155488,18.447028],[-66.155484,18.447016],[-66.155479,18.447006],[-66.155472,18.446996],[-66.155464,18.446987],[-66.155454,18.446978],[-66.155445,18.44697],[-66.155434,18.446961],[-66.155413,18.446945],[-66.155369,18.446912],[-66.155347,18.446896],[-66.155337,18.446887],[-66.155327,18.446879],[-66.155317,18.44687],[-66.155308,18.446862],[-66.1553,18.446853],[-66.155293,18.446843],[-66.155288,18.446833],[-66.155285,18.446822],[-66.155285,18.446798],[-66.155287,18.446785],[-66.155289,18.446773],[-66.155291,18.44676],[-66.155294,18.446747],[-66.155301,18.44672],[-66.155315,18.446668],[-66.15532,18.446655],[-66.155324,18.446643],[-66.155334,18.446619],[-66.155341,18.446608],[-66.155348,18.446599],[-66.155358,18.44659],[-66.155368,18.446583],[-66.155379,18.446576],[-66.155391,18.44657],[-66.155403,18.446565],[-66.155416,18.446559],[-66.155467,18.446539],[-66.15548,18.446533],[-66.155492,18.446528],[-66.155503,18.446523],[-66.155513,18.446517],[-66.155521,18.446512],[-66.155527,18.446506],[-66.15553,18.446499],[-66.155529,18.446492],[-66.155525,18.446484],[-66.155519,18.446477],[-66.155512,18.446468],[-66.155503,18.44646],[-66.155483,18.446444],[-66.155461,18.446428],[-66.155449,18.446421],[-66.155425,18.446409],[-66.155412,18.446404],[-66.155399,18.4464],[-66.155385,18.446397],[-66.155371,18.446395],[-66.155358,18.446392],[-66.15533,18.446388],[-66.155302,18.446385],[-66.155275,18.446382],[-66.155262,18.446382],[-66.155249,18.446381],[-66.155227,18.446383],[-66.155218,18.446386],[-66.15521,18.44639],[-66.155205,18.446397],[-66.155201,18.446404],[-66.155199,18.446413],[-66.155193,18.44643],[-66.15519,18.446439],[-66.155185,18.446446],[-66.155177,18.446453],[-66.155167,18.446458],[-66.155156,18.446462],[-66.155144,18.446466],[-66.155118,18.446472],[-66.155062,18.44648],[-66.154918,18.446499],[-66.154788,18.446515],[-66.154732,18.446523],[-66.154719,18.446526],[-66.154707,18.44653],[-66.154696,18.446534],[-66.154686,18.446539],[-66.154679,18.446546],[-66.154674,18.446555],[-66.154671,18.446565],[-66.15467,18.446576],[-66.15467,18.446601],[-66.154672,18.446614],[-66.154673,18.446627],[-66.154677,18.446654],[-66.154691,18.44675],[-66.154695,18.446778],[-66.154696,18.446791],[-66.154698,18.446804],[-66.154698,18.446829],[-66.154696,18.44684],[-66.154693,18.44685],[-66.154688,18.446859],[-66.154681,18.446866],[-66.154671,18.446871],[-66.15466,18.446875],[-66.154647,18.446879],[-66.154635,18.446882],[-66.154581,18.446892],[-66.154569,18.446895],[-66.154558,18.446898],[-66.154548,18.446902],[-66.154541,18.446906],[-66.154537,18.446912],[-66.154536,18.446918],[-66.154538,18.446925],[-66.154541,18.446932],[-66.154547,18.44694],[-66.154553,18.446949],[-66.154561,18.446957],[-66.154569,18.446966],[-66.154587,18.446984],[-66.154598,18.446993],[-66.15462,18.447012],[-66.154653,18.447039],[-66.154853,18.447201],[-66.154874,18.447219],[-66.154894,18.447237],[-66.154902,18.447246],[-66.154909,18.447254],[-66.154913,18.447263],[-66.154915,18.447272],[-66.154913,18.447281],[-66.154909,18.447289],[-66.154903,18.447298],[-66.154886,18.447315],[-66.154877,18.447323],[-66.154857,18.44734],[-66.154825,18.447366],[-66.154805,18.447383],[-66.154785,18.447401],[-66.154776,18.447411],[-66.154768,18.447421],[-66.15476,18.447432],[-66.154753,18.447442],[-66.154746,18.447454],[-66.15474,18.447465],[-66.154722,18.4475],[-66.154716,18.447511],[-66.154709,18.447523],[-66.154702,18.447534],[-66.154695,18.447544],[-66.154687,18.447554],[-66.154678,18.447563],[-66.154658,18.447579],[-66.154647,18.447587],[-66.154635,18.447594],[-66.154613,18.447609],[-66.154554,18.447643],[-66.154531,18.447658],[-66.154508,18.447672],[-66.154496,18.44768],[-66.154486,18.447688],[-66.154475,18.447696],[-66.154455,18.447714],[-66.154445,18.447724],[-66.154426,18.447744],[-66.15438,18.447796],[-66.154352,18.447824],[-66.154343,18.447832],[-66.154333,18.447838],[-66.154323,18.447843],[-66.154314,18.447845],[-66.154304,18.447844],[-66.154293,18.447841],[-66.154283,18.447836],[-66.154272,18.447829],[-66.154262,18.447822],[-66.154251,18.447814],[-66.15423,18.447797],[-66.154143,18.447725],[-66.154067,18.447662],[-66.154045,18.447644],[-66.154035,18.447636],[-66.154025,18.447626],[-66.154015,18.447617],[-66.154006,18.447608],[-66.153992,18.447588],[-66.153988,18.447578],[-66.153987,18.447567],[-66.153987,18.447556],[-66.153989,18.447545],[-66.153991,18.447533],[-66.153995,18.447522],[-66.153999,18.44751],[-66.154004,18.447498],[-66.154013,18.447474],[-66.154024,18.44745],[-66.15403,18.447439],[-66.154036,18.447427],[-66.154043,18.447416],[-66.15405,18.447406],[-66.154068,18.447386],[-66.154078,18.447376],[-66.154088,18.447367],[-66.154109,18.447349],[-66.154163,18.447305],[-66.154185,18.447288],[-66.154205,18.44727],[-66.154224,18.447251],[-66.154232,18.447241],[-66.154239,18.44723],[-66.154244,18.447219],[-66.154248,18.447207],[-66.154251,18.447194],[-66.154253,18.447182],[-66.154257,18.447156],[-66.154265,18.447076],[-66.154266,18.44705],[-66.154267,18.447038],[-66.154267,18.447026],[-66.154266,18.447016],[-66.154264,18.447006],[-66.154261,18.446998],[-66.154256,18.446993],[-66.154249,18.446991],[-66.15424,18.446991],[-66.15423,18.446992],[-66.154219,18.446995],[-66.154207,18.447],[-66.154194,18.447004],[-66.154181,18.447009],[-66.154155,18.44702],[-66.154129,18.447032],[-66.15409,18.447049],[-66.154052,18.447068],[-66.15404,18.447075],[-66.154028,18.447083],[-66.154017,18.447091],[-66.154007,18.4471],[-66.153977,18.44713],[-66.153958,18.44715],[-66.153911,18.447202],[-66.153883,18.447233],[-66.153864,18.447253],[-66.153854,18.447263],[-66.153843,18.447272],[-66.153833,18.447281],[-66.153789,18.447317],[-66.153613,18.447456],[-66.15348,18.447562],[-66.153458,18.447579],[-66.153447,18.447587],[-66.153436,18.447594],[-66.153426,18.4476],[-66.153415,18.447605],[-66.153404,18.447608],[-66.153394,18.447608],[-66.153385,18.447606],[-66.153375,18.447601],[-66.153366,18.447595],[-66.153357,18.447587],[-66.153304,18.447534],[-66.153295,18.447527],[-66.153286,18.447521],[-66.153277,18.447516],[-66.153268,18.447514],[-66.153258,18.447514],[-66.153247,18.447518],[-66.153236,18.447523],[-66.153226,18.447529],[-66.153193,18.447553],[-66.153149,18.447589],[-66.153106,18.447627],[-66.153073,18.447654],[-66.153042,18.447683],[-66.153004,18.447718],[-66.152986,18.447734],[-66.152976,18.447741],[-66.152967,18.447747],[-66.152956,18.447751],[-66.152944,18.447755],[-66.152932,18.447757],[-66.152919,18.447758],[-66.152892,18.447758],[-66.152879,18.447757],[-66.152824,18.447753],[-66.152811,18.447752],[-66.152798,18.447752],[-66.152786,18.447753],[-66.152774,18.447755],[-66.152764,18.447757],[-66.152755,18.447762],[-66.152747,18.447769],[-66.152741,18.447778],[-66.152733,18.4478],[-66.152729,18.447812],[-66.152726,18.447825],[-66.152721,18.447851],[-66.152716,18.447878],[-66.152695,18.447999],[-66.15269,18.448026],[-66.152678,18.448078],[-66.152673,18.448091],[-66.152669,18.448103],[-66.152663,18.448114],[-66.152647,18.448134],[-66.152638,18.448144],[-66.152629,18.448153],[-66.152619,18.448162],[-66.152598,18.44818],[-66.152556,18.448215],[-66.152536,18.448232],[-66.152526,18.448242],[-66.152516,18.448251],[-66.152497,18.44827],[-66.15245,18.44832],[-66.152421,18.448349],[-66.152411,18.448358],[-66.15239,18.448376],[-66.152359,18.448402],[-66.152339,18.448421],[-66.15232,18.44844],[-66.152312,18.44845],[-66.152304,18.448461],[-66.152297,18.448472],[-66.152283,18.448496],[-66.152277,18.448508],[-66.152265,18.448533],[-66.152254,18.448558],[-66.152202,18.448671],[-66.15219,18.448696],[-66.152178,18.44872],[-66.152164,18.448742],[-66.152156,18.448753],[-66.152147,18.448762],[-66.152137,18.448771],[-66.152126,18.448778],[-66.152114,18.448785],[-66.152101,18.448791],[-66.152089,18.448797],[-66.152076,18.448803],[-66.152024,18.448825],[-66.152011,18.44883],[-66.151998,18.448836],[-66.151986,18.448842],[-66.151975,18.448848],[-66.151964,18.448855],[-66.151955,18.448863],[-66.151948,18.448872],[-66.151943,18.448882],[-66.15194,18.448893],[-66.151938,18.448917],[-66.151938,18.44893],[-66.151939,18.448943],[-66.15194,18.448957],[-66.151942,18.448984],[-66.151956,18.449124],[-66.151957,18.449133],[-66.151961,18.449174],[-66.151963,18.449201],[-66.151963,18.449214],[-66.151964,18.449227],[-66.151963,18.44924],[-66.151962,18.449252],[-66.15196,18.449265],[-66.151956,18.449276],[-66.15195,18.449287],[-66.151943,18.449297],[-66.151934,18.449307],[-66.151924,18.449317],[-66.151904,18.449335],[-66.151882,18.449353],[-66.151805,18.449415],[-66.151772,18.449442],[-66.151751,18.449461],[-66.15174,18.44947],[-66.151731,18.44948],[-66.151721,18.44949],[-66.151703,18.449512],[-66.151694,18.449522],[-66.151677,18.449544],[-66.151643,18.449589],[-66.151622,18.449618],[-66.151623,18.44963],[-66.151514,18.449861],[-66.151412,18.44994],[-66.151322,18.450011],[-66.151313,18.450014],[-66.151297,18.45003],[-66.151288,18.450041],[-66.15128,18.450052],[-66.151273,18.450063],[-66.151266,18.450075],[-66.15126,18.450086],[-66.151254,18.450098],[-66.15125,18.450109],[-66.151247,18.450119],[-66.151247,18.45013],[-66.151248,18.450139],[-66.151253,18.450147],[-66.15126,18.450154],[-66.15127,18.450161],[-66.15128,18.450167],[-66.151304,18.450179],[-66.151317,18.450185],[-66.151343,18.450195],[-66.151396,18.450217],[-66.151423,18.450227],[-66.151436,18.450232],[-66.151449,18.450236],[-66.151461,18.45024],[-66.151474,18.450244],[-66.151486,18.450246],[-66.151498,18.450246],[-66.151509,18.450245],[-66.15152,18.450241],[-66.15153,18.450235],[-66.151539,18.450227],[-66.151549,18.450219],[-66.151558,18.450209],[-66.151566,18.4502],[-66.151602,18.450158],[-66.151611,18.450148],[-66.151629,18.45013],[-66.151649,18.450114],[-66.15166,18.450109],[-66.15167,18.450105],[-66.151681,18.450103],[-66.151705,18.450101],[-66.151729,18.4501],[-66.151813,18.450094],[-66.151883,18.450086],[-66.152024,18.450071],[-66.152051,18.450068],[-66.152064,18.450066],[-66.152075,18.450063],[-66.152086,18.450061],[-66.152095,18.450058],[-66.152101,18.450054],[-66.152104,18.45005],[-66.152103,18.450044],[-66.152099,18.450037],[-66.152093,18.45003],[-66.152085,18.450022],[-66.152066,18.450006],[-66.152057,18.449997],[-66.152049,18.449988],[-66.152042,18.44998],[-66.152037,18.449971],[-66.152034,18.449962],[-66.152036,18.449954],[-66.15204,18.449946],[-66.152045,18.449938],[-66.152053,18.44993],[-66.152061,18.449923],[-66.152081,18.449909],[-66.152091,18.449903],[-66.152102,18.449898],[-66.152114,18.449894],[-66.152127,18.449891],[-66.15214,18.44989],[-66.152168,18.44989],[-66.15221,18.449893],[-66.152238,18.449896],[-66.152281,18.449901],[-66.152308,18.449905],[-66.152322,18.449907],[-66.152346,18.449913],[-66.152357,18.449917],[-66.152367,18.449923],[-66.152374,18.449929],[-66.152379,18.449938],[-66.152382,18.449947],[-66.152384,18.449958],[-66.152384,18.44997],[-66.152383,18.449982],[-66.152382,18.449995],[-66.15238,18.450007],[-66.152378,18.45002],[-66.152375,18.450032],[-66.152371,18.450045],[-66.152367,18.450056],[-66.152361,18.450068],[-66.152345,18.450088],[-66.152335,18.450098],[-66.152325,18.450107],[-66.152314,18.450116],[-66.152248,18.450167],[-66.152225,18.450185],[-66.152214,18.450193],[-66.152194,18.450211],[-66.152184,18.450221],[-66.152166,18.450241],[-66.152154,18.450261],[-66.152138,18.450291],[-66.152133,18.450301],[-66.152127,18.450309],[-66.152121,18.450316],[-66.152113,18.45032],[-66.152104,18.450323],[-66.152094,18.450324],[-66.152083,18.450323],[-66.152049,18.450318],[-66.152038,18.450317],[-66.152029,18.450318],[-66.152022,18.450321],[-66.152017,18.450327],[-66.152013,18.450335],[-66.152011,18.450345],[-66.15201,18.450356],[-66.15201,18.450381],[-66.152011,18.450394],[-66.152013,18.450435],[-66.15202,18.450546],[-66.152022,18.450573],[-66.152025,18.4506],[-66.152026,18.450614],[-66.152032,18.45064],[-66.152042,18.450664],[-66.152056,18.450686],[-66.152064,18.450696],[-66.152072,18.450707],[-66.15208,18.450717],[-66.152098,18.450738],[-66.152125,18.450769],[-66.152142,18.450789],[-66.152169,18.450816],[-66.152178,18.450823],[-66.152187,18.450829],[-66.152196,18.450834],[-66.152205,18.450835],[-66.152215,18.450834],[-66.152224,18.450829],[-66.152234,18.450823],[-66.152243,18.450815],[-66.152253,18.450807],[-66.152262,18.450797],[-66.152282,18.450778],[-66.152387,18.450663],[-66.15253,18.45051],[-66.152748,18.450278],[-66.152874,18.450144],[-66.152932,18.450083],[-66.15301,18.450002],[-66.153029,18.449981],[-66.153056,18.449951],[-66.15307,18.449929],[-66.153076,18.449918],[-66.153079,18.449907],[-66.15308,18.449895],[-66.15308,18.449883],[-66.153078,18.449871],[-66.153075,18.449859],[-66.153067,18.449833],[-66.153057,18.449808],[-66.153014,18.449695],[-66.153003,18.449667],[-66.15294,18.4495],[-66.152895,18.449383],[-66.152877,18.449331],[-66.152873,18.449318],[-66.152869,18.449306],[-66.152866,18.449294],[-66.152864,18.449283],[-66.152863,18.449274],[-66.152864,18.449266],[-66.152868,18.44926],[-66.152874,18.449258],[-66.152882,18.449257],[-66.152892,18.449259],[-66.152904,18.449261],[-66.152916,18.449265],[-66.152954,18.449276],[-66.15298,18.449282],[-66.152992,18.449283],[-66.153003,18.449283],[-66.153012,18.44928],[-66.153021,18.449274],[-66.153028,18.449267],[-66.15304,18.449247],[-66.15305,18.449223],[-66.153059,18.449198],[-66.153088,18.449105],[-66.1531,18.44907],[-66.153104,18.449061],[-66.153107,18.449053],[-66.15311,18.449048],[-66.153112,18.449046],[-66.153113,18.449048],[-66.153114,18.449054],[-66.153115,18.449063],[-66.153115,18.449073],[-66.153114,18.449097],[-66.153112,18.449137],[-66.153105,18.449289],[-66.153098,18.449425],[-66.153096,18.449465],[-66.153096,18.449492],[-66.153098,18.449518],[-66.153101,18.449531],[-66.153104,18.449543],[-66.153109,18.449555],[-66.153115,18.449567],[-66.153122,18.449578],[-66.15313,18.449589],[-66.153139,18.4496],[-66.153147,18.449611],[-66.153165,18.449633],[-66.153192,18.449665],[-66.153211,18.449686],[-66.153229,18.449706],[-66.153237,18.449715],[-66.153246,18.449722],[-66.153254,18.449728],[-66.153262,18.449732],[-66.153269,18.449733],[-66.153275,18.44973],[-66.153281,18.449723],[-66.153286,18.449715],[-66.153291,18.449705],[-66.153296,18.449693],[-66.153305,18.449668],[-66.153313,18.449642],[-66.153378,18.449443],[-66.153389,18.449407],[-66.153391,18.449403],[-66.153399,18.449377],[-66.153409,18.449351],[-66.153414,18.449339],[-66.153419,18.449326],[-66.153426,18.449314],[-66.15344,18.449292],[-66.153458,18.449272],[-66.153468,18.449262],[-66.153478,18.449253],[-66.153509,18.449225],[-66.153604,18.449141],[-66.153625,18.449124],[-66.153636,18.449116],[-66.153646,18.449108],[-66.153656,18.449101],[-66.153667,18.449096],[-66.153677,18.449092],[-66.153687,18.449091],[-66.153697,18.449093],[-66.153707,18.449098],[-66.153716,18.449104],[-66.153726,18.449111],[-66.153735,18.44912],[-66.153745,18.449129],[-66.153784,18.449167],[-66.153794,18.449177],[-66.153804,18.449186],[-66.153826,18.449202],[-66.153838,18.449208],[-66.153864,18.44922],[-66.153877,18.449225],[-66.153904,18.449234],[-66.153959,18.449251],[-66.153972,18.449255],[-66.153996,18.449265],[-66.154007,18.449271],[-66.154017,18.449278],[-66.154025,18.449285],[-66.154025,18.449286],[-66.154031,18.449294],[-66.154035,18.449303],[-66.154046,18.449332],[-66.154051,18.449342],[-66.154057,18.449352],[-66.154065,18.449363],[-66.154073,18.449373],[-66.154092,18.449392],[-66.154132,18.44943],[-66.154142,18.449439],[-66.15416,18.449459],[-66.154168,18.449469],[-66.154175,18.449479],[-66.154181,18.449491],[-66.154184,18.449503],[-66.154186,18.449515],[-66.154187,18.449528],[-66.154187,18.449542],[-66.154186,18.449556],[-66.154185,18.449569],[-66.154184,18.449583],[-66.154181,18.44961],[-66.154179,18.449622],[-66.154176,18.449634],[-66.154173,18.449645],[-66.15417,18.449654],[-66.154166,18.449661],[-66.154161,18.449665],[-66.154155,18.449665],[-66.154147,18.449662],[-66.154139,18.449656],[-66.154131,18.449649],[-66.154122,18.449641],[-66.154094,18.449613],[-66.154036,18.449551],[-66.154017,18.449531],[-66.154007,18.449521],[-66.153997,18.449512],[-66.153988,18.449503],[-66.153977,18.449495],[-66.153967,18.449487],[-66.153956,18.449481],[-66.153945,18.449477],[-66.153933,18.449476],[-66.15392,18.449476],[-66.153907,18.449477],[-66.153894,18.44948],[-66.15388,18.449484],[-66.153854,18.449492],[-66.153841,18.449498],[-66.153829,18.449503],[-66.153817,18.44951],[-66.153807,18.449517],[-66.153798,18.449525],[-66.153791,18.449535],[-66.153785,18.449546],[-66.153781,18.449558],[-66.153773,18.449584],[-66.15377,18.449597],[-66.153765,18.449624],[-66.153751,18.449706],[-66.153746,18.449733],[-66.153745,18.449747],[-66.153743,18.44976],[-66.153742,18.449773],[-66.153742,18.449797],[-66.153745,18.449808],[-66.153749,18.449818],[-66.153756,18.449826],[-66.153764,18.449834],[-66.153774,18.44984],[-66.153785,18.449846],[-66.153797,18.449852],[-66.153847,18.449874],[-66.153871,18.449886],[-66.153882,18.449893],[-66.153893,18.449901],[-66.153902,18.44991],[-66.153911,18.44992],[-66.153925,18.449942],[-66.153931,18.449954],[-66.153937,18.449965],[-66.153941,18.449976],[-66.153943,18.449987],[-66.153944,18.449997],[-66.153942,18.450006],[-66.153937,18.450015],[-66.153929,18.450022],[-66.15392,18.450028],[-66.153909,18.450035],[-66.153897,18.45004],[-66.153885,18.450046],[-66.153859,18.450057],[-66.153805,18.450077],[-66.153751,18.450098],[-66.153724,18.450107],[-66.153711,18.450111],[-66.153697,18.450115],[-66.153684,18.450118],[-66.15367,18.45012],[-66.153656,18.450121],[-66.153642,18.450121],[-66.1536,18.450118],[-66.153572,18.450114],[-66.153543,18.45011],[-66.15343,18.450093],[-66.153401,18.450089],[-66.153373,18.450085],[-66.153345,18.450082],[-66.15333,18.450081],[-66.153316,18.45008],[-66.153302,18.450081],[-66.153288,18.450081],[-66.153259,18.450084],[-66.153217,18.450089],[-66.153188,18.450092],[-66.15316,18.450097],[-66.153147,18.450099],[-66.153133,18.450102],[-66.15312,18.450105],[-66.153108,18.450109],[-66.153096,18.450114],[-66.153086,18.450121],[-66.153077,18.450129],[-66.153069,18.450138],[-66.153062,18.450148],[-66.153056,18.450159],[-66.153044,18.450183],[-66.153034,18.450207],[-66.152998,18.450294],[-66.152982,18.450331],[-66.152971,18.450355],[-66.152965,18.450367],[-66.152944,18.4504],[-66.152935,18.45041],[-66.152926,18.450419],[-66.152924,18.45042],[-66.152916,18.450428],[-66.152905,18.450436],[-66.152894,18.450445],[-66.15285,18.450478],[-66.152829,18.450495],[-66.152818,18.450504],[-66.152815,18.450507],[-66.152808,18.450513],[-66.152799,18.450521],[-66.15279,18.450531],[-66.152782,18.45054],[-66.152773,18.45055],[-66.152766,18.450559],[-66.152758,18.450569],[-66.152752,18.450579],[-66.152746,18.45059],[-66.152741,18.4506],[-66.152737,18.450611],[-66.152734,18.450624],[-66.152733,18.450637],[-66.152733,18.45065],[-66.152734,18.450663],[-66.152735,18.450677],[-66.152738,18.450704],[-66.152744,18.450745],[-66.152749,18.450772],[-66.152755,18.450798],[-66.152763,18.450822],[-66.152769,18.450832],[-66.152776,18.450842],[-66.152784,18.450849],[-66.152794,18.450855],[-66.152805,18.450861],[-66.152816,18.450866],[-66.152828,18.45087],[-66.152865,18.450883],[-66.152901,18.450898],[-66.152912,18.450904],[-66.152934,18.45092],[-66.152954,18.450937],[-66.152963,18.450945],[-66.152972,18.450951],[-66.152982,18.450955],[-66.152991,18.450957],[-66.152999,18.450955],[-66.153008,18.450951],[-66.153017,18.450945],[-66.153043,18.450919],[-66.153069,18.45089],[-66.153079,18.45088],[-66.153088,18.45087],[-66.153098,18.450861],[-66.153109,18.450852],[-66.15312,18.450844],[-66.153132,18.450836],[-66.153156,18.450821],[-66.153192,18.450799],[-66.153253,18.450764],[-66.153364,18.450702],[-66.1534,18.450681],[-66.153412,18.450673],[-66.153423,18.450666],[-66.153443,18.45065],[-66.153451,18.450641],[-66.153457,18.450631],[-66.153461,18.450621],[-66.153463,18.450609],[-66.153464,18.450597],[-66.153464,18.450584],[-66.153462,18.450558],[-66.153459,18.450531],[-66.15345,18.45047],[-66.153449,18.450463],[-66.153444,18.450436],[-66.153441,18.450409],[-66.153439,18.450396],[-66.153438,18.450382],[-66.153437,18.45037],[-66.153437,18.450357],[-66.153438,18.450345],[-66.153441,18.450334],[-66.153445,18.450324],[-66.153452,18.450315],[-66.153461,18.450308],[-66.153471,18.450301],[-66.153507,18.450283],[-66.15352,18.450278],[-66.153547,18.450267],[-66.153707,18.450204],[-66.153733,18.450194],[-66.15376,18.450185],[-66.153774,18.45018],[-66.153787,18.450177],[-66.1538,18.450173],[-66.153814,18.45017],[-66.153841,18.450165],[-66.153921,18.450151],[-66.153948,18.450146],[-66.153961,18.450143],[-66.153973,18.450139],[-66.153986,18.450135],[-66.153997,18.45013],[-66.154008,18.450124],[-66.154028,18.45011],[-66.154047,18.450095],[-66.154075,18.45007],[-66.154111,18.450036],[-66.15414,18.450007],[-66.154179,18.449967],[-66.154265,18.449878],[-66.154361,18.449777],[-66.154399,18.449739],[-66.154408,18.449731],[-66.154417,18.449724],[-66.154425,18.449719],[-66.154433,18.449716],[-66.15444,18.449716],[-66.154446,18.449719],[-66.154452,18.449725],[-66.154457,18.449734],[-66.154461,18.449744],[-66.154465,18.449755],[-66.154469,18.449767],[-66.154477,18.449793],[-66.154518,18.449938],[-66.154528,18.449978],[-66.154535,18.450004],[-66.154537,18.450017],[-66.15454,18.450031],[-66.154542,18.450044],[-66.154543,18.450057],[-66.154543,18.450096],[-66.154541,18.450148],[-66.154541,18.450186],[-66.154545,18.45021],[-66.154548,18.45022],[-66.154553,18.450229],[-66.154561,18.450238],[-66.15457,18.450245],[-66.154581,18.450251],[-66.154593,18.450257],[-66.154605,18.450262],[-66.154618,18.450267],[-66.154645,18.450277],[-66.154796,18.450327],[-66.154823,18.450336],[-66.154836,18.45034],[-66.154848,18.450343],[-66.154859,18.450345],[-66.154869,18.450346],[-66.154877,18.450346],[-66.154883,18.450343],[-66.154886,18.450338],[-66.154887,18.45033],[-66.154886,18.45032],[-66.154883,18.45031],[-66.15488,18.450298],[-66.154876,18.450286],[-66.154862,18.450248],[-66.154833,18.45017],[-66.154809,18.450106],[-66.154748,18.44994],[-66.154739,18.449914],[-66.154733,18.449902],[-66.154728,18.449889],[-66.154722,18.449877],[-66.154716,18.449866],[-66.154709,18.449855],[-66.154701,18.449844],[-66.154692,18.449834],[-66.154672,18.449814],[-66.154652,18.449795],[-66.15461,18.449758],[-66.1546,18.449749],[-66.15459,18.449739],[-66.154572,18.449719],[-66.154564,18.449709],[-66.154558,18.449697],[-66.154553,18.449686],[-66.154549,18.449674],[-66.154543,18.449635],[-66.154541,18.449609],[-66.15454,18.449583],[-66.15454,18.449557],[-66.154542,18.449533],[-66.154545,18.449522],[-66.154549,18.449513],[-66.154554,18.449505],[-66.154562,18.449499],[-66.154572,18.449495],[-66.154583,18.449492],[-66.154595,18.449489],[-66.154607,18.449488],[-66.154621,18.449487],[-66.154634,18.449486],[-66.154662,18.449485],[-66.154718,18.449484],[-66.15476,18.449484],[-66.154816,18.449486],[-66.154944,18.449492],[-66.154971,18.449493],[-66.154998,18.449493],[-66.15501,18.449491],[-66.155021,18.449489],[-66.155031,18.449486],[-66.155038,18.44948],[-66.155044,18.449473],[-66.155047,18.449464],[-66.15505,18.449453],[-66.155051,18.449441],[-66.155051,18.449403],[-66.15505,18.449376],[-66.155046,18.449308],[-66.155045,18.449281],[-66.155045,18.449268],[-66.155047,18.449242],[-66.15505,18.44923],[-66.155054,18.449218],[-66.155059,18.449207],[-66.155066,18.449197],[-66.155074,18.449187],[-66.155083,18.449177],[-66.155198,18.449062],[-66.155218,18.449044],[-66.155228,18.449036],[-66.155238,18.44903],[-66.155249,18.449024],[-66.15526,18.449021],[-66.155271,18.44902],[-66.155283,18.449022],[-66.155296,18.449024],[-66.155308,18.449028],[-66.155334,18.449038],[-66.155347,18.449044],[-66.155373,18.449055],[-66.155542,18.449133],[-66.155568,18.449144],[-66.155581,18.449151],[-66.155593,18.449157],[-66.155605,18.449164],[-66.155616,18.449171],[-66.155627,18.449179],[-66.155636,18.449188],[-66.155644,18.449198],[-66.155651,18.449209],[-66.155656,18.44922],[-66.155662,18.449232],[-66.155667,18.449245],[-66.155676,18.44927],[-66.155684,18.449296],[-66.155721,18.449414],[-66.155733,18.449454],[-66.155742,18.449479],[-66.155747,18.449492],[-66.155752,18.449504],[-66.155757,18.449517],[-66.155763,18.449528],[-66.15577,18.449539],[-66.155778,18.449549],[-66.155786,18.449557],[-66.155796,18.449565],[-66.155807,18.449572],[-66.155818,18.449578],[-66.155829,18.449585],[-66.155877,18.449609],[-66.1559,18.449621],[-66.155912,18.449628],[-66.155943,18.449648],[-66.155953,18.449654],[-66.155965,18.44966],[-66.155978,18.449666],[-66.15599,18.449672],[-66.156029,18.449687],[-66.156055,18.449696],[-66.156069,18.4497],[-66.156109,18.449711],[-66.156204,18.449737],[-66.15623,18.449744],[-66.156256,18.449752],[-66.156269,18.449757],[-66.156291,18.449767],[-66.156301,18.449774],[-66.15631,18.449781],[-66.156316,18.449791],[-66.156321,18.449801],[-66.156325,18.449813],[-66.156328,18.449825],[-66.156332,18.449851],[-66.156335,18.449877],[-66.156338,18.449904],[-66.15635,18.450026],[-66.156353,18.450066],[-66.156354,18.450093],[-66.156354,18.45012],[-66.156352,18.450146],[-66.15635,18.450173],[-66.156345,18.450226],[-66.156343,18.450252],[-66.156342,18.450266],[-66.156342,18.450292],[-66.156343,18.450306],[-66.156345,18.450333],[-66.156348,18.450373],[-66.156359,18.450468],[-66.156373,18.450591],[-66.156377,18.450631],[-66.156378,18.450643],[-66.156378,18.450655],[-66.156379,18.450665],[-66.156378,18.450674],[-66.156377,18.450681],[-66.156374,18.450684],[-66.156369,18.450684],[-66.156363,18.45068],[-66.156356,18.450675],[-66.156349,18.450667],[-66.15634,18.450659],[-66.156305,18.45062],[-66.156285,18.4506],[-66.156275,18.450591],[-66.156264,18.450582],[-66.156253,18.450574],[-66.156241,18.450566],[-66.15623,18.450559],[-66.156206,18.450544],[-66.156086,18.450474],[-66.156062,18.450459],[-66.156051,18.450452],[-66.156039,18.450445],[-66.156028,18.450437],[-66.156018,18.450429],[-66.156009,18.45042],[-66.156,18.45041],[-66.155986,18.450388],[-66.155981,18.450375],[-66.155976,18.450363],[-66.155971,18.45035],[-66.155947,18.450269],[-66.155939,18.450243],[-66.155931,18.450219],[-66.155926,18.450209],[-66.155921,18.4502],[-66.155916,18.450194],[-66.15591,18.45019],[-66.155903,18.450191],[-66.155895,18.450194],[-66.155887,18.450199],[-66.155878,18.450206],[-66.15586,18.450221],[-66.15585,18.450228],[-66.155828,18.450242],[-66.155817,18.450247],[-66.155784,18.450263],[-66.155773,18.450268],[-66.155753,18.45028],[-66.155745,18.450288],[-66.155738,18.450297],[-66.155732,18.450308],[-66.155728,18.450319],[-66.15572,18.450343],[-66.155717,18.450356],[-66.155715,18.450369],[-66.155702,18.450435],[-66.155699,18.450448],[-66.155693,18.450472],[-66.155689,18.450484],[-66.155684,18.450494],[-66.155678,18.450503],[-66.155671,18.45051],[-66.155661,18.450516],[-66.15565,18.450519],[-66.155638,18.450521],[-66.155625,18.450522],[-66.155598,18.450522],[-66.155569,18.450521],[-66.155511,18.450518],[-66.155497,18.450517],[-66.15547,18.450517],[-66.155457,18.450518],[-66.155445,18.45052],[-66.155435,18.450524],[-66.155426,18.450529],[-66.15542,18.450536],[-66.155416,18.450545],[-66.155413,18.450555],[-66.15541,18.450566],[-66.155408,18.45059],[-66.155407,18.450603],[-66.155406,18.450615],[-66.155406,18.450666],[-66.155407,18.450713],[-66.155406,18.450751],[-66.155405,18.45079],[-66.155401,18.450895],[-66.1554,18.450922],[-66.1554,18.450947],[-66.155401,18.45096],[-66.155403,18.450973],[-66.155405,18.450985],[-66.155409,18.450998],[-66.155413,18.45101],[-66.155419,18.451022],[-66.155424,18.451034],[-66.15543,18.451046],[-66.155443,18.45107],[-66.155497,18.451164],[-66.15551,18.451187],[-66.155515,18.451199],[-66.15552,18.45121],[-66.155524,18.45122],[-66.155527,18.451231],[-66.155527,18.45124],[-66.155525,18.451248],[-66.15552,18.451256],[-66.155512,18.451262],[-66.155503,18.451267],[-66.155479,18.451277],[-66.15544,18.45129],[-66.155414,18.4513],[-66.155402,18.451305],[-66.15539,18.451312],[-66.15538,18.451319],[-66.15537,18.451328],[-66.155362,18.451338],[-66.155355,18.451349],[-66.155349,18.451361],[-66.155343,18.451372],[-66.155338,18.451385],[-66.155333,18.451397],[-66.155327,18.451423],[-66.155325,18.451436],[-66.155325,18.451461],[-66.155327,18.451473],[-66.155332,18.451511],[-66.155334,18.451523],[-66.155335,18.451535],[-66.155335,18.451547],[-66.155334,18.451558],[-66.155331,18.451568],[-66.155326,18.451578],[-66.155319,18.451587],[-66.155311,18.451596],[-66.155291,18.451612],[-66.15528,18.45162],[-66.155269,18.451627],[-66.155235,18.45165],[-66.155143,18.45171],[-66.155119,18.451725],[-66.155096,18.451739],[-66.155072,18.451751],[-66.155046,18.451761],[-66.155032,18.451765],[-66.155019,18.451768],[-66.155005,18.451771],[-66.154977,18.451776],[-66.154818,18.451801],[-66.154776,18.451808],[-66.15475,18.45181],[-66.154739,18.451811],[-66.154729,18.451811],[-66.154722,18.451809],[-66.154717,18.451806],[-66.154716,18.451801],[-66.154719,18.451794],[-66.154723,18.451786],[-66.154729,18.451777],[-66.154743,18.451757],[-66.154769,18.451725],[-66.154887,18.451584],[-66.154904,18.451563],[-66.154912,18.451553],[-66.154919,18.451543],[-66.154925,18.451534],[-66.154929,18.451526],[-66.154931,18.45152],[-66.15493,18.451515],[-66.154926,18.451512],[-66.154919,18.451511],[-66.15491,18.451511],[-66.1549,18.451512],[-66.154888,18.451514],[-66.154863,18.451519],[-66.154795,18.451534],[-66.154767,18.451539],[-66.15474,18.451544],[-66.154726,18.451547],[-66.154713,18.451548],[-66.154699,18.45155],[-66.154685,18.45155],[-66.154673,18.451551],[-66.154636,18.45155],[-66.154624,18.45155],[-66.154612,18.451551],[-66.154598,18.451553],[-66.154572,18.451559],[-66.154559,18.451563],[-66.154442,18.451608],[-66.154415,18.451618],[-66.154402,18.451622],[-66.154375,18.45163],[-66.154349,18.451637],[-66.154254,18.451661],[-66.154227,18.451668],[-66.154188,18.45168],[-66.154175,18.451685],[-66.154162,18.451691],[-66.15415,18.451697],[-66.154138,18.451704],[-66.154125,18.45171],[-66.154077,18.451739],[-66.154065,18.451745],[-66.154052,18.451752],[-66.15404,18.451758],[-66.154027,18.451764],[-66.154015,18.45177],[-66.153963,18.45179],[-66.153938,18.4518],[-66.153925,18.451806],[-66.153901,18.451818],[-66.153891,18.451826],[-66.153881,18.451833],[-66.153872,18.451841],[-66.153846,18.451867],[-66.153838,18.451876],[-66.153828,18.451883],[-66.153819,18.45189],[-66.153808,18.451897],[-66.153796,18.451902],[-66.15377,18.451912],[-66.153757,18.451916],[-66.153744,18.451919],[-66.153717,18.451926],[-66.153622,18.451949],[-66.153595,18.451956],[-66.153581,18.451959],[-66.153568,18.451963],[-66.153542,18.451973],[-66.15353,18.451978],[-66.153517,18.451985],[-66.153505,18.451991],[-66.153457,18.452019],[-66.153398,18.452057],[-66.153292,18.452124],[-66.153268,18.452139],[-66.153257,18.452146],[-66.153221,18.452164],[-66.153209,18.452168],[-66.153198,18.452171],[-66.153186,18.452172],[-66.153175,18.452171],[-66.153163,18.452168],[-66.153152,18.452164],[-66.15313,18.452152],[-66.153118,18.452146],[-66.153084,18.452126],[-66.153073,18.45212],[-66.153061,18.452114],[-66.15305,18.452109],[-66.153038,18.452104],[-66.153026,18.452101],[-66.153013,18.4521],[-66.152999,18.452099],[-66.152986,18.4521],[-66.152972,18.452101],[-66.152958,18.452103],[-66.152945,18.452106],[-66.152931,18.452108],[-66.152904,18.452114],[-66.15289,18.452118],[-66.152877,18.452121],[-66.152864,18.452125],[-66.15284,18.452135],[-66.152829,18.452141],[-66.15282,18.452148],[-66.152813,18.452157],[-66.152807,18.452166],[-66.152801,18.452177],[-66.152796,18.452187],[-66.152783,18.45222],[-66.152773,18.45224],[-66.152767,18.452248],[-66.152759,18.452254],[-66.15275,18.452258],[-66.152738,18.452261],[-66.152726,18.452262],[-66.1527,18.45226],[-66.152686,18.452259],[-66.152673,18.452256],[-66.152659,18.452254],[-66.152645,18.452251],[-66.152632,18.452247],[-66.15262,18.452242],[-66.152609,18.452237],[-66.152599,18.452229],[-66.15259,18.452221],[-66.152578,18.452199],[-66.152572,18.452187],[-66.152568,18.452174],[-66.152563,18.452161],[-66.152555,18.452135],[-66.152547,18.452108],[-66.15251,18.451974],[-66.152499,18.451934],[-66.152486,18.451895],[-66.152481,18.451882],[-66.152476,18.45187],[-66.15247,18.451859],[-66.152464,18.451849],[-66.152455,18.451841],[-66.152446,18.451834],[-66.152434,18.451829],[-66.152422,18.451825],[-66.15241,18.451822],[-66.152396,18.451819],[-66.152383,18.451817],[-66.152341,18.451811],[-66.152256,18.451801],[-66.152185,18.451792],[-66.152002,18.451768],[-66.151974,18.451765],[-66.15196,18.451764],[-66.151947,18.451763],[-66.151919,18.451763],[-66.151906,18.451765],[-66.151893,18.451768],[-66.151867,18.451778],[-66.151855,18.451784],[-66.151842,18.45179],[-66.151817,18.451804],[-66.151755,18.451838],[-66.15173,18.451852],[-66.151705,18.451865],[-66.151693,18.45187],[-66.15168,18.451876],[-66.151667,18.45188],[-66.151655,18.451884],[-66.151643,18.451887],[-66.151619,18.451891],[-66.151608,18.451893],[-66.151598,18.451896],[-66.151588,18.451901],[-66.15158,18.451908],[-66.151572,18.451916],[-66.151558,18.451936],[-66.151552,18.451947],[-66.151529,18.451994],[-66.151522,18.452005],[-66.151516,18.452016],[-66.1515,18.452036],[-66.15149,18.452044],[-66.151479,18.452052],[-66.151468,18.452058],[-66.151456,18.452064],[-66.151443,18.45207],[-66.151431,18.452076],[-66.151405,18.452086],[-66.151313,18.452122],[-66.151274,18.452138],[-66.151248,18.452149],[-66.151236,18.452155],[-66.151223,18.452161],[-66.151212,18.452168],[-66.1512,18.452176],[-66.15119,18.452184],[-66.15118,18.452193],[-66.15117,18.452203],[-66.151161,18.452213],[-66.151133,18.452244],[-66.151124,18.452254],[-66.151115,18.452263],[-66.151105,18.452272],[-66.151095,18.45228],[-66.151085,18.452287],[-66.151074,18.452292],[-66.151062,18.452296],[-66.151038,18.452298],[-66.151025,18.452298],[-66.151012,18.452297],[-66.150972,18.452294],[-66.150947,18.452294],[-66.150934,18.452295],[-66.150923,18.452297],[-66.150912,18.452301],[-66.150902,18.452306],[-66.150893,18.452314],[-66.150885,18.452323],[-66.150877,18.452333],[-66.15087,18.452344],[-66.150862,18.452355],[-66.150848,18.452378],[-66.150814,18.452437],[-66.1508,18.452461],[-66.150786,18.452483],[-66.150778,18.452494],[-66.150771,18.452504],[-66.150763,18.452514],[-66.150754,18.452523],[-66.150745,18.45253],[-66.150736,18.452535],[-66.150728,18.45254],[-66.15071,18.452548],[-66.150702,18.452552],[-66.150689,18.452565],[-66.150683,18.452574],[-66.150678,18.452583],[-66.150672,18.452593],[-66.150665,18.452601],[-66.150657,18.452608],[-66.150649,18.452614],[-66.150639,18.452619],[-66.150628,18.452624],[-66.150617,18.452628],[-66.150583,18.452642],[-66.150572,18.452648],[-66.150559,18.452654],[-66.150535,18.452668],[-66.150487,18.452698],[-66.15044,18.452729],[-66.15031,18.452816],[-66.150276,18.45284],[-66.150253,18.452857],[-66.150242,18.452866],[-66.150231,18.452874],[-66.150221,18.452884],[-66.150211,18.452893],[-66.150191,18.452913],[-66.150172,18.452934],[-66.15004,18.453078],[-66.150021,18.453099],[-66.150012,18.453109],[-66.150004,18.45312],[-66.14999,18.45314],[-66.149985,18.45315],[-66.149981,18.45316],[-66.149981,18.453169],[-66.149983,18.453179],[-66.149988,18.453187],[-66.149994,18.453196],[-66.150002,18.453205],[-66.150026,18.45323],[-66.150034,18.453239],[-66.15004,18.453247],[-66.150044,18.453256],[-66.150046,18.453264],[-66.150045,18.453272],[-66.150041,18.453281],[-66.150036,18.453289],[-66.150029,18.453298],[-66.150014,18.453316],[-66.150007,18.453325],[-66.15,18.453335],[-66.149993,18.453346],[-66.149988,18.453358],[-66.149982,18.453369],[-66.149977,18.453382],[-66.149969,18.453406],[-66.149952,18.453456],[-66.149947,18.453468],[-66.149943,18.45348],[-66.149933,18.453502],[-66.149927,18.453511],[-66.14992,18.45352],[-66.149912,18.453526],[-66.149902,18.453531],[-66.149892,18.453534],[-66.149881,18.453535],[-66.149869,18.453536],[-66.149832,18.453538],[-66.149819,18.453539],[-66.149808,18.45354],[-66.149797,18.453543],[-66.149787,18.453547],[-66.149777,18.453554],[-66.149769,18.453562],[-66.149755,18.453582],[-66.149748,18.453594],[-66.149729,18.453628],[-66.149722,18.45364],[-66.149715,18.453651],[-66.149707,18.453661],[-66.149698,18.45367],[-66.149688,18.453678],[-66.149677,18.453685],[-66.149665,18.453691],[-66.149653,18.453696],[-66.14964,18.453702],[-66.149627,18.453706],[-66.149601,18.453716],[-66.149399,18.453781],[-66.149373,18.45379],[-66.149359,18.453794],[-66.149346,18.453798],[-66.149332,18.453801],[-66.149319,18.453804],[-66.149305,18.453806],[-66.149291,18.453807],[-66.149263,18.453807],[-66.149234,18.453806],[-66.149191,18.453803],[-66.149006,18.453788],[-66.14852,18.45375],[-66.148462,18.453746],[-66.148434,18.453744],[-66.14842,18.453744],[-66.148405,18.453743],[-66.148353,18.453745],[-66.1483,18.453748],[-66.148274,18.453749],[-66.148247,18.453749],[-66.148219,18.453748],[-66.148136,18.453742],[-66.148108,18.453741],[-66.148081,18.45374],[-66.148067,18.45374],[-66.148038,18.453741],[-66.147996,18.453744],[-66.147797,18.453759],[-66.147741,18.453763],[-66.147712,18.453765],[-66.147655,18.453765],[-66.147627,18.453763],[-66.147584,18.45376],[-66.147455,18.45375],[-66.147332,18.453741],[-66.147326,18.45374],[-66.14732279588758,18.45373977902673],[-66.14726299974177,18.45390799999765],[-66.14723799962744,18.453980000086723],[-66.14723532100784,18.453987566021226],[-66.147244,18.453987],[-66.147266,18.453986],[-66.147312,18.453997],[-66.147415,18.454043],[-66.147462,18.454057],[-66.147507,18.45406],[-66.147622,18.454056],[-66.147705,18.454063],[-66.147743,18.454071],[-66.147769,18.454081],[-66.147794,18.4541],[-66.147816,18.454125],[-66.147834,18.454155],[-66.147837,18.454531],[-66.147855,18.454657],[-66.14794,18.454793],[-66.147979,18.454898],[-66.147976,18.454962],[-66.147924,18.45512],[-66.147877,18.455209],[-66.1478,18.455275],[-66.147749,18.455351],[-66.147721,18.455437],[-66.147727,18.45561],[-66.147799,18.455699],[-66.14789,18.455742],[-66.147942,18.455753],[-66.148148,18.455824],[-66.148333,18.455941],[-66.148359,18.45597],[-66.148965,18.456141],[-66.149266,18.456276],[-66.149304,18.456287],[-66.149542,18.456332],[-66.149746,18.456344],[-66.149886,18.456313],[-66.14993,18.456298],[-66.149953,18.456288],[-66.150131,18.456209],[-66.152474,18.454727],[-66.152834,18.454499],[-66.152904,18.454469],[-66.152957,18.454431],[-66.153054,18.454318],[-66.153093,18.454256],[-66.15313,18.454199],[-66.153164,18.454156],[-66.153218,18.454111],[-66.153297,18.454068],[-66.153625,18.453919],[-66.153814,18.453843],[-66.153949,18.453799],[-66.154252,18.453717],[-66.154515,18.453626],[-66.154587,18.453607],[-66.154651,18.453596],[-66.154846,18.453594],[-66.154922,18.453585],[-66.155103,18.453532],[-66.15527,18.453472],[-66.155483,18.45338],[-66.155782,18.453237],[-66.155936,18.453158],[-66.156216,18.452997],[-66.156486,18.45282],[-66.156602,18.452782],[-66.156697,18.452743],[-66.156982,18.452582],[-66.157235,18.452461],[-66.157405,18.452395],[-66.157545,18.452358],[-66.157714,18.452332],[-66.158121,18.452299],[-66.158303,18.452273],[-66.158518,18.452224],[-66.158629,18.452127],[-66.158694,18.452033],[-66.158742,18.451881],[-66.158794,18.451761],[-66.158846,18.451667],[-66.15891,18.451601],[-66.158997,18.451548],[-66.159074,18.451482],[-66.159131,18.451408],[-66.1592,18.451338],[-66.159269,18.451272],[-66.159347,18.451223],[-66.159403,18.45117],[-66.159523,18.45112],[-66.159661,18.451092],[-66.159769,18.451075],[-66.159847,18.451051],[-66.159908,18.45101],[-66.159973,18.450959],[-66.160046,18.450913],[-66.160102,18.450876],[-66.160171,18.450833],[-66.160236,18.450798]]],[[[-66.147527,18.4532],[-66.147526,18.453192],[-66.147526,18.453187],[-66.147524,18.453175],[-66.14752373447142,18.453173849376164],[-66.14747688476771,18.453305965875177],[-66.147489,18.453291],[-66.147494,18.453283],[-66.147496,18.45328],[-66.147504,18.453269],[-66.147511,18.453258],[-66.147517,18.453247],[-66.147522,18.453236],[-66.147526,18.453224],[-66.147527,18.453212],[-66.147527,18.4532]]]]}},{"type":"Feature","properties":{"OBJECTID":3114296,"DFIRM_ID":"72000C","FLD_ZONE":"X","ZONE_SUBTY":"0.2 PCT ANNUAL CHANCE FLOOD HAZARD","SFHA_TF":"F","STATIC_BFE":-9999,"V_DATUM":"","LEN_UNIT":"","SOURCE_CIT":"72000C_FIS1"},"geometry":{"type":"Polygon","coordinates":[[[-66.19355,18.452887],[-66.193403,18.452551],[-66.193329,18.452433],[-66.193218,18.452206],[-66.193098,18.452102],[-66.192993,18.452021],[-66.192698,18.451871],[-66.192298,18.451698],[-66.191942,18.451547],[-66.191579,18.451418],[-66.191208,18.451311],[-66.191171,18.451667],[-66.191414,18.451736],[-66.191694,18.451849],[-66.192034,18.452007],[-66.192306,18.452142],[-66.192517,18.452261],[-66.192668,18.452365],[-66.19278,18.452454],[-66.19293,18.452602],[-66.192989,18.452726],[-66.193093,18.452895],[-66.193211,18.453129],[-66.19355,18.452887]]]}},{"type":"Feature","properties":{"OBJECTID":3114354,"DFIRM_ID":"72000C","FLD_ZONE":"X","ZONE_SUBTY":"AREA OF MINIMAL FLOOD HAZARD","SFHA_TF":"F","STATIC_BFE":-9999,"V_DATUM":"","LEN_UNIT":"","SOURCE_CIT":"72000C_FIS1"},"geometry":{"type":"Polygon","coordinates":[[[-66.256024,18.407407],[-66.256006,18.407138],[-66.255936,18.40697],[-66.255585,18.406533],[-66.255603,18.406096],[-66.255673,18.405727],[-66.255691,18.405441],[-66.255709,18.405139],[-66.25571,18.404753],[-66.255587,18.404349],[-66.255458,18.403969],[-66.255506,18.403827],[-66.255518,18.403781],[-66.255524,18.403753],[-66.255531,18.403727],[-66.255538,18.403692],[-66.255543,18.40366],[-66.255546,18.403623],[-66.255547,18.403592],[-66.255542,18.403558],[-66.255535,18.403529],[-66.255525,18.403498],[-66.255513,18.403469],[-66.255488,18.403416],[-66.25547,18.403385],[-66.255444,18.403343],[-66.255429,18.403318],[-66.255411,18.403296],[-66.25539,18.403271],[-66.255365,18.403242],[-66.255344,18.403219],[-66.255324,18.403199],[-66.255297,18.403173],[-66.255274,18.403153],[-66.255248,18.40313],[-66.255219,18.403108],[-66.255191,18.403086],[-66.255167,18.403066],[-66.255135,18.403046],[-66.255093,18.403017],[-66.255063,18.403004],[-66.255033,18.402995],[-66.254999,18.402994],[-66.254964,18.402998],[-66.254928,18.403009],[-66.254896,18.403021],[-66.254863,18.403037],[-66.25483,18.403059],[-66.254802,18.403073],[-66.254771,18.403089],[-66.25474,18.403104],[-66.254703,18.403118],[-66.254673,18.403126],[-66.254633,18.403132],[-66.254602,18.403133],[-66.25457,18.403133],[-66.254536,18.403131],[-66.254502,18.403123],[-66.254465,18.403109],[-66.254436,18.403096],[-66.254407,18.403082],[-66.254382,18.403066],[-66.254357,18.403044],[-66.254337,18.403023],[-66.254314,18.402998],[-66.254287,18.402968],[-66.254263,18.40293],[-66.254223,18.402854],[-66.254212,18.402828],[-66.254208,18.402801],[-66.254206,18.402758],[-66.254207,18.402727],[-66.254211,18.402695],[-66.254217,18.402659],[-66.254225,18.40262],[-66.254234,18.402579],[-66.254242,18.402551],[-66.254253,18.402517],[-66.254261,18.402481],[-66.254268,18.402447],[-66.254273,18.402419],[-66.254278,18.402385],[-66.254279,18.402351],[-66.25428,18.402319],[-66.254276,18.402283],[-66.254267,18.402247],[-66.254257,18.402216],[-66.254242,18.402185],[-66.254229,18.40216],[-66.254208,18.402128],[-66.254188,18.402098],[-66.254164,18.402071],[-66.254141,18.402049],[-66.254119,18.402028],[-66.254093,18.402007],[-66.254064,18.401983],[-66.254041,18.401966],[-66.254017,18.40195],[-66.253986,18.40193],[-66.253961,18.401918],[-66.253923,18.401901],[-66.253897,18.401888],[-66.253871,18.401877],[-66.253844,18.401866],[-66.253812,18.401856],[-66.253776,18.401845],[-66.253738,18.401838],[-66.253704,18.401832],[-66.253672,18.40183],[-66.253643,18.401829],[-66.253612,18.401827],[-66.253573,18.401828],[-66.253533,18.401833],[-66.253502,18.401841],[-66.253459,18.401861],[-66.253423,18.401886],[-66.253398,18.401905],[-66.253375,18.401921],[-66.253351,18.401938],[-66.253322,18.401958],[-66.253295,18.401974],[-66.253269,18.401992],[-66.253235,18.40201],[-66.25321,18.402023],[-66.253179,18.402039],[-66.253144,18.402054],[-66.253115,18.402065],[-66.25308,18.402074],[-66.253046,18.402082],[-66.253015,18.402084],[-66.252986,18.402071],[-66.25296,18.402044],[-66.252946,18.40202],[-66.252939,18.401986],[-66.252936,18.401953],[-66.252938,18.401924],[-66.252939,18.401897],[-66.252942,18.401868],[-66.252949,18.401835],[-66.252957,18.401804],[-66.252965,18.401768],[-66.252976,18.401732],[-66.252984,18.401703],[-66.252995,18.401676],[-66.253007,18.40165],[-66.253025,18.401616],[-66.253043,18.401581],[-66.253057,18.401551],[-66.253068,18.401526],[-66.253078,18.401497],[-66.253087,18.401469],[-66.253096,18.401435],[-66.253105,18.401386],[-66.253106,18.401358],[-66.253105,18.401304],[-66.253097,18.401259],[-66.253091,18.401229],[-66.253083,18.401199],[-66.253073,18.401165],[-66.25306,18.401121],[-66.253053,18.401094],[-66.253044,18.401068],[-66.253029,18.401019],[-66.253022,18.400993],[-66.253009,18.40095],[-66.252997,18.400914],[-66.252985,18.400874],[-66.252972,18.400833],[-66.252962,18.400796],[-66.252951,18.400758],[-66.252937,18.400719],[-66.252924,18.400679],[-66.252909,18.40064],[-66.252896,18.400608],[-66.25288,18.400576],[-66.252855,18.400525],[-66.252834,18.400491],[-66.252812,18.400459],[-66.25279,18.400431],[-66.25277,18.400407],[-66.252739,18.400378],[-66.252716,18.400356],[-66.252682,18.400335],[-66.252653,18.40032],[-66.252622,18.400308],[-66.252581,18.400294],[-66.252553,18.400288],[-66.252524,18.400277],[-66.252494,18.400268],[-66.252464,18.400257],[-66.252408,18.400237],[-66.252379,18.400227],[-66.252346,18.400217],[-66.252318,18.400208],[-66.252287,18.400198],[-66.252261,18.400184],[-66.252211,18.400157],[-66.252186,18.400137],[-66.252164,18.400113],[-66.252136,18.400088],[-66.252117,18.400066],[-66.252099,18.400038],[-66.252081,18.400001],[-66.252066,18.399968],[-66.25205,18.399934],[-66.252037,18.399896],[-66.252024,18.399857],[-66.252013,18.399827],[-66.252002,18.399798],[-66.251989,18.399766],[-66.251961,18.399718],[-66.25194,18.39969],[-66.251915,18.399669],[-66.251892,18.399648],[-66.251862,18.399628],[-66.251833,18.399609],[-66.2518,18.399593],[-66.251773,18.399582],[-66.251713,18.399566],[-66.251664,18.399555],[-66.251635,18.399548],[-66.251606,18.399539],[-66.251568,18.399524],[-66.251534,18.39951],[-66.251497,18.399492],[-66.251449,18.399466],[-66.25142,18.399448],[-66.251393,18.399426],[-66.251365,18.3994],[-66.251344,18.399372],[-66.251323,18.399336],[-66.25131,18.399309],[-66.251299,18.399279],[-66.2513,18.399242],[-66.251302,18.399212],[-66.251307,18.399185],[-66.251321,18.399148],[-66.251335,18.399116],[-66.25135,18.399082],[-66.251362,18.399048],[-66.251371,18.399021],[-66.251378,18.398989],[-66.251381,18.398961],[-66.25138,18.398932],[-66.251374,18.398898],[-66.251364,18.398866],[-66.25135,18.398834],[-66.251332,18.398803],[-66.251309,18.398775],[-66.251284,18.398749],[-66.251255,18.398718],[-66.251225,18.398688],[-66.251204,18.398668],[-66.251171,18.39864],[-66.251147,18.398623],[-66.251118,18.398601],[-66.251079,18.398577],[-66.251046,18.398557],[-66.251018,18.398543],[-66.25099,18.398531],[-66.250955,18.398515],[-66.250924,18.3985],[-66.250894,18.398486],[-66.250866,18.398474],[-66.250838,18.398459],[-66.250811,18.398437],[-66.250791,18.398411],[-66.25078,18.39838],[-66.250784,18.398351],[-66.250803,18.398307],[-66.250828,18.398283],[-66.250853,18.398269],[-66.250884,18.398261],[-66.25092,18.398256],[-66.25095,18.398255],[-66.250993,18.39826],[-66.251029,18.39827],[-66.251062,18.398281],[-66.251096,18.398294],[-66.251125,18.398306],[-66.251155,18.39832],[-66.251186,18.398337],[-66.25121,18.398352],[-66.251235,18.39837],[-66.251262,18.398389],[-66.251291,18.398413],[-66.251315,18.398434],[-66.251362,18.398477],[-66.251384,18.3985],[-66.25141,18.398528],[-66.251439,18.398554],[-66.251463,18.398574],[-66.251484,18.398594],[-66.251529,18.39863],[-66.251555,18.39865],[-66.251579,18.398667],[-66.251607,18.398684],[-66.251638,18.398701],[-66.251669,18.398717],[-66.251708,18.398738],[-66.251744,18.398756],[-66.251775,18.398772],[-66.251801,18.398785],[-66.251836,18.398806],[-66.251861,18.398823],[-66.251888,18.398839],[-66.251936,18.398873],[-66.251959,18.39889],[-66.251989,18.398911],[-66.252017,18.398934],[-66.252042,18.398955],[-66.252066,18.398976],[-66.252095,18.398999],[-66.252123,18.399018],[-66.252153,18.399039],[-66.252179,18.399052],[-66.252214,18.399066],[-66.252258,18.399075],[-66.252293,18.399076],[-66.252323,18.399075],[-66.252354,18.399074],[-66.252389,18.399071],[-66.252422,18.399074],[-66.252452,18.399077],[-66.252483,18.399085],[-66.252516,18.399095],[-66.252547,18.399104],[-66.252581,18.399109],[-66.252612,18.399106],[-66.252641,18.399095],[-66.25267,18.399078],[-66.252699,18.399054],[-66.252725,18.399021],[-66.252743,18.398999],[-66.252764,18.398965],[-66.252779,18.398936],[-66.252792,18.398908],[-66.252807,18.398877],[-66.252831,18.398823],[-66.252838,18.398783],[-66.252837,18.398755],[-66.252826,18.398722],[-66.252814,18.398696],[-66.252797,18.398664],[-66.252779,18.398636],[-66.252762,18.398608],[-66.252747,18.398584],[-66.252724,18.398548],[-66.252707,18.398526],[-66.252692,18.398501],[-66.252673,18.398468],[-66.252656,18.398436],[-66.252643,18.398406],[-66.252629,18.398363],[-66.25262,18.398327],[-66.252613,18.398292],[-66.252609,18.398257],[-66.252608,18.39823],[-66.252607,18.398183],[-66.252605,18.398152],[-66.252604,18.398122],[-66.252602,18.398086],[-66.252595,18.39805],[-66.252587,18.398017],[-66.252576,18.397982],[-66.252559,18.397936],[-66.252543,18.397904],[-66.252528,18.397881],[-66.252507,18.397852],[-66.252481,18.397824],[-66.252459,18.397803],[-66.252435,18.397784],[-66.252412,18.397763],[-66.252364,18.397725],[-66.252319,18.397682],[-66.252296,18.397661],[-66.252275,18.397641],[-66.252249,18.397613],[-66.252226,18.397588],[-66.252203,18.39756],[-66.252185,18.397534],[-66.252158,18.397505],[-66.252115,18.39746],[-66.252091,18.397438],[-66.252068,18.397421],[-66.252036,18.397399],[-66.252005,18.397384],[-66.251969,18.397373],[-66.25194,18.397368],[-66.251892,18.397366],[-66.251861,18.397366],[-66.251828,18.397367],[-66.251794,18.39737],[-66.251763,18.397372],[-66.25173,18.397376],[-66.251698,18.397379],[-66.251668,18.397382],[-66.251637,18.397384],[-66.251604,18.397386],[-66.251567,18.397385],[-66.251529,18.397381],[-66.251502,18.397374],[-66.251466,18.397359],[-66.251435,18.397343],[-66.251408,18.397327],[-66.251376,18.397303],[-66.25135,18.397285],[-66.251325,18.397269],[-66.251279,18.39724],[-66.251251,18.397227],[-66.251224,18.397214],[-66.251198,18.397203],[-66.251165,18.397193],[-66.251132,18.397185],[-66.251097,18.397179],[-66.251065,18.397174],[-66.251027,18.397171],[-66.250992,18.397169],[-66.250961,18.397168],[-66.250923,18.39716],[-66.250894,18.397154],[-66.250865,18.397149],[-66.250808,18.397137],[-66.250763,18.397128],[-66.250733,18.39712],[-66.250699,18.397105],[-66.250674,18.397087],[-66.250651,18.397068],[-66.250624,18.397045],[-66.250597,18.397028],[-66.250571,18.397014],[-66.250532,18.396998],[-66.250501,18.39699],[-66.250456,18.396981],[-66.250404,18.396978],[-66.250349,18.396979],[-66.250213,18.396993],[-66.25012,18.397001],[-66.249999,18.397038],[-66.249957,18.39705],[-66.249784,18.397139],[-66.249606,18.397242],[-66.249424,18.397382],[-66.249419,18.397386],[-66.24939,18.397404],[-66.249364,18.397424],[-66.24933,18.397445],[-66.249304,18.397461],[-66.249279,18.397474],[-66.249244,18.397487],[-66.249212,18.397493],[-66.249176,18.397493],[-66.249145,18.397494],[-66.249111,18.397497],[-66.249065,18.397504],[-66.249029,18.397511],[-66.248983,18.397523],[-66.248953,18.397532],[-66.248925,18.397542],[-66.248897,18.397551],[-66.248869,18.397558],[-66.248834,18.397566],[-66.248797,18.39757],[-66.248761,18.397572],[-66.24873,18.397571],[-66.2487,18.397571],[-66.248671,18.397569],[-66.248637,18.397572],[-66.248608,18.397584],[-66.248589,18.397607],[-66.24857,18.397632],[-66.248556,18.397659],[-66.248542,18.397693],[-66.248529,18.397723],[-66.248519,18.397749],[-66.248495,18.397783],[-66.248469,18.397802],[-66.248435,18.397814],[-66.248405,18.397826],[-66.248366,18.397848],[-66.248323,18.397889],[-66.248302,18.397908],[-66.248276,18.397935],[-66.248248,18.397964],[-66.248217,18.397991],[-66.248191,18.39801],[-66.248164,18.398026],[-66.24813,18.398036],[-66.248101,18.398018],[-66.248095,18.397987],[-66.248096,18.397958],[-66.248097,18.397927],[-66.248093,18.397893],[-66.248084,18.397863],[-66.248069,18.397833],[-66.248048,18.397802],[-66.248028,18.397782],[-66.247982,18.397748],[-66.247955,18.397731],[-66.247922,18.397713],[-66.247891,18.397698],[-66.247861,18.397683],[-66.247833,18.397667],[-66.247806,18.39765],[-66.247783,18.397631],[-66.247762,18.397606],[-66.247745,18.397582],[-66.247733,18.397552],[-66.247726,18.397501],[-66.247725,18.397471],[-66.247723,18.39744],[-66.247719,18.397405],[-66.247715,18.397367],[-66.247712,18.397333],[-66.247707,18.397305],[-66.247696,18.397274],[-66.247685,18.397249],[-66.247672,18.397225],[-66.247657,18.3972],[-66.24764,18.397175],[-66.247614,18.397154],[-66.247588,18.397137],[-66.247554,18.397124],[-66.247524,18.397119],[-66.24749,18.39712],[-66.247453,18.397122],[-66.247414,18.397125],[-66.247377,18.397129],[-66.247345,18.397135],[-66.247308,18.397141],[-66.247276,18.397144],[-66.247246,18.397143],[-66.247211,18.397136],[-66.247177,18.397123],[-66.247147,18.397112],[-66.247119,18.397101],[-66.247092,18.397086],[-66.247073,18.397064],[-66.247059,18.397033],[-66.247052,18.397],[-66.247042,18.396964],[-66.247028,18.396933],[-66.247012,18.396901],[-66.246997,18.396872],[-66.246985,18.396846],[-66.246968,18.396821],[-66.246947,18.396798],[-66.246924,18.396775],[-66.246898,18.396752],[-66.246873,18.396731],[-66.246838,18.396706],[-66.246805,18.396686],[-66.246776,18.39667],[-66.246735,18.396648],[-66.246699,18.39663],[-66.246665,18.396617],[-66.246635,18.396608],[-66.246601,18.3966],[-66.246564,18.39659],[-66.246526,18.396581],[-66.246489,18.396571],[-66.24646,18.396564],[-66.24638,18.39655],[-66.246351,18.396547],[-66.246314,18.396543],[-66.24628,18.396546],[-66.246247,18.39655],[-66.246201,18.396561],[-66.246162,18.396575],[-66.246133,18.396589],[-66.246092,18.396614],[-66.246067,18.396635],[-66.246044,18.396652],[-66.246021,18.396671],[-66.245995,18.396694],[-66.245947,18.39673],[-66.245919,18.396755],[-66.245895,18.396778],[-66.245869,18.396803],[-66.245836,18.396829],[-66.245805,18.396849],[-66.245774,18.396855],[-66.245757,18.396831],[-66.245765,18.396805],[-66.245776,18.396779],[-66.245787,18.396745],[-66.245791,18.396718],[-66.24579,18.396688],[-66.245787,18.396659],[-66.24578,18.396627],[-66.245769,18.396591],[-66.245761,18.396561],[-66.24576,18.396532],[-66.245764,18.3965],[-66.245775,18.396475],[-66.24579,18.396449],[-66.245815,18.396423],[-66.245848,18.396403],[-66.245882,18.396389],[-66.245918,18.39638],[-66.245952,18.396371],[-66.245985,18.396364],[-66.246013,18.396358],[-66.246046,18.39635],[-66.246082,18.39634],[-66.246115,18.396333],[-66.246144,18.396327],[-66.246174,18.396321],[-66.246202,18.396313],[-66.246231,18.396305],[-66.246269,18.396289],[-66.246297,18.396274],[-66.246329,18.396243],[-66.246339,18.396214],[-66.246344,18.396186],[-66.246342,18.396152],[-66.246333,18.396119],[-66.246321,18.396092],[-66.246298,18.396061],[-66.246274,18.396039],[-66.246248,18.396019],[-66.246222,18.396004],[-66.246189,18.395989],[-66.246135,18.395971],[-66.2461,18.395965],[-66.246063,18.395959],[-66.246033,18.395953],[-66.245997,18.395945],[-66.245917,18.39593],[-66.24587,18.395922],[-66.245823,18.395915],[-66.24578,18.395908],[-66.245717,18.395896],[-66.245674,18.395887],[-66.245629,18.395875],[-66.24559,18.395863],[-66.245559,18.395856],[-66.24552,18.395846],[-66.24549,18.395837],[-66.245459,18.395828],[-66.245425,18.395817],[-66.245383,18.395801],[-66.245354,18.395789],[-66.245317,18.395771],[-66.245288,18.395757],[-66.245258,18.395742],[-66.245232,18.395727],[-66.24519,18.395708],[-66.245149,18.395687],[-66.245107,18.395669],[-66.245077,18.395658],[-66.245043,18.395642],[-66.245013,18.395628],[-66.244951,18.395597],[-66.244919,18.395582],[-66.244883,18.395564],[-66.244844,18.395548],[-66.244816,18.395538],[-66.244774,18.395527],[-66.244744,18.39552],[-66.244714,18.395515],[-66.244673,18.39551],[-66.244637,18.395507],[-66.2446,18.395508],[-66.244567,18.395508],[-66.244531,18.39551],[-66.244499,18.395511],[-66.244467,18.395514],[-66.244428,18.395519],[-66.244399,18.395524],[-66.244368,18.395532],[-66.244335,18.395544],[-66.244305,18.395557],[-66.244279,18.395573],[-66.24425,18.395592],[-66.244226,18.395613],[-66.244201,18.395638],[-66.244176,18.395664],[-66.244155,18.395694],[-66.244133,18.395728],[-66.244114,18.395757],[-66.244099,18.39579],[-66.244089,18.395822],[-66.244084,18.39585],[-66.244082,18.395883],[-66.244084,18.395913],[-66.244088,18.395945],[-66.244094,18.395982],[-66.244107,18.396027],[-66.24412,18.396059],[-66.244138,18.396089],[-66.244156,18.396123],[-66.244171,18.39615],[-66.244185,18.396177],[-66.244203,18.396209],[-66.24422,18.396236],[-66.244232,18.396262],[-66.244243,18.396292],[-66.244233,18.396319],[-66.244199,18.396305],[-66.244168,18.39628],[-66.244149,18.396259],[-66.244122,18.396226],[-66.244104,18.396203],[-66.244081,18.396174],[-66.244062,18.396147],[-66.244049,18.396121],[-66.244032,18.396086],[-66.244017,18.396059],[-66.243997,18.396026],[-66.243979,18.395993],[-66.243963,18.395965],[-66.243952,18.395937],[-66.243941,18.395912],[-66.243927,18.395886],[-66.243906,18.395845],[-66.243884,18.395806],[-66.243868,18.395776],[-66.243849,18.395749],[-66.243823,18.395721],[-66.243788,18.395691],[-66.243759,18.395675],[-66.243725,18.395659],[-66.243691,18.395649],[-66.243649,18.395647],[-66.243614,18.395652],[-66.243585,18.395659],[-66.243543,18.395676],[-66.243515,18.39569],[-66.243482,18.395707],[-66.243456,18.39572],[-66.24342,18.395741],[-66.243395,18.395757],[-66.243361,18.39578],[-66.243338,18.395797],[-66.243312,18.39582],[-66.243278,18.395853],[-66.243255,18.395876],[-66.243233,18.395902],[-66.243213,18.395928],[-66.243194,18.395951],[-66.243171,18.395979],[-66.243146,18.396008],[-66.243125,18.396033],[-66.243101,18.396054],[-66.243077,18.396072],[-66.243047,18.39609],[-66.243013,18.396105],[-66.242982,18.396119],[-66.242949,18.396133],[-66.242904,18.396152],[-66.242866,18.396173],[-66.242833,18.396193],[-66.242807,18.396209],[-66.24280514286507,18.396210435058816],[-66.24277700024817,18.396258000131013],[-66.2426883287326,18.396327598215713],[-66.242688,18.396328],[-66.242668,18.396358],[-66.242653,18.396382],[-66.242635,18.396412],[-66.242618,18.396442],[-66.242601,18.396471],[-66.242585,18.396498],[-66.242566,18.396528],[-66.242541,18.396549],[-66.24251,18.39656],[-66.242475,18.396564],[-66.242446,18.396564],[-66.242414,18.396567],[-66.24238,18.396575],[-66.24236805217247,18.396578982609178],[-66.24234000040516,18.396601000381903],[-66.24204699960389,18.396829000255316],[-66.24193299980108,18.396917000021066],[-66.24142900001092,18.39706299990133],[-66.24052000016479,18.397018999635172],[-66.23810800027076,18.398506000213157],[-66.23783100026131,18.39869200000474],[-66.23777699983462,18.39872800010619],[-66.23776699978889,18.398734999982988],[-66.23775799956807,18.398740999998914],[-66.23773300035202,18.398758000185005],[-66.23755400025189,18.398877999595513],[-66.2374429999238,18.39895100042486],[-66.23740299974084,18.39897899989406],[-66.2372880001131,18.399170000170148],[-66.23715099984575,18.399398999909586],[-66.23701500030162,18.399624999778297],[-66.23697599994355,18.399893000037846],[-66.23639599998543,18.40003200012909],[-66.2358169998522,18.400304999865295],[-66.2355490000636,18.40074600029538],[-66.23546100020005,18.400810999840008],[-66.23527700007703,18.400949000195045],[-66.23496999993037,18.4008690004227],[-66.23480599989884,18.401074999718446],[-66.23473399992882,18.40116700011055],[-66.23466100013388,18.401258999601062],[-66.23463799966936,18.401288000245607],[-66.23434499976639,18.40146400029037],[-66.2341339998792,18.401472999745376],[-66.23404099999277,18.40147699997659],[-66.23394899993127,18.40147600013189],[-66.23394599955822,18.401449999905928],[-66.23393399986264,18.40136600013265],[-66.23391700014422,18.40128099962019],[-66.23324799959931,18.401018999752207],[-66.23321599981226,18.40102600038828],[-66.23309899963638,18.400999000246944],[-66.23297499978783,18.40098999991477],[-66.23264300042513,18.400976000344205],[-66.2325010001349,18.400995000004674],[-66.2314240000593,18.400633000281196],[-66.23087000004044,18.400446000177787],[-66.23031299964852,18.400258999871358],[-66.22976600020066,18.400074999772773],[-66.22950699973457,18.399987999768918],[-66.229198999763,18.39988500035418],[-66.22873000013296,18.399727000346058],[-66.22763299996585,18.399356999954126],[-66.22745700023876,18.399297999857318],[-66.22728700035944,18.399241000308045],[-66.22678299967097,18.39907200041198],[-66.2261640002531,18.398863999853273],[-66.22612400007013,18.398850999969834],[-66.22610499980355,18.398880000167424],[-66.22576800041797,18.39876199962685],[-66.22570200029573,18.398739000277754],[-66.22554900013486,18.39868900042214],[-66.22539799962381,18.398638999699642],[-66.22534699957018,18.398622000354223],[-66.22260099976528,18.397717999803145],[-66.22106299955723,18.397212999988103],[-66.2210590002576,18.39718699997104],[-66.22076600035462,18.397094000140246],[-66.2202430002979,18.396918999763372],[-66.21983900006684,18.396784999929388],[-66.21933299972855,18.39661399958272],[-66.21930500013947,18.39660400000086],[-66.21913199988711,18.396547000412543],[-66.21879899980118,18.396435999948825],[-66.21878200008274,18.396430999726608],[-66.21761299994563,18.396074000020658],[-66.21726999981396,18.395969000217057],[-66.21698399958369,18.395869999612994],[-66.21646399990001,18.395690000306256],[-66.2163579995948,18.39565299969142],[-66.21609700037722,18.39556600001141],[-66.21552400009176,18.39537599988149],[-66.21527200019668,18.395292999583972],[-66.21500100003503,18.39520300007888],[-66.21366299984352,18.39475900029802],[-66.2133239999098,18.394645999766052],[-66.21293399992247,18.39451600026178],[-66.21185799967178,18.394158999997323],[-66.21126099999522,18.393961000061843],[-66.2112049999187,18.393941999625525],[-66.2108879997263,18.393833999707894],[-66.21074499961118,18.39377700005557],[-66.21052799987619,18.393679999676674],[-66.2103310002327,18.39361499999857],[-66.21027299960808,18.393597000266976],[-66.20977300001587,18.393435000040732],[-66.20913500033141,18.393227000347824],[-66.20866699962795,18.39307399966751],[-66.20839100034176,18.39299099996594],[-66.20767999996404,18.392779000156366],[-66.20748499997036,18.392714000138373],[-66.20690099981428,18.392518999937305],[-66.20682899984425,18.392494999857977],[-66.20653199974333,18.39239599981504],[-66.2063960001992,18.392350000266486],[-66.2063119996353,18.392322999617775],[-66.20618799978675,18.392275000253555],[-66.20597199987668,18.39221099994395],[-66.20490800021987,18.39185699971991],[-66.20467999971592,18.39177999969047],[-66.2045509998445,18.391737999582396],[-66.20431999986582,18.39166200025389],[-66.20410300013083,18.391591000402233],[-66.20359299959458,18.391422999724327],[-66.2031649999724,18.39128099979487],[-66.20311899994165,18.391266000383798],[-66.20279300042675,18.39115900039836],[-66.20256300027296,18.39108299996202],[-66.20212600042997,18.39093800003484],[-66.20121800040876,18.39063699997878],[-66.20106400042297,18.390586000421287],[-66.20073999965956,18.390479999922132],[-66.20070200002472,18.390467000258532],[-66.1972430001923,18.389371999696383],[-66.19723099959842,18.389368000036573],[-66.197137999712,18.389338999942808],[-66.19698000042656,18.389288999916594],[-66.19700399981771,18.389502999585837],[-66.19696700000777,18.39025000035192],[-66.19693900041868,18.390807000383752],[-66.19647900011114,18.390919000117652],[-66.19518600012547,18.391234000044573],[-66.19565899995351,18.391990999976933],[-66.19588200043457,18.39236199989049],[-66.1965109998982,18.39335999964766],[-66.19697000038082,18.394098999937572],[-66.19695399958898,18.394123999680847],[-66.1967920001056,18.394399000027356],[-66.19677399966393,18.39442800012201],[-66.19668599980038,18.39456900013053],[-66.19648400013402,18.394927000280568],[-66.19639299989743,18.395040999657883],[-66.19630199966082,18.395216000237603],[-66.19620600029967,18.39533999993193],[-66.19610500001733,18.39550000031305],[-66.196003999735,18.39561500004233],[-66.1958639999929,18.395817000144472],[-66.19551900021142,18.396312000190957],[-66.19546300013491,18.39641500003736],[-66.19538899961675,18.396555000251244],[-66.19536400040072,18.396637999940705],[-66.19534599995905,18.3967339996344],[-66.19535099998193,18.39684400003453],[-66.19536400040072,18.396958999719068],[-66.19542299995193,18.397114999968938],[-66.19552400023429,18.39727000020846],[-66.19560500042515,18.39746300041073],[-66.19569599976342,18.397595999850104],[-66.19575100001501,18.397717999803145],[-66.19578700000001,18.397798000186565],[-66.19585899997004,18.398086999589385],[-66.1959550002295,18.398334999870112],[-66.19608400010092,18.398647000293558],[-66.1961240002839,18.39874299972004],[-66.19624800013247,18.39903200009454],[-66.19647499991318,18.39960500011113],[-66.19649400017975,18.399658999974225],[-66.19651799957089,18.399671999796688],[-66.1965329996395,18.399722000219352],[-66.19657299982248,18.39978800000491],[-66.19664200031775,18.400059000422026],[-66.19663899994472,18.40009000012174],[-66.19664700034063,18.400131999898452],[-66.1966370002949,18.400310999826516],[-66.1965949995638,18.400453999835374],[-66.19654600005829,18.40059099977424],[-66.19646999989031,18.400697000019232],[-66.19641299998891,18.400797000254897],[-66.19637399963084,18.400939999860235],[-66.19636699995816,18.401056999913955],[-66.19636500030835,18.40110899962819],[-66.19638299985168,18.401301999790817],[-66.19647900011114,18.40165500036788],[-66.19648499995893,18.40167200026631],[-66.19653699983746,18.401815999840267],[-66.19658600024127,18.401953000400432],[-66.19668599980038,18.402172999578774],[-66.1968709997483,18.402448999700255],[-66.19693500022072,18.402545000417085],[-66.19709800042735,18.402761000342636],[-66.19717100022227,18.402857000033165],[-66.19738899978215,18.403156000377848],[-66.19739800000299,18.40316899993635],[-66.19740700022383,18.403185999685356],[-66.19751299963072,18.40339300030506],[-66.19757999957787,18.40358599961277],[-66.19759899984444,18.40366800034401],[-66.19761899993594,18.403756000025055],[-66.19760399986733,18.40391200008529],[-66.19756000038471,18.404072000175077],[-66.19748400021673,18.40415899982055],[-66.19736600021594,18.404233999773595],[-66.19721999972776,18.40432899966718],[-66.19718299991784,18.404353999630487],[-66.19706599974197,18.404435000168498],[-66.19692699982481,18.404549000071928],[-66.1968359995882,18.404791999591747],[-66.19677700003697,18.404934000316956],[-66.19678799990764,18.40510000010389],[-66.19682600044078,18.40526499990806],[-66.19687800031932,18.405366999692454],[-66.19692199980193,18.405452999714395],[-66.19703599960476,18.405627000122983],[-66.19710400027512,18.405755999944976],[-66.19724400001722,18.40591100007902],[-66.19736299984291,18.406127000044098],[-66.19753100007239,18.406466000129544],[-66.19761399991306,18.406700000319614],[-66.19769099990596,18.407035000027207],[-66.1977150001954,18.40729700011777],[-66.19776799989886,18.407517000139578],[-66.19775299983023,18.407686000271504],[-66.19774899963228,18.407815000255525],[-66.19772000021828,18.407892999743027],[-66.19765699957078,18.407975000127777],[-66.19748400021673,18.408043999579352],[-66.19741700026958,18.40808100008914],[-66.19723499979638,18.408112999855597],[-66.1970809998106,18.408163000384377],[-66.1969119997562,18.408240999714224],[-66.19683099956534,18.40832399973819],[-66.19675899959532,18.4083839999565],[-66.19653799966238,18.408682000276333],[-66.19649500000467,18.40880599965108],[-66.19646599969235,18.40894299976374],[-66.19650900024838,18.409214000262736],[-66.19647099971523,18.409355999897812],[-66.19644200030123,18.40952099988485],[-66.19636500030835,18.40971800003423],[-66.19636500030835,18.409869999770397],[-66.19647499991318,18.410341999979735],[-66.19657199999757,18.410593999677104],[-66.19672099996049,18.410888000420407],[-66.19677700003697,18.41107600005265],[-66.196989999574,18.411360000395273],[-66.19711900034373,18.41148900018307],[-66.19726300028378,18.411617000088373],[-66.19738799995726,18.411755000305835],[-66.19748500004164,18.411883000013322],[-66.19754199994303,18.41200199986909],[-66.19763800020252,18.412264000070884],[-66.19770599997457,18.412420000092695],[-66.19782599962517,18.41252999984823],[-66.19798399980893,18.4126030000036],[-66.19809400031208,18.412695000202035],[-66.19816200008415,18.412814000348725],[-66.19818600037361,18.412896999872274],[-66.19818100035073,18.412992999877183],[-66.19816700010702,18.413121000368626],[-66.19818600037361,18.413226999718063],[-66.1982569996204,18.413336999810134],[-66.19827699971188,18.413519999598346],[-66.19828599993271,18.413699000097193],[-66.1982630003665,18.413827999836542],[-66.19814299981758,18.41405699968398],[-66.19811400040358,18.414212999785214],[-66.19809400031208,18.414355000410055],[-66.19801300012124,18.4146260000589],[-66.19788300042488,18.41480500025969],[-66.19774899963228,18.414927999718312],[-66.19767199963937,18.415043000109733],[-66.1975650004076,18.415213000288098],[-66.19733100005585,18.415510999864708],[-66.19721999972776,18.41559799969525],[-66.19711400032088,18.415656000410138],[-66.19704700037371,18.415693999898053],[-66.19693100002277,18.415728000329928],[-66.1967150001127,18.415790999808898],[-66.19659100026415,18.41580400011791],[-66.19638299985168,18.415918999923864],[-66.19631599990454,18.41598299994563],[-66.19624999978228,18.41606099999329],[-66.19623899991164,18.416082000065636],[-66.19610599984225,18.41633200036472],[-66.19601899980361,18.416565999926956],[-66.1959269997421,18.416790999664855],[-66.19581600031233,18.417016999715287],[-66.19577399958122,18.417102000128867],[-66.1956730001972,18.417157999977285],[-66.19555799967115,18.41724499982743],[-66.19543800002054,18.41726999961947],[-66.19522600030844,18.417327000018183],[-66.19504300001036,18.41738200004107],[-66.19485200021464,18.41746000030684],[-66.19478199989443,18.417491000282435],[-66.1947729996736,18.417495000141425],[-66.19467800013737,18.41753799968493],[-66.19457799967994,18.41759800010036],[-66.19451400010584,18.417680000122868],[-66.19445800002933,18.41776699970908],[-66.19441899967129,18.417878000057737],[-66.1943430004016,18.418145000280592],[-66.19429399999781,18.418318000044188],[-66.19428599960189,18.418392000047582],[-66.1942799997541,18.418445999983906],[-66.19425200016502,18.418507999574242],[-66.19422200002779,18.418579000259868],[-66.19416500012638,18.41864799972171],[-66.19409200033145,18.418693999915753],[-66.19392900012484,18.418734999670733],[-66.19390599966029,18.418737000011937],[-66.1937230002605,18.41875399992808],[-66.19345399974867,18.41875799975769],[-66.19335099981652,18.418753000183738],[-66.1929919997913,18.418740000097547],[-66.19277500005634,18.41870300017465],[-66.19252599963599,18.418670999820296],[-66.19238099987102,18.41866200041205],[-66.19223299973302,18.418640000057266],[-66.1920410001124,18.41861200037651],[-66.19188200010375,18.418552000314694],[-66.19177199960059,18.41845999983837],[-66.19171899989713,18.418341000186842],[-66.19166100017081,18.41828100003053],[-66.19155099966764,18.418248999597683],[-66.19145799978122,18.418248999597683],[-66.19134399997841,18.41829000031099],[-66.19128299987904,18.418328999816335],[-66.19118499996974,18.41839100030113],[-66.191026999786,18.41845999983837],[-66.19088799986882,18.418510999663805],[-66.19081699972371,18.41851799958854],[-66.19069100022534,18.418536000124245],[-66.19051100030029,18.418567999651398],[-66.19027100010076,18.418593000103503],[-66.19004599996987,18.41865699998301],[-66.18971799990682,18.418786000266998],[-66.1892600001474,18.41891499960197],[-66.18852299983043,18.41919899979231],[-66.18824699964593,18.419326000187887],[-66.1881189995994,18.41937600001589],[-66.18800200032184,18.4194310002361],[-66.1878519996357,18.41948199977371],[-66.18768299958128,18.419519000381378],[-66.18760700031164,18.419546000174787],[-66.18760399993859,18.41955900020008],[-66.18757100032663,18.419687999807728],[-66.187556000258,18.419739999860095],[-66.18753899964125,18.419850000050154],[-66.18753600016653,18.419869000184335],[-66.1875279997706,18.419925999722008],[-66.1874650000214,18.420064999831176],[-66.18739499970121,18.42019600023592],[-66.18732799975406,18.420315000308957],[-66.18721599960107,18.420426999600632],[-66.18709699977538,18.4205729999984],[-66.18683300018473,18.42073599999254],[-66.18668500004672,18.420812000125242],[-66.1864709997865,18.420936999866786],[-66.18629400023448,18.421050999920087],[-66.18604900001209,18.421184999616976],[-66.1858380001249,18.421335999722746],[-66.18563100043568,18.421441000248755],[-66.18542399984811,18.421519000378854],[-66.18531900026613,18.421542000093574],[-66.18516500028035,18.421570000149764],[-66.18501700014234,18.42158999982184],[-66.18492500008084,18.421601999964885],[-66.18489400011869,18.42160299969267],[-66.18477100009504,18.421605999728268],[-66.18461200008637,18.421616000414783],[-66.18445399990264,18.421592999857666],[-66.1841690003956,18.421564999805238],[-66.18405499969447,18.421605999728268],[-66.1838959996858,18.421639000116553],[-66.18375699976865,18.421648000221367],[-66.18358299969137,18.421642999879122],[-66.1833679996062,18.421616000414783],[-66.18312699958179,18.421601999964885],[-66.18287300003688,18.421633999774038],[-66.18272800027192,18.42167499968064],[-66.18260400042337,18.421720999917582],[-66.18248399987445,18.421752999704612],[-66.18234900015524,18.421780999726465],[-66.18223299980428,18.421776000240335],[-66.18211399997861,18.42173900011813],[-66.18202699993995,18.421692999885998],[-66.18174300025784,18.421527999637643],[-66.18156599980752,18.421469000321355],[-66.18140599997393,18.421460000207215],[-66.18113800018534,18.4214549998595],[-66.18084000025951,18.421423000017036],[-66.1806140003037,18.42143699962923],[-66.1803740001042,18.42140000028638],[-66.18024000020989,18.42135900031427],[-66.18014800014838,18.42130399985815],[-66.18006600013261,18.421202999873604],[-66.18000400020834,18.421088000190274],[-66.17994200028406,18.420923000213897],[-66.17989399970517,18.420811000392863],[-66.17985100004745,18.420711999584814],[-66.17972999967363,18.42048699986081],[-66.1796200000688,18.420303999811473],[-66.17957400003802,18.42025199992961],[-66.17956200034246,18.42023800022097],[-66.17951399976357,18.420183999994798],[-66.17942800044815,18.420093000127743],[-66.17932700016581,18.420019000003663],[-66.17915899993632,18.419918000116986],[-66.17899999992767,18.41986300005247],[-66.17883699972106,18.419749000064233],[-66.17873100031414,18.419638999809596],[-66.17861599978811,18.419487000178766],[-66.17845099993168,18.419303999918014],[-66.17831799986227,18.419194000231144],[-66.1781920003639,18.419125000136],[-66.17808199986074,18.4191340003723],[-66.17791399963124,18.41916599978826],[-66.17774600030006,18.419221000075567],[-66.17758300009343,18.41929000013224],[-66.17756100035214,18.419300999842253],[-66.17741400003904,18.41937699975663],[-66.1772900001905,18.419473000407876],[-66.1771210001361,18.41961599984043],[-66.17696799997522,18.41973900012148],[-66.17688000011167,18.419758000267926],[-66.1767710003317,18.419766999618837],[-66.1765589997213,18.419771000277187],[-66.17627099984121,18.41973900012148],[-66.17602499979391,18.4197260001098],[-66.17578600031763,18.419749000064233],[-66.17558399975294,18.419748000325672],[-66.17546400010235,18.419781000218084],[-66.17525200039023,18.419804000165186],[-66.17508900018362,18.419840000113243],[-66.17491000008347,18.41989100038195],[-66.17479600028066,18.419969000362535],[-66.1746790001048,18.420068999630296],[-66.17453599998967,18.42017499981342],[-66.17439200004961,18.420235000161522],[-66.17424800010957,18.420261999842566],[-66.1741369997815,18.420276000401522],[-66.17403700022238,18.420331000333995],[-66.17395500020662,18.42039000004055],[-66.17390099977995,18.420518999877373],[-66.17388800025947,18.420633000207687],[-66.17389699958198,18.420771000012984],[-66.17385800012224,18.420866999886357],[-66.17381499956622,18.420940999645666],[-66.1737429995962,18.420981999717416],[-66.17364300003707,18.42101900000245],[-66.17357000024214,18.42101900000245],[-66.17349400007416,18.421013999641907],[-66.17339100014199,18.420990999856606],[-66.17337900044643,18.420987999810247],[-66.17333199969246,18.420977999939517],[-66.17330599975318,18.42097199984634],[-66.17326599957022,18.42096299970616],[-66.17324300000399,18.420959999659352],[-66.1732010001712,18.420959999659352],[-66.17307999979738,18.42096400028996],[-66.17302500044411,18.420970000383427],[-66.17300799982736,18.42097199984634],[-66.17298500026114,18.420974000161504],[-66.17294799955292,18.420977999939517],[-66.17293500003242,18.420980000254602],[-66.17292099978872,18.420980999986014],[-66.17285899986445,18.420987000078885],[-66.17279699994018,18.420999999995278],[-66.17268599961207,18.42102299977942],[-66.17265300000011,18.421050000189094],[-66.17259299972567,18.421100000368344],[-66.17259000025092,18.42113999981945],[-66.17256750719466,18.421447590955754],[-66.172654,18.421437],[-66.172758,18.421409],[-66.172855,18.421448],[-66.172886,18.42148],[-66.17294,18.421545],[-66.172951,18.421605],[-66.172962,18.421653],[-66.17294,18.421729],[-66.172716,18.422091],[-66.17259837319624,18.422279202886017],[-66.17256900033453,18.422489999704155],[-66.17232400011214,18.422883000192765],[-66.17203600023205,18.42312199966701],[-66.17200400044501,18.42315000031827],[-66.17195126531357,18.423179433365085],[-66.171876,18.423263],[-66.171824,18.423321],[-66.171677,18.423513],[-66.171577,18.423672],[-66.171502,18.42384],[-66.171469,18.423977],[-66.171443,18.424109],[-66.171448,18.424201],[-66.171481,18.424275],[-66.171516,18.424319],[-66.171606,18.424389],[-66.171807,18.424514],[-66.172252,18.424847],[-66.172473,18.425242],[-66.172735,18.425535],[-66.173087,18.425992],[-66.173511,18.426547],[-66.173974,18.427113],[-66.174161,18.427419],[-66.174206,18.427578],[-66.174225,18.427761],[-66.174272,18.427915],[-66.17434,18.428045],[-66.17449,18.428253],[-66.1747,18.428761],[-66.174921,18.429408],[-66.17495,18.429571],[-66.175036,18.429758],[-66.17509,18.429967],[-66.175109,18.430135],[-66.175182,18.430491],[-66.175251,18.43081],[-66.175341,18.431023],[-66.175441,18.43121],[-66.175766,18.431563],[-66.176037,18.431749],[-66.176236,18.43189],[-66.17649,18.432024],[-66.176802,18.432097],[-66.176989,18.432198],[-66.177158,18.432344],[-66.177264,18.43253],[-66.177381,18.432659],[-66.177559,18.432907],[-66.177756,18.433194],[-66.178042,18.433624],[-66.1782,18.43383],[-66.178409,18.434034],[-66.178625,18.434194],[-66.178804,18.434264],[-66.179039,18.434308],[-66.179098,18.434339],[-66.179262,18.434463],[-66.179501,18.434612],[-66.179787,18.434724],[-66.180158,18.434886],[-66.180412,18.435042],[-66.180589,18.435198],[-66.180784,18.435298],[-66.180959,18.435431],[-66.181086,18.435559],[-66.181163,18.435687],[-66.18124,18.435931],[-66.181336,18.436138],[-66.181423,18.436342],[-66.181502,18.436588],[-66.181589,18.436826],[-66.181677,18.437],[-66.181839,18.437224],[-66.182083,18.437448],[-66.182141,18.437503],[-66.182262,18.437617],[-66.182458,18.437746],[-66.182704,18.437892],[-66.183008,18.437975],[-66.183246,18.438042],[-66.183535,18.438078],[-66.183815,18.438105],[-66.18422,18.438119],[-66.184616,18.438141],[-66.184873,18.438129],[-66.185178,18.438118],[-66.185501,18.438075],[-66.185799,18.438056],[-66.18608,18.438068],[-66.186377,18.438088],[-66.186649,18.438147],[-66.186903,18.438238],[-66.187133,18.438352],[-66.187275,18.438444],[-66.187373,18.438505],[-66.18744,18.438536],[-66.187503,18.438552],[-66.187575,18.438563],[-66.187649,18.438549],[-66.187748,18.438525],[-66.18789,18.438468],[-66.188047,18.43841],[-66.188131,18.438392],[-66.188209,18.438403],[-66.188312,18.438434],[-66.188405,18.438475],[-66.188503,18.438532],[-66.188586,18.438603],[-66.188729,18.438739],[-66.188803,18.438865],[-66.18885,18.438885],[-66.188901,18.438926],[-66.188942,18.438976],[-66.189039,18.439107],[-66.189111,18.439173],[-66.189235,18.439229],[-66.189328,18.439256],[-66.189412,18.439247],[-66.189459,18.439218],[-66.189532,18.439194],[-66.189621,18.43918],[-66.189831,18.439104],[-66.190015,18.439012],[-66.190136,18.438934],[-66.190247,18.438846],[-66.19039,18.438699],[-66.190449,18.43862],[-66.19047,18.438551],[-66.190477,18.438476],[-66.190457,18.438401],[-66.190406,18.438346],[-66.190293,18.43824],[-66.190159,18.438168],[-66.19005,18.438097],[-66.189942,18.43802],[-66.189881,18.43794],[-66.189856,18.437875],[-66.189873,18.43782],[-66.189889,18.437791],[-66.189957,18.437787],[-66.190055,18.437808],[-66.190133,18.437829],[-66.190232,18.437856],[-66.190341,18.437852],[-66.190441,18.437814],[-66.19054,18.437776],[-66.190702,18.437768],[-66.19078,18.437779],[-66.190832,18.43781],[-66.190862,18.437865],[-66.190901,18.43801],[-66.190941,18.43811],[-66.191017,18.438275],[-66.191083,18.438376],[-66.191191,18.438482],[-66.191293,18.438573],[-66.191453,18.43869],[-66.191613,18.438772],[-66.191752,18.438873],[-66.191958,18.439031],[-66.19219,18.439223],[-66.192361,18.439344],[-66.192475,18.439425],[-66.192568,18.439481],[-66.192671,18.439537],[-66.192785,18.439594],[-66.192904,18.439635],[-66.193054,18.439677],[-66.193195,18.439694],[-66.19333,18.439706],[-66.193471,18.439703],[-66.193576,18.439665],[-66.193686,18.439617],[-66.19376,18.439558],[-66.193802,18.439489],[-66.193856,18.439391],[-66.193868,18.439306],[-66.193859,18.439202],[-66.193791,18.438937],[-66.193757,18.438772],[-66.193768,18.438712],[-66.193795,18.438678],[-66.193837,18.438659],[-66.193873,18.438659],[-66.193998,18.438701],[-66.194089,18.438817],[-66.194232,18.439008],[-66.194405,18.439274],[-66.194492,18.439395],[-66.194574,18.439466],[-66.194662,18.439532],[-66.194801,18.439609],[-66.194997,18.439721],[-66.195126,18.439803],[-66.195214,18.439859],[-66.195234,18.439894],[-66.195254,18.439939],[-66.195254,18.439979],[-66.195263,18.440053],[-66.195246,18.440108],[-66.195186,18.440301],[-66.195126,18.440484],[-66.195083,18.440558],[-66.195029,18.440627],[-66.194987,18.440696],[-66.194981,18.440746],[-66.194995,18.440801],[-66.195005,18.440836],[-66.19501,18.440851],[-66.195041,18.440866],[-66.195078,18.440867],[-66.19512,18.440843],[-66.19523,18.440809],[-66.195507,18.440714],[-66.195571,18.44068],[-66.195597,18.440646],[-66.195598,18.440621],[-66.195614,18.440541],[-66.195616,18.440477],[-66.195597,18.440312],[-66.195589,18.440183],[-66.195644,18.440014],[-66.195713,18.439901],[-66.195799,18.439822],[-66.195941,18.43973],[-66.196083,18.439657],[-66.19622,18.439595],[-66.196361,18.439547],[-66.196509,18.43945],[-66.196635,18.439377],[-66.196731,18.439264],[-66.196794,18.439205],[-66.196884,18.439152],[-66.196952,18.439118],[-66.197009,18.439104],[-66.197051,18.439104],[-66.197124,18.439125],[-66.197149,18.439156],[-66.197159,18.439196],[-66.197132,18.43923],[-66.1971,18.439279],[-66.197016,18.439378],[-66.196905,18.43946],[-66.196757,18.439563],[-66.196609,18.43967],[-66.19643,18.439802],[-66.196309,18.439865],[-66.196225,18.439918],[-66.196151,18.439997],[-66.196103,18.440071],[-66.196076,18.44013],[-66.196059,18.440209],[-66.196037,18.440289],[-66.196041,18.440358],[-66.196087,18.440424],[-66.196142,18.440514],[-66.196219,18.4406],[-66.196322,18.440681],[-66.196451,18.440748],[-66.196591,18.440819],[-66.196767,18.440887],[-66.196907,18.440919],[-66.197037,18.440916],[-66.197126,18.440912],[-66.197314,18.44087],[-66.197424,18.440832],[-66.197562,18.440734],[-66.197741,18.440563],[-66.197853,18.440445],[-66.19798,18.440337],[-66.198043,18.440298],[-66.19809,18.440284],[-66.198147,18.440285],[-66.198236,18.440301],[-66.198396,18.440358],[-66.198531,18.4404],[-66.198676,18.440432],[-66.198822,18.440449],[-66.198999,18.440457],[-66.19915,18.440469],[-66.199306,18.440471],[-66.199488,18.440504],[-66.199587,18.440525],[-66.199675,18.440547],[-66.199742,18.440577],[-66.199851,18.440599],[-66.199935,18.440595],[-66.199993,18.440566],[-66.200004,18.440536],[-66.199994,18.440482],[-66.199978,18.440423],[-66.199969,18.440373],[-66.19997,18.440323],[-66.19996,18.440288],[-66.199944,18.440263],[-66.199919,18.440228],[-66.199899,18.440198],[-66.199899,18.440168],[-66.19991,18.440148],[-66.199926,18.440139],[-66.199957,18.440129],[-66.200009,18.44014],[-66.200061,18.440166],[-66.200123,18.440176],[-66.200212,18.440173],[-66.200322,18.44014],[-66.200375,18.440091],[-66.200412,18.440026],[-66.200455,18.439942],[-66.200476,18.439918],[-66.200508,18.439893],[-66.20054,18.439884],[-66.200623,18.439845],[-66.200771,18.439773],[-66.200871,18.439715],[-66.200955,18.439656],[-66.200998,18.439592],[-66.201014,18.439513],[-66.201005,18.439438],[-66.200949,18.439377],[-66.200851,18.439301],[-66.200764,18.439225],[-66.20066,18.439179],[-66.200583,18.439143],[-66.200463,18.439136],[-66.200338,18.43913],[-66.200161,18.439137],[-66.200014,18.43916],[-66.199863,18.439187],[-66.199711,18.439255],[-66.199584,18.439337],[-66.199458,18.43943],[-66.199263,18.439566],[-66.199189,18.439605],[-66.199126,18.439619],[-66.19909,18.439614],[-66.199075,18.439589],[-66.199075,18.439539],[-66.199107,18.4395],[-66.199187,18.439416],[-66.199235,18.439357],[-66.199267,18.439308],[-66.199278,18.439258],[-66.199284,18.439223],[-66.199259,18.439163],[-66.199223,18.439118],[-66.199166,18.439077],[-66.199068,18.439031],[-66.198933,18.438989],[-66.198819,18.438948],[-66.198649,18.438866],[-66.198493,18.438794],[-66.19838,18.438742],[-66.198219,18.438685],[-66.198152,18.438649],[-66.198116,18.438599],[-66.198102,18.438534],[-66.198108,18.438469],[-66.198134,18.438455],[-66.198165,18.438455],[-66.198254,18.438467],[-66.198363,18.438498],[-66.198518,18.43857],[-66.198668,18.438647],[-66.198803,18.438694],[-66.198974,18.438736],[-66.199109,18.438773],[-66.199285,18.438805],[-66.199353,18.438806],[-66.199395,18.438792],[-66.199458,18.438743],[-66.199464,18.438718],[-66.199449,18.438678],[-66.199362,18.438592],[-66.1993,18.438527],[-66.199228,18.438471],[-66.199135,18.43841],[-66.199006,18.438343],[-66.198903,18.438287],[-66.19881,18.438221],[-66.198708,18.438115],[-66.19858,18.437959],[-66.198473,18.437803],[-66.198387,18.437662],[-66.198352,18.437577],[-66.198329,18.437503],[-66.198317,18.437467],[-66.198262,18.437317],[-66.198223,18.437177],[-66.198189,18.437012],[-66.198175,18.436912],[-66.198197,18.436808],[-66.198243,18.436716],[-66.198286,18.436635],[-66.198345,18.436539],[-66.198414,18.436467],[-66.198454,18.436431],[-66.198527,18.436385],[-66.198641,18.436297],[-66.198699,18.43625],[-66.198776,18.436174],[-66.198821,18.436133],[-66.198855,18.436116],[-66.198886,18.436101],[-66.198933,18.436094],[-66.198999,18.436088],[-66.199077,18.436087],[-66.19916,18.436085],[-66.199223,18.436074],[-66.199288,18.43605],[-66.199359,18.436014],[-66.199423,18.435972],[-66.199465,18.435931],[-66.199529,18.435854],[-66.199548,18.4358],[-66.199554,18.43575],[-66.199552,18.435683],[-66.199548,18.435623],[-66.199531,18.435538],[-66.199491,18.435403],[-66.199455,18.435312],[-66.199437,18.435225],[-66.19942,18.435111],[-66.199408,18.434993],[-66.199395,18.43492],[-66.199315,18.434828],[-66.199269,18.434787],[-66.199217,18.434763],[-66.199189,18.434722],[-66.199123,18.434649],[-66.199071,18.43463],[-66.199019,18.434629],[-66.198977,18.434619],[-66.198944,18.434591],[-66.198911,18.434537],[-66.198884,18.434463],[-66.198881,18.434382],[-66.198882,18.434295],[-66.198879,18.434187],[-66.198875,18.434123],[-66.19887,18.434076],[-66.198838,18.434012],[-66.198805,18.433961],[-66.198782,18.433915],[-66.198779,18.433865],[-66.198795,18.433808],[-66.198824,18.433786],[-66.198862,18.433773],[-66.198891,18.433769],[-66.198967,18.43377],[-66.198976,18.433757],[-66.198991,18.433702],[-66.199011,18.433676],[-66.19903,18.433653],[-66.199049,18.433653],[-66.199082,18.433658],[-66.199097,18.433668],[-66.19911,18.433695],[-66.199104,18.433813],[-66.199096,18.433972],[-66.199094,18.434131],[-66.199097,18.434249],[-66.199105,18.434303],[-66.199147,18.434345],[-66.199195,18.434359],[-66.199257,18.434351],[-66.199357,18.434316],[-66.199448,18.434259],[-66.19953,18.43421],[-66.199616,18.43417],[-66.199712,18.434135],[-66.199812,18.434096],[-66.199894,18.434047],[-66.199951,18.434007],[-66.200004,18.433953],[-66.200077,18.433895],[-66.200196,18.433828],[-66.200294,18.433782],[-66.200395,18.433718],[-66.200479,18.43366],[-66.200513,18.433626],[-66.200542,18.433574],[-66.200557,18.433529],[-66.200552,18.433409],[-66.200547,18.433239],[-66.200556,18.433177],[-66.200561,18.433141],[-66.200575,18.433123],[-66.200595,18.433103],[-66.200614,18.433103],[-66.20064,18.433122],[-66.20067,18.433152],[-66.200702,18.433209],[-66.20073,18.433282],[-66.200746,18.433316],[-66.200781,18.433351],[-66.20088,18.433416],[-66.201032,18.433545],[-66.201105,18.433615],[-66.201161,18.43367],[-66.201193,18.4337],[-66.201222,18.433714],[-66.201255,18.433714],[-66.201296,18.433695],[-66.201318,18.433663],[-66.201342,18.43362],[-66.201348,18.43357],[-66.201332,18.433484],[-66.201317,18.433422],[-66.201296,18.433386],[-66.201287,18.433356],[-66.201278,18.433329],[-66.201283,18.433302],[-66.201288,18.433277],[-66.201298,18.433257],[-66.201315,18.433236],[-66.201339,18.433225],[-66.20143,18.433197],[-66.20159,18.43312],[-66.201674,18.433071],[-66.201787,18.433009],[-66.201893,18.432934],[-66.202001,18.432849],[-66.202093,18.432771],[-66.20212,18.432744],[-66.202157,18.432641],[-66.202204,18.432519],[-66.202242,18.432401],[-66.202292,18.432259],[-66.202329,18.432137],[-66.202354,18.432074],[-66.202374,18.43202],[-66.202415,18.431961],[-66.202459,18.431892],[-66.202532,18.431815],[-66.202623,18.431726],[-66.202732,18.431628],[-66.202862,18.43152],[-66.202973,18.431425],[-66.203055,18.43134],[-66.203131,18.431228],[-66.203165,18.431142],[-66.203205,18.431043],[-66.203216,18.430963],[-66.203213,18.430859],[-66.203223,18.43078],[-66.20322,18.430673],[-66.203224,18.430596],[-66.203218,18.430518],[-66.203222,18.430453],[-66.203229,18.430414],[-66.203258,18.430385],[-66.203311,18.430361],[-66.203342,18.430368],[-66.203379,18.430394],[-66.2034,18.430428],[-66.203421,18.430485],[-66.203433,18.430576],[-66.203443,18.430697],[-66.203456,18.43079],[-66.203471,18.430869],[-66.203505,18.430981],[-66.203534,18.431091],[-66.203559,18.431189],[-66.203567,18.431264],[-66.203593,18.431312],[-66.203616,18.431341],[-66.203635,18.431355],[-66.203649,18.431353],[-66.203675,18.431345],[-66.203707,18.43132],[-66.203736,18.431271],[-66.203751,18.431216],[-66.203761,18.431167],[-66.203764,18.431137],[-66.203767,18.431101],[-66.203744,18.430944],[-66.20372,18.430798],[-66.203707,18.430687],[-66.203704,18.430585],[-66.203701,18.430485],[-66.203703,18.43038],[-66.203718,18.430294],[-66.203738,18.430193],[-66.20377,18.430075],[-66.203812,18.429985],[-66.203842,18.429915],[-66.203893,18.429845],[-66.203973,18.429758],[-66.204113,18.429633],[-66.20426,18.429501],[-66.204438,18.429356],[-66.204558,18.429258],[-66.204616,18.429214],[-66.204673,18.429199],[-66.20473,18.429199],[-66.204787,18.429207],[-66.204846,18.429242],[-66.204867,18.42926],[-66.2049,18.429268],[-66.204967,18.429271],[-66.205119,18.429267],[-66.205397,18.429271],[-66.205485,18.429281],[-66.205587,18.42931],[-66.205753,18.42936],[-66.205842,18.429402],[-66.205904,18.429435],[-66.20596,18.429488],[-66.206046,18.42958],[-66.206119,18.429656],[-66.206196,18.42975],[-66.206242,18.429803],[-66.206296,18.429874],[-66.206333,18.429943],[-66.206363,18.429986],[-66.206405,18.430021],[-66.206447,18.430044],[-66.206502,18.430065],[-66.20658,18.430073],[-66.206666,18.430066],[-66.206773,18.430054],[-66.206899,18.430028],[-66.207081,18.429983],[-66.207257,18.429959],[-66.207371,18.42994],[-66.207459,18.429932],[-66.207526,18.429915],[-66.207591,18.429884],[-66.207642,18.429842],[-66.207721,18.429784],[-66.207769,18.429755],[-66.207812,18.429733],[-66.207917,18.429739],[-66.20804,18.429754],[-66.208152,18.429754],[-66.20823,18.42978],[-66.208296,18.429815],[-66.208338,18.42985],[-66.208406,18.429935],[-66.208484,18.430063],[-66.208521,18.430143],[-66.208549,18.430193],[-66.20856,18.430252],[-66.208604,18.430328],[-66.208655,18.430383],[-66.2087,18.430413],[-66.208738,18.430418],[-66.208788,18.430412],[-66.208833,18.430392],[-66.208877,18.430361],[-66.208908,18.43031],[-66.208916,18.430267],[-66.208905,18.430221],[-66.208882,18.430171],[-66.208828,18.430113],[-66.208791,18.430054],[-66.208759,18.429987],[-66.208729,18.429914],[-66.208702,18.429846],[-66.208702,18.429812],[-66.208708,18.429782],[-66.208729,18.429758],[-66.208753,18.429738],[-66.208789,18.429729],[-66.208825,18.42973],[-66.208875,18.429744],[-66.208938,18.429761],[-66.209012,18.429789],[-66.209085,18.429806],[-66.209173,18.429826],[-66.209241,18.429836],[-66.209308,18.429841],[-66.209355,18.429844],[-66.20941,18.429843],[-66.209467,18.429825],[-66.20952,18.429803],[-66.209686,18.429731],[-66.20982,18.429671],[-66.209952,18.429612],[-66.210064,18.429564],[-66.210141,18.42954],[-66.210226,18.429534],[-66.210368,18.429555],[-66.210499,18.429588],[-66.210579,18.429621],[-66.210631,18.429661],[-66.210658,18.429706],[-66.210686,18.429766],[-66.210711,18.429859],[-66.210723,18.429939],[-66.210724,18.430023],[-66.210716,18.430109],[-66.210684,18.430197],[-66.210639,18.430296],[-66.210612,18.430357],[-66.2106,18.4304],[-66.210601,18.430452],[-66.210619,18.430505],[-66.210643,18.430535],[-66.210664,18.43056],[-66.210687,18.430569],[-66.210742,18.430536],[-66.210774,18.430496],[-66.210804,18.430421],[-66.210839,18.43029],[-66.210865,18.430143],[-66.210898,18.430032],[-66.210925,18.429951],[-66.210945,18.42989],[-66.210974,18.42985],[-66.211006,18.42982],[-66.211056,18.429803],[-66.211132,18.429809],[-66.211277,18.429836],[-66.211514,18.42988],[-66.211685,18.429909],[-66.211756,18.429924],[-66.211848,18.429937],[-66.211926,18.429961],[-66.211995,18.429998],[-66.212058,18.430071],[-66.212118,18.430147],[-66.212148,18.430207],[-66.212171,18.430262],[-66.212191,18.430339],[-66.212199,18.430425],[-66.212193,18.430507],[-66.21218,18.430598],[-66.21216,18.430656],[-66.212131,18.430719],[-66.212113,18.430801],[-66.212131,18.430865],[-66.212158,18.430899],[-66.212177,18.430908],[-66.212218,18.430904],[-66.212268,18.430885],[-66.212316,18.430833],[-66.212377,18.430734],[-66.212405,18.430673],[-66.212425,18.430606],[-66.212435,18.430535],[-66.212449,18.430443],[-66.21246,18.430336],[-66.212463,18.430282],[-66.212466,18.430241],[-66.212476,18.430202],[-66.212501,18.430164],[-66.212527,18.43014],[-66.212606,18.430118],[-66.212715,18.430115],[-66.212808,18.430137],[-66.212919,18.430157],[-66.213011,18.430199],[-66.213101,18.430222],[-66.21316,18.430214],[-66.213215,18.43018],[-66.213254,18.430124],[-66.213248,18.430076],[-66.213235,18.430017],[-66.213195,18.429955],[-66.213142,18.429889],[-66.213088,18.429838],[-66.213024,18.429796],[-66.212942,18.429768],[-66.212823,18.429746],[-66.212669,18.42973],[-66.212524,18.429718],[-66.212382,18.429698],[-66.212261,18.429669],[-66.212193,18.429632],[-66.212162,18.429609],[-66.212146,18.429586],[-66.212149,18.42954],[-66.21215,18.429481],[-66.21216,18.429427],[-66.212178,18.429362],[-66.212215,18.429264],[-66.212259,18.429185],[-66.212288,18.429117],[-66.212325,18.429054],[-66.212383,18.428985],[-66.212471,18.428875],[-66.212551,18.428781],[-66.21265,18.428669],[-66.212766,18.428543],[-66.212855,18.428447],[-66.212906,18.428405],[-66.212951,18.42838],[-66.212999,18.42837],[-66.213059,18.428368],[-66.213089,18.428373],[-66.213146,18.428408],[-66.213245,18.42848],[-66.213329,18.428536],[-66.213412,18.428582],[-66.213492,18.42862],[-66.213563,18.428641],[-66.213627,18.428647],[-66.21371,18.428632],[-66.213792,18.428601],[-66.213859,18.428559],[-66.213926,18.428501],[-66.213965,18.428447],[-66.213997,18.428389],[-66.214019,18.42833],[-66.214043,18.428243],[-66.214047,18.428161],[-66.214057,18.428077],[-66.214082,18.428014],[-66.214109,18.42798],[-66.214174,18.427952],[-66.214226,18.427937],[-66.214269,18.427944],[-66.214306,18.427963],[-66.214342,18.427998],[-66.214388,18.428046],[-66.214435,18.428069],[-66.214492,18.428081],[-66.214535,18.428082],[-66.214551,18.428094],[-66.21457,18.428121],[-66.214567,18.428146],[-66.214531,18.428186],[-66.214461,18.428244],[-66.214408,18.428284],[-66.214394,18.428302],[-66.214386,18.428332],[-66.214397,18.428373],[-66.214407,18.428384],[-66.214425,18.428394],[-66.214461,18.428399],[-66.214585,18.428387],[-66.214875,18.428362],[-66.215092,18.428344],[-66.215149,18.428343],[-66.215206,18.428346],[-66.215246,18.428354],[-66.215286,18.428356],[-66.215327,18.428352],[-66.215365,18.428346],[-66.215405,18.428347],[-66.215453,18.428357],[-66.215538,18.428367],[-66.215635,18.428373],[-66.215716,18.428374],[-66.215795,18.428373],[-66.21589,18.428358],[-66.216072,18.428325],[-66.216215,18.428286],[-66.216358,18.428234],[-66.216406,18.428216],[-66.216437,18.428199],[-66.216462,18.428167],[-66.216469,18.428143],[-66.216503,18.428091],[-66.216535,18.428064],[-66.216573,18.428042],[-66.216611,18.428031],[-66.216694,18.428028],[-66.216828,18.428023],[-66.216901,18.428013],[-66.216985,18.427996],[-66.217033,18.427983],[-66.217066,18.427976],[-66.217142,18.427987],[-66.217232,18.428008],[-66.217324,18.428039],[-66.217388,18.428067],[-66.217463,18.428105],[-66.217525,18.428124],[-66.217586,18.428148],[-66.217662,18.428162],[-66.217761,18.428175],[-66.217852,18.428183],[-66.217934,18.428182],[-66.217996,18.428172],[-66.218032,18.428165],[-66.218105,18.428122],[-66.218188,18.428096],[-66.218265,18.428085],[-66.218467,18.428084],[-66.218574,18.428081],[-66.218709,18.428069],[-66.218926,18.428045],[-66.219095,18.428032],[-66.219254,18.428021],[-66.219352,18.428006],[-66.219426,18.427991],[-66.219521,18.427965],[-66.21965,18.427936],[-66.219748,18.427917],[-66.219819,18.427904],[-66.219869,18.4279],[-66.219933,18.42791],[-66.220033,18.427934],[-66.220138,18.427963],[-66.220225,18.427976],[-66.220349,18.427984],[-66.220449,18.427977],[-66.220615,18.427961],[-66.220727,18.427942],[-66.220844,18.427914],[-66.220956,18.427887],[-66.221138,18.427828],[-66.221298,18.427764],[-66.221432,18.427716],[-66.221501,18.42769],[-66.221544,18.427682],[-66.221589,18.42768],[-66.221644,18.427695],[-66.221708,18.427718],[-66.221771,18.427744],[-66.221824,18.427747],[-66.221907,18.427744],[-66.222034,18.427737],[-66.2221,18.427733],[-66.222181,18.427748],[-66.222259,18.427778],[-66.222537,18.427917],[-66.22265,18.42797],[-66.222754,18.42802],[-66.222827,18.428043],[-66.222941,18.428065],[-66.22301,18.428078],[-66.223052,18.428083],[-66.223107,18.428077],[-66.223145,18.428068],[-66.223245,18.428088],[-66.223295,18.428089],[-66.223344,18.428087],[-66.223421,18.428063],[-66.223505,18.428037],[-66.223578,18.428016],[-66.223593,18.428011],[-66.223688,18.427981],[-66.223741,18.427961],[-66.223983,18.427857],[-66.224168,18.427769],[-66.224407,18.427655],[-66.224565,18.427575],[-66.224712,18.427487],[-66.22486,18.427407],[-66.225009,18.427303],[-66.225166,18.427196],[-66.225307,18.427091],[-66.225406,18.427025],[-66.22547,18.426969],[-66.225547,18.426909],[-66.225746,18.426803],[-66.225907,18.426712],[-66.22597,18.426667],[-66.225994,18.426643],[-66.226025,18.426605],[-66.226057,18.426557],[-66.226074,18.426512],[-66.226085,18.426465],[-66.226097,18.426397],[-66.226116,18.426288],[-66.226134,18.4262],[-66.226157,18.426107],[-66.226187,18.425996],[-66.226215,18.425901],[-66.226235,18.425806],[-66.226231,18.425749],[-66.226223,18.425709],[-66.226204,18.425681],[-66.226178,18.425665],[-66.226145,18.425664],[-66.2261,18.425675],[-66.226004,18.425701],[-66.225918,18.425715],[-66.225878,18.425724],[-66.225864,18.425721],[-66.225838,18.425701],[-66.225814,18.425671],[-66.225785,18.425607],[-66.225717,18.425495],[-66.225687,18.425451],[-66.225638,18.425405],[-66.225526,18.425308],[-66.225383,18.425188],[-66.225256,18.425075],[-66.225144,18.424953],[-66.225097,18.424902],[-66.225,18.424792],[-66.224869,18.424667],[-66.224763,18.424586],[-66.224636,18.424521],[-66.224485,18.424467],[-66.224303,18.424403],[-66.224135,18.424346],[-66.223949,18.424275],[-66.223795,18.424207],[-66.22373,18.424187],[-66.223679,18.424171],[-66.2235,18.424112],[-66.223348,18.424075],[-66.223303,18.424054],[-66.223273,18.424029],[-66.223261,18.424002],[-66.223274,18.423961],[-66.223342,18.423889],[-66.223411,18.423838],[-66.223522,18.423781],[-66.223653,18.423749],[-66.223784,18.423728],[-66.22388,18.423723],[-66.223889,18.423722],[-66.224045,18.423725],[-66.224236,18.423721],[-66.224419,18.423714],[-66.224549,18.423703],[-66.224679,18.423679],[-66.224851,18.423634],[-66.225007,18.423582],[-66.225143,18.423527],[-66.225241,18.423479],[-66.225364,18.423401],[-66.22546,18.423325],[-66.225554,18.423231],[-66.22566,18.423124],[-66.225745,18.423055],[-66.225838,18.422997],[-66.225922,18.422957],[-66.22601,18.422954],[-66.226088,18.422958],[-66.226162,18.42297],[-66.226231,18.422978],[-66.226318,18.422981],[-66.226477,18.422997],[-66.226639,18.423011],[-66.22676,18.423024],[-66.226834,18.423041],[-66.226888,18.423062],[-66.226909,18.423081],[-66.22693,18.423101],[-66.226951,18.423156],[-66.226978,18.423252],[-66.22701,18.423343],[-66.227065,18.423439],[-66.227135,18.42352],[-66.227198,18.423573],[-66.227269,18.423604],[-66.227331,18.423616],[-66.227388,18.423619],[-66.227497,18.423599],[-66.227645,18.423555],[-66.227829,18.423479],[-66.228011,18.423384],[-66.22814,18.423311],[-66.228184,18.423279],[-66.228223,18.423169],[-66.228258,18.423088],[-66.228288,18.423018],[-66.228294,18.422934],[-66.228295,18.422868],[-66.228308,18.422807],[-66.228332,18.422755],[-66.228376,18.422688],[-66.228427,18.422609],[-66.228505,18.422524],[-66.228594,18.422464],[-66.228673,18.422413],[-66.22879,18.422333],[-66.228938,18.422235],[-66.229025,18.422166],[-66.229099,18.422142],[-66.229147,18.422125],[-66.229205,18.422091],[-66.22926,18.422042],[-66.229326,18.42193],[-66.229388,18.421774],[-66.229437,18.421686],[-66.229488,18.421621],[-66.22957,18.421554],[-66.229769,18.421444],[-66.230023,18.421316],[-66.230193,18.421239],[-66.230302,18.42119],[-66.230431,18.421137],[-66.230527,18.421098],[-66.230598,18.421067],[-66.23068,18.421007],[-66.230774,18.420924],[-66.23084,18.420852],[-66.230873,18.420819],[-66.230919,18.420806],[-66.230966,18.420802],[-66.231007,18.42081],[-66.231035,18.420828],[-66.23107,18.420863],[-66.231086,18.420895],[-66.231092,18.420938],[-66.231089,18.420988],[-66.231084,18.421038],[-66.231078,18.421069],[-66.231085,18.421135],[-66.231093,18.421179],[-66.231107,18.421229],[-66.23112,18.421292],[-66.231119,18.421336],[-66.231111,18.42139],[-66.231092,18.42144],[-66.231028,18.421536],[-66.230903,18.421664],[-66.230813,18.421755],[-66.23075,18.421818],[-66.230686,18.421865],[-66.230633,18.421896],[-66.230563,18.421922],[-66.230451,18.42195],[-66.230315,18.421975],[-66.230215,18.421987],[-66.23012,18.422013],[-66.229984,18.422063],[-66.229859,18.42213],[-66.229756,18.42218],[-66.229684,18.422222],[-66.229604,18.422298],[-66.229527,18.422411],[-66.229461,18.422526],[-66.229433,18.422589],[-66.229413,18.422647],[-66.229403,18.422734],[-66.229408,18.422854],[-66.229426,18.42295],[-66.229458,18.423041],[-66.229492,18.423132],[-66.22952,18.423201],[-66.229551,18.42329],[-66.229567,18.423363],[-66.229577,18.423449],[-66.229583,18.423538],[-66.229591,18.423651],[-66.229608,18.423756],[-66.229613,18.423917],[-66.229631,18.424104],[-66.229643,18.424274],[-66.229644,18.424449],[-66.229648,18.424522],[-66.229638,18.424565],[-66.229625,18.424608],[-66.229591,18.424662],[-66.229531,18.424731],[-66.229424,18.424841],[-66.229371,18.42491],[-66.229313,18.424984],[-66.229269,18.42507],[-66.229197,18.425205],[-66.229134,18.425324],[-66.22908,18.425442],[-66.229028,18.425568],[-66.228995,18.425686],[-66.228989,18.42574],[-66.228988,18.425797],[-66.228999,18.425858],[-66.229031,18.425981],[-66.229062,18.426084],[-66.229101,18.426155],[-66.229151,18.426196],[-66.229191,18.426222],[-66.229259,18.426243],[-66.229326,18.426249],[-66.229387,18.426252],[-66.229442,18.426257],[-66.229499,18.426276],[-66.229536,18.426309],[-66.229611,18.426398],[-66.229684,18.426461],[-66.22974,18.426507],[-66.229785,18.426526],[-66.229877,18.426538],[-66.229958,18.426531],[-66.230044,18.426509],[-66.230132,18.426472],[-66.230185,18.426436],[-66.230229,18.426396],[-66.230244,18.426335],[-66.230264,18.426297],[-66.230283,18.426272],[-66.230291,18.426245],[-66.230289,18.426215],[-66.230282,18.426177],[-66.230284,18.426036],[-66.2303,18.425959],[-66.230327,18.425878],[-66.230357,18.425819],[-66.230435,18.425729],[-66.230515,18.425633],[-66.230578,18.425566],[-66.23066,18.425499],[-66.230744,18.425436],[-66.230804,18.425392],[-66.230864,18.42535],[-66.230922,18.425291],[-66.231009,18.425227],[-66.231083,18.425176],[-66.231205,18.425119],[-66.231372,18.425057],[-66.231554,18.42499],[-66.23175,18.424918],[-66.231908,18.424859],[-66.232006,18.424817],[-66.232071,18.424782],[-66.232131,18.424735],[-66.232238,18.42464],[-66.232357,18.424531],[-66.232412,18.424477],[-66.232443,18.424441],[-66.232478,18.424348],[-66.232549,18.424231],[-66.232626,18.424146],[-66.232708,18.424072],[-66.232718,18.424066],[-66.23278,18.424028],[-66.232854,18.424004],[-66.232952,18.423969],[-66.233055,18.423914],[-66.233156,18.423845],[-66.233257,18.42376],[-66.233356,18.423662],[-66.233431,18.423556],[-66.233492,18.423473],[-66.233565,18.42339],[-66.23363,18.423352],[-66.233701,18.423326],[-66.233742,18.423322],[-66.233789,18.423332],[-66.23387,18.42334],[-66.23397,18.423346],[-66.234043,18.42334],[-66.234146,18.423314],[-66.234221,18.423277],[-66.234384,18.423172],[-66.234509,18.423102],[-66.234542,18.423084],[-66.234674,18.42302],[-66.234744,18.42298],[-66.234851,18.422936],[-66.234963,18.422911],[-66.235068,18.422896],[-66.235168,18.422875],[-66.23524,18.422849],[-66.23535,18.4228],[-66.235449,18.42275],[-66.235516,18.422703],[-66.235564,18.422672],[-66.235675,18.422594],[-66.235769,18.422522],[-66.235844,18.42246],[-66.235896,18.422438],[-66.235982,18.422416],[-66.236092,18.422393],[-66.236197,18.422354],[-66.236286,18.422305],[-66.23643,18.422212],[-66.236557,18.422123],[-66.236673,18.422027],[-66.236791,18.421927],[-66.236914,18.421817],[-66.23702,18.421717],[-66.237136,18.421603],[-66.23724,18.421504],[-66.237272,18.421484],[-66.237341,18.421438],[-66.237367,18.42143],[-66.237411,18.421416],[-66.237456,18.421415],[-66.237512,18.42144],[-66.237564,18.42148],[-66.237606,18.421539],[-66.237626,18.421594],[-66.237638,18.421644],[-66.237663,18.421708],[-66.237693,18.421756],[-66.23773,18.421841],[-66.237766,18.421939],[-66.237791,18.42203],[-66.237808,18.422119],[-66.237837,18.422222],[-66.23786,18.42227],[-66.237907,18.422304],[-66.237971,18.422328],[-66.238045,18.422343],[-66.238185,18.422331],[-66.2383,18.422303],[-66.23839,18.422277],[-66.238472,18.422233],[-66.238582,18.422173],[-66.238683,18.422113],[-66.23881,18.422047],[-66.238908,18.422015],[-66.238982,18.422],[-66.239065,18.42199],[-66.239158,18.421979],[-66.23931,18.421984],[-66.23946,18.422011],[-66.239621,18.422045],[-66.239725,18.422065],[-66.239815,18.422082],[-66.239889,18.422087],[-66.239936,18.422084],[-66.239986,18.422073],[-66.240056,18.422035],[-66.240135,18.421993],[-66.240209,18.421974],[-66.240409,18.42195],[-66.240611,18.421937],[-66.24073,18.421932],[-66.240813,18.421942],[-66.240915,18.421964],[-66.240965,18.421983],[-66.241071,18.422047],[-66.241137,18.422091],[-66.241177,18.422135],[-66.2412,18.422178],[-66.241218,18.422242],[-66.241251,18.422277],[-66.241286,18.4223],[-66.241347,18.422326],[-66.241473,18.422348],[-66.241575,18.422363],[-66.241651,18.422378],[-66.241712,18.422392],[-66.241745,18.422415],[-66.241771,18.422457],[-66.241824,18.422519],[-66.241857,18.422549],[-66.241885,18.422567],[-66.241921,18.422584],[-66.24198,18.422594],[-66.242044,18.42261],[-66.242096,18.422632],[-66.242157,18.422671],[-66.242196,18.422722],[-66.242292,18.42285],[-66.242359,18.422951],[-66.242422,18.42304],[-66.242498,18.42315],[-66.242565,18.423236],[-66.242586,18.42327],[-66.242595,18.423306],[-66.242588,18.423345],[-66.242573,18.423379],[-66.242558,18.423428],[-66.242559,18.423474],[-66.242564,18.423508],[-66.242579,18.423576],[-66.2426,18.423611],[-66.242628,18.423636],[-66.242694,18.423682],[-66.24285,18.423786],[-66.242871,18.423801],[-66.242935,18.423847],[-66.242968,18.42388],[-66.242996,18.423913],[-66.243012,18.423952],[-66.243033,18.424007],[-66.24307,18.424166],[-66.243062,18.423988],[-66.243041,18.423769],[-66.243039,18.42353],[-66.243102,18.422931],[-66.243272,18.422019],[-66.243712,18.42026],[-66.243724,18.420213],[-66.243861,18.419809],[-66.244047,18.419243],[-66.244097,18.418975],[-66.244088,18.418938],[-66.244077,18.418896],[-66.244029,18.418883],[-66.243859,18.418847],[-66.24345,18.418834],[-66.243236,18.418836],[-66.243154,18.418841],[-66.24312,18.418838],[-66.243089,18.41881],[-66.243102,18.418773],[-66.243142,18.418723],[-66.243184,18.418676],[-66.243228,18.418645],[-66.243321,18.418576],[-66.2435,18.418432],[-66.243855,18.418176],[-66.244224,18.417846],[-66.24456,18.417587],[-66.24462,18.417536],[-66.24464,18.417508],[-66.244654,18.417474],[-66.244659,18.417462],[-66.244666,18.41744],[-66.244681,18.417407],[-66.244693,18.417375],[-66.244707,18.417345],[-66.244734,18.417283],[-66.244758,18.417231],[-66.244772,18.417199],[-66.244784,18.417166],[-66.244799,18.417134],[-66.244808,18.417105],[-66.244833,18.417054],[-66.244847,18.417022],[-66.244869,18.416959],[-66.244909,18.416845],[-66.244951,18.416825],[-66.245007,18.416797],[-66.245036,18.416783],[-66.245088,18.416757],[-66.245116,18.416741],[-66.245145,18.416725],[-66.245177,18.416707],[-66.245211,18.41669],[-66.245256,18.416666],[-66.245286,18.416649],[-66.24532,18.416631],[-66.245353,18.416612],[-66.245384,18.416597],[-66.245412,18.416583],[-66.245446,18.416564],[-66.245472,18.41655],[-66.245526,18.416522],[-66.245554,18.416507],[-66.245586,18.416492],[-66.245616,18.416477],[-66.245643,18.416465],[-66.245675,18.416448],[-66.245714,18.416426],[-66.245742,18.416408],[-66.245773,18.416391],[-66.245802,18.416374],[-66.24583,18.416356],[-66.245859,18.41634],[-66.24589,18.41632],[-66.245916,18.416303],[-66.245943,18.416284],[-66.245984,18.416255],[-66.246012,18.416234],[-66.246039,18.416216],[-66.246065,18.416201],[-66.246093,18.416183],[-66.246121,18.416168],[-66.246151,18.416152],[-66.24618,18.416135],[-66.246217,18.416115],[-66.246244,18.416101],[-66.246278,18.416085],[-66.246304,18.416071],[-66.246338,18.416054],[-66.246367,18.416043],[-66.246402,18.416028],[-66.246439,18.416017],[-66.246473,18.41601],[-66.246513,18.416006],[-66.246545,18.416004],[-66.246574,18.416002],[-66.246616,18.416001],[-66.246651,18.416005],[-66.246683,18.416015],[-66.246717,18.416031],[-66.246746,18.416049],[-66.246777,18.416068],[-66.24681,18.416088],[-66.246843,18.416105],[-66.246871,18.416113],[-66.246907,18.416121],[-66.24695,18.416126],[-66.247003,18.416127],[-66.247051,18.416126],[-66.247087,18.416126],[-66.247151,18.416125],[-66.247239,18.416125],[-66.247275,18.416126],[-66.24732,18.416127],[-66.247419,18.416127],[-66.247481,18.416121],[-66.24751,18.416119],[-66.247543,18.416113],[-66.247575,18.416103],[-66.247634,18.416084],[-66.247672,18.416077],[-66.247704,18.416072],[-66.247738,18.416067],[-66.247768,18.416065],[-66.247806,18.416061],[-66.247843,18.416057],[-66.247872,18.416053],[-66.247906,18.416044],[-66.247934,18.416035],[-66.24796,18.416023],[-66.247987,18.416004],[-66.248023,18.415979],[-66.248047,18.415958],[-66.248071,18.415938],[-66.248099,18.415915],[-66.248125,18.415896],[-66.248151,18.415879],[-66.248185,18.415858],[-66.248216,18.415841],[-66.248252,18.415823],[-66.248279,18.415812],[-66.248316,18.415797],[-66.248356,18.415785],[-66.248385,18.415779],[-66.248414,18.415775],[-66.248448,18.415774],[-66.248477,18.415776],[-66.248509,18.415779],[-66.248541,18.415786],[-66.248574,18.415791],[-66.248603,18.415793],[-66.248635,18.415791],[-66.24867,18.415781],[-66.248699,18.415762],[-66.248719,18.41574],[-66.24874,18.415707],[-66.248761,18.415675],[-66.248784,18.415643],[-66.2488,18.415616],[-66.248818,18.415589],[-66.248833,18.415561],[-66.248847,18.415532],[-66.248874,18.415478],[-66.248885,18.415452],[-66.248896,18.415425],[-66.248908,18.415396],[-66.248917,18.415368],[-66.248929,18.415336],[-66.248938,18.415299],[-66.248949,18.41526],[-66.24896,18.415206],[-66.248967,18.415174],[-66.248975,18.415141],[-66.248987,18.415105],[-66.249,18.415078],[-66.249014,18.415051],[-66.249032,18.415026],[-66.249054,18.414999],[-66.249077,18.414972],[-66.249096,18.414939],[-66.249111,18.414906],[-66.249119,18.41488],[-66.249126,18.414852],[-66.249132,18.414823],[-66.249136,18.41479],[-66.249142,18.414753],[-66.249154,18.414699],[-66.249166,18.414669],[-66.249203,18.414633],[-66.249233,18.414618],[-66.249264,18.414606],[-66.249301,18.414598],[-66.249337,18.414598],[-66.249367,18.414607],[-66.249395,18.414619],[-66.249428,18.414636],[-66.249458,18.414647],[-66.24949,18.414656],[-66.249524,18.41466],[-66.249555,18.414661],[-66.249594,18.414658],[-66.249634,18.414653],[-66.249669,18.414647],[-66.2497,18.414634],[-66.249743,18.414602],[-66.249785,18.414558],[-66.249834,18.414474],[-66.249847,18.41445],[-66.249868,18.414413],[-66.249883,18.414385],[-66.249896,18.41436],[-66.249912,18.414327],[-66.249923,18.414302],[-66.249938,18.414275],[-66.24995,18.414248],[-66.249961,18.414222],[-66.249971,18.414196],[-66.24998,18.414169],[-66.249988,18.414136],[-66.249993,18.414108],[-66.249998,18.414072],[-66.249999,18.414038],[-66.249999,18.414036],[-66.249996,18.414005],[-66.249989,18.413977],[-66.249982,18.41395],[-66.249972,18.413918],[-66.249964,18.413886],[-66.249962,18.413854],[-66.249964,18.413821],[-66.249973,18.413791],[-66.249992,18.413762],[-66.249999,18.413755],[-66.250022,18.413733],[-66.250045,18.413715],[-66.250073,18.413697],[-66.250103,18.41368],[-66.25013,18.413662],[-66.250161,18.413635],[-66.250185,18.41361],[-66.250208,18.413587],[-66.250222,18.413563],[-66.250236,18.413538],[-66.250249,18.413509],[-66.250262,18.413482],[-66.250272,18.413454],[-66.250282,18.413422],[-66.250298,18.413368],[-66.250305,18.413338],[-66.250312,18.4133],[-66.250318,18.413255],[-66.250322,18.413223],[-66.250325,18.413187],[-66.250327,18.413158],[-66.250326,18.413123],[-66.250325,18.413093],[-66.250322,18.413062],[-66.250319,18.413034],[-66.250316,18.413001],[-66.250311,18.412967],[-66.250305,18.412928],[-66.250299,18.4129],[-66.25029,18.41285],[-66.250286,18.412818],[-66.25028,18.412787],[-66.250277,18.412752],[-66.250271,18.412716],[-66.250264,18.412673],[-66.250261,18.412645],[-66.250255,18.412597],[-66.250252,18.41256],[-66.25025,18.412524],[-66.250246,18.412487],[-66.250243,18.412449],[-66.250237,18.412407],[-66.250233,18.412374],[-66.250229,18.41234],[-66.250226,18.412312],[-66.250223,18.41228],[-66.250218,18.412249],[-66.250211,18.412214],[-66.250202,18.412176],[-66.250192,18.41214],[-66.250179,18.412097],[-66.25017,18.41206],[-66.250163,18.412032],[-66.250155,18.411996],[-66.250147,18.411959],[-66.250138,18.411928],[-66.250129,18.411892],[-66.25012,18.41186],[-66.250109,18.41183],[-66.250099,18.411803],[-66.250071,18.411741],[-66.250053,18.411706],[-66.250039,18.411677],[-66.250027,18.411648],[-66.250011,18.411608],[-66.249999,18.41158],[-66.249995,18.41157],[-66.249985,18.41154],[-66.249971,18.411507],[-66.249957,18.411471],[-66.249931,18.411416],[-66.249917,18.411388],[-66.249899,18.411363],[-66.249881,18.411339],[-66.24986,18.411312],[-66.24984,18.411291],[-66.249817,18.411265],[-66.249795,18.411242],[-66.249771,18.411218],[-66.249744,18.411194],[-66.249718,18.411174],[-66.249688,18.411154],[-66.249655,18.411136],[-66.249596,18.411109],[-66.249475,18.411055],[-66.249413,18.411051],[-66.24938,18.411044],[-66.24933,18.411013],[-66.249301,18.410957],[-66.24929,18.41092],[-66.249296,18.410867],[-66.24931,18.410817],[-66.249338,18.410772],[-66.249388,18.410721],[-66.249431,18.410707],[-66.249458,18.410699],[-66.249556,18.410695],[-66.249655,18.410599],[-66.24971,18.41056],[-66.249739,18.410545],[-66.249786,18.410519],[-66.249813,18.410506],[-66.249841,18.410489],[-66.249873,18.41047],[-66.249896,18.410454],[-66.249922,18.410436],[-66.249947,18.410421],[-66.24997,18.410405],[-66.249998,18.410386],[-66.249999,18.410385],[-66.250024,18.410369],[-66.25007,18.410335],[-66.250099,18.410315],[-66.250129,18.410295],[-66.250184,18.41026],[-66.250215,18.410236],[-66.25024,18.410214],[-66.250263,18.410196],[-66.250288,18.410176],[-66.250319,18.410152],[-66.250344,18.410133],[-66.250372,18.410107],[-66.250418,18.410065],[-66.250439,18.410044],[-66.250462,18.410017],[-66.250482,18.409992],[-66.250505,18.409959],[-66.250523,18.409929],[-66.250542,18.409901],[-66.250558,18.409876],[-66.250571,18.409851],[-66.250586,18.409823],[-66.250598,18.409796],[-66.250612,18.409765],[-66.25062,18.409737],[-66.250632,18.409704],[-66.250639,18.409675],[-66.25065,18.40964],[-66.250663,18.409598],[-66.250673,18.40956],[-66.25068,18.409527],[-66.250686,18.409494],[-66.25069,18.409463],[-66.250692,18.409434],[-66.250695,18.409396],[-66.250697,18.409364],[-66.250698,18.409329],[-66.250701,18.409293],[-66.250701,18.409259],[-66.250702,18.409229],[-66.250702,18.409169],[-66.2507,18.409118],[-66.250696,18.409078],[-66.250693,18.409044],[-66.250687,18.409005],[-66.250678,18.40895],[-66.250672,18.40892],[-66.250665,18.408887],[-66.250657,18.408857],[-66.250648,18.408827],[-66.250635,18.408792],[-66.250623,18.408762],[-66.250609,18.408729],[-66.250593,18.408696],[-66.250573,18.408661],[-66.250551,18.408628],[-66.250525,18.408585],[-66.250505,18.408555],[-66.250486,18.408531],[-66.25047,18.408508],[-66.250445,18.408475],[-66.250424,18.408446],[-66.250402,18.408419],[-66.250371,18.408385],[-66.250334,18.408346],[-66.250313,18.408326],[-66.250289,18.4083],[-66.250264,18.408277],[-66.250242,18.408256],[-66.250221,18.408234],[-66.250175,18.408194],[-66.250153,18.408173],[-66.25013,18.408152],[-66.250101,18.408125],[-66.250073,18.408095],[-66.250031,18.408051],[-66.250012,18.408029],[-66.249999,18.408015],[-66.249993,18.408008],[-66.249955,18.407964],[-66.249915,18.407918],[-66.249882,18.407881],[-66.249853,18.407844],[-66.24983,18.407813],[-66.249812,18.40779],[-66.249791,18.407758],[-66.249776,18.407735],[-66.249763,18.407708],[-66.249751,18.407674],[-66.249744,18.407647],[-66.24974,18.407612],[-66.249741,18.407581],[-66.249746,18.407549],[-66.249764,18.407509],[-66.249786,18.407477],[-66.249817,18.407442],[-66.249844,18.407419],[-66.249878,18.407394],[-66.249912,18.407377],[-66.249941,18.407364],[-66.249981,18.407351],[-66.249999,18.407346],[-66.249999,18.40735],[-66.2502,18.4073],[-66.250323,18.407284],[-66.250499,18.407217],[-66.25071,18.407032],[-66.250939,18.406797],[-66.251045,18.406579],[-66.251151,18.406226],[-66.251345,18.405924],[-66.251468,18.405907],[-66.251591,18.406008],[-66.251749,18.406445],[-66.251784,18.406731],[-66.251696,18.406966],[-66.251643,18.407184],[-66.251572,18.407335],[-66.251572,18.40752],[-66.251642,18.407688],[-66.25173,18.407822],[-66.251835,18.408007],[-66.251818,18.408209],[-66.251817,18.408478],[-66.252011,18.408562],[-66.252064,18.408511],[-66.252152,18.408377],[-66.252222,18.408142],[-66.252258,18.408024],[-66.252275,18.40784],[-66.252346,18.407638],[-66.252381,18.407487],[-66.252452,18.407336],[-66.252558,18.407219],[-66.252699,18.407084],[-66.252839,18.407034],[-66.253156,18.407001],[-66.253385,18.407051],[-66.253578,18.407203],[-66.253683,18.407556],[-66.253683,18.40774],[-66.25363,18.407975],[-66.25363,18.408194],[-66.253594,18.408345],[-66.253559,18.40858],[-66.253594,18.408765],[-66.2537,18.408748],[-66.253964,18.408715],[-66.254316,18.408749],[-66.254667,18.408833],[-66.255002,18.408867],[-66.25523,18.408833],[-66.255494,18.408834],[-66.255705,18.408868],[-66.255793,18.408935],[-66.255899,18.408901],[-66.255864,18.4087],[-66.255758,18.408515],[-66.255653,18.408246],[-66.255653,18.407994],[-66.255724,18.407759],[-66.25583,18.407524],[-66.256024,18.407407]]]}},{"type":"Feature","properties":{"OBJECTID":3114408,"DFIRM_ID":"72000C","FLD_ZONE":"X","ZONE_SUBTY":"0.2 PCT ANNUAL CHANCE FLOOD HAZARD","SFHA_TF":"F","STATIC_BFE":-9999,"V_DATUM":"","LEN_UNIT":"","SOURCE_CIT":"72000C_FIS1"},"geometry":{"type":"Polygon","coordinates":[[[-66.21748,18.441867],[-66.217457,18.441708],[-66.217391,18.441562],[-66.217341,18.441457],[-66.217199,18.44123],[-66.217108,18.44106],[-66.217067,18.440975],[-66.217038,18.440885],[-66.217009,18.44073],[-66.217012,18.440511],[-66.216988,18.440376],[-66.216975,18.440257],[-66.216966,18.440162],[-66.216977,18.440092],[-66.217004,18.440053],[-66.217041,18.440009],[-66.217094,18.43998],[-66.217162,18.439936],[-66.21721,18.439897],[-66.217263,18.439848],[-66.217311,18.439774],[-66.217327,18.439724],[-66.21735,18.43963],[-66.217332,18.439421],[-66.21734,18.439236],[-66.217359,18.439047],[-66.217382,18.438913],[-66.217412,18.438665],[-66.21742,18.438505],[-66.217417,18.438361],[-66.217367,18.438256],[-66.217227,18.438179],[-66.217053,18.438118],[-66.216928,18.438092],[-66.216801,18.438073],[-66.216708,18.438072],[-66.216661,18.438061],[-66.21664,18.438036],[-66.216626,18.437951],[-66.216613,18.437832],[-66.216573,18.437722],[-66.216487,18.437536],[-66.216465,18.437503],[-66.216365,18.437355],[-66.21618,18.437239],[-66.216056,18.437187],[-66.215889,18.437114],[-66.215686,18.437101],[-66.215389,18.437122],[-66.215375,18.437124],[-66.215055,18.437167],[-66.214793,18.437203],[-66.214605,18.43723],[-66.214427,18.437224],[-66.214308,18.437202],[-66.21425,18.437191],[-66.214193,18.43717],[-66.214111,18.437134],[-66.214033,18.437078],[-66.213977,18.436988],[-66.213876,18.436822],[-66.213779,18.436706],[-66.213712,18.436651],[-66.213614,18.436599],[-66.213489,18.436558],[-66.213375,18.436541],[-66.213266,18.43653],[-66.213172,18.436528],[-66.213005,18.436541],[-66.212843,18.436583],[-66.212628,18.436645],[-66.212377,18.436716],[-66.21223,18.436773],[-66.212082,18.436822],[-66.211936,18.436834],[-66.211676,18.436869],[-66.211519,18.436877],[-66.211316,18.436887],[-66.211122,18.436924],[-66.21095,18.436957],[-66.21082,18.436966],[-66.210443,18.437019],[-66.210267,18.437046],[-66.210126,18.437059],[-66.210033,18.437043],[-66.209924,18.437001],[-66.209784,18.436939],[-66.209686,18.436898],[-66.209535,18.436861],[-66.209379,18.436864],[-66.209113,18.43689],[-66.208779,18.43693],[-66.208522,18.436981],[-66.208276,18.437042],[-66.20802,18.437128],[-66.207878,18.43719],[-66.207741,18.437258],[-66.207652,18.437326],[-66.207599,18.43738],[-66.207561,18.437474],[-66.207551,18.437504],[-66.207539,18.437543],[-66.207501,18.437608],[-66.207412,18.437676],[-66.207301,18.437739],[-66.207201,18.437787],[-66.20705,18.437825],[-66.206799,18.437846],[-66.206507,18.437857],[-66.206197,18.437895],[-66.205847,18.437925],[-66.205534,18.437975],[-66.205262,18.438051],[-66.204942,18.438146],[-66.204601,18.43829],[-66.204343,18.438426],[-66.204101,18.438576],[-66.203869,18.438747],[-66.203775,18.438823],[-66.203743,18.438848],[-66.203691,18.438872],[-66.203633,18.438881],[-66.203601,18.43891],[-66.203543,18.438974],[-66.203516,18.439029],[-66.203494,18.439118],[-66.203498,18.439193],[-66.203528,18.439283],[-66.203641,18.439359],[-66.203729,18.43939],[-66.203849,18.439402],[-66.204041,18.43941],[-66.204124,18.439436],[-66.204181,18.439471],[-66.204217,18.439517],[-66.204263,18.439582],[-66.204319,18.439672],[-66.204376,18.439703],[-66.204427,18.439714],[-66.204506,18.439715],[-66.20462,18.439712],[-66.204698,18.439713],[-66.20475,18.439734],[-66.204806,18.439794],[-66.204889,18.43985],[-66.204951,18.439871],[-66.205035,18.439852],[-66.205135,18.439809],[-66.205172,18.43977],[-66.205188,18.43971],[-66.205199,18.439666],[-66.205236,18.439636],[-66.205326,18.439583],[-66.205473,18.43949],[-66.205547,18.439457],[-66.205584,18.439422],[-66.2056,18.439378],[-66.205616,18.439343],[-66.205648,18.439319],[-66.205864,18.439163],[-66.206048,18.439051],[-66.206279,18.438945],[-66.206395,18.438897],[-66.206489,18.438883],[-66.206656,18.438866],[-66.206912,18.43882],[-66.207165,18.438746],[-66.2076,18.438638],[-66.208055,18.43852],[-66.20816,18.438507],[-66.208259,18.438503],[-66.208425,18.438511],[-66.208639,18.438514],[-66.208998,18.438524],[-66.209243,18.438538],[-66.209472,18.438546],[-66.209701,18.438539],[-66.209758,18.43856],[-66.209805,18.438606],[-66.209835,18.438651],[-66.20985,18.438686],[-66.209855,18.438726],[-66.20987,18.438776],[-66.209916,18.438801],[-66.210046,18.43882],[-66.210348,18.438855],[-66.210683,18.438885],[-66.210878,18.438904],[-66.211083,18.438956],[-66.211294,18.439009],[-66.211392,18.43905],[-66.211436,18.439075],[-66.211572,18.439182],[-66.211623,18.439233],[-66.211674,18.439318],[-66.211712,18.439384],[-66.211732,18.439443],[-66.211729,18.439549],[-66.211681,18.439716],[-66.211653,18.43984],[-66.211603,18.440008],[-66.211553,18.440172],[-66.211513,18.440281],[-66.211474,18.44044],[-66.211487,18.44057],[-66.211537,18.440715],[-66.211598,18.44081],[-66.211665,18.440891],[-66.211737,18.440942],[-66.21185,18.441003],[-66.211985,18.441035],[-66.212074,18.441041],[-66.212178,18.441028],[-66.212371,18.441001],[-66.212528,18.440983],[-66.212695,18.440971],[-66.212815,18.440968],[-66.21297,18.440981],[-66.213084,18.441007],[-66.213162,18.441003],[-66.213319,18.440986],[-66.213476,18.440943],[-66.213591,18.440915],[-66.213643,18.440906],[-66.21369,18.440917],[-66.213752,18.440947],[-66.213819,18.441033],[-66.21392,18.441179],[-66.213971,18.441254],[-66.213985,18.441354],[-66.213979,18.441409],[-66.213958,18.441448],[-66.2139,18.441497],[-66.213831,18.441536],[-66.213721,18.441574],[-66.213544,18.441611],[-66.213345,18.441633],[-66.213053,18.441684],[-66.212822,18.441735],[-66.212629,18.441782],[-66.21254,18.44182],[-66.212439,18.441889],[-66.212344,18.441972],[-66.212265,18.442026],[-66.212171,18.442064],[-66.212024,18.442102],[-66.211863,18.442114],[-66.211665,18.442076],[-66.211472,18.442069],[-66.211327,18.442052],[-66.211123,18.442068],[-66.211003,18.442106],[-66.210809,18.442198],[-66.210625,18.4423],[-66.210477,18.442392],[-66.210377,18.44248],[-66.210286,18.442589],[-66.210216,18.442767],[-66.210192,18.442911],[-66.210223,18.442956],[-66.21027,18.442977],[-66.210337,18.442992],[-66.21052,18.442985],[-66.210728,18.442973],[-66.210869,18.442951],[-66.210958,18.442962],[-66.211061,18.442993],[-66.211221,18.443125],[-66.211364,18.443291],[-66.211503,18.443413],[-66.211703,18.443585],[-66.211827,18.443702],[-66.211898,18.443782],[-66.211918,18.443832],[-66.211933,18.443882],[-66.211916,18.443977],[-66.21191,18.444041],[-66.211908,18.444156],[-66.211932,18.444266],[-66.211946,18.444385],[-66.211903,18.444768],[-66.211881,18.445156],[-66.211836,18.445399],[-66.211806,18.445617],[-66.211787,18.445826],[-66.211796,18.445916],[-66.211821,18.445991],[-66.211898,18.446072],[-66.211965,18.446107],[-66.212027,18.446113],[-66.212121,18.446095],[-66.212248,18.446027],[-66.212394,18.445969],[-66.212531,18.445922],[-66.212625,18.445903],[-66.212719,18.4459],[-66.212823,18.445906],[-66.212978,18.446008],[-66.213076,18.446064],[-66.213158,18.44612],[-66.213259,18.446165],[-66.213347,18.446201],[-66.213455,18.446263],[-66.213595,18.44633],[-66.213745,18.446391],[-66.213839,18.446423],[-66.213912,18.446419],[-66.214053,18.446396],[-66.214235,18.446389],[-66.214365,18.446405],[-66.2145,18.446422],[-66.214646,18.446454],[-66.214802,18.446496],[-66.214942,18.446508],[-66.215078,18.446496],[-66.215209,18.446463],[-66.215303,18.446409],[-66.215372,18.446346],[-66.215404,18.446286],[-66.215395,18.446222],[-66.215422,18.446157],[-66.215433,18.446098],[-66.215476,18.446049],[-66.215565,18.44599],[-66.215707,18.445923],[-66.21589,18.445866],[-66.216058,18.445838],[-66.216183,18.445805],[-66.216267,18.445772],[-66.216315,18.445728],[-66.216336,18.445708],[-66.216363,18.445658],[-66.216374,18.445609],[-66.216359,18.445569],[-66.216339,18.445524],[-66.216341,18.445394],[-66.216322,18.445309],[-66.216296,18.445249],[-66.216271,18.445189],[-66.21624,18.445162],[-66.216184,18.445113],[-66.215967,18.444971],[-66.215859,18.4449],[-66.215715,18.444773],[-66.215576,18.444671],[-66.215515,18.444601],[-66.215479,18.444531],[-66.21546,18.444461],[-66.215482,18.444396],[-66.215571,18.444328],[-66.215702,18.444295],[-66.21598,18.444214],[-66.216108,18.444164],[-66.2162,18.444128],[-66.216357,18.444071],[-66.216435,18.444012],[-66.216499,18.443928],[-66.216526,18.443864],[-66.216532,18.443779],[-66.216513,18.443709],[-66.216519,18.443625],[-66.21652,18.443555],[-66.216553,18.443451],[-66.216623,18.443303],[-66.216703,18.443195],[-66.216778,18.443101],[-66.216863,18.442998],[-66.216937,18.442929],[-66.217037,18.442856],[-66.217128,18.442738],[-66.217202,18.44262],[-66.217305,18.442412],[-66.217381,18.442229],[-66.21744,18.442096],[-66.217473,18.441997],[-66.21748,18.441867]],[[-66.217324,18.438465],[-66.217323,18.43851],[-66.217301,18.438569],[-66.217274,18.438628],[-66.217147,18.438796],[-66.217004,18.438943],[-66.216797,18.439154],[-66.216759,18.439213],[-66.216748,18.439258],[-66.216753,18.439293],[-66.216778,18.439333],[-66.216824,18.439388],[-66.216881,18.439429],[-66.216938,18.439435],[-66.216995,18.439455],[-66.217031,18.439486],[-66.217062,18.439511],[-66.217082,18.439556],[-66.217076,18.439591],[-66.217039,18.43962],[-66.216966,18.439654],[-66.216861,18.439682],[-66.216773,18.439676],[-66.216679,18.439655],[-66.216596,18.439629],[-66.216461,18.439592],[-66.216347,18.439565],[-66.216228,18.439554],[-66.216108,18.439537],[-66.215952,18.439525],[-66.215801,18.439532],[-66.215701,18.439551],[-66.215638,18.439585],[-66.215612,18.439619],[-66.215584,18.439688],[-66.215578,18.439743],[-66.215593,18.439803],[-66.215644,18.439893],[-66.215725,18.440034],[-66.215775,18.440139],[-66.215795,18.440224],[-66.215773,18.440293],[-66.215751,18.440353],[-66.215709,18.440392],[-66.215656,18.440421],[-66.215593,18.44043],[-66.215533,18.440424],[-66.215404,18.440363],[-66.215322,18.440307],[-66.215255,18.440241],[-66.215209,18.440176],[-66.215159,18.440055],[-66.215083,18.439915],[-66.215042,18.439845],[-66.215007,18.439789],[-66.21494,18.439744],[-66.214852,18.439698],[-66.214774,18.439672],[-66.214706,18.439685],[-66.214643,18.439719],[-66.214574,18.439788],[-66.214548,18.439808],[-66.214521,18.439872],[-66.214487,18.440031],[-66.214469,18.440155],[-66.214436,18.440304],[-66.214397,18.440422],[-66.214376,18.440467],[-66.214334,18.440496],[-66.214302,18.440506],[-66.214266,18.440505],[-66.214235,18.440475],[-66.214199,18.440415],[-66.214186,18.440295],[-66.214166,18.440215],[-66.214184,18.440091],[-66.214201,18.439977],[-66.214218,18.439882],[-66.214225,18.439798],[-66.214206,18.439713],[-66.214175,18.439653],[-66.214129,18.439612],[-66.214077,18.439592],[-66.214025,18.439601],[-66.213941,18.439629],[-66.213889,18.439649],[-66.213826,18.439643],[-66.213785,18.439627],[-66.213744,18.439592],[-66.213677,18.439516],[-66.213596,18.439405],[-66.213509,18.439285],[-66.213448,18.439194],[-66.213371,18.439118],[-66.213278,18.439057],[-66.213195,18.439036],[-66.213081,18.439015],[-66.212889,18.438977],[-66.212748,18.438965],[-66.212675,18.438949],[-66.212587,18.438928],[-66.212556,18.438897],[-66.212552,18.438867],[-66.212583,18.438843],[-66.212678,18.438795],[-66.212772,18.438771],[-66.212902,18.438778],[-66.213017,18.438795],[-66.213147,18.438812],[-66.213272,18.438823],[-66.213375,18.438835],[-66.213464,18.438826],[-66.213553,18.438813],[-66.213616,18.438784],[-66.213732,18.438726],[-66.213863,18.438643],[-66.213969,18.438575],[-66.214053,18.438531],[-66.21411,18.438512],[-66.214162,18.438513],[-66.214214,18.438529],[-66.214266,18.438564],[-66.214332,18.43865],[-66.214414,18.438746],[-66.214512,18.438837],[-66.214573,18.438887],[-66.214615,18.438903],[-66.214656,18.438913],[-66.214719,18.438909],[-66.214766,18.438895],[-66.214808,18.438871],[-66.214876,18.438832],[-66.214956,18.438763],[-66.21503,18.438695],[-66.215104,18.438631],[-66.215193,18.438563],[-66.21532,18.43849],[-66.215514,18.438383],[-66.215591,18.438335],[-66.215669,18.438296],[-66.215754,18.438248],[-66.21589,18.43822],[-66.215994,18.438211],[-66.216103,18.438243],[-66.216227,18.438289],[-66.216351,18.438361],[-66.216434,18.438397],[-66.216496,18.438413],[-66.216642,18.438415],[-66.216809,18.438412],[-66.216924,18.438394],[-66.217054,18.438366],[-66.217159,18.438363],[-66.217247,18.438394],[-66.217293,18.43842],[-66.217324,18.438465]],[[-66.216871,18.442299],[-66.21686,18.442344],[-66.216839,18.442378],[-66.216839,18.442388],[-66.216796,18.442427],[-66.216738,18.442461],[-66.216654,18.44251],[-66.216554,18.442558],[-66.216455,18.442601],[-66.21636,18.442655],[-66.216249,18.442743],[-66.216123,18.442831],[-66.216054,18.442894],[-66.216006,18.442953],[-66.21599,18.442998],[-66.215968,18.443057],[-66.215957,18.443102],[-66.215961,18.443167],[-66.21597,18.443221],[-66.216,18.443302],[-66.216025,18.443382],[-66.216029,18.443446],[-66.216007,18.443516],[-66.21597,18.443575],[-66.215917,18.443659],[-66.215869,18.443708],[-66.215811,18.443742],[-66.215737,18.443775],[-66.215575,18.443838],[-66.215371,18.44389],[-66.215214,18.443917],[-66.215089,18.443935],[-66.215016,18.443934],[-66.214886,18.443907],[-66.214725,18.44386],[-66.214559,18.443808],[-66.214425,18.443746],[-66.214337,18.443685],[-66.214286,18.44362],[-66.214251,18.44353],[-66.214226,18.44343],[-66.214223,18.44334],[-66.214229,18.443251],[-66.214236,18.443186],[-66.214269,18.443082],[-66.214312,18.442998],[-66.214375,18.442924],[-66.214465,18.442871],[-66.214549,18.442832],[-66.214643,18.442799],[-66.214737,18.44277],[-66.214821,18.442737],[-66.214921,18.442688],[-66.214984,18.44265],[-66.215053,18.442576],[-66.215128,18.442492],[-66.215213,18.442384],[-66.21524,18.44229],[-66.215284,18.442151],[-66.215317,18.442072],[-66.215354,18.442018],[-66.215439,18.44194],[-66.215513,18.441866],[-66.215581,18.441832],[-66.215639,18.441808],[-66.215765,18.441765],[-66.215874,18.441747],[-66.215942,18.441743],[-66.216015,18.441749],[-66.216119,18.44175],[-66.216192,18.441757],[-66.216322,18.441798],[-66.21642,18.441854],[-66.216564,18.441951],[-66.216703,18.442053],[-66.216801,18.442139],[-66.216852,18.442189],[-66.216862,18.442229],[-66.216871,18.442299]]]}},{"type":"Feature","properties":{"OBJECTID":3114457,"DFIRM_ID":"72000C","FLD_ZONE":"X","ZONE_SUBTY":"0.2 PCT ANNUAL CHANCE FLOOD HAZARD","SFHA_TF":"F","STATIC_BFE":-9999,"V_DATUM":"","LEN_UNIT":"","SOURCE_CIT":"72000C_FIS1"},"geometry":{"type":"Polygon","coordinates":[[[-66.159171,18.44744],[-66.159169,18.447426],[-66.159168,18.447413],[-66.159167,18.447408],[-66.159166,18.447399],[-66.159162,18.447372],[-66.159155,18.447326],[-66.159139,18.447223],[-66.159111,18.447034],[-66.159102,18.44698],[-66.159095,18.44694],[-66.159087,18.446901],[-66.159075,18.446849],[-66.159041,18.446705],[-66.159032,18.446666],[-66.159027,18.44664],[-66.159025,18.446627],[-66.159023,18.446613],[-66.159022,18.4466],[-66.159021,18.446588],[-66.159021,18.446575],[-66.159023,18.446538],[-66.159023,18.446526],[-66.15902,18.446487],[-66.159018,18.446473],[-66.159015,18.44646],[-66.15901,18.446434],[-66.159001,18.446394],[-66.158974,18.446275],[-66.158962,18.446222],[-66.158956,18.446196],[-66.158949,18.446169],[-66.158937,18.44613],[-66.158898,18.445997],[-66.158886,18.445958],[-66.158879,18.445931],[-66.158876,18.445918],[-66.158874,18.445904],[-66.158872,18.445878],[-66.158872,18.445864],[-66.158873,18.445851],[-66.158874,18.445837],[-66.158877,18.44581],[-66.158881,18.445783],[-66.158893,18.445697],[-66.15889471305776,18.445684818255874],[-66.15874300015224,18.44573400034598],[-66.15849799992986,18.445893999880866],[-66.15834800014203,18.445998999894105],[-66.1582960002635,18.446035999907824],[-66.15811299996538,18.446251000175295],[-66.15787299976589,18.446637000396432],[-66.1577050004347,18.446929999590008],[-66.15752200013661,18.44706299998678],[-66.15741800037952,18.44710300021413],[-66.1572479996019,18.447168000137623],[-66.15716700030936,18.447174000168626],[-66.15715600043869,18.447135999968584],[-66.15705400033146,18.447135999968584],[-66.15679599969029,18.447133000378532],[-66.15675100038276,18.447081000090247],[-66.15658900000105,18.44704899990505],[-66.15637899993877,18.44696700025535],[-66.15609100005867,18.446790999898177],[-66.15602599976135,18.446756999643775],[-66.15596999968486,18.44672799984756],[-66.15580099963044,18.446607999727778],[-66.15564099979689,18.44640999964514],[-66.15540099959736,18.446124999654838],[-66.15539300009976,18.44611800000195],[-66.15515299990024,18.445897999931233],[-66.15501999983086,18.445809999653644],[-66.15496100027963,18.445778000083795],[-66.15490600002805,18.445759000256487],[-66.1546919997678,18.445681999634207],[-66.15448500007857,18.445681999634207],[-66.15420100039644,18.445714000074076],[-66.15391799964091,18.445796999909017],[-66.15369699970796,18.44591200010683],[-66.15346099970643,18.446089999683224],[-66.15327400010867,18.4463060003194],[-66.15310099985629,18.446580999923604],[-66.15288499994624,18.446957000191457],[-66.1527209999147,18.447172999737404],[-66.15249499995889,18.447392999879437],[-66.15231300038403,18.447554000002334],[-66.15202899980358,18.44781900015129],[-66.15179997703453,18.44802491695779],[-66.151795,18.448031],[-66.151786,18.44804],[-66.151776,18.448048],[-66.15177019580214,18.448051693580457],[-66.15169200041801,18.44812199988166],[-66.15155299960252,18.44828300017338],[-66.15151180447054,18.448376255588183],[-66.151514,18.448379],[-66.15152,18.448388],[-66.151525,18.448397],[-66.151528,18.448407],[-66.151528,18.448417],[-66.151526,18.448428],[-66.151521,18.448439],[-66.151509,18.448461],[-66.151501,18.448472],[-66.151486,18.448495],[-66.15146,18.448529],[-66.15144834515431,18.44854502541283],[-66.15139399959385,18.44876800013484],[-66.1513130003013,18.449318999959544],[-66.15127992665428,18.44946502146634],[-66.151284,18.44947],[-66.151286,18.449472],[-66.151292,18.449481],[-66.151306,18.449503],[-66.15131,18.449514],[-66.151314,18.449527],[-66.151316,18.449553],[-66.151316,18.449555],[-66.15127,18.4496],[-66.151207,18.449824],[-66.151158,18.449954],[-66.151142,18.449957],[-66.151128,18.449959],[-66.151116,18.449962],[-66.151103,18.449966],[-66.151092,18.44997],[-66.151083,18.449975],[-66.151075,18.449982],[-66.151071,18.449991],[-66.151068,18.450001],[-66.151066,18.450012],[-66.151066,18.450024],[-66.151068,18.45005],[-66.15107,18.450064],[-66.151073,18.450091],[-66.151089,18.450201],[-66.151093,18.450228],[-66.151096,18.450255],[-66.151097,18.450269],[-66.151097,18.450295],[-66.151095,18.450309],[-66.151093,18.450321],[-66.15109,18.450334],[-66.151086,18.450347],[-66.151081,18.45036],[-66.151071,18.450385],[-66.15106,18.45041],[-66.150999,18.450549],[-66.150987,18.450574],[-66.150982,18.450585],[-66.150975,18.450596],[-66.150969,18.450606],[-66.150962,18.450615],[-66.150955,18.450622],[-66.150947,18.450626],[-66.150938,18.450627],[-66.150928,18.450625],[-66.150917,18.450621],[-66.150907,18.450615],[-66.150896,18.450608],[-66.150886,18.4506],[-66.150876,18.450591],[-66.150867,18.450581],[-66.150859,18.450571],[-66.150852,18.45056],[-66.150845,18.450548],[-66.150833,18.450524],[-66.150806,18.450461],[-66.1508,18.450449],[-66.150794,18.450438],[-66.150789,18.450427],[-66.150782,18.450417],[-66.150775,18.450408],[-66.150768,18.450401],[-66.15076,18.450396],[-66.15075,18.450394],[-66.15074,18.450395],[-66.150729,18.450398],[-66.150717,18.450402],[-66.150705,18.450407],[-66.150694,18.450412],[-66.150683,18.450419],[-66.150672,18.450427],[-66.150662,18.450435],[-66.150653,18.450444],[-66.150645,18.450454],[-66.150639,18.450465],[-66.150629,18.450489],[-66.150624,18.450502],[-66.15062,18.450515],[-66.1506,18.450579],[-66.150596,18.450592],[-66.150592,18.450604],[-66.150587,18.450616],[-66.150583,18.450628],[-66.150577,18.450638],[-66.150572,18.450647],[-66.150566,18.450653],[-66.150559,18.450658],[-66.150553,18.45066],[-66.150547,18.45066],[-66.150542,18.450656],[-66.150537,18.450649],[-66.150534,18.45064],[-66.15053,18.450629],[-66.150527,18.450618],[-66.150518,18.450579],[-66.150514,18.450566],[-66.15051,18.450554],[-66.150505,18.450541],[-66.1505,18.45053],[-66.150493,18.450519],[-66.150484,18.45051],[-66.150475,18.450503],[-66.150453,18.450489],[-66.150429,18.450477],[-66.150367,18.450449],[-66.150356,18.450444],[-66.150345,18.450438],[-66.150336,18.450432],[-66.150328,18.450426],[-66.150322,18.45042],[-66.150319,18.450413],[-66.15032,18.450406],[-66.150324,18.450398],[-66.15033,18.450389],[-66.150337,18.450381],[-66.150346,18.450372],[-66.150366,18.450354],[-66.150454,18.450282],[-66.150475,18.450264],[-66.150485,18.450255],[-66.150494,18.450246],[-66.150502,18.450237],[-66.150508,18.45023],[-66.150512,18.450223],[-66.150514,18.450216],[-66.150514,18.45021],[-66.15051,18.450205],[-66.150503,18.450201],[-66.150483,18.450195],[-66.150481,18.450195],[-66.150471,18.450192],[-66.15045471347199,18.450189076777022],[-66.15030300017287,18.450221999909477],[-66.14912599963985,18.45064700042259],[-66.14905399966982,18.45067600040926],[-66.14891099955467,18.450756999582037],[-66.14885799985122,18.45080099973737],[-66.14852099956734,18.45121500029824],[-66.14815700041758,18.45181599970683],[-66.14757900010927,18.453017999882775],[-66.14752373447142,18.453173849376164],[-66.147524,18.453175],[-66.147526,18.453187],[-66.147526,18.453192],[-66.147527,18.4532],[-66.147527,18.453212],[-66.147526,18.453224],[-66.147522,18.453236],[-66.147517,18.453247],[-66.147511,18.453258],[-66.147504,18.453269],[-66.147496,18.45328],[-66.147494,18.453283],[-66.147489,18.453291],[-66.14747688476771,18.453305965875177],[-66.14742900032145,18.45344100035559],[-66.14732279588758,18.45373977902673],[-66.147326,18.45374],[-66.147332,18.453741],[-66.147455,18.45375],[-66.147584,18.45376],[-66.147627,18.453763],[-66.147655,18.453765],[-66.147712,18.453765],[-66.147741,18.453763],[-66.147797,18.453759],[-66.147996,18.453744],[-66.148038,18.453741],[-66.148067,18.45374],[-66.148081,18.45374],[-66.148108,18.453741],[-66.148136,18.453742],[-66.148219,18.453748],[-66.148247,18.453749],[-66.148274,18.453749],[-66.1483,18.453748],[-66.148353,18.453745],[-66.148405,18.453743],[-66.14842,18.453744],[-66.148434,18.453744],[-66.148462,18.453746],[-66.14852,18.45375],[-66.149006,18.453788],[-66.149191,18.453803],[-66.149234,18.453806],[-66.149263,18.453807],[-66.149291,18.453807],[-66.149305,18.453806],[-66.149319,18.453804],[-66.149332,18.453801],[-66.149346,18.453798],[-66.149359,18.453794],[-66.149373,18.45379],[-66.149399,18.453781],[-66.149601,18.453716],[-66.149627,18.453706],[-66.14964,18.453702],[-66.149653,18.453696],[-66.149665,18.453691],[-66.149677,18.453685],[-66.149688,18.453678],[-66.149698,18.45367],[-66.149707,18.453661],[-66.149715,18.453651],[-66.149722,18.45364],[-66.149729,18.453628],[-66.149748,18.453594],[-66.149755,18.453582],[-66.149769,18.453562],[-66.149777,18.453554],[-66.149787,18.453547],[-66.149797,18.453543],[-66.149808,18.45354],[-66.149819,18.453539],[-66.149832,18.453538],[-66.149869,18.453536],[-66.149881,18.453535],[-66.149892,18.453534],[-66.149902,18.453531],[-66.149912,18.453526],[-66.14992,18.45352],[-66.149927,18.453511],[-66.149933,18.453502],[-66.149943,18.45348],[-66.149947,18.453468],[-66.149952,18.453456],[-66.149969,18.453406],[-66.149977,18.453382],[-66.149982,18.453369],[-66.149988,18.453358],[-66.149993,18.453346],[-66.15,18.453335],[-66.150007,18.453325],[-66.150014,18.453316],[-66.150029,18.453298],[-66.150036,18.453289],[-66.150041,18.453281],[-66.150045,18.453272],[-66.150046,18.453264],[-66.150044,18.453256],[-66.15004,18.453247],[-66.150034,18.453239],[-66.150026,18.45323],[-66.150002,18.453205],[-66.149994,18.453196],[-66.149988,18.453187],[-66.149983,18.453179],[-66.149981,18.453169],[-66.149981,18.45316],[-66.149985,18.45315],[-66.14999,18.45314],[-66.150004,18.45312],[-66.150012,18.453109],[-66.150021,18.453099],[-66.15004,18.453078],[-66.150172,18.452934],[-66.150191,18.452913],[-66.150211,18.452893],[-66.150221,18.452884],[-66.150231,18.452874],[-66.150242,18.452866],[-66.150253,18.452857],[-66.150276,18.45284],[-66.15031,18.452816],[-66.15044,18.452729],[-66.150487,18.452698],[-66.150535,18.452668],[-66.150559,18.452654],[-66.150572,18.452648],[-66.150583,18.452642],[-66.150617,18.452628],[-66.150628,18.452624],[-66.150639,18.452619],[-66.150649,18.452614],[-66.150657,18.452608],[-66.150665,18.452601],[-66.150672,18.452593],[-66.150678,18.452583],[-66.150683,18.452574],[-66.150689,18.452565],[-66.150702,18.452552],[-66.15071,18.452548],[-66.150728,18.45254],[-66.150736,18.452535],[-66.150745,18.45253],[-66.150754,18.452523],[-66.150763,18.452514],[-66.150771,18.452504],[-66.150778,18.452494],[-66.150786,18.452483],[-66.1508,18.452461],[-66.150814,18.452437],[-66.150848,18.452378],[-66.150862,18.452355],[-66.15087,18.452344],[-66.150877,18.452333],[-66.150885,18.452323],[-66.150893,18.452314],[-66.150902,18.452306],[-66.150912,18.452301],[-66.150923,18.452297],[-66.150934,18.452295],[-66.150947,18.452294],[-66.150972,18.452294],[-66.151012,18.452297],[-66.151025,18.452298],[-66.151038,18.452298],[-66.151062,18.452296],[-66.151074,18.452292],[-66.151085,18.452287],[-66.151095,18.45228],[-66.151105,18.452272],[-66.151115,18.452263],[-66.151124,18.452254],[-66.151133,18.452244],[-66.151161,18.452213],[-66.15117,18.452203],[-66.15118,18.452193],[-66.15119,18.452184],[-66.1512,18.452176],[-66.151212,18.452168],[-66.151223,18.452161],[-66.151236,18.452155],[-66.151248,18.452149],[-66.151274,18.452138],[-66.151313,18.452122],[-66.151405,18.452086],[-66.151431,18.452076],[-66.151443,18.45207],[-66.151456,18.452064],[-66.151468,18.452058],[-66.151479,18.452052],[-66.15149,18.452044],[-66.1515,18.452036],[-66.151516,18.452016],[-66.151522,18.452005],[-66.151529,18.451994],[-66.151552,18.451947],[-66.151558,18.451936],[-66.151572,18.451916],[-66.15158,18.451908],[-66.151588,18.451901],[-66.151598,18.451896],[-66.151608,18.451893],[-66.151619,18.451891],[-66.151643,18.451887],[-66.151655,18.451884],[-66.151667,18.45188],[-66.15168,18.451876],[-66.151693,18.45187],[-66.151705,18.451865],[-66.15173,18.451852],[-66.151755,18.451838],[-66.151817,18.451804],[-66.151842,18.45179],[-66.151855,18.451784],[-66.151867,18.451778],[-66.151893,18.451768],[-66.151906,18.451765],[-66.151919,18.451763],[-66.151947,18.451763],[-66.15196,18.451764],[-66.151974,18.451765],[-66.152002,18.451768],[-66.152185,18.451792],[-66.152256,18.451801],[-66.152341,18.451811],[-66.152383,18.451817],[-66.152396,18.451819],[-66.15241,18.451822],[-66.152422,18.451825],[-66.152434,18.451829],[-66.152446,18.451834],[-66.152455,18.451841],[-66.152464,18.451849],[-66.15247,18.451859],[-66.152476,18.45187],[-66.152481,18.451882],[-66.152486,18.451895],[-66.152499,18.451934],[-66.15251,18.451974],[-66.152547,18.452108],[-66.152555,18.452135],[-66.152563,18.452161],[-66.152568,18.452174],[-66.152572,18.452187],[-66.152578,18.452199],[-66.15259,18.452221],[-66.152599,18.452229],[-66.152609,18.452237],[-66.15262,18.452242],[-66.152632,18.452247],[-66.152645,18.452251],[-66.152659,18.452254],[-66.152673,18.452256],[-66.152686,18.452259],[-66.1527,18.45226],[-66.152726,18.452262],[-66.152738,18.452261],[-66.15275,18.452258],[-66.152759,18.452254],[-66.152767,18.452248],[-66.152773,18.45224],[-66.152783,18.45222],[-66.152796,18.452187],[-66.152801,18.452177],[-66.152807,18.452166],[-66.152813,18.452157],[-66.15282,18.452148],[-66.152829,18.452141],[-66.15284,18.452135],[-66.152864,18.452125],[-66.152877,18.452121],[-66.15289,18.452118],[-66.152904,18.452114],[-66.152931,18.452108],[-66.152945,18.452106],[-66.152958,18.452103],[-66.152972,18.452101],[-66.152986,18.4521],[-66.152999,18.452099],[-66.153013,18.4521],[-66.153026,18.452101],[-66.153038,18.452104],[-66.15305,18.452109],[-66.153061,18.452114],[-66.153073,18.45212],[-66.153084,18.452126],[-66.153118,18.452146],[-66.15313,18.452152],[-66.153152,18.452164],[-66.153163,18.452168],[-66.153175,18.452171],[-66.153186,18.452172],[-66.153198,18.452171],[-66.153209,18.452168],[-66.153221,18.452164],[-66.153257,18.452146],[-66.153268,18.452139],[-66.153292,18.452124],[-66.153398,18.452057],[-66.153457,18.452019],[-66.153505,18.451991],[-66.153517,18.451985],[-66.15353,18.451978],[-66.153542,18.451973],[-66.153568,18.451963],[-66.153581,18.451959],[-66.153595,18.451956],[-66.153622,18.451949],[-66.153717,18.451926],[-66.153744,18.451919],[-66.153757,18.451916],[-66.15377,18.451912],[-66.153796,18.451902],[-66.153808,18.451897],[-66.153819,18.45189],[-66.153828,18.451883],[-66.153838,18.451876],[-66.153846,18.451867],[-66.153872,18.451841],[-66.153881,18.451833],[-66.153891,18.451826],[-66.153901,18.451818],[-66.153925,18.451806],[-66.153938,18.4518],[-66.153963,18.45179],[-66.154015,18.45177],[-66.154027,18.451764],[-66.15404,18.451758],[-66.154052,18.451752],[-66.154065,18.451745],[-66.154077,18.451739],[-66.154125,18.45171],[-66.154138,18.451704],[-66.15415,18.451697],[-66.154162,18.451691],[-66.154175,18.451685],[-66.154188,18.45168],[-66.154227,18.451668],[-66.154254,18.451661],[-66.154349,18.451637],[-66.154375,18.45163],[-66.154402,18.451622],[-66.154415,18.451618],[-66.154442,18.451608],[-66.154559,18.451563],[-66.154572,18.451559],[-66.154598,18.451553],[-66.154612,18.451551],[-66.154624,18.45155],[-66.154636,18.45155],[-66.154673,18.451551],[-66.154685,18.45155],[-66.154699,18.45155],[-66.154713,18.451548],[-66.154726,18.451547],[-66.15474,18.451544],[-66.154767,18.451539],[-66.154795,18.451534],[-66.154863,18.451519],[-66.154888,18.451514],[-66.1549,18.451512],[-66.15491,18.451511],[-66.154919,18.451511],[-66.154926,18.451512],[-66.15493,18.451515],[-66.154931,18.45152],[-66.154929,18.451526],[-66.154925,18.451534],[-66.154919,18.451543],[-66.154912,18.451553],[-66.154904,18.451563],[-66.154887,18.451584],[-66.154769,18.451725],[-66.154743,18.451757],[-66.154729,18.451777],[-66.154723,18.451786],[-66.154719,18.451794],[-66.154716,18.451801],[-66.154717,18.451806],[-66.154722,18.451809],[-66.154729,18.451811],[-66.154739,18.451811],[-66.15475,18.45181],[-66.154776,18.451808],[-66.154818,18.451801],[-66.154977,18.451776],[-66.155005,18.451771],[-66.155019,18.451768],[-66.155032,18.451765],[-66.155046,18.451761],[-66.155072,18.451751],[-66.155096,18.451739],[-66.155119,18.451725],[-66.155143,18.45171],[-66.155235,18.45165],[-66.155269,18.451627],[-66.15528,18.45162],[-66.155291,18.451612],[-66.155311,18.451596],[-66.155319,18.451587],[-66.155326,18.451578],[-66.155331,18.451568],[-66.155334,18.451558],[-66.155335,18.451547],[-66.155335,18.451535],[-66.155334,18.451523],[-66.155332,18.451511],[-66.155327,18.451473],[-66.155325,18.451461],[-66.155325,18.451436],[-66.155327,18.451423],[-66.155333,18.451397],[-66.155338,18.451385],[-66.155343,18.451372],[-66.155349,18.451361],[-66.155355,18.451349],[-66.155362,18.451338],[-66.15537,18.451328],[-66.15538,18.451319],[-66.15539,18.451312],[-66.155402,18.451305],[-66.155414,18.4513],[-66.15544,18.45129],[-66.155479,18.451277],[-66.155503,18.451267],[-66.155512,18.451262],[-66.15552,18.451256],[-66.155525,18.451248],[-66.155527,18.45124],[-66.155527,18.451231],[-66.155524,18.45122],[-66.15552,18.45121],[-66.155515,18.451199],[-66.15551,18.451187],[-66.155497,18.451164],[-66.155443,18.45107],[-66.15543,18.451046],[-66.155424,18.451034],[-66.155419,18.451022],[-66.155413,18.45101],[-66.155409,18.450998],[-66.155405,18.450985],[-66.155403,18.450973],[-66.155401,18.45096],[-66.1554,18.450947],[-66.1554,18.450922],[-66.155401,18.450895],[-66.155405,18.45079],[-66.155406,18.450751],[-66.155407,18.450713],[-66.155406,18.450666],[-66.155406,18.450615],[-66.155407,18.450603],[-66.155408,18.45059],[-66.15541,18.450566],[-66.155413,18.450555],[-66.155416,18.450545],[-66.15542,18.450536],[-66.155426,18.450529],[-66.155435,18.450524],[-66.155445,18.45052],[-66.155457,18.450518],[-66.15547,18.450517],[-66.155497,18.450517],[-66.155511,18.450518],[-66.155569,18.450521],[-66.155598,18.450522],[-66.155625,18.450522],[-66.155638,18.450521],[-66.15565,18.450519],[-66.155661,18.450516],[-66.155671,18.45051],[-66.155678,18.450503],[-66.155684,18.450494],[-66.155689,18.450484],[-66.155693,18.450472],[-66.155699,18.450448],[-66.155702,18.450435],[-66.155715,18.450369],[-66.155717,18.450356],[-66.15572,18.450343],[-66.155728,18.450319],[-66.155732,18.450308],[-66.155738,18.450297],[-66.155745,18.450288],[-66.155753,18.45028],[-66.155773,18.450268],[-66.155784,18.450263],[-66.155817,18.450247],[-66.155828,18.450242],[-66.15585,18.450228],[-66.15586,18.450221],[-66.155878,18.450206],[-66.155887,18.450199],[-66.155895,18.450194],[-66.155903,18.450191],[-66.15591,18.45019],[-66.155916,18.450194],[-66.155921,18.4502],[-66.155926,18.450209],[-66.155931,18.450219],[-66.155939,18.450243],[-66.155947,18.450269],[-66.155971,18.45035],[-66.155976,18.450363],[-66.155981,18.450375],[-66.155986,18.450388],[-66.156,18.45041],[-66.156009,18.45042],[-66.156018,18.450429],[-66.156028,18.450437],[-66.156039,18.450445],[-66.156051,18.450452],[-66.156062,18.450459],[-66.156086,18.450474],[-66.156206,18.450544],[-66.15623,18.450559],[-66.156241,18.450566],[-66.156253,18.450574],[-66.156264,18.450582],[-66.156275,18.450591],[-66.156285,18.4506],[-66.156305,18.45062],[-66.15634,18.450659],[-66.156349,18.450667],[-66.156356,18.450675],[-66.156363,18.45068],[-66.156369,18.450684],[-66.156374,18.450684],[-66.156377,18.450681],[-66.156378,18.450674],[-66.156379,18.450665],[-66.156378,18.450655],[-66.156378,18.450643],[-66.156377,18.450631],[-66.156373,18.450591],[-66.156359,18.450468],[-66.156348,18.450373],[-66.156345,18.450333],[-66.156343,18.450306],[-66.156342,18.450292],[-66.156342,18.450266],[-66.156343,18.450252],[-66.156345,18.450226],[-66.15635,18.450173],[-66.156352,18.450146],[-66.156354,18.45012],[-66.156354,18.450093],[-66.156353,18.450066],[-66.15635,18.450026],[-66.156338,18.449904],[-66.156335,18.449877],[-66.156332,18.449851],[-66.156328,18.449825],[-66.156325,18.449813],[-66.156321,18.449801],[-66.156316,18.449791],[-66.15631,18.449781],[-66.156301,18.449774],[-66.156291,18.449767],[-66.156269,18.449757],[-66.156256,18.449752],[-66.15623,18.449744],[-66.156204,18.449737],[-66.156109,18.449711],[-66.156069,18.4497],[-66.156055,18.449696],[-66.156029,18.449687],[-66.15599,18.449672],[-66.155978,18.449666],[-66.155965,18.44966],[-66.155953,18.449654],[-66.155943,18.449648],[-66.155912,18.449628],[-66.1559,18.449621],[-66.155877,18.449609],[-66.155829,18.449585],[-66.155818,18.449578],[-66.155807,18.449572],[-66.155796,18.449565],[-66.155786,18.449557],[-66.155778,18.449549],[-66.15577,18.449539],[-66.155763,18.449528],[-66.155757,18.449517],[-66.155752,18.449504],[-66.155747,18.449492],[-66.155742,18.449479],[-66.155733,18.449454],[-66.155721,18.449414],[-66.155684,18.449296],[-66.155676,18.44927],[-66.155667,18.449245],[-66.155662,18.449232],[-66.155656,18.44922],[-66.155651,18.449209],[-66.155644,18.449198],[-66.155636,18.449188],[-66.155627,18.449179],[-66.155616,18.449171],[-66.155605,18.449164],[-66.155593,18.449157],[-66.155581,18.449151],[-66.155568,18.449144],[-66.155542,18.449133],[-66.155373,18.449055],[-66.155347,18.449044],[-66.155334,18.449038],[-66.155308,18.449028],[-66.155296,18.449024],[-66.155283,18.449022],[-66.155271,18.44902],[-66.15526,18.449021],[-66.155249,18.449024],[-66.155238,18.44903],[-66.155228,18.449036],[-66.155218,18.449044],[-66.155198,18.449062],[-66.155083,18.449177],[-66.155074,18.449187],[-66.155066,18.449197],[-66.155059,18.449207],[-66.155054,18.449218],[-66.15505,18.44923],[-66.155047,18.449242],[-66.155045,18.449268],[-66.155045,18.449281],[-66.155046,18.449308],[-66.15505,18.449376],[-66.155051,18.449403],[-66.155051,18.449441],[-66.15505,18.449453],[-66.155047,18.449464],[-66.155044,18.449473],[-66.155038,18.44948],[-66.155031,18.449486],[-66.155021,18.449489],[-66.15501,18.449491],[-66.154998,18.449493],[-66.154971,18.449493],[-66.154944,18.449492],[-66.154816,18.449486],[-66.15476,18.449484],[-66.154718,18.449484],[-66.154662,18.449485],[-66.154634,18.449486],[-66.154621,18.449487],[-66.154607,18.449488],[-66.154595,18.449489],[-66.154583,18.449492],[-66.154572,18.449495],[-66.154562,18.449499],[-66.154554,18.449505],[-66.154549,18.449513],[-66.154545,18.449522],[-66.154542,18.449533],[-66.15454,18.449557],[-66.15454,18.449583],[-66.154541,18.449609],[-66.154543,18.449635],[-66.154549,18.449674],[-66.154553,18.449686],[-66.154558,18.449697],[-66.154564,18.449709],[-66.154572,18.449719],[-66.15459,18.449739],[-66.1546,18.449749],[-66.15461,18.449758],[-66.154652,18.449795],[-66.154672,18.449814],[-66.154692,18.449834],[-66.154701,18.449844],[-66.154709,18.449855],[-66.154716,18.449866],[-66.154722,18.449877],[-66.154728,18.449889],[-66.154733,18.449902],[-66.154739,18.449914],[-66.154748,18.44994],[-66.154809,18.450106],[-66.154833,18.45017],[-66.154862,18.450248],[-66.154876,18.450286],[-66.15488,18.450298],[-66.154883,18.45031],[-66.154886,18.45032],[-66.154887,18.45033],[-66.154886,18.450338],[-66.154883,18.450343],[-66.154877,18.450346],[-66.154869,18.450346],[-66.154859,18.450345],[-66.154848,18.450343],[-66.154836,18.45034],[-66.154823,18.450336],[-66.154796,18.450327],[-66.154645,18.450277],[-66.154618,18.450267],[-66.154605,18.450262],[-66.154593,18.450257],[-66.154581,18.450251],[-66.15457,18.450245],[-66.154561,18.450238],[-66.154553,18.450229],[-66.154548,18.45022],[-66.154545,18.45021],[-66.154541,18.450186],[-66.154541,18.450148],[-66.154543,18.450096],[-66.154543,18.450057],[-66.154542,18.450044],[-66.15454,18.450031],[-66.154537,18.450017],[-66.154535,18.450004],[-66.154528,18.449978],[-66.154518,18.449938],[-66.154477,18.449793],[-66.154469,18.449767],[-66.154465,18.449755],[-66.154461,18.449744],[-66.154457,18.449734],[-66.154452,18.449725],[-66.154446,18.449719],[-66.15444,18.449716],[-66.154433,18.449716],[-66.154425,18.449719],[-66.154417,18.449724],[-66.154408,18.449731],[-66.154399,18.449739],[-66.154361,18.449777],[-66.154265,18.449878],[-66.154179,18.449967],[-66.15414,18.450007],[-66.154111,18.450036],[-66.154075,18.45007],[-66.154047,18.450095],[-66.154028,18.45011],[-66.154008,18.450124],[-66.153997,18.45013],[-66.153986,18.450135],[-66.153973,18.450139],[-66.153961,18.450143],[-66.153948,18.450146],[-66.153921,18.450151],[-66.153841,18.450165],[-66.153814,18.45017],[-66.1538,18.450173],[-66.153787,18.450177],[-66.153774,18.45018],[-66.15376,18.450185],[-66.153733,18.450194],[-66.153707,18.450204],[-66.153547,18.450267],[-66.15352,18.450278],[-66.153507,18.450283],[-66.153471,18.450301],[-66.153461,18.450308],[-66.153452,18.450315],[-66.153445,18.450324],[-66.153441,18.450334],[-66.153438,18.450345],[-66.153437,18.450357],[-66.153437,18.45037],[-66.153438,18.450382],[-66.153439,18.450396],[-66.153441,18.450409],[-66.153444,18.450436],[-66.153449,18.450463],[-66.15345,18.45047],[-66.153459,18.450531],[-66.153462,18.450558],[-66.153464,18.450584],[-66.153464,18.450597],[-66.153463,18.450609],[-66.153461,18.450621],[-66.153457,18.450631],[-66.153451,18.450641],[-66.153443,18.45065],[-66.153423,18.450666],[-66.153412,18.450673],[-66.1534,18.450681],[-66.153364,18.450702],[-66.153253,18.450764],[-66.153192,18.450799],[-66.153156,18.450821],[-66.153132,18.450836],[-66.15312,18.450844],[-66.153109,18.450852],[-66.153098,18.450861],[-66.153088,18.45087],[-66.153079,18.45088],[-66.153069,18.45089],[-66.153043,18.450919],[-66.153017,18.450945],[-66.153008,18.450951],[-66.152999,18.450955],[-66.152991,18.450957],[-66.152982,18.450955],[-66.152972,18.450951],[-66.152963,18.450945],[-66.152954,18.450937],[-66.152934,18.45092],[-66.152912,18.450904],[-66.152901,18.450898],[-66.152865,18.450883],[-66.152828,18.45087],[-66.152816,18.450866],[-66.152805,18.450861],[-66.152794,18.450855],[-66.152784,18.450849],[-66.152776,18.450842],[-66.152769,18.450832],[-66.152763,18.450822],[-66.152755,18.450798],[-66.152749,18.450772],[-66.152744,18.450745],[-66.152738,18.450704],[-66.152735,18.450677],[-66.152734,18.450663],[-66.152733,18.45065],[-66.152733,18.450637],[-66.152734,18.450624],[-66.152737,18.450611],[-66.152741,18.4506],[-66.152746,18.45059],[-66.152752,18.450579],[-66.152758,18.450569],[-66.152766,18.450559],[-66.152773,18.45055],[-66.152782,18.45054],[-66.15279,18.450531],[-66.152799,18.450521],[-66.152808,18.450513],[-66.152815,18.450507],[-66.152818,18.450504],[-66.152829,18.450495],[-66.15285,18.450478],[-66.152894,18.450445],[-66.152905,18.450436],[-66.152916,18.450428],[-66.152924,18.45042],[-66.152926,18.450419],[-66.152935,18.45041],[-66.152944,18.4504],[-66.152965,18.450367],[-66.152971,18.450355],[-66.152982,18.450331],[-66.152998,18.450294],[-66.153034,18.450207],[-66.153044,18.450183],[-66.153056,18.450159],[-66.153062,18.450148],[-66.153069,18.450138],[-66.153077,18.450129],[-66.153086,18.450121],[-66.153096,18.450114],[-66.153108,18.450109],[-66.15312,18.450105],[-66.153133,18.450102],[-66.153147,18.450099],[-66.15316,18.450097],[-66.153188,18.450092],[-66.153217,18.450089],[-66.153259,18.450084],[-66.153288,18.450081],[-66.153302,18.450081],[-66.153316,18.45008],[-66.15333,18.450081],[-66.153345,18.450082],[-66.153373,18.450085],[-66.153401,18.450089],[-66.15343,18.450093],[-66.153543,18.45011],[-66.153572,18.450114],[-66.1536,18.450118],[-66.153642,18.450121],[-66.153656,18.450121],[-66.15367,18.45012],[-66.153684,18.450118],[-66.153697,18.450115],[-66.153711,18.450111],[-66.153724,18.450107],[-66.153751,18.450098],[-66.153805,18.450077],[-66.153859,18.450057],[-66.153885,18.450046],[-66.153897,18.45004],[-66.153909,18.450035],[-66.15392,18.450028],[-66.153929,18.450022],[-66.153937,18.450015],[-66.153942,18.450006],[-66.153944,18.449997],[-66.153943,18.449987],[-66.153941,18.449976],[-66.153937,18.449965],[-66.153931,18.449954],[-66.153925,18.449942],[-66.153911,18.44992],[-66.153902,18.44991],[-66.153893,18.449901],[-66.153882,18.449893],[-66.153871,18.449886],[-66.153847,18.449874],[-66.153797,18.449852],[-66.153785,18.449846],[-66.153774,18.44984],[-66.153764,18.449834],[-66.153756,18.449826],[-66.153749,18.449818],[-66.153745,18.449808],[-66.153742,18.449797],[-66.153742,18.449773],[-66.153743,18.44976],[-66.153745,18.449747],[-66.153746,18.449733],[-66.153751,18.449706],[-66.153765,18.449624],[-66.15377,18.449597],[-66.153773,18.449584],[-66.153781,18.449558],[-66.153785,18.449546],[-66.153791,18.449535],[-66.153798,18.449525],[-66.153807,18.449517],[-66.153817,18.44951],[-66.153829,18.449503],[-66.153841,18.449498],[-66.153854,18.449492],[-66.15388,18.449484],[-66.153894,18.44948],[-66.153907,18.449477],[-66.15392,18.449476],[-66.153933,18.449476],[-66.153945,18.449477],[-66.153956,18.449481],[-66.153967,18.449487],[-66.153977,18.449495],[-66.153988,18.449503],[-66.153997,18.449512],[-66.154007,18.449521],[-66.154017,18.449531],[-66.154036,18.449551],[-66.154094,18.449613],[-66.154122,18.449641],[-66.154131,18.449649],[-66.154139,18.449656],[-66.154147,18.449662],[-66.154155,18.449665],[-66.154161,18.449665],[-66.154166,18.449661],[-66.15417,18.449654],[-66.154173,18.449645],[-66.154176,18.449634],[-66.154179,18.449622],[-66.154181,18.44961],[-66.154184,18.449583],[-66.154185,18.449569],[-66.154186,18.449556],[-66.154187,18.449542],[-66.154187,18.449528],[-66.154186,18.449515],[-66.154184,18.449503],[-66.154181,18.449491],[-66.154175,18.449479],[-66.154168,18.449469],[-66.15416,18.449459],[-66.154142,18.449439],[-66.154132,18.44943],[-66.154092,18.449392],[-66.154073,18.449373],[-66.154065,18.449363],[-66.154057,18.449352],[-66.154051,18.449342],[-66.154046,18.449332],[-66.154035,18.449303],[-66.154031,18.449294],[-66.154025,18.449286],[-66.154025,18.449285],[-66.154017,18.449278],[-66.154007,18.449271],[-66.153996,18.449265],[-66.153972,18.449255],[-66.153959,18.449251],[-66.153904,18.449234],[-66.153877,18.449225],[-66.153864,18.44922],[-66.153838,18.449208],[-66.153826,18.449202],[-66.153804,18.449186],[-66.153794,18.449177],[-66.153784,18.449167],[-66.153745,18.449129],[-66.153735,18.44912],[-66.153726,18.449111],[-66.153716,18.449104],[-66.153707,18.449098],[-66.153697,18.449093],[-66.153687,18.449091],[-66.153677,18.449092],[-66.153667,18.449096],[-66.153656,18.449101],[-66.153646,18.449108],[-66.153636,18.449116],[-66.153625,18.449124],[-66.153604,18.449141],[-66.153509,18.449225],[-66.153478,18.449253],[-66.153468,18.449262],[-66.153458,18.449272],[-66.15344,18.449292],[-66.153426,18.449314],[-66.153419,18.449326],[-66.153414,18.449339],[-66.153409,18.449351],[-66.153399,18.449377],[-66.153391,18.449403],[-66.153389,18.449407],[-66.153378,18.449443],[-66.153313,18.449642],[-66.153305,18.449668],[-66.153296,18.449693],[-66.153291,18.449705],[-66.153286,18.449715],[-66.153281,18.449723],[-66.153275,18.44973],[-66.153269,18.449733],[-66.153262,18.449732],[-66.153254,18.449728],[-66.153246,18.449722],[-66.153237,18.449715],[-66.153229,18.449706],[-66.153211,18.449686],[-66.153192,18.449665],[-66.153165,18.449633],[-66.153147,18.449611],[-66.153139,18.4496],[-66.15313,18.449589],[-66.153122,18.449578],[-66.153115,18.449567],[-66.153109,18.449555],[-66.153104,18.449543],[-66.153101,18.449531],[-66.153098,18.449518],[-66.153096,18.449492],[-66.153096,18.449465],[-66.153098,18.449425],[-66.153105,18.449289],[-66.153112,18.449137],[-66.153114,18.449097],[-66.153115,18.449073],[-66.153115,18.449063],[-66.153114,18.449054],[-66.153113,18.449048],[-66.153112,18.449046],[-66.15311,18.449048],[-66.153107,18.449053],[-66.153104,18.449061],[-66.1531,18.44907],[-66.153088,18.449105],[-66.153059,18.449198],[-66.15305,18.449223],[-66.15304,18.449247],[-66.153028,18.449267],[-66.153021,18.449274],[-66.153012,18.44928],[-66.153003,18.449283],[-66.152992,18.449283],[-66.15298,18.449282],[-66.152954,18.449276],[-66.152916,18.449265],[-66.152904,18.449261],[-66.152892,18.449259],[-66.152882,18.449257],[-66.152874,18.449258],[-66.152868,18.44926],[-66.152864,18.449266],[-66.152863,18.449274],[-66.152864,18.449283],[-66.152866,18.449294],[-66.152869,18.449306],[-66.152873,18.449318],[-66.152877,18.449331],[-66.152895,18.449383],[-66.15294,18.4495],[-66.153003,18.449667],[-66.153014,18.449695],[-66.153057,18.449808],[-66.153067,18.449833],[-66.153075,18.449859],[-66.153078,18.449871],[-66.15308,18.449883],[-66.15308,18.449895],[-66.153079,18.449907],[-66.153076,18.449918],[-66.15307,18.449929],[-66.153056,18.449951],[-66.153029,18.449981],[-66.15301,18.450002],[-66.152932,18.450083],[-66.152874,18.450144],[-66.152748,18.450278],[-66.15253,18.45051],[-66.152387,18.450663],[-66.152282,18.450778],[-66.152262,18.450797],[-66.152253,18.450807],[-66.152243,18.450815],[-66.152234,18.450823],[-66.152224,18.450829],[-66.152215,18.450834],[-66.152205,18.450835],[-66.152196,18.450834],[-66.152187,18.450829],[-66.152178,18.450823],[-66.152169,18.450816],[-66.152142,18.450789],[-66.152125,18.450769],[-66.152098,18.450738],[-66.15208,18.450717],[-66.152072,18.450707],[-66.152064,18.450696],[-66.152056,18.450686],[-66.152042,18.450664],[-66.152032,18.45064],[-66.152026,18.450614],[-66.152025,18.4506],[-66.152022,18.450573],[-66.15202,18.450546],[-66.152013,18.450435],[-66.152011,18.450394],[-66.15201,18.450381],[-66.15201,18.450356],[-66.152011,18.450345],[-66.152013,18.450335],[-66.152017,18.450327],[-66.152022,18.450321],[-66.152029,18.450318],[-66.152038,18.450317],[-66.152049,18.450318],[-66.152083,18.450323],[-66.152094,18.450324],[-66.152104,18.450323],[-66.152113,18.45032],[-66.152121,18.450316],[-66.152127,18.450309],[-66.152133,18.450301],[-66.152138,18.450291],[-66.152154,18.450261],[-66.152166,18.450241],[-66.152184,18.450221],[-66.152194,18.450211],[-66.152214,18.450193],[-66.152225,18.450185],[-66.152248,18.450167],[-66.152314,18.450116],[-66.152325,18.450107],[-66.152335,18.450098],[-66.152345,18.450088],[-66.152361,18.450068],[-66.152367,18.450056],[-66.152371,18.450045],[-66.152375,18.450032],[-66.152378,18.45002],[-66.15238,18.450007],[-66.152382,18.449995],[-66.152383,18.449982],[-66.152384,18.44997],[-66.152384,18.449958],[-66.152382,18.449947],[-66.152379,18.449938],[-66.152374,18.449929],[-66.152367,18.449923],[-66.152357,18.449917],[-66.152346,18.449913],[-66.152322,18.449907],[-66.152308,18.449905],[-66.152281,18.449901],[-66.152238,18.449896],[-66.15221,18.449893],[-66.152168,18.44989],[-66.15214,18.44989],[-66.152127,18.449891],[-66.152114,18.449894],[-66.152102,18.449898],[-66.152091,18.449903],[-66.152081,18.449909],[-66.152061,18.449923],[-66.152053,18.44993],[-66.152045,18.449938],[-66.15204,18.449946],[-66.152036,18.449954],[-66.152034,18.449962],[-66.152037,18.449971],[-66.152042,18.44998],[-66.152049,18.449988],[-66.152057,18.449997],[-66.152066,18.450006],[-66.152085,18.450022],[-66.152093,18.45003],[-66.152099,18.450037],[-66.152103,18.450044],[-66.152104,18.45005],[-66.152101,18.450054],[-66.152095,18.450058],[-66.152086,18.450061],[-66.152075,18.450063],[-66.152064,18.450066],[-66.152051,18.450068],[-66.152024,18.450071],[-66.151883,18.450086],[-66.151813,18.450094],[-66.151729,18.4501],[-66.151705,18.450101],[-66.151681,18.450103],[-66.15167,18.450105],[-66.15166,18.450109],[-66.151649,18.450114],[-66.151629,18.45013],[-66.151611,18.450148],[-66.151602,18.450158],[-66.151566,18.4502],[-66.151558,18.450209],[-66.151549,18.450219],[-66.151539,18.450227],[-66.15153,18.450235],[-66.15152,18.450241],[-66.151509,18.450245],[-66.151498,18.450246],[-66.151486,18.450246],[-66.151474,18.450244],[-66.151461,18.45024],[-66.151449,18.450236],[-66.151436,18.450232],[-66.151423,18.450227],[-66.151396,18.450217],[-66.151343,18.450195],[-66.151317,18.450185],[-66.151304,18.450179],[-66.15128,18.450167],[-66.15127,18.450161],[-66.15126,18.450154],[-66.151253,18.450147],[-66.151248,18.450139],[-66.151247,18.45013],[-66.151247,18.450119],[-66.15125,18.450109],[-66.151254,18.450098],[-66.15126,18.450086],[-66.151266,18.450075],[-66.151273,18.450063],[-66.15128,18.450052],[-66.151288,18.450041],[-66.151297,18.45003],[-66.151313,18.450014],[-66.151322,18.450011],[-66.151412,18.44994],[-66.151514,18.449861],[-66.151623,18.44963],[-66.151622,18.449618],[-66.151643,18.449589],[-66.151677,18.449544],[-66.151694,18.449522],[-66.151703,18.449512],[-66.151721,18.44949],[-66.151731,18.44948],[-66.15174,18.44947],[-66.151751,18.449461],[-66.151772,18.449442],[-66.151805,18.449415],[-66.151882,18.449353],[-66.151904,18.449335],[-66.151924,18.449317],[-66.151934,18.449307],[-66.151943,18.449297],[-66.15195,18.449287],[-66.151956,18.449276],[-66.15196,18.449265],[-66.151962,18.449252],[-66.151963,18.44924],[-66.151964,18.449227],[-66.151963,18.449214],[-66.151963,18.449201],[-66.151961,18.449174],[-66.151957,18.449133],[-66.151956,18.449124],[-66.151942,18.448984],[-66.15194,18.448957],[-66.151939,18.448943],[-66.151938,18.44893],[-66.151938,18.448917],[-66.15194,18.448893],[-66.151943,18.448882],[-66.151948,18.448872],[-66.151955,18.448863],[-66.151964,18.448855],[-66.151975,18.448848],[-66.151986,18.448842],[-66.151998,18.448836],[-66.152011,18.44883],[-66.152024,18.448825],[-66.152076,18.448803],[-66.152089,18.448797],[-66.152101,18.448791],[-66.152114,18.448785],[-66.152126,18.448778],[-66.152137,18.448771],[-66.152147,18.448762],[-66.152156,18.448753],[-66.152164,18.448742],[-66.152178,18.44872],[-66.15219,18.448696],[-66.152202,18.448671],[-66.152254,18.448558],[-66.152265,18.448533],[-66.152277,18.448508],[-66.152283,18.448496],[-66.152297,18.448472],[-66.152304,18.448461],[-66.152312,18.44845],[-66.15232,18.44844],[-66.152339,18.448421],[-66.152359,18.448402],[-66.15239,18.448376],[-66.152411,18.448358],[-66.152421,18.448349],[-66.15245,18.44832],[-66.152497,18.44827],[-66.152516,18.448251],[-66.152526,18.448242],[-66.152536,18.448232],[-66.152556,18.448215],[-66.152598,18.44818],[-66.152619,18.448162],[-66.152629,18.448153],[-66.152638,18.448144],[-66.152647,18.448134],[-66.152663,18.448114],[-66.152669,18.448103],[-66.152673,18.448091],[-66.152678,18.448078],[-66.15269,18.448026],[-66.152695,18.447999],[-66.152716,18.447878],[-66.152721,18.447851],[-66.152726,18.447825],[-66.152729,18.447812],[-66.152733,18.4478],[-66.152741,18.447778],[-66.152747,18.447769],[-66.152755,18.447762],[-66.152764,18.447757],[-66.152774,18.447755],[-66.152786,18.447753],[-66.152798,18.447752],[-66.152811,18.447752],[-66.152824,18.447753],[-66.152879,18.447757],[-66.152892,18.447758],[-66.152919,18.447758],[-66.152932,18.447757],[-66.152944,18.447755],[-66.152956,18.447751],[-66.152967,18.447747],[-66.152976,18.447741],[-66.152986,18.447734],[-66.153004,18.447718],[-66.153042,18.447683],[-66.153073,18.447654],[-66.153106,18.447627],[-66.153149,18.447589],[-66.153193,18.447553],[-66.153226,18.447529],[-66.153236,18.447523],[-66.153247,18.447518],[-66.153258,18.447514],[-66.153268,18.447514],[-66.153277,18.447516],[-66.153286,18.447521],[-66.153295,18.447527],[-66.153304,18.447534],[-66.153357,18.447587],[-66.153366,18.447595],[-66.153375,18.447601],[-66.153385,18.447606],[-66.153394,18.447608],[-66.153404,18.447608],[-66.153415,18.447605],[-66.153426,18.4476],[-66.153436,18.447594],[-66.153447,18.447587],[-66.153458,18.447579],[-66.15348,18.447562],[-66.153613,18.447456],[-66.153789,18.447317],[-66.153833,18.447281],[-66.153843,18.447272],[-66.153854,18.447263],[-66.153864,18.447253],[-66.153883,18.447233],[-66.153911,18.447202],[-66.153958,18.44715],[-66.153977,18.44713],[-66.154007,18.4471],[-66.154017,18.447091],[-66.154028,18.447083],[-66.15404,18.447075],[-66.154052,18.447068],[-66.15409,18.447049],[-66.154129,18.447032],[-66.154155,18.44702],[-66.154181,18.447009],[-66.154194,18.447004],[-66.154207,18.447],[-66.154219,18.446995],[-66.15423,18.446992],[-66.15424,18.446991],[-66.154249,18.446991],[-66.154256,18.446993],[-66.154261,18.446998],[-66.154264,18.447006],[-66.154266,18.447016],[-66.154267,18.447026],[-66.154267,18.447038],[-66.154266,18.44705],[-66.154265,18.447076],[-66.154257,18.447156],[-66.154253,18.447182],[-66.154251,18.447194],[-66.154248,18.447207],[-66.154244,18.447219],[-66.154239,18.44723],[-66.154232,18.447241],[-66.154224,18.447251],[-66.154205,18.44727],[-66.154185,18.447288],[-66.154163,18.447305],[-66.154109,18.447349],[-66.154088,18.447367],[-66.154078,18.447376],[-66.154068,18.447386],[-66.15405,18.447406],[-66.154043,18.447416],[-66.154036,18.447427],[-66.15403,18.447439],[-66.154024,18.44745],[-66.154013,18.447474],[-66.154004,18.447498],[-66.153999,18.44751],[-66.153995,18.447522],[-66.153991,18.447533],[-66.153989,18.447545],[-66.153987,18.447556],[-66.153987,18.447567],[-66.153988,18.447578],[-66.153992,18.447588],[-66.154006,18.447608],[-66.154015,18.447617],[-66.154025,18.447626],[-66.154035,18.447636],[-66.154045,18.447644],[-66.154067,18.447662],[-66.154143,18.447725],[-66.15423,18.447797],[-66.154251,18.447814],[-66.154262,18.447822],[-66.154272,18.447829],[-66.154283,18.447836],[-66.154293,18.447841],[-66.154304,18.447844],[-66.154314,18.447845],[-66.154323,18.447843],[-66.154333,18.447838],[-66.154343,18.447832],[-66.154352,18.447824],[-66.15438,18.447796],[-66.154426,18.447744],[-66.154445,18.447724],[-66.154455,18.447714],[-66.154475,18.447696],[-66.154486,18.447688],[-66.154496,18.44768],[-66.154508,18.447672],[-66.154531,18.447658],[-66.154554,18.447643],[-66.154613,18.447609],[-66.154635,18.447594],[-66.154647,18.447587],[-66.154658,18.447579],[-66.154678,18.447563],[-66.154687,18.447554],[-66.154695,18.447544],[-66.154702,18.447534],[-66.154709,18.447523],[-66.154716,18.447511],[-66.154722,18.4475],[-66.15474,18.447465],[-66.154746,18.447454],[-66.154753,18.447442],[-66.15476,18.447432],[-66.154768,18.447421],[-66.154776,18.447411],[-66.154785,18.447401],[-66.154805,18.447383],[-66.154825,18.447366],[-66.154857,18.44734],[-66.154877,18.447323],[-66.154886,18.447315],[-66.154903,18.447298],[-66.154909,18.447289],[-66.154913,18.447281],[-66.154915,18.447272],[-66.154913,18.447263],[-66.154909,18.447254],[-66.154902,18.447246],[-66.154894,18.447237],[-66.154874,18.447219],[-66.154853,18.447201],[-66.154653,18.447039],[-66.15462,18.447012],[-66.154598,18.446993],[-66.154587,18.446984],[-66.154569,18.446966],[-66.154561,18.446957],[-66.154553,18.446949],[-66.154547,18.44694],[-66.154541,18.446932],[-66.154538,18.446925],[-66.154536,18.446918],[-66.154537,18.446912],[-66.154541,18.446906],[-66.154548,18.446902],[-66.154558,18.446898],[-66.154569,18.446895],[-66.154581,18.446892],[-66.154635,18.446882],[-66.154647,18.446879],[-66.15466,18.446875],[-66.154671,18.446871],[-66.154681,18.446866],[-66.154688,18.446859],[-66.154693,18.44685],[-66.154696,18.44684],[-66.154698,18.446829],[-66.154698,18.446804],[-66.154696,18.446791],[-66.154695,18.446778],[-66.154691,18.44675],[-66.154677,18.446654],[-66.154673,18.446627],[-66.154672,18.446614],[-66.15467,18.446601],[-66.15467,18.446576],[-66.154671,18.446565],[-66.154674,18.446555],[-66.154679,18.446546],[-66.154686,18.446539],[-66.154696,18.446534],[-66.154707,18.44653],[-66.154719,18.446526],[-66.154732,18.446523],[-66.154788,18.446515],[-66.154918,18.446499],[-66.155062,18.44648],[-66.155118,18.446472],[-66.155144,18.446466],[-66.155156,18.446462],[-66.155167,18.446458],[-66.155177,18.446453],[-66.155185,18.446446],[-66.15519,18.446439],[-66.155193,18.44643],[-66.155199,18.446413],[-66.155201,18.446404],[-66.155205,18.446397],[-66.15521,18.44639],[-66.155218,18.446386],[-66.155227,18.446383],[-66.155249,18.446381],[-66.155262,18.446382],[-66.155275,18.446382],[-66.155302,18.446385],[-66.15533,18.446388],[-66.155358,18.446392],[-66.155371,18.446395],[-66.155385,18.446397],[-66.155399,18.4464],[-66.155412,18.446404],[-66.155425,18.446409],[-66.155449,18.446421],[-66.155461,18.446428],[-66.155483,18.446444],[-66.155503,18.44646],[-66.155512,18.446468],[-66.155519,18.446477],[-66.155525,18.446484],[-66.155529,18.446492],[-66.15553,18.446499],[-66.155527,18.446506],[-66.155521,18.446512],[-66.155513,18.446517],[-66.155503,18.446523],[-66.155492,18.446528],[-66.15548,18.446533],[-66.155467,18.446539],[-66.155416,18.446559],[-66.155403,18.446565],[-66.155391,18.44657],[-66.155379,18.446576],[-66.155368,18.446583],[-66.155358,18.44659],[-66.155348,18.446599],[-66.155341,18.446608],[-66.155334,18.446619],[-66.155324,18.446643],[-66.15532,18.446655],[-66.155315,18.446668],[-66.155301,18.44672],[-66.155294,18.446747],[-66.155291,18.44676],[-66.155289,18.446773],[-66.155287,18.446785],[-66.155285,18.446798],[-66.155285,18.446822],[-66.155288,18.446833],[-66.155293,18.446843],[-66.1553,18.446853],[-66.155308,18.446862],[-66.155317,18.44687],[-66.155327,18.446879],[-66.155337,18.446887],[-66.155347,18.446896],[-66.155369,18.446912],[-66.155413,18.446945],[-66.155434,18.446961],[-66.155445,18.44697],[-66.155454,18.446978],[-66.155464,18.446987],[-66.155472,18.446996],[-66.155479,18.447006],[-66.155484,18.447016],[-66.155488,18.447028],[-66.15549,18.44704],[-66.15549,18.447066],[-66.155489,18.447079],[-66.155486,18.44712],[-66.155484,18.447146],[-66.155485,18.447159],[-66.155486,18.447171],[-66.155488,18.447183],[-66.15549,18.447193],[-66.155494,18.447203],[-66.155499,18.447212],[-66.155505,18.447218],[-66.155514,18.447223],[-66.155525,18.447226],[-66.155536,18.447227],[-66.155549,18.447227],[-66.155575,18.447225],[-66.155589,18.447224],[-66.155646,18.447217],[-66.155661,18.447215],[-66.155689,18.447213],[-66.155703,18.447213],[-66.155729,18.447215],[-66.155742,18.447217],[-66.155753,18.447221],[-66.155762,18.447226],[-66.15577,18.447232],[-66.155775,18.44724],[-66.155778,18.447251],[-66.155779,18.447262],[-66.155779,18.447274],[-66.155778,18.447286],[-66.155777,18.447299],[-66.155774,18.447326],[-66.155759,18.447422],[-66.155755,18.447449],[-66.155754,18.447462],[-66.155752,18.447476],[-66.155752,18.447489],[-66.155751,18.447502],[-66.155752,18.447514],[-66.155754,18.447526],[-66.155758,18.447538],[-66.155764,18.447548],[-66.155771,18.447558],[-66.155789,18.447576],[-66.1558,18.447585],[-66.15581,18.447594],[-66.155855,18.447627],[-66.155865,18.447636],[-66.155876,18.447644],[-66.155894,18.447662],[-66.155902,18.447671],[-66.155908,18.44768],[-66.155912,18.44769],[-66.155912,18.4477],[-66.155911,18.447711],[-66.155907,18.447721],[-66.155903,18.447732],[-66.155898,18.447743],[-66.155892,18.447755],[-66.155871,18.447788],[-66.155864,18.447798],[-66.155848,18.447818],[-66.15584,18.447827],[-66.15583,18.447834],[-66.155821,18.44784],[-66.155809,18.447844],[-66.155797,18.447846],[-66.155784,18.447847],[-66.15577,18.447848],[-66.155742,18.447846],[-66.155714,18.447843],[-66.155672,18.447837],[-66.155658,18.447834],[-66.155645,18.447831],[-66.155633,18.447827],[-66.155621,18.447822],[-66.155611,18.447816],[-66.155602,18.447807],[-66.155595,18.447798],[-66.155588,18.447787],[-66.155576,18.447763],[-66.155571,18.447751],[-66.155556,18.447712],[-66.155464,18.447465],[-66.155449,18.447426],[-66.155439,18.447402],[-66.155433,18.44739],[-66.155427,18.447379],[-66.15542,18.447369],[-66.155413,18.44736],[-66.155404,18.447353],[-66.155394,18.447349],[-66.155382,18.447346],[-66.15537,18.447345],[-66.155344,18.447345],[-66.155331,18.447346],[-66.155303,18.447348],[-66.155247,18.447355],[-66.155219,18.447358],[-66.155206,18.447361],[-66.155192,18.447363],[-66.15518,18.447365],[-66.155167,18.447369],[-66.155156,18.447373],[-66.155146,18.447378],[-66.155137,18.447384],[-66.155131,18.447393],[-66.155126,18.447403],[-66.155122,18.447414],[-66.155119,18.447426],[-66.155117,18.447438],[-66.155116,18.447451],[-66.155114,18.447464],[-66.155112,18.447491],[-66.155106,18.447573],[-66.155095,18.447695],[-66.155093,18.447721],[-66.155093,18.447734],[-66.155092,18.447745],[-66.155093,18.447756],[-66.155094,18.447765],[-66.155096,18.447772],[-66.1551,18.447776],[-66.155105,18.447776],[-66.155111,18.447774],[-66.155119,18.44777],[-66.155126,18.447764],[-66.155135,18.447756],[-66.155144,18.447747],[-66.155162,18.447727],[-66.155206,18.447671],[-66.155215,18.44766],[-66.155224,18.44765],[-66.155242,18.447632],[-66.155251,18.447625],[-66.15526,18.44762],[-66.155268,18.447619],[-66.155277,18.44762],[-66.155286,18.447625],[-66.155295,18.447631],[-66.155304,18.447639],[-66.155313,18.447648],[-66.155321,18.447658],[-66.15533,18.447668],[-66.155348,18.44769],[-66.155365,18.447712],[-66.155374,18.447723],[-66.15539,18.447745],[-66.155398,18.447757],[-66.155404,18.447768],[-66.15541,18.44778],[-66.155414,18.447792],[-66.155417,18.447804],[-66.155418,18.447817],[-66.155418,18.44783],[-66.155417,18.447842],[-66.155416,18.447855],[-66.155414,18.447868],[-66.155411,18.447881],[-66.155405,18.447905],[-66.1554,18.447917],[-66.155394,18.447928],[-66.155378,18.447948],[-66.155348,18.447975],[-66.155326,18.447991],[-66.155281,18.448024],[-66.155258,18.44804],[-66.155236,18.448056],[-66.155213,18.448071],[-66.155201,18.448079],[-66.155189,18.448085],[-66.155176,18.448092],[-66.155164,18.448098],[-66.155138,18.448109],[-66.155098,18.448125],[-66.154992,18.448166],[-66.154952,18.448181],[-66.154926,18.448192],[-66.154913,18.448197],[-66.154887,18.448209],[-66.154875,18.448216],[-66.154863,18.448222],[-66.15485,18.448229],[-66.154826,18.448243],[-66.154779,18.448272],[-66.154505,18.44844],[-66.154433,18.448482],[-66.154421,18.448488],[-66.154382,18.448506],[-66.154342,18.448521],[-66.154249,18.448557],[-66.154222,18.448568],[-66.154209,18.448573],[-66.154196,18.448579],[-66.154184,18.448585],[-66.154172,18.448592],[-66.15415,18.448608],[-66.15414,18.448617],[-66.154131,18.448626],[-66.154113,18.448646],[-66.154069,18.448698],[-66.15406,18.448708],[-66.15405,18.448718],[-66.154041,18.448728],[-66.15403,18.448737],[-66.15402,18.448746],[-66.154009,18.448755],[-66.153953,18.448798],[-66.153942,18.448806],[-66.153931,18.448815],[-66.153922,18.448824],[-66.153913,18.448834],[-66.153905,18.448843],[-66.1539,18.448854],[-66.153896,18.448864],[-66.153895,18.448875],[-66.153895,18.448886],[-66.153896,18.448896],[-66.153898,18.448907],[-66.153902,18.448916],[-66.153907,18.448924],[-66.153913,18.44893],[-66.153922,18.448935],[-66.153944,18.448939],[-66.153956,18.448939],[-66.153969,18.448938],[-66.15401,18.448936],[-66.154038,18.448934],[-66.154062,18.448935],[-66.154125,18.448935],[-66.154151,18.448933],[-66.154178,18.448929],[-66.154204,18.448925],[-66.15423,18.448919],[-66.154243,18.448915],[-66.154255,18.44891],[-66.154268,18.448905],[-66.15428,18.448899],[-66.154304,18.448886],[-66.154327,18.448873],[-66.15441,18.448826],[-66.154433,18.448812],[-66.154469,18.448794],[-66.154494,18.448783],[-66.15452,18.448772],[-66.15457,18.448751],[-66.154596,18.44874],[-66.154608,18.448735],[-66.15462,18.448728],[-66.154632,18.448722],[-66.154644,18.448715],[-66.154655,18.448707],[-66.154667,18.4487],[-66.154689,18.448684],[-66.154734,18.448653],[-66.154824,18.448588],[-66.154838,18.448578],[-66.154857,18.448565],[-66.15488,18.44855],[-66.154892,18.448543],[-66.154903,18.448536],[-66.154915,18.44853],[-66.154927,18.448525],[-66.154939,18.448521],[-66.154951,18.448519],[-66.154964,18.448518],[-66.154976,18.448517],[-66.155001,18.448517],[-66.155037,18.448514],[-66.155048,18.44851],[-66.155058,18.448506],[-66.155068,18.448499],[-66.155078,18.448493],[-66.155097,18.448479],[-66.155106,18.448473],[-66.155115,18.448468],[-66.155125,18.448465],[-66.155136,18.448465],[-66.155147,18.448467],[-66.155159,18.448471],[-66.155183,18.448481],[-66.155207,18.448493],[-66.155231,18.448503],[-66.155242,18.448506],[-66.155253,18.448508],[-66.155264,18.448508],[-66.155274,18.448505],[-66.155284,18.4485],[-66.155293,18.448493],[-66.15532,18.44847],[-66.15533,18.448464],[-66.155339,18.448459],[-66.155349,18.448455],[-66.15536,18.448455],[-66.155371,18.448457],[-66.155382,18.44846],[-66.155406,18.44847],[-66.155418,18.448476],[-66.155454,18.448497],[-66.155474,18.448509],[-66.155478,18.448511],[-66.155576,18.44857],[-66.155612,18.448591],[-66.155637,18.448605],[-66.155661,18.448617],[-66.155685,18.448627],[-66.155697,18.448629],[-66.155709,18.44863],[-66.155721,18.448628],[-66.155732,18.448624],[-66.155744,18.448619],[-66.155756,18.448612],[-66.155767,18.448605],[-66.155779,18.448597],[-66.15579,18.448589],[-66.155813,18.448573],[-66.155836,18.448556],[-66.155847,18.448547],[-66.155857,18.448539],[-66.155866,18.44853],[-66.155875,18.448522],[-66.155882,18.448513],[-66.155886,18.448505],[-66.155888,18.448496],[-66.155886,18.448488],[-66.155881,18.44848],[-66.155874,18.448471],[-66.155866,18.448463],[-66.155856,18.448455],[-66.155846,18.448446],[-66.155812,18.448421],[-66.15579,18.448403],[-66.15578,18.448394],[-66.155769,18.448385],[-66.15576,18.448375],[-66.155744,18.448355],[-66.155737,18.448346],[-66.155736,18.448345],[-66.155732,18.448337],[-66.155728,18.448328],[-66.155726,18.448321],[-66.155727,18.448316],[-66.155732,18.448312],[-66.15574,18.448311],[-66.155749,18.44831],[-66.155773,18.448312],[-66.155813,18.448316],[-66.155855,18.448319],[-66.155869,18.448318],[-66.155882,18.448316],[-66.155895,18.448312],[-66.155907,18.448307],[-66.155919,18.448301],[-66.155943,18.448287],[-66.155966,18.448272],[-66.156001,18.448248],[-66.156126,18.448158],[-66.156171,18.448126],[-66.156194,18.44811],[-66.156206,18.448102],[-66.156242,18.448081],[-66.156266,18.448069],[-66.156292,18.448058],[-66.15633,18.448043],[-66.15642,18.448008],[-66.156446,18.447998],[-66.156458,18.447993],[-66.156471,18.447987],[-66.156495,18.447975],[-66.156507,18.447968],[-66.156518,18.447961],[-66.156528,18.447953],[-66.156547,18.447934],[-66.156556,18.447924],[-66.156592,18.447883],[-66.156601,18.447873],[-66.15661,18.447864],[-66.15662,18.447856],[-66.15663,18.447849],[-66.156641,18.447844],[-66.156652,18.447841],[-66.156663,18.447839],[-66.156675,18.447838],[-66.156687,18.447838],[-66.156725,18.44784],[-66.156738,18.447841],[-66.156751,18.44784],[-66.156764,18.44784],[-66.156777,18.447838],[-66.156791,18.447835],[-66.156804,18.447832],[-66.15683,18.447824],[-66.156844,18.44782],[-66.15687,18.44781],[-66.15691,18.447796],[-66.156936,18.447786],[-66.156961,18.447776],[-66.156974,18.44777],[-66.156986,18.447765],[-66.157008,18.447751],[-66.157018,18.447743],[-66.157026,18.447734],[-66.157034,18.447723],[-66.157041,18.447712],[-66.157059,18.447676],[-66.157069,18.447651],[-66.157096,18.447587],[-66.157105,18.447564],[-66.157124,18.447526],[-66.157131,18.447516],[-66.157139,18.447506],[-66.157148,18.447497],[-66.15717,18.447485],[-66.157182,18.44748],[-66.157195,18.447477],[-66.157209,18.447473],[-66.157236,18.447467],[-66.157264,18.447462],[-66.157335,18.447449],[-66.157363,18.447444],[-66.157377,18.447441],[-66.157391,18.447439],[-66.157405,18.447438],[-66.157418,18.447437],[-66.157431,18.447437],[-66.157444,18.447438],[-66.157455,18.447442],[-66.157466,18.447447],[-66.157476,18.447453],[-66.157485,18.447461],[-66.157494,18.44747],[-66.157512,18.44749],[-66.15752,18.4475],[-66.157563,18.447553],[-66.157581,18.447575],[-66.157599,18.447595],[-66.157617,18.447613],[-66.157635,18.447627],[-66.157644,18.447633],[-66.157652,18.447638],[-66.157659,18.447642],[-66.157665,18.447644],[-66.157669,18.447643],[-66.157672,18.447639],[-66.157673,18.447632],[-66.157673,18.447623],[-66.157672,18.447613],[-66.15767,18.447605],[-66.15767,18.447601],[-66.157667,18.447589],[-66.157655,18.447537],[-66.15765,18.447511],[-66.157648,18.447497],[-66.157646,18.447484],[-66.157644,18.44747],[-66.157644,18.447443],[-66.157645,18.447429],[-66.157646,18.447416],[-66.157651,18.447361],[-66.157652,18.447334],[-66.157653,18.44732],[-66.157652,18.447307],[-66.157651,18.447267],[-66.157651,18.447242],[-66.157653,18.447229],[-66.157656,18.447217],[-66.15766,18.447205],[-66.157666,18.447194],[-66.15768,18.447172],[-66.157688,18.447161],[-66.157697,18.44715],[-66.157714,18.447129],[-66.157805,18.447022],[-66.157841,18.446979],[-66.157894,18.446914],[-66.157912,18.446893],[-66.15793,18.446873],[-66.157939,18.446864],[-66.157948,18.446856],[-66.157957,18.44685],[-66.157966,18.446845],[-66.157974,18.446843],[-66.157983,18.446845],[-66.157992,18.446849],[-66.158001,18.446856],[-66.158009,18.446863],[-66.158027,18.446881],[-66.158053,18.446911],[-66.158072,18.446931],[-66.158091,18.44695],[-66.158118,18.446976],[-66.158127,18.446984],[-66.158145,18.447002],[-66.158152,18.447012],[-66.15816,18.447023],[-66.158174,18.447047],[-66.15818,18.447059],[-66.158192,18.447084],[-66.158219,18.447148],[-66.158225,18.44716],[-66.158231,18.447173],[-66.158237,18.447184],[-66.158244,18.447195],[-66.158251,18.447205],[-66.158259,18.447213],[-66.158269,18.44722],[-66.158279,18.447224],[-66.15829,18.447226],[-66.158302,18.447227],[-66.158314,18.447227],[-66.158379,18.447222],[-66.158404,18.447222],[-66.158415,18.447223],[-66.158425,18.447226],[-66.158434,18.44723],[-66.158441,18.447237],[-66.158447,18.447246],[-66.158452,18.447256],[-66.158456,18.447268],[-66.158459,18.44728],[-66.158465,18.447306],[-66.15847,18.447333],[-66.158487,18.447442],[-66.158494,18.447482],[-66.1585,18.447507],[-66.158503,18.447519],[-66.158504,18.447524],[-66.158506,18.447529],[-66.158509,18.447537],[-66.158514,18.447543],[-66.158519,18.447547],[-66.158525,18.447546],[-66.158531,18.447543],[-66.158538,18.447538],[-66.158561,18.44752],[-66.158569,18.447515],[-66.158576,18.447512],[-66.158583,18.447511],[-66.15859,18.447514],[-66.158597,18.44752],[-66.158603,18.447528],[-66.158609,18.447537],[-66.158614,18.447548],[-66.15862,18.447559],[-66.158625,18.447571],[-66.158642,18.447609],[-66.158648,18.447621],[-66.158653,18.447633],[-66.15866,18.447645],[-66.158666,18.447656],[-66.158673,18.447666],[-66.158681,18.447674],[-66.15869,18.447681],[-66.158701,18.447685],[-66.158712,18.447687],[-66.158737,18.447687],[-66.15875,18.447685],[-66.158764,18.447683],[-66.158777,18.447681],[-66.158805,18.447677],[-66.158931,18.447653],[-66.15903,18.447637],[-66.159057,18.447632],[-66.159071,18.447629],[-66.159097,18.447623],[-66.15911,18.447619],[-66.159132,18.447609],[-66.159141,18.447602],[-66.159148,18.447593],[-66.159153,18.447583],[-66.159157,18.447571],[-66.159163,18.447547],[-66.159167,18.447521],[-66.159168,18.447508],[-66.15917,18.447494],[-66.159171,18.447481],[-66.159171,18.44744]],[[-66.152036,18.450895],[-66.152036,18.450907],[-66.152034,18.450918],[-66.15203,18.45093],[-66.152024,18.450941],[-66.152018,18.450953],[-66.152011,18.450964],[-66.151979,18.451008],[-66.151962,18.45103],[-66.151929,18.451073],[-66.151912,18.451095],[-66.151903,18.451105],[-66.151894,18.451116],[-66.151885,18.451126],[-66.151865,18.451144],[-66.151843,18.451162],[-66.15182,18.451178],[-66.151796,18.451194],[-66.151738,18.451234],[-66.151715,18.45125],[-66.151703,18.451259],[-66.151692,18.451267],[-66.151682,18.451276],[-66.151671,18.451285],[-66.151662,18.451295],[-66.151652,18.451305],[-66.151644,18.451315],[-66.151627,18.451336],[-66.151602,18.451369],[-66.151553,18.451435],[-66.151536,18.451457],[-66.151519,18.451478],[-66.151511,18.451489],[-66.151493,18.451509],[-66.151483,18.451519],[-66.151473,18.451528],[-66.151462,18.451537],[-66.15144,18.451553],[-66.151396,18.451586],[-66.151385,18.451594],[-66.151374,18.451603],[-66.151364,18.451612],[-66.151355,18.451622],[-66.151345,18.451632],[-66.151337,18.451643],[-66.151328,18.451653],[-66.151311,18.451675],[-66.151278,18.451719],[-66.151262,18.451741],[-66.151253,18.451752],[-66.151245,18.451762],[-66.151237,18.451771],[-66.151228,18.451779],[-66.15122,18.451786],[-66.151212,18.451791],[-66.151203,18.451793],[-66.151195,18.451792],[-66.151188,18.451789],[-66.15118,18.451784],[-66.151173,18.451778],[-66.151167,18.451771],[-66.151161,18.451762],[-66.151157,18.451753],[-66.151151,18.451731],[-66.151147,18.451709],[-66.151145,18.451699],[-66.15114,18.451689],[-66.151133,18.45168],[-66.151124,18.451673],[-66.151114,18.451666],[-66.151103,18.45166],[-66.151091,18.451654],[-66.151054,18.451637],[-66.151042,18.451631],[-66.151029,18.451625],[-66.151018,18.451618],[-66.151007,18.45161],[-66.150997,18.451602],[-66.150987,18.451593],[-66.150978,18.451584],[-66.150953,18.451556],[-66.150945,18.451547],[-66.150936,18.451539],[-66.150927,18.451532],[-66.150919,18.451527],[-66.150909,18.451524],[-66.150899,18.451523],[-66.150888,18.451525],[-66.150876,18.451529],[-66.150865,18.451534],[-66.150853,18.45154],[-66.150829,18.451554],[-66.150793,18.451576],[-66.150781,18.451583],[-66.150768,18.45159],[-66.150756,18.451596],[-66.150743,18.451602],[-66.15073,18.451607],[-66.150717,18.45161],[-66.150705,18.451611],[-66.150692,18.451611],[-66.15068,18.45161],[-66.150667,18.451609],[-66.150654,18.451607],[-66.150628,18.451601],[-66.150616,18.451598],[-66.150603,18.451594],[-66.150591,18.45159],[-66.15058,18.451586],[-66.15057,18.451581],[-66.15056,18.451575],[-66.150552,18.451568],[-66.150545,18.451559],[-66.150539,18.451549],[-66.150534,18.451539],[-66.150528,18.45153],[-66.150521,18.451521],[-66.150512,18.451514],[-66.150502,18.451507],[-66.150491,18.451502],[-66.150478,18.451497],[-66.150466,18.451493],[-66.150452,18.451489],[-66.150439,18.451485],[-66.15037,18.451467],[-66.150357,18.451464],[-66.150345,18.45146],[-66.150335,18.451456],[-66.150326,18.451451],[-66.150319,18.451446],[-66.150316,18.451441],[-66.150316,18.451436],[-66.15032,18.45143],[-66.150325,18.451424],[-66.150333,18.451418],[-66.150342,18.451412],[-66.150351,18.451407],[-66.150363,18.451402],[-66.150389,18.451394],[-66.150402,18.451391],[-66.150444,18.451382],[-66.1505,18.451372],[-66.150625,18.45135],[-66.150653,18.451344],[-66.15068,18.451339],[-66.150693,18.451335],[-66.150717,18.451327],[-66.150728,18.451322],[-66.150739,18.451315],[-66.150747,18.451306],[-66.150755,18.451296],[-66.150762,18.451285],[-66.150768,18.451274],[-66.15078,18.45125],[-66.15079,18.451224],[-66.150816,18.45116],[-66.150831,18.451121],[-66.150842,18.451096],[-66.150854,18.451071],[-66.15086,18.451058],[-66.150866,18.451047],[-66.150873,18.451036],[-66.150899,18.450992],[-66.150906,18.450981],[-66.150918,18.450959],[-66.150923,18.450948],[-66.150927,18.450936],[-66.15093,18.450925],[-66.150931,18.450913],[-66.150931,18.450889],[-66.150928,18.450853],[-66.150928,18.450841],[-66.150929,18.45083],[-66.150931,18.45082],[-66.150934,18.450811],[-66.150941,18.450802],[-66.15095,18.450794],[-66.15096,18.450787],[-66.150971,18.450781],[-66.150983,18.450775],[-66.150996,18.450769],[-66.151022,18.450758],[-66.151077,18.450737],[-66.151118,18.450721],[-66.151131,18.450717],[-66.151145,18.450712],[-66.151158,18.450709],[-66.15117,18.450706],[-66.151182,18.450704],[-66.151192,18.450704],[-66.151201,18.450707],[-66.151208,18.450713],[-66.151214,18.450721],[-66.151219,18.450731],[-66.151225,18.450753],[-66.151226,18.450766],[-66.151226,18.450778],[-66.151225,18.450789],[-66.151221,18.450801],[-66.151216,18.450811],[-66.1512,18.450829],[-66.15118,18.450845],[-66.151158,18.450861],[-66.151113,18.450892],[-66.151103,18.4509],[-66.151092,18.450908],[-66.151083,18.450916],[-66.151067,18.450934],[-66.151062,18.450944],[-66.151059,18.450955],[-66.151057,18.450967],[-66.151057,18.450979],[-66.151059,18.450992],[-66.15106,18.451005],[-66.151063,18.451019],[-66.151073,18.451072],[-66.151076,18.451086],[-66.151078,18.451099],[-66.151079,18.451112],[-66.151079,18.451124],[-66.151078,18.451136],[-66.151074,18.451147],[-66.151069,18.451158],[-66.151061,18.451167],[-66.151052,18.451177],[-66.151042,18.451185],[-66.151031,18.451194],[-66.151019,18.451202],[-66.151008,18.45121],[-66.150936,18.451258],[-66.150915,18.451273],[-66.150907,18.45128],[-66.1509,18.451286],[-66.150895,18.451292],[-66.150894,18.451296],[-66.150898,18.451298],[-66.150904,18.4513],[-66.150913,18.451301],[-66.150936,18.451301],[-66.150962,18.451299],[-66.151076,18.451292],[-66.15119,18.451284],[-66.151217,18.451282],[-66.151231,18.451281],[-66.151245,18.451279],[-66.151258,18.451277],[-66.151271,18.451274],[-66.151283,18.45127],[-66.151294,18.451265],[-66.151305,18.451258],[-66.151315,18.45125],[-66.151324,18.451241],[-66.151332,18.451231],[-66.151341,18.45122],[-66.151349,18.45121],[-66.151365,18.451188],[-66.151435,18.451085],[-66.151459,18.451052],[-66.151467,18.451042],[-66.151476,18.451032],[-66.151484,18.451023],[-66.151493,18.451014],[-66.151503,18.451007],[-66.151514,18.451002],[-66.151524,18.450999],[-66.151536,18.450998],[-66.151548,18.450998],[-66.15156,18.450999],[-66.151573,18.451],[-66.151612,18.451006],[-66.151625,18.451007],[-66.151638,18.451009],[-66.151663,18.451009],[-66.151675,18.451008],[-66.151701,18.451],[-66.151713,18.450994],[-66.151737,18.45098],[-66.151748,18.450972],[-66.15176,18.450964],[-66.151782,18.450948],[-66.151793,18.450938],[-66.151803,18.450929],[-66.151813,18.450919],[-66.151822,18.450909],[-66.151831,18.450898],[-66.151839,18.450887],[-66.151856,18.450865],[-66.151897,18.45081],[-66.151914,18.450788],[-66.151922,18.450778],[-66.15193,18.450769],[-66.151938,18.450761],[-66.151945,18.450755],[-66.151953,18.450751],[-66.15196,18.450749],[-66.151967,18.450752],[-66.151974,18.450757],[-66.151981,18.450765],[-66.151993,18.450785],[-66.152,18.450797],[-66.152006,18.450808],[-66.152011,18.450821],[-66.152017,18.450833],[-66.152022,18.450845],[-66.152027,18.450858],[-66.152031,18.45087],[-66.152035,18.450883],[-66.152036,18.450895]],[[-66.150517,18.451599],[-66.150516,18.451606],[-66.150513,18.451615],[-66.150508,18.451625],[-66.150503,18.451636],[-66.150497,18.451647],[-66.150475,18.451683],[-66.15038,18.451838],[-66.150365,18.451862],[-66.150349,18.451884],[-66.150341,18.451896],[-66.150333,18.451906],[-66.150315,18.451928],[-66.150288,18.451958],[-66.149931,18.452344],[-66.149904,18.452374],[-66.149885,18.452395],[-66.149877,18.452406],[-66.149868,18.452416],[-66.149852,18.452438],[-66.149845,18.452449],[-66.149839,18.452461],[-66.149832,18.452472],[-66.149814,18.452507],[-66.149808,18.452519],[-66.149802,18.45253],[-66.149795,18.452541],[-66.149788,18.452551],[-66.149781,18.45256],[-66.149772,18.452569],[-66.149762,18.452576],[-66.149751,18.452582],[-66.149727,18.452592],[-66.149715,18.452596],[-66.149689,18.452604],[-66.149637,18.452619],[-66.149624,18.452623],[-66.149612,18.452627],[-66.1496,18.452632],[-66.149588,18.452638],[-66.149577,18.452644],[-66.149567,18.452651],[-66.149558,18.452659],[-66.14955,18.452669],[-66.149543,18.45268],[-66.149537,18.452691],[-66.14953,18.452702],[-66.149506,18.45275],[-66.1495,18.452761],[-66.149493,18.452773],[-66.149486,18.452784],[-66.149478,18.452795],[-66.14947,18.452805],[-66.149452,18.452823],[-66.149433,18.452841],[-66.149393,18.452875],[-66.149374,18.452893],[-66.149365,18.452902],[-66.149356,18.452912],[-66.14934,18.452932],[-66.149333,18.452943],[-66.149327,18.452954],[-66.149298,18.453012],[-66.149292,18.453023],[-66.149286,18.453033],[-66.149279,18.453043],[-66.149272,18.453051],[-66.149265,18.453058],[-66.149256,18.453062],[-66.149246,18.453064],[-66.149235,18.453064],[-66.149223,18.453062],[-66.149211,18.453059],[-66.149198,18.453055],[-66.149185,18.45305],[-66.149133,18.453028],[-66.14912,18.453022],[-66.149096,18.45301],[-66.149085,18.453003],[-66.149075,18.452996],[-66.149066,18.452988],[-66.14906,18.452979],[-66.149056,18.452969],[-66.149055,18.452958],[-66.149055,18.452946],[-66.149056,18.452934],[-66.149057,18.452921],[-66.14906,18.452909],[-66.149062,18.452896],[-66.149069,18.452869],[-66.149097,18.452751],[-66.149104,18.452725],[-66.149107,18.452712],[-66.149115,18.452688],[-66.14912,18.452677],[-66.149125,18.452667],[-66.149132,18.452658],[-66.14914,18.452651],[-66.149149,18.452647],[-66.149159,18.452644],[-66.149171,18.452642],[-66.149183,18.452641],[-66.14922,18.45264],[-66.149232,18.452639],[-66.149243,18.452638],[-66.149254,18.452635],[-66.149264,18.45263],[-66.149272,18.452623],[-66.149279,18.452614],[-66.149286,18.452604],[-66.149291,18.452593],[-66.149296,18.452581],[-66.149301,18.452568],[-66.149309,18.452543],[-66.149325,18.45249],[-66.149334,18.452463],[-66.149338,18.45245],[-66.149348,18.452424],[-66.14936,18.4524],[-66.149367,18.452388],[-66.149375,18.452377],[-66.149383,18.452367],[-66.149392,18.452356],[-66.1494,18.452346],[-66.149419,18.452325],[-66.149548,18.452182],[-66.149586,18.452142],[-66.149614,18.452112],[-66.149634,18.452093],[-66.149643,18.452084],[-66.14968,18.45205],[-66.149689,18.452042],[-66.149697,18.452033],[-66.149706,18.452024],[-66.149715,18.452014],[-66.149739,18.451981],[-66.149763,18.451947],[-66.1498,18.451889],[-66.149868,18.451784],[-66.14989,18.45175],[-66.149906,18.451728],[-66.149915,18.451717],[-66.149923,18.451708],[-66.149933,18.451699],[-66.149943,18.451691],[-66.149954,18.451685],[-66.149967,18.45168],[-66.149979,18.451676],[-66.149992,18.451672],[-66.15002,18.451666],[-66.150061,18.451659],[-66.15016,18.451643],[-66.150244,18.451628],[-66.150315,18.451616],[-66.150414,18.451598],[-66.150456,18.451591],[-66.150469,18.451589],[-66.150493,18.451587],[-66.150502,18.451588],[-66.15051,18.451589],[-66.150515,18.451593],[-66.150517,18.451599]]]}},{"type":"Feature","properties":{"OBJECTID":3114496,"DFIRM_ID":"72000C","FLD_ZONE":"X","ZONE_SUBTY":"0.2 PCT ANNUAL CHANCE FLOOD HAZARD","SFHA_TF":"F","STATIC_BFE":-9999,"V_DATUM":"","LEN_UNIT":"","SOURCE_CIT":"72000C_FIS1"},"geometry":{"type":"Polygon","coordinates":[[[-66.231948,18.448812],[-66.231918,18.448727],[-66.231852,18.448637],[-66.231785,18.448546],[-66.231688,18.448445],[-66.231606,18.448369],[-66.231508,18.448288],[-66.231374,18.448211],[-66.231255,18.44814],[-66.231141,18.448099],[-66.23096,18.448046],[-66.230788,18.448014],[-66.230648,18.448002],[-66.230497,18.447995],[-66.230361,18.447983],[-66.230211,18.447941],[-66.230102,18.447894],[-66.229993,18.447843],[-66.229885,18.447767],[-66.229788,18.447656],[-66.229696,18.44755],[-66.229574,18.447379],[-66.229477,18.447233],[-66.22937,18.447057],[-66.229258,18.446877],[-66.229168,18.44673],[-66.229055,18.446579],[-66.228943,18.446443],[-66.22883,18.446302],[-66.228702,18.446186],[-66.228544,18.445979],[-66.228431,18.445833],[-66.228355,18.445728],[-66.228325,18.445653],[-66.228305,18.445588],[-66.228317,18.445498],[-66.228335,18.445329],[-66.228347,18.44523],[-66.228369,18.445166],[-66.228396,18.445106],[-66.228425,18.444908],[-66.228427,18.444808],[-66.228449,18.444744],[-66.228513,18.444655],[-66.228571,18.444616],[-66.228833,18.444545],[-66.228927,18.444522],[-66.229057,18.444519],[-66.2294,18.444574],[-66.229536,18.444581],[-66.229671,18.444563],[-66.22988,18.444516],[-66.22998,18.444487],[-66.230054,18.444434],[-66.230159,18.444365],[-66.230234,18.444267],[-66.230304,18.444094],[-66.230322,18.443975],[-66.230335,18.443811],[-66.230336,18.443711],[-66.230323,18.443596],[-66.230283,18.443466],[-66.230243,18.443351],[-66.230193,18.443236],[-66.230116,18.44314],[-66.230034,18.443065],[-66.229946,18.443009],[-66.229822,18.442977],[-66.229723,18.442965],[-66.229645,18.442944],[-66.229516,18.442888],[-66.229475,18.442852],[-66.229398,18.442782],[-66.22929,18.442695],[-66.229167,18.442569],[-66.229115,18.442519],[-66.229038,18.442438],[-66.228992,18.442382],[-66.228926,18.442282],[-66.228888,18.442082],[-66.228865,18.441888],[-66.228828,18.441717],[-66.228768,18.441562],[-66.228652,18.441356],[-66.22852,18.441125],[-66.228418,18.440999],[-66.228156,18.440747],[-66.22795,18.440589],[-66.227775,18.440482],[-66.227677,18.440416],[-66.227605,18.440345],[-66.227347,18.440182],[-66.227124,18.440079],[-66.22686,18.440011],[-66.226558,18.439952],[-66.226314,18.439898],[-66.226268,18.439891],[-66.226117,18.439866],[-66.225992,18.439849],[-66.225825,18.439861],[-66.22559,18.439883],[-66.225339,18.439924],[-66.225073,18.43995],[-66.22476,18.439965],[-66.224519,18.439972],[-66.224364,18.43994],[-66.224244,18.439898],[-66.224152,18.439837],[-66.224043,18.439801],[-66.223949,18.439789],[-66.22386,18.439803],[-66.223713,18.43986],[-66.223583,18.439888],[-66.223144,18.439937],[-66.223008,18.439984],[-66.222924,18.440018],[-66.222871,18.440057],[-66.222823,18.440136],[-66.22278,18.44022],[-66.222763,18.44028],[-66.222767,18.440354],[-66.222793,18.440375],[-66.22284,18.440405],[-66.222954,18.440437],[-66.223172,18.440485],[-66.223348,18.440522],[-66.223571,18.440595],[-66.223779,18.440658],[-66.223919,18.440719],[-66.224048,18.440771],[-66.224152,18.440797],[-66.224297,18.440825],[-66.224433,18.440812],[-66.224568,18.440809],[-66.224678,18.44083],[-66.224745,18.440851],[-66.224776,18.440871],[-66.224755,18.440901],[-66.224712,18.440935],[-66.224476,18.441026],[-66.224251,18.441088],[-66.224058,18.441135],[-66.223959,18.441143],[-66.223855,18.441127],[-66.223735,18.441085],[-66.22357,18.441013],[-66.223373,18.440911],[-66.223053,18.440732],[-66.222904,18.44064],[-66.22278,18.440563],[-66.222697,18.440537],[-66.222629,18.440546],[-66.222555,18.440585],[-66.222518,18.440614],[-66.222518,18.440659],[-66.222548,18.440724],[-66.222614,18.4408],[-66.222712,18.440876],[-66.222811,18.440912],[-66.222976,18.440994],[-66.223126,18.441071],[-66.223224,18.441147],[-66.22327,18.441198],[-66.223251,18.441367],[-66.223224,18.441441],[-66.223208,18.44149],[-66.223166,18.441515],[-66.223019,18.441537],[-66.222868,18.44155],[-66.222738,18.441538],[-66.222629,18.441522],[-66.22252,18.441495],[-66.222401,18.441454],[-66.222302,18.441422],[-66.222224,18.441421],[-66.222156,18.441445],[-66.221941,18.441547],[-66.221788,18.441624],[-66.221615,18.441721],[-66.221493,18.441805],[-66.221424,18.441889],[-66.221344,18.442042],[-66.221316,18.442116],[-66.221315,18.442221],[-66.221335,18.442256],[-66.221376,18.442301],[-66.221469,18.442342],[-66.221615,18.442369],[-66.221905,18.442448],[-66.222155,18.442497],[-66.222321,18.442529],[-66.222456,18.442546],[-66.222607,18.442548],[-66.222805,18.442561],[-66.222904,18.442547],[-66.222998,18.442519],[-66.223077,18.442475],[-66.223146,18.442437],[-66.223214,18.442388],[-66.223252,18.442334],[-66.223284,18.442269],[-66.223326,18.442215],[-66.223348,18.442181],[-66.223416,18.442152],[-66.223505,18.442133],[-66.223609,18.44214],[-66.223703,18.442156],[-66.223801,18.442172],[-66.223916,18.442189],[-66.22404,18.442231],[-66.224144,18.442247],[-66.224211,18.442278],[-66.224242,18.442303],[-66.224242,18.442343],[-66.22423,18.442408],[-66.224161,18.442476],[-66.224082,18.442555],[-66.223965,18.442668],[-66.223938,18.442727],[-66.223889,18.44287],[-66.223872,18.442985],[-66.223818,18.443078],[-66.223838,18.443158],[-66.223867,18.443263],[-66.223928,18.443354],[-66.224026,18.443445],[-66.224155,18.443526],[-66.224284,18.443603],[-66.224393,18.443629],[-66.224517,18.443661],[-66.224658,18.443693],[-66.224798,18.44373],[-66.224896,18.443756],[-66.22501,18.443808],[-66.225113,18.443879],[-66.225159,18.443964],[-66.225178,18.444034],[-66.225177,18.444143],[-66.225128,18.444254],[-66.225107,18.444278],[-66.225049,18.444337],[-66.22499,18.444421],[-66.224936,18.444515],[-66.224893,18.444599],[-66.224824,18.444677],[-66.224724,18.444735],[-66.224572,18.444783],[-66.224457,18.444801],[-66.224311,18.444804],[-66.22414,18.444797],[-66.223994,18.444775],[-66.223828,18.444747],[-66.223656,18.444705],[-66.223506,18.444658],[-66.223382,18.444601],[-66.223257,18.44456],[-66.223081,18.444512],[-66.222914,18.444505],[-66.222774,18.444493],[-66.222498,18.444499],[-66.222262,18.44453],[-66.222105,18.444578],[-66.221917,18.444649],[-66.221733,18.444756],[-66.221543,18.444873],[-66.221385,18.444985],[-66.221258,18.445093],[-66.221163,18.445151],[-66.221094,18.445235],[-66.221042,18.445264],[-66.220968,18.445278],[-66.220859,18.445281],[-66.220758,18.445262],[-66.220706,18.445212],[-66.220614,18.445121],[-66.220563,18.445075],[-66.220485,18.445054],[-66.220417,18.445053],[-66.220359,18.445072],[-66.220286,18.445091],[-66.220139,18.445158],[-66.220071,18.445177],[-66.219993,18.445186],[-66.219878,18.44518],[-66.21981,18.445184],[-66.219758,18.445208],[-66.219674,18.445246],[-66.21959,18.445265],[-66.219491,18.445258],[-66.219371,18.445267],[-66.219235,18.445295],[-66.219141,18.445343],[-66.218962,18.44545],[-66.218898,18.445523],[-66.218845,18.445577],[-66.218813,18.445642],[-66.218812,18.445696],[-66.218842,18.445776],[-66.218928,18.445932],[-66.218968,18.446022],[-66.218993,18.446087],[-66.219002,18.446177],[-66.219011,18.446272],[-66.21902,18.446396],[-66.219045,18.446461],[-66.219106,18.446532],[-66.219183,18.446593],[-66.219292,18.446619],[-66.219516,18.446657],[-66.219802,18.446676],[-66.220099,18.446681],[-66.220229,18.446668],[-66.220391,18.44667],[-66.220526,18.446667],[-66.220651,18.446684],[-66.220838,18.446746],[-66.221176,18.446806],[-66.221326,18.446843],[-66.221523,18.446911],[-66.221736,18.446978],[-66.221917,18.447056],[-66.222119,18.447124],[-66.222337,18.447186],[-66.22254,18.447224],[-66.222748,18.447257],[-66.222914,18.447274],[-66.223074,18.447272],[-66.223287,18.44732],[-66.223426,18.447372],[-66.223566,18.447413],[-66.223727,18.447476],[-66.223898,18.447543],[-66.224055,18.447578],[-66.224205,18.447635],[-66.224501,18.447689],[-66.224657,18.447707],[-66.224792,18.447753],[-66.224901,18.447795],[-66.224994,18.447836],[-66.225071,18.447927],[-66.225163,18.447993],[-66.225236,18.448039],[-66.225386,18.448081],[-66.22548,18.448102],[-66.225683,18.448095],[-66.225886,18.448083],[-66.226053,18.44806],[-66.226195,18.448043],[-66.226341,18.448],[-66.226519,18.447943],[-66.226682,18.447876],[-66.226803,18.447813],[-66.226902,18.447784],[-66.226991,18.447761],[-66.227075,18.447742],[-66.227236,18.447764],[-66.227381,18.447796],[-66.227496,18.447828],[-66.227631,18.44785],[-66.227771,18.447867],[-66.227886,18.447878],[-66.228047,18.447915],[-66.228089,18.447928],[-66.228233,18.447973],[-66.228508,18.448057],[-66.228784,18.448184],[-66.229007,18.448281],[-66.229198,18.448364],[-66.229446,18.448492],[-66.229652,18.448629],[-66.229833,18.448736],[-66.230024,18.448874],[-66.230194,18.448971],[-66.230396,18.449073],[-66.23053,18.44915],[-66.23068,18.449227],[-66.230778,18.449288],[-66.230903,18.449309],[-66.231064,18.449317],[-66.231252,18.449324],[-66.231382,18.449316],[-66.231529,18.449269],[-66.231644,18.449231],[-66.231744,18.449177],[-66.231823,18.449119],[-66.231897,18.449045],[-66.231936,18.448926],[-66.231948,18.448812]],[[-66.230147,18.443907],[-66.230146,18.443986],[-66.230119,18.444056],[-66.230076,18.44413],[-66.229991,18.444203],[-66.229918,18.444252],[-66.229802,18.444295],[-66.229671,18.444338],[-66.229556,18.444351],[-66.229343,18.444358],[-66.229035,18.444353],[-66.228957,18.444357],[-66.228847,18.444375],[-66.22868,18.444423],[-66.228486,18.44448],[-66.228198,18.44456],[-66.22802,18.444607],[-66.227884,18.444635],[-66.227764,18.444643],[-66.227608,18.444626],[-66.227473,18.444594],[-66.227349,18.444558],[-66.227266,18.444517],[-66.227163,18.44446],[-66.227085,18.444394],[-66.227014,18.444309],[-66.226917,18.444198],[-66.226886,18.444158],[-66.226845,18.444122],[-66.226772,18.444091],[-66.226684,18.44405],[-66.22656,18.444018],[-66.226472,18.443997],[-66.226342,18.443936],[-66.226265,18.44388],[-66.226224,18.443829],[-66.226163,18.443769],[-66.226034,18.443692],[-66.225863,18.443575],[-66.225745,18.443479],[-66.22569,18.443369],[-66.22565,18.443254],[-66.225662,18.443119],[-66.225664,18.44299],[-66.225703,18.442856],[-66.225753,18.442678],[-66.225807,18.442564],[-66.22585,18.44247],[-66.225935,18.442357],[-66.226048,18.442135],[-66.226139,18.441997],[-66.226232,18.441797],[-66.226307,18.441639],[-66.226389,18.441446],[-66.226395,18.441357],[-66.22634,18.441231],[-66.226268,18.441176],[-66.226185,18.441135],[-66.226092,18.441108],[-66.225977,18.441097],[-66.225816,18.441074],[-66.225723,18.441043],[-66.225614,18.440997],[-66.225526,18.440941],[-66.225428,18.440914],[-66.225345,18.440888],[-66.225226,18.440827],[-66.225113,18.440731],[-66.225103,18.440676],[-66.225146,18.440587],[-66.225216,18.440488],[-66.225311,18.44041],[-66.2255,18.440283],[-66.225595,18.44027],[-66.22574,18.440282],[-66.225891,18.440299],[-66.226031,18.440326],[-66.226219,18.440344],[-66.226385,18.440356],[-66.226568,18.440354],[-66.226739,18.440386],[-66.226864,18.440428],[-66.227024,18.44047],[-66.227227,18.440518],[-66.227466,18.440576],[-66.227626,18.440648],[-66.227786,18.44073],[-66.227951,18.440832],[-66.228116,18.440959],[-66.228219,18.441045],[-66.228316,18.441141],[-66.228393,18.441256],[-66.228454,18.441362],[-66.228509,18.441467],[-66.228539,18.441562],[-66.228599,18.441712],[-66.228649,18.441877],[-66.228674,18.441942],[-66.228657,18.442012],[-66.228629,18.442096],[-66.228587,18.442165],[-66.228544,18.442209],[-66.228492,18.442248],[-66.228449,18.442268],[-66.228408,18.442262],[-66.228356,18.442251],[-66.228273,18.442245],[-66.22821,18.442259],[-66.228173,18.442283],[-66.228141,18.442318],[-66.228114,18.442372],[-66.228143,18.442454],[-66.228179,18.442519],[-66.22824,18.44258],[-66.228333,18.442646],[-66.228405,18.442677],[-66.228525,18.442718],[-66.228706,18.442766],[-66.228846,18.442803],[-66.228945,18.442849],[-66.229058,18.442905],[-66.229198,18.442957],[-66.229307,18.443018],[-66.229399,18.443089],[-66.229502,18.443176],[-66.229585,18.443242],[-66.229641,18.443302],[-66.229692,18.443392],[-66.229738,18.443433],[-66.229784,18.443468],[-66.229846,18.443509],[-66.229929,18.44356],[-66.230027,18.443616],[-66.230062,18.443667],[-66.230103,18.443722],[-66.230138,18.443822],[-66.230147,18.443907]],[[-66.228702,18.447368],[-66.22868,18.447402],[-66.228622,18.447436],[-66.228533,18.44747],[-66.228408,18.447498],[-66.228267,18.447501],[-66.228184,18.447484],[-66.228101,18.447453],[-66.227925,18.447406],[-66.227748,18.447364],[-66.227561,18.447336],[-66.227441,18.447339],[-66.227337,18.447348],[-66.227211,18.447376],[-66.227127,18.447399],[-66.227022,18.447458],[-66.226886,18.44752],[-66.22676,18.447563],[-66.226639,18.447596],[-66.226478,18.447614],[-66.226269,18.447626],[-66.226123,18.447619],[-66.225952,18.447586],[-66.225731,18.447548],[-66.225492,18.447505],[-66.225321,18.447467],[-66.225025,18.447403],[-66.224781,18.44735],[-66.224516,18.447291],[-66.224324,18.447224],[-66.22421,18.447162],[-66.224076,18.447071],[-66.223974,18.44696],[-66.223887,18.446837],[-66.223806,18.446701],[-66.223689,18.44655],[-66.223586,18.446454],[-66.223493,18.446378],[-66.223411,18.446317],[-66.223261,18.446235],[-66.223173,18.446204],[-66.223079,18.446203],[-66.222923,18.446186],[-66.222772,18.446168],[-66.222591,18.446126],[-66.222409,18.446074],[-66.222238,18.446011],[-66.222005,18.445918],[-66.221835,18.445821],[-66.22168,18.445739],[-66.221546,18.445648],[-66.221495,18.445582],[-66.221507,18.445488],[-66.221529,18.445369],[-66.221557,18.44529],[-66.221616,18.445166],[-66.221717,18.445048],[-66.221786,18.44497],[-66.221901,18.444931],[-66.222037,18.444894],[-66.222148,18.44483],[-66.222284,18.444768],[-66.22242,18.444735],[-66.222582,18.444717],[-66.222739,18.444685],[-66.222859,18.444672],[-66.222948,18.444668],[-66.223062,18.444675],[-66.223202,18.444707],[-66.223348,18.444749],[-66.223503,18.444796],[-66.223664,18.444863],[-66.223793,18.444929],[-66.223938,18.445006],[-66.224005,18.445062],[-66.224159,18.445174],[-66.224231,18.445224],[-66.224309,18.445235],[-66.224408,18.445237],[-66.224593,18.44522],[-66.224702,18.445191],[-66.224797,18.445153],[-66.224944,18.445075],[-66.225039,18.445017],[-66.225175,18.444979],[-66.225316,18.444971],[-66.225524,18.44497],[-66.22577,18.444938],[-66.226056,18.444927],[-66.226234,18.44491],[-66.226343,18.444927],[-66.226436,18.444973],[-66.22654,18.445024],[-66.226632,18.445095],[-66.226704,18.445166],[-66.226781,18.445242],[-66.226847,18.445327],[-66.226939,18.445438],[-66.227011,18.445534],[-66.227077,18.445609],[-66.227195,18.445721],[-66.227293,18.445812],[-66.227391,18.445893],[-66.227489,18.445944],[-66.227582,18.44599],[-66.22768,18.446031],[-66.227789,18.446073],[-66.227877,18.446139],[-66.227917,18.446209],[-66.227937,18.446274],[-66.227941,18.446354],[-66.22797,18.446503],[-66.227995,18.446578],[-66.228035,18.446693],[-66.228101,18.446799],[-66.228162,18.446854],[-66.228229,18.446885],[-66.228317,18.446921],[-66.228384,18.446967],[-66.228446,18.447023],[-66.228538,18.447134],[-66.22864,18.44726],[-66.228687,18.447333],[-66.228702,18.447368]]]}}]}