{"type":"FeatureCollection","features":[{"type":"Feature","geometry":{"type":"MultiLineString","coordinates":[[[-66.26594245433807,18.42325739814281],[-66.26631796360016,18.42327775606094]],[[-66.26632332801819,18.42323195074175],[-66.2668114900589,18.42325739814281],[-66.26717627048492,18.42327266658164],[-66.26724064350128,18.422203872590586],[-66.26688659191132,18.422178425033678]],[[-66.26621603965759,18.422845149782148],[-66.26601755619049,18.422829881305375]],[[-66.26623213291168,18.422549958990928],[-66.26620531082153,18.423002923962812],[-66.26633942127228,18.4230080134501]],[[-66.26638233661652,18.422305662780616],[-66.26652717590332,18.422315841796305]],[[-66.26685440540314,18.422636480482225],[-66.2663608789444,18.42261103298931]],[[-66.26862466335297,18.421196146459394],[-66.2686139345169,18.421185967377454],[-66.26838862895966,18.4211706987534],[-66.26814723014832,18.421165609211755],[-66.26813113689423,18.42118087783625]],[[-66.26838862895966,18.42102310198439],[-66.26838862895966,18.4211706987534],[-66.26838862895966,18.42146589191151]],[[-66.26752495765686,18.422158066985432],[-66.26756250858307,18.422219141122937],[-66.26757860183716,18.42228021523877],[-66.26753568649292,18.42331338241189],[-66.26750349998474,18.423745987513044],[-66.26631796360016,18.423720540184263],[-66.26630187034607,18.42368491391767],[-66.26629650592804,18.423628929769507],[-66.26640379428864,18.422020650096755],[-66.26648962497711,18.42096202742225],[-66.26648426055908,18.420875505088745],[-66.26621603965759,18.420855146886296],[-66.2661463022232,18.422178425033678],[-66.26614093780518,18.422544869490082],[-66.26636624336243,18.42256013799218]],[[-66.26689732074738,18.421923949257433],[-66.26713335514069,18.42192903877664],[-66.26720309257507,18.421934128295703]],[[-66.26713335514069,18.42192903877664],[-66.26714408397675,18.42148116050936]],[[-66.26735866069794,18.421348832616317],[-66.26738011837006,18.421063818347108],[-66.267369389534,18.42104346016697],[-66.26694560050964,18.420992564706026],[-66.26648962497711,18.42096202742225]],[[-66.26692414283752,18.42146589191151],[-66.267369389534,18.421496429105858]],[[-66.26694560050964,18.420992564706026],[-66.26689195632935,18.42204100816126],[-66.2668114900589,18.42325739814281]],[[-66.26596927642822,18.42142517564396],[-66.26618385314941,18.42144044424542]],[[-66.26644670963287,18.42146080237859],[-66.26649498939514,18.42146589191151]],[[-66.26639306545258,18.422158066985432],[-66.26652717590332,18.422173335521848]],[[-66.25187695026398,18.42210717185428],[-66.2517911195755,18.42327266658164]],[[-66.24964535236359,18.41965400867801],[-66.24969363212585,18.419933935704833]],[[-66.25029444694519,18.42025966839904],[-66.25025689601898,18.42003572723803],[-66.2502247095108,18.419933935704833],[-66.25016033649445,18.41989321907468],[-66.24969363212585,18.419933935704833],[-66.24958097934723,18.41996447317112],[-66.2495756149292,18.42012224999388],[-66.24962389469147,18.420305474509703],[-66.25044465065002,18.42024948926168]],[[-66.24930202960968,18.42278916536067],[-66.24911963939667,18.42281461282724],[-66.24848127365112,18.4227840758669],[-66.2479716539383,18.422728091425554],[-66.24783217906952,18.422738270416247],[-66.24770879745483,18.422773896878923],[-66.2472152709961,18.423033460884284]],[[-66.2494146823883,18.422840060290042],[-66.24940931797028,18.42298765550005]],[[-66.24936640262604,18.422605943490268],[-66.24923765659332,18.422570316992804],[-66.24852955341339,18.422544869490082]],[[-66.26547574996948,18.416915789380027],[-66.2653523683548,18.416920879047396],[-66.26522898674011,18.416900520377013],[-66.26511633396149,18.41690561004482],[-66.26498758792877,18.416936148048606]]]},"properties":{"class":"service","id":"14/5176/7338/1","source":"OpenFreeMap / OpenStreetMap","exposureHigh":true,"exposureModerate":false,"zoneLabels":"AE"},"id":221491040},{"type":"Feature","geometry":{"type":"LineString","coordinates":[[-66.24933421611786,18.42262121198692],[-66.24930202960968,18.422646659478318],[-66.24928593635559,18.42268228595998],[-66.24927520751953,18.422717912434265],[-66.24928057193756,18.422758628395812],[-66.24932885169983,18.422819702320098],[-66.24937176704407,18.422840060290042],[-66.2494146823883,18.422840060290042],[-66.24947369098663,18.422819702320098],[-66.24951660633087,18.422768807384713],[-66.24952733516693,18.422728091425554],[-66.24950587749481,18.42265683847384],[-66.24947905540466,18.422626301485508],[-66.24940931797028,18.422600853991085],[-66.24936640262604,18.422605943490268],[-66.24933421611786,18.42262121198692]]},"properties":{"class":"service","oneway":1,"id":"14/5176/7338/4","source":"OpenFreeMap / OpenStreetMap","exposureHigh":true,"exposureModerate":false,"zoneLabels":"AE"},"id":4924081782},{"type":"Feature","geometry":{"type":"LineString","coordinates":[[-66.24760687351227,18.422717912434265],[-66.24776244163513,18.42266192797136],[-66.24804675579071,18.42259067499225],[-66.24852955341339,18.422544869490082]]},"properties":{"class":"service","oneway":1,"id":"14/5176/7338/5","source":"OpenFreeMap / OpenStreetMap","exposureHigh":true,"exposureModerate":false,"zoneLabels":"AE"},"id":4924081932},{"type":"Feature","geometry":{"type":"LineString","coordinates":[[-66.24852955341339,18.422544869490082],[-66.24744057655334,18.42240745291042]]},"properties":{"class":"service","oneway":1,"id":"14/5176/7338/6","source":"OpenFreeMap / OpenStreetMap","exposureHigh":true,"exposureModerate":false,"zoneLabels":"AE"},"id":4924081942},{"type":"Feature","geometry":{"type":"LineString","coordinates":[[-66.25036418437958,18.42270264394618],[-66.24950587749481,18.42265683847384]]},"properties":{"class":"service","oneway":1,"id":"14/5176/7338/7","source":"OpenFreeMap / OpenStreetMap","exposureHigh":true,"exposureModerate":false,"zoneLabels":"AE"},"id":4924081952},{"type":"Feature","geometry":{"type":"LineString","coordinates":[[-66.24949514865875,18.422804433841065],[-66.25039100646973,18.422880776222684]]},"properties":{"class":"service","oneway":1,"id":"14/5176/7338/8","source":"OpenFreeMap / OpenStreetMap","exposureHigh":true,"exposureModerate":false,"zoneLabels":"AE"},"id":4924081962},{"type":"Feature","geometry":{"type":"LineString","coordinates":[[-66.25011205673218,18.42285532876592],[-66.25033736228943,18.422941850103598],[-66.25049829483032,18.423048729342995]]},"properties":{"class":"service","oneway":1,"id":"14/5176/7338/9","source":"OpenFreeMap / OpenStreetMap","exposureHigh":true,"exposureModerate":false,"zoneLabels":"AE"},"id":4924081972},{"type":"Feature","geometry":{"type":"LineString","coordinates":[[-66.25037491321564,18.422473616462483],[-66.25028371810913,18.42262121198692],[-66.25016570091248,18.42268737545676]]},"properties":{"class":"service","oneway":1,"id":"14/5176/7338/10","source":"OpenFreeMap / OpenStreetMap","exposureHigh":true,"exposureModerate":false,"zoneLabels":"AE"},"id":4924081982},{"type":"Feature","geometry":{"type":"LineString","coordinates":[[-66.2480092048645,18.423460977215754],[-66.2479555606842,18.4234100824701],[-66.24766051769257,18.42292658163541]]},"properties":{"surface":"paved","class":"service","oneway":1,"service":"parking_aisle","id":"14/5176/7338/11","source":"OpenFreeMap / OpenStreetMap","exposureHigh":true,"exposureModerate":false,"zoneLabels":"AE"},"id":5264748892},{"type":"Feature","geometry":{"type":"LineString","coordinates":[[-66.2480092048645,18.423705271785195],[-66.24798238277435,18.423705271785195],[-66.24753177165985,18.423002923962812]]},"properties":{"surface":"paved","class":"service","oneway":1,"service":"parking_aisle","id":"14/5176/7338/12","source":"OpenFreeMap / OpenStreetMap","exposureHigh":true,"exposureModerate":false,"zoneLabels":"AE"},"id":5264748912},{"type":"Feature","geometry":{"type":"LineString","coordinates":[[-66.24796628952026,18.42394956600768],[-66.2474137544632,18.423069087285825]]},"properties":{"surface":"paved","class":"service","oneway":1,"service":"parking_aisle","id":"14/5176/7338/13","source":"OpenFreeMap / OpenStreetMap","exposureHigh":true,"exposureModerate":false,"zoneLabels":"AE"},"id":5264748942},{"type":"Feature","geometry":{"type":"LineString","coordinates":[[-66.24780535697937,18.423980102761092],[-66.24778926372528,18.423934297628946],[-66.24729573726654,18.42314034006678]]},"properties":{"surface":"paved","class":"service","oneway":1,"service":"parking_aisle","id":"14/5176/7338/14","source":"OpenFreeMap / OpenStreetMap","exposureHigh":true,"exposureModerate":false,"zoneLabels":"AE"},"id":5264748972},{"type":"Feature","geometry":{"type":"LineString","coordinates":[[-66.24763369560242,18.423980102761092],[-66.24762296676636,18.423934297628946],[-66.2472152709961,18.42327775606094]]},"properties":{"surface":"paved","class":"service","oneway":1,"service":"parking_aisle","id":"14/5176/7338/15","source":"OpenFreeMap / OpenStreetMap","exposureHigh":true,"exposureModerate":false,"zoneLabels":"AE"},"id":5264749002},{"type":"Feature","geometry":{"type":"LineString","coordinates":[[-66.24746203422546,18.423975013302567],[-66.2474513053894,18.42391902924885],[-66.2472152709961,18.423537319305964]]},"properties":{"surface":"paved","class":"service","oneway":1,"service":"parking_aisle","id":"14/5176/7338/16","source":"OpenFreeMap / OpenStreetMap","exposureHigh":true,"exposureModerate":false,"zoneLabels":"AE"},"id":5264749032},{"type":"Feature","geometry":{"type":"LineString","coordinates":[[-66.24730110168457,18.4239699238439],[-66.24728500843048,18.42391902924885],[-66.2472152709961,18.423801971623092]]},"properties":{"surface":"paved","class":"service","oneway":1,"service":"parking_aisle","id":"14/5176/7338/17","source":"OpenFreeMap / OpenStreetMap","exposureHigh":true,"exposureModerate":false,"zoneLabels":"AE"},"id":5264749052},{"type":"Feature","geometry":{"type":"LineString","coordinates":[[-66.2472152709961,18.42269755444987],[-66.24729037284851,18.422819702320098]]},"properties":{"surface":"paved","class":"service","oneway":1,"service":"parking_aisle","id":"14/5176/7338/18","source":"OpenFreeMap / OpenStreetMap","exposureHigh":true,"exposureModerate":false,"zoneLabels":"AE"},"id":5264749452},{"type":"Feature","geometry":{"type":"LineString","coordinates":[[-66.2472152709961,18.42243290043345],[-66.24740839004517,18.422748449406328]]},"properties":{"surface":"paved","class":"service","oneway":1,"service":"parking_aisle","id":"14/5176/7338/19","source":"OpenFreeMap / OpenStreetMap","exposureHigh":true,"exposureModerate":false,"zoneLabels":"AE"},"id":5264749462},{"type":"Feature","geometry":{"type":"MultiLineString","coordinates":[[[-66.2472152709961,18.423964834385075],[-66.24788582324982,18.423985192219476],[-66.24794483184814,18.4239699238439],[-66.24798238277435,18.423939387088666],[-66.24800384044647,18.423893581945663],[-66.24800384044647,18.423221771780263],[-66.24783217906952,18.422911313165855],[-66.24778389930725,18.42287568673163],[-66.2477195262909,18.422890955204352],[-66.2472152709961,18.42318614541037]],[[-66.2472152709961,18.42286041825757],[-66.24740839004517,18.422748449406328],[-66.24760687351227,18.422717912434265]],[[-66.24744057655334,18.42240745291042],[-66.24738693237305,18.42238200538361],[-66.24724745750427,18.422290394255953],[-66.2472152709961,18.42228021523877]]]},"properties":{"surface":"paved","class":"service","oneway":1,"id":"14/5176/7338/20","source":"OpenFreeMap / OpenStreetMap","exposureHigh":true,"exposureModerate":false,"zoneLabels":"AE"},"id":5264749472},{"type":"Feature","geometry":{"type":"MultiLineString","coordinates":[[[-66.26737475395203,18.422076634768345],[-66.26738011837006,18.42204609767701],[-66.26740157604218,18.42201556058025],[-66.2674605846405,18.421990112995474],[-66.26749813556671,18.421995202512733],[-66.26755177974701,18.42203591864535],[-66.2675678730011,18.422066455738516],[-66.2675678730011,18.42210208234033],[-66.26755177974701,18.42213261942173],[-66.26752495765686,18.422158066985432],[-66.26749277114868,18.422173335521848],[-66.26745522022247,18.422178425033678],[-66.26739621162415,18.422142798447666],[-66.26737475395203,18.42211226136807],[-66.26737475395203,18.422076634768345],[-66.26730501651764,18.422056276708062],[-66.26640379428864,18.422020650096755]],[[-66.24760687351227,18.422717912434265],[-66.2474513053894,18.42246343745613],[-66.24744057655334,18.42240745291042]]]},"properties":{"surface":"paved","class":"service","id":"14/5176/7338/21","source":"OpenFreeMap / OpenStreetMap","exposureHigh":true,"exposureModerate":false,"zoneLabels":"AE"},"id":5264749480},{"type":"Feature","geometry":{"type":"MultiLineString","coordinates":[[[-66.2698745727539,18.42831117736678],[-66.26965999603271,18.428575822337564],[-66.26957952976227,18.429807433958388]],[[-66.26808285713196,18.42089077373899],[-66.26807749271393,18.421934128295703],[-66.26813650131226,18.42352205089064],[-66.26814723014832,18.423639108706894]],[[-66.2677127122879,18.420819520026228],[-66.26802384853363,18.420850057335315],[-66.26808285713196,18.42089077373899],[-66.26814723014832,18.420972206517433],[-66.2682169675827,18.421007833345882],[-66.2688821554184,18.421063818347108]],[[-66.25726819038391,18.42637722098611],[-66.25747740268707,18.42635177404665],[-66.25833034515381,18.426479008706266],[-66.2583839893341,18.426479008706266],[-66.25841081142426,18.42642811485372],[-66.25873267650604,18.42448395840968],[-66.25887751579285,18.42298765550005]]]},"properties":{"class":"minor","id":"14/5176/7338/55","source":"OpenFreeMap / OpenStreetMap","exposureHigh":true,"exposureModerate":false,"zoneLabels":"AE"},"id":221495460},{"type":"Feature","geometry":{"type":"LineString","coordinates":[[-66.2515926361084,18.421038370621545],[-66.25171601772308,18.420580310917543],[-66.2517911195755,18.420463251019726],[-66.251882314682,18.42034619104227],[-66.25202715396881,18.420229130985163],[-66.25223100185394,18.42011207084839],[-66.25245094299316,18.42004590638804]]},"properties":{"class":"motorway","oneway":1,"ramp":1,"id":"14/5176/7338/56","source":"OpenFreeMap / OpenStreetMap","exposureHigh":true,"exposureModerate":false,"zoneLabels":"AE"},"id":222350682},{"type":"Feature","geometry":{"type":"LineString","coordinates":[[-66.25507950782776,18.41854956487407],[-66.25484883785248,18.418468130948895],[-66.25369012355804,18.418386696985166],[-66.25356137752533,18.41837142811268],[-66.25347554683685,18.41835106961392],[-66.25336825847626,18.418300173356485],[-66.25329315662384,18.41825436671192],[-66.25318586826324,18.418172932647025],[-66.25308930873871,18.41804569184346],[-66.25304102897644,18.417893002754965],[-66.25306785106659,18.417409486414158],[-66.2530517578125,18.417297514015146],[-66.25301957130432,18.417205900179965],[-66.25291764736176,18.41705830000953],[-66.25279426574707,18.416966686046962],[-66.2526386976242,18.416900520377013],[-66.25238120555878,18.416834354681583]]},"properties":{"surface":"paved","class":"motorway","oneway":1,"ramp":1,"id":"14/5176/7338/57","source":"OpenFreeMap / OpenStreetMap","exposureHigh":true,"exposureModerate":false,"zoneLabels":"AE"},"id":222359472},{"type":"Feature","geometry":{"type":"LineString","coordinates":[[-66.25238120555878,18.416834354681583],[-66.25226318836212,18.416752919944628]]},"properties":{"class":"motorway","oneway":1,"ramp":1,"id":"14/5176/7338/63","source":"OpenFreeMap / OpenStreetMap","exposureHigh":true,"exposureModerate":false,"zoneLabels":"AE"},"id":4195619792},{"type":"Feature","geometry":{"type":"LineString","coordinates":[[-66.24869585037231,18.41835615923884],[-66.24910354614258,18.418468130948895],[-66.24985456466675,18.41857501296778],[-66.250079870224,18.418625909143913],[-66.25028371810913,18.418697163765216],[-66.25053584575653,18.418814224864704],[-66.25076115131378,18.41895164431466],[-66.25092208385468,18.419068705241003],[-66.25106155872345,18.41920103488792],[-66.25116348266602,18.419318095644584],[-66.25123858451843,18.419430066728594],[-66.251340508461,18.419648919091472],[-66.2513780593872,18.4197659795434],[-66.25142097473145,18.419984831478956],[-66.2514317035675,18.420168056141137],[-66.2514853477478,18.420386907565202]]},"properties":{"surface":"paved","class":"motorway","oneway":1,"ramp":1,"id":"14/5176/7338/64","source":"OpenFreeMap / OpenStreetMap","exposureHigh":true,"exposureModerate":false,"zoneLabels":"AE"},"id":4195619812},{"type":"Feature","geometry":{"type":"LineString","coordinates":[[-66.25159800052643,18.416752919944628],[-66.25155508518219,18.416885251372634],[-66.2514317035675,18.417078658661254],[-66.25125467777252,18.417266976075524],[-66.25115275382996,18.41734841056919],[-66.25043392181396,18.417857375281486],[-66.25034809112549,18.417908271669916],[-66.25015497207642,18.417994795495673],[-66.25003159046173,18.41803042294069],[-66.24991357326508,18.418050781477405],[-66.24944686889648,18.418055871111193],[-66.24897480010986,18.418091498543575]]},"properties":{"class":"motorway","oneway":1,"ramp":1,"id":"14/5176/7338/65","source":"OpenFreeMap / OpenStreetMap","exposureHigh":true,"exposureModerate":false,"zoneLabels":"AE"},"id":4195619832},{"type":"Feature","geometry":{"type":"LineString","coordinates":[[-66.2516301870346,18.42000518978439],[-66.25245094299316,18.42004590638804],[-66.25264406204224,18.42001027936037],[-66.25272989273071,18.419979741902225],[-66.25283181667328,18.419928846126595],[-66.25297665596008,18.419811785785498],[-66.25303030014038,18.419745621209657],[-66.25311076641083,18.419598023217972],[-66.25313758850098,18.419516589789055],[-66.25315368175507,18.419419887542162],[-66.25318050384521,18.419022898801046],[-66.2531965970993,18.418946554707347],[-66.25322878360748,18.418870210579783],[-66.25329315662384,18.41880404564182],[-66.25340044498444,18.41873788067842],[-66.253502368927,18.418686984535412],[-66.25356674194336,18.418676805304997],[-66.25483274459839,18.41876332874429],[-66.25510096549988,18.41872261183711]]},"properties":{"surface":"paved","class":"motorway","oneway":1,"ramp":1,"id":"14/5176/7338/66","source":"OpenFreeMap / OpenStreetMap","exposureHigh":true,"exposureModerate":false,"zoneLabels":"AE"},"id":4195619842},{"type":"Feature","geometry":{"type":"LineString","coordinates":[[-66.25190377235413,18.418503758295913],[-66.2520968914032,18.418600461057736],[-66.25261187553406,18.418676805304997],[-66.2526923418045,18.41870225337989],[-66.25281035900116,18.41876332874429],[-66.25288546085358,18.41882440408699],[-66.2529444694519,18.41888547940802],[-66.2529981136322,18.418966913135662],[-66.25304102897644,18.419063615637185],[-66.25306785106659,18.419165407685313],[-66.25306785106659,18.41936390200594],[-66.25303566455841,18.41947587306015],[-66.25299274921417,18.41957257527558],[-66.25293910503387,18.419659098264376],[-66.25284790992737,18.41975580037682],[-66.25274062156677,18.41983214411141],[-66.25263333320618,18.419883039915646],[-66.25252068042755,18.419913577390957],[-66.25241339206696,18.4199237565482],[-66.2522953748703,18.4199237565482],[-66.25217199325562,18.419898308653984],[-66.25205934047699,18.41985759201542],[-66.2519359588623,18.41978633787471],[-66.25186085700989,18.419709994119813],[-66.25175356864929,18.419516589789055],[-66.25171601772308,18.41934863322018],[-66.25171065330505,18.419185766087708],[-66.25166773796082,18.418961823528804]]},"properties":{"surface":"paved","class":"motorway","oneway":1,"ramp":1,"id":"14/5176/7338/67","source":"OpenFreeMap / OpenStreetMap","exposureHigh":true,"exposureModerate":false,"zoneLabels":"AE"},"id":4195619852},{"type":"Feature","geometry":{"type":"LineString","coordinates":[[-66.25170528888702,18.417602893113525],[-66.25181257724762,18.41734332091447],[-66.25190913677216,18.41718554154329],[-66.2519896030426,18.417109196634343],[-66.25207543373108,18.417048120682765],[-66.25217199325562,18.417002313704884],[-66.25226855278015,18.416971775712824],[-66.25237047672272,18.416956506714797],[-66.25246703624725,18.416956506714797],[-66.25259041786194,18.416966686046962],[-66.25268697738647,18.416997224039903],[-66.25275671482086,18.417037941355417],[-66.2529069185257,18.41717027256422],[-66.25297129154205,18.41728224504601],[-66.25299274921417,18.417480741539222],[-66.2529444694519,18.417913361307924],[-66.2529069185257,18.418020243671435],[-66.25284254550934,18.418111857073043],[-66.25279426574707,18.418152574124775],[-66.25266015529633,18.418213649684276],[-66.25256896018982,18.418234008199306],[-66.25227391719818,18.418259456339683],[-66.25194132328033,18.418300173356485]]},"properties":{"class":"motorway","oneway":1,"ramp":1,"id":"14/5176/7338/68","source":"OpenFreeMap / OpenStreetMap","exposureHigh":true,"exposureModerate":false,"zoneLabels":"AE"},"id":4195619862},{"type":"Feature","geometry":{"type":"LineString","coordinates":[[-66.25085771083832,18.423206503336928],[-66.25104546546936,18.42329811397667],[-66.25112056732178,18.423343919278253],[-66.25118494033813,18.423399903519154],[-66.25124394893646,18.423476245636493],[-66.25127077102661,18.423537319305964],[-66.25129759311676,18.423786703231244],[-66.25129222869873,18.42399028167769],[-66.25132977962494,18.424316006690816]]},"properties":{"class":"trunk","oneway":1,"ramp":1,"id":"14/5176/7338/69","source":"OpenFreeMap / OpenStreetMap","exposureHigh":true,"exposureModerate":false,"zoneLabels":"AE"},"id":4215088772},{"type":"Feature","geometry":{"type":"LineString","coordinates":[[-66.25141561031342,18.42204100816126],[-66.25134587287903,18.422203872590586],[-66.25130295753479,18.42289604469495],[-66.25125467777252,18.422977476524096],[-66.25118494033813,18.423048729342995],[-66.25111520290375,18.42310471367999],[-66.25102937221527,18.42314542954999],[-66.25085771083832,18.423206503336928]]},"properties":{"class":"trunk","oneway":1,"ramp":1,"id":"14/5176/7338/70","source":"OpenFreeMap / OpenStreetMap","exposureHigh":true,"exposureModerate":false,"zoneLabels":"AE"},"id":4215088802},{"type":"Feature","geometry":{"type":"LineString","coordinates":[[-66.25238120555878,18.416834354681583],[-66.25195741653442,18.416752919944628]]},"properties":{"class":"motorway","oneway":1,"ramp":1,"id":"14/5176/7338/77","source":"OpenFreeMap / OpenStreetMap","exposureHigh":true,"exposureModerate":false,"zoneLabels":"AE"},"id":10565096902},{"type":"Feature","geometry":{"type":"LineString","coordinates":[[-66.2472152709961,18.418381607361155],[-66.24753177165985,18.418401965856305],[-66.2484222650528,18.418335800738276]]},"properties":{"surface":"paved","class":"motorway","oneway":1,"ramp":1,"id":"14/5176/7338/78","source":"OpenFreeMap / OpenStreetMap","exposureHigh":true,"exposureModerate":false,"zoneLabels":"AE"},"id":10567131532},{"type":"Feature","geometry":{"type":"LineString","coordinates":[[-66.25185012817383,18.418427413971855],[-66.252960562706,18.4185088479163],[-66.25337362289429,18.418569923349338],[-66.25349700450897,18.418615729909888]]},"properties":{"class":"motorway","oneway":1,"ramp":1,"id":"14/5176/7338/79","source":"OpenFreeMap / OpenStreetMap","exposureHigh":true,"exposureModerate":false,"zoneLabels":"AE"},"id":10567131562},{"type":"Feature","geometry":{"type":"LineString","coordinates":[[-66.25350773334503,18.418422324349038],[-66.25334680080414,18.41844268283937],[-66.25271379947662,18.418427413971855],[-66.25185012817383,18.418366338488212]]},"properties":{"class":"motorway","oneway":1,"ramp":1,"id":"14/5176/7338/80","source":"OpenFreeMap / OpenStreetMap","exposureHigh":true,"exposureModerate":false,"zoneLabels":"AE"},"id":10567131572},{"type":"Feature","geometry":{"type":"LineString","coordinates":[[-66.2472152709961,18.41803042294069],[-66.24744057655334,18.41808640891084],[-66.24779999256134,18.41815766375555],[-66.24971508979797,18.418325621487085],[-66.24995648860931,18.418361248863604],[-66.25017642974854,18.41841723472608]]},"properties":{"class":"motorway","oneway":1,"ramp":1,"id":"14/5176/7338/81","source":"OpenFreeMap / OpenStreetMap","exposureHigh":true,"exposureModerate":false,"zoneLabels":"AE"},"id":10567131602},{"type":"Feature","geometry":{"type":"LineString","coordinates":[[-66.25171601772308,18.416752919944628],[-66.25167846679688,18.416763099288858]]},"properties":{"class":"motorway","oneway":1,"ramp":1,"id":"14/5176/7338/82","source":"OpenFreeMap / OpenStreetMap","exposureHigh":true,"exposureModerate":false,"zoneLabels":"AE"},"id":13938742792},{"type":"Feature","geometry":{"type":"LineString","coordinates":[[-66.25150144100189,18.419883039915646],[-66.2516301870346,18.42000518978439]]},"properties":{"surface":"paved","class":"motorway","oneway":1,"ramp":1,"id":"14/5176/7338/84","source":"OpenFreeMap / OpenStreetMap","exposureHigh":true,"exposureModerate":false,"zoneLabels":"AE"},"id":13949240362},{"type":"Feature","geometry":{"type":"MultiLineString","coordinates":[[[-66.26573324203491,18.434555672218167],[-66.26622676849365,18.434586207088017],[-66.26651108264923,18.434581117943424],[-66.26673102378845,18.43459129623247],[-66.26982092857361,18.43478468360989],[-66.2698745727539,18.434794861886886]],[[-66.25358819961548,18.438250352088986],[-66.2540066242218,18.437252898132414],[-66.25568568706512,18.43385336871431],[-66.25731110572815,18.426590975128875],[-66.25731110572815,18.42645356178187],[-66.25726819038391,18.42637722098611],[-66.25718772411346,18.42632632710344],[-66.25689804553986,18.426275433205703],[-66.25502586364746,18.42618382415182],[-66.254763007164,18.426112572631723],[-66.25459134578705,18.42592935430166],[-66.25379741191864,18.424010639509092],[-66.2537169456482,18.42391393978852],[-66.25357210636139,18.423868134638752],[-66.2520968914032,18.423837597865443],[-66.25201642513275,18.423822329476778],[-66.25192523002625,18.423761255908502],[-66.2518984079361,18.423705271785195],[-66.25188767910004,18.423618750831537],[-66.25189304351807,18.423394814043462],[-66.25185549259186,18.42331338241189],[-66.2517911195755,18.42327266658164],[-66.25167310237885,18.42324212970263],[-66.25105082988739,18.423226861261085],[-66.25085771083832,18.423206503336928],[-66.2506914138794,18.42317087696385],[-66.25052511692047,18.423074176771166],[-66.25042855739594,18.422962208059076],[-66.25036418437958,18.422809523334223],[-66.25044465065002,18.42024948926168],[-66.25041246414185,18.419969562748292],[-66.25031054019928,18.419796517039487],[-66.25016033649445,18.41970490453494],[-66.24995648860931,18.41965400867801],[-66.24911963939667,18.419664187850586],[-66.2472152709961,18.419715083704517]]]},"properties":{"class":"tertiary","id":"14/5176/7338/90","source":"OpenFreeMap / OpenStreetMap","exposureHigh":true,"exposureModerate":false,"zoneLabels":"AE"},"id":221518720},{"type":"Feature","geometry":{"type":"LineString","coordinates":[[-66.25087916851044,18.437283432523117],[-66.25082552433014,18.437486994989058],[-66.25073432922363,18.438250352088986]]},"properties":{"surface":"paved","class":"secondary","oneway":1,"id":"14/5176/7338/94","source":"OpenFreeMap / OpenStreetMap","exposureHigh":true,"exposureModerate":false,"zoneLabels":"AE"},"id":222367312},{"type":"Feature","geometry":{"type":"LineString","coordinates":[[-66.2508898973465,18.438250352088986],[-66.25091135501862,18.437486994989058],[-66.25087916851044,18.437283432523117]]},"properties":{"class":"secondary","oneway":1,"id":"14/5176/7338/95","source":"OpenFreeMap / OpenStreetMap","exposureHigh":true,"exposureModerate":false,"zoneLabels":"AE"},"id":4215060822},{"type":"Feature","geometry":{"type":"MultiLineString","coordinates":[[[-66.25087916851044,18.437283432523117],[-66.25091135501862,18.436128210962224],[-66.25116884708405,18.42889136003963],[-66.25129222869873,18.425751225182523]],[[-66.26501977443695,18.417032851691502],[-66.26498758792877,18.416936148048606],[-66.26489639282227,18.416752919944628]]]},"properties":{"surface":"paved","class":"secondary","id":"14/5176/7338/96","source":"OpenFreeMap / OpenStreetMap","exposureHigh":true,"exposureModerate":false,"zoneLabels":"AE"},"id":4215060850},{"type":"Feature","geometry":{"type":"LineString","coordinates":[[-66.25129222869873,18.425751225182523],[-66.25133514404297,18.425568006467486],[-66.25146925449371,18.424244754396895],[-66.25151753425598,18.42323704022226]]},"properties":{"class":"trunk","oneway":1,"id":"14/5176/7338/104","source":"OpenFreeMap / OpenStreetMap","exposureHigh":true,"exposureModerate":false,"zoneLabels":"AE"},"id":599692242},{"type":"Feature","geometry":{"type":"LineString","coordinates":[[-66.2516838312149,18.416752919944628],[-66.25158190727234,18.417613072407477],[-66.25156581401825,18.417918450945777],[-66.2514853477478,18.420386907565202],[-66.25136196613312,18.42323195074175]]},"properties":{"class":"trunk","oneway":1,"id":"14/5176/7338/105","source":"OpenFreeMap / OpenStreetMap","exposureHigh":true,"exposureModerate":false,"zoneLabels":"AE"},"id":599692262},{"type":"Feature","geometry":{"type":"LineString","coordinates":[[-66.25136196613312,18.42323195074175],[-66.25132977962494,18.424316006690816],[-66.25126540660858,18.425522201758227],[-66.25129222869873,18.425751225182523]]},"properties":{"class":"trunk","oneway":1,"id":"14/5176/7338/106","source":"OpenFreeMap / OpenStreetMap","exposureHigh":true,"exposureModerate":false,"zoneLabels":"AE"},"id":13945429412},{"type":"Feature","geometry":{"type":"LineString","coordinates":[[-66.2516301870346,18.42000518978439],[-66.25170528888702,18.417602893113525],[-66.25174283981323,18.417175362224043],[-66.25181257724762,18.416752919944628]]},"properties":{"class":"trunk","oneway":1,"id":"14/5176/7338/107","source":"OpenFreeMap / OpenStreetMap","exposureHigh":true,"exposureModerate":false,"zoneLabels":"AE"},"id":13945429422},{"type":"Feature","geometry":{"type":"LineString","coordinates":[[-66.25151753425598,18.42323704022226],[-66.2516301870346,18.42000518978439]]},"properties":{"class":"trunk","oneway":1,"id":"14/5176/7338/108","source":"OpenFreeMap / OpenStreetMap","exposureHigh":true,"exposureModerate":false,"zoneLabels":"AE"},"id":13949240372},{"type":"Feature","geometry":{"type":"LineString","coordinates":[[-66.25190377235413,18.418503758295913],[-66.25368475914001,18.418630998760705]]},"properties":{"surface":"paved","class":"motorway","oneway":1,"id":"14/5176/7338/110","source":"OpenFreeMap / OpenStreetMap","exposureHigh":true,"exposureModerate":false,"zoneLabels":"AE"},"id":599690092},{"type":"Feature","geometry":{"type":"LineString","coordinates":[[-66.25369012355804,18.418437593217007],[-66.25186085700989,18.4182950837299]]},"properties":{"class":"motorway","toll":1,"oneway":1,"id":"14/5176/7338/111","source":"OpenFreeMap / OpenStreetMap","exposureHigh":true,"exposureModerate":false,"zoneLabels":"AE"},"id":4195492152},{"type":"Feature","geometry":{"type":"LineString","coordinates":[[-66.24869585037231,18.41835615923884],[-66.25133514404297,18.418468130948895]]},"properties":{"surface":"paved","class":"motorway","oneway":1,"id":"14/5176/7338/112","source":"OpenFreeMap / OpenStreetMap","exposureHigh":true,"exposureModerate":false,"zoneLabels":"AE"},"id":4293238962},{"type":"Feature","geometry":{"type":"LineString","coordinates":[[-66.25135660171509,18.418264545967318],[-66.25011742115021,18.41818311190724],[-66.24897480010986,18.418091498543575],[-66.24828279018402,18.418004974766433],[-66.24755322933197,18.417893002754965],[-66.2472152709961,18.417852285641814]]},"properties":{"surface":"paved","class":"motorway","toll":1,"oneway":1,"id":"14/5176/7338/113","source":"OpenFreeMap / OpenStreetMap","exposureHigh":true,"exposureModerate":false,"zoneLabels":"AE"},"id":4293239002},{"type":"Feature","geometry":{"type":"LineString","coordinates":[[-66.25036418437958,18.418315442235297],[-66.25134587287903,18.418396876232748]]},"properties":{"class":"motorway","oneway":1,"id":"14/5176/7338/114","source":"OpenFreeMap / OpenStreetMap","exposureHigh":true,"exposureModerate":false,"zoneLabels":"AE"},"id":10567131582},{"type":"Feature","geometry":{"type":"LineString","coordinates":[[-66.25036418437958,18.418315442235297],[-66.24903380870819,18.41820347042588],[-66.2472152709961,18.417948988769794]]},"properties":{"class":"motorway","id":"14/5176/7338/115","source":"OpenFreeMap / OpenStreetMap","exposureHigh":true,"exposureModerate":false,"zoneLabels":"AE"},"id":10567131592},{"type":"Feature","geometry":{"type":"LineString","coordinates":[[-66.25134587287903,18.418340890363638],[-66.25036418437958,18.418315442235297]]},"properties":{"class":"motorway","oneway":1,"id":"14/5176/7338/116","source":"OpenFreeMap / OpenStreetMap","exposureHigh":true,"exposureModerate":false,"zoneLabels":"AE"},"id":10567132022},{"type":"Feature","geometry":{"type":"LineString","coordinates":[[-66.2472152709961,18.41825436671192],[-66.2484222650528,18.418335800738276]]},"properties":{"surface":"paved","class":"motorway","oneway":1,"id":"14/5176/7338/119","source":"OpenFreeMap / OpenStreetMap","exposureHigh":true,"exposureModerate":false,"zoneLabels":"AE"},"id":14162344462},{"type":"Feature","geometry":{"type":"LineString","coordinates":[[-66.2484222650528,18.418335800738276],[-66.24869585037231,18.41835615923884]]},"properties":{"surface":"paved","class":"motorway","oneway":1,"id":"14/5176/7338/120","source":"OpenFreeMap / OpenStreetMap","exposureHigh":true,"exposureModerate":false,"zoneLabels":"AE"},"id":14162344472},{"type":"Feature","geometry":{"type":"LineString","coordinates":[[-66.2518447637558,18.418498668675355],[-66.25190377235413,18.418503758295913]]},"properties":{"surface":"paved","class":"motorway","oneway":1,"id":"14/5176/7338/121","source":"OpenFreeMap / OpenStreetMap","exposureHigh":true,"exposureModerate":false,"zoneLabels":"AE"},"id":14162364652},{"type":"Feature","geometry":{"type":"LineString","coordinates":[[-66.25368475914001,18.418630998760705],[-66.26221418380737,18.419211214087312],[-66.26588344573975,18.41948096265179]]},"properties":{"brunnel":"bridge","surface":"paved","class":"motorway","layer":1,"oneway":1,"id":"14/5176/7338/122","source":"OpenFreeMap / OpenStreetMap","exposureHigh":true,"exposureModerate":false,"zoneLabels":"AE"},"id":578983692},{"type":"Feature","geometry":{"type":"LineString","coordinates":[[-66.26587271690369,18.419353722815586],[-66.26358211040497,18.419180676487343],[-66.25865757465363,18.418829493697913]]},"properties":{"brunnel":"bridge","surface":"paved","class":"motorway","layer":1,"oneway":1,"id":"14/5176/7338/123","source":"OpenFreeMap / OpenStreetMap","exposureHigh":true,"exposureModerate":false,"zoneLabels":"AE"},"id":578983702},{"type":"Feature","geometry":{"type":"LineString","coordinates":[[-66.25186085700989,18.4182950837299],[-66.25135660171509,18.418264545967318]]},"properties":{"brunnel":"bridge","surface":"paved","class":"motorway","toll":1,"layer":1,"oneway":1,"id":"14/5176/7338/124","source":"OpenFreeMap / OpenStreetMap","exposureHigh":true,"exposureModerate":false,"zoneLabels":"AE"},"id":599689992},{"type":"Feature","geometry":{"type":"LineString","coordinates":[[-66.25133514404297,18.418468130948895],[-66.2518447637558,18.418498668675355]]},"properties":{"brunnel":"bridge","surface":"paved","class":"motorway","layer":1,"oneway":1,"id":"14/5176/7338/125","source":"OpenFreeMap / OpenStreetMap","exposureHigh":true,"exposureModerate":false,"zoneLabels":"AE"},"id":599690062},{"type":"Feature","geometry":{"type":"LineString","coordinates":[[-66.25185012817383,18.418366338488212],[-66.25134587287903,18.418340890363638]]},"properties":{"brunnel":"bridge","class":"motorway","layer":1,"oneway":1,"id":"14/5176/7338/126","source":"OpenFreeMap / OpenStreetMap","exposureHigh":true,"exposureModerate":false,"zoneLabels":"AE"},"id":10567131542},{"type":"Feature","geometry":{"type":"LineString","coordinates":[[-66.25134587287903,18.418396876232748],[-66.25185012817383,18.418427413971855]]},"properties":{"brunnel":"bridge","class":"motorway","layer":1,"oneway":1,"id":"14/5176/7338/127","source":"OpenFreeMap / OpenStreetMap","exposureHigh":true,"exposureModerate":false,"zoneLabels":"AE"},"id":10567131552},{"type":"Feature","geometry":{"type":"LineString","coordinates":[[-66.25507950782776,18.41854956487407],[-66.25369012355804,18.418437593217007]]},"properties":{"brunnel":"bridge","class":"motorway","toll":1,"layer":1,"oneway":1,"id":"14/5176/7338/128","source":"OpenFreeMap / OpenStreetMap","exposureHigh":true,"exposureModerate":false,"zoneLabels":"AE"},"id":11516843382},{"type":"Feature","geometry":{"type":"LineString","coordinates":[[-66.25865757465363,18.418829493697913],[-66.25785827636719,18.418773507969576],[-66.25507950782776,18.41854956487407]]},"properties":{"brunnel":"bridge","surface":"paved","class":"motorway","layer":1,"oneway":1,"id":"14/5176/7338/129","source":"OpenFreeMap / OpenStreetMap","exposureHigh":true,"exposureModerate":false,"zoneLabels":"AE"},"id":14164921692},{"type":"Feature","geometry":{"type":"MultiLineString","coordinates":[[[-66.26737475395203,18.45614247102364],[-66.26696169376373,18.455984727266653],[-66.26689195632935,18.455984727266653],[-66.26685976982117,18.4560101698179],[-66.26682221889496,18.456066143417388]],[[-66.2592476606369,18.45760795448271],[-66.25879168510437,18.457434946670077]],[[-66.25949442386627,18.45383227377829],[-66.26046001911163,18.454107056577243]],[[-66.26716017723083,18.44623995290486],[-66.26724064350128,18.44621959770609],[-66.26728355884552,18.44619415370424],[-66.26733183860779,18.44611273287302],[-66.26737475395203,18.445751427468835],[-66.26728892326355,18.44533414422537],[-66.26732647418976,18.4452832559556],[-66.26733183860779,18.445227278841458],[-66.26728892326355,18.444876149254796],[-66.26732647418976,18.44472857283749],[-66.26736402511597,18.44466241785065],[-66.26741766929626,18.44463697361816],[-66.26741230487823,18.444509752399185],[-66.26688122749329,18.444285842824925],[-66.26640915870667,18.444158621345906],[-66.26607120037079,18.444021222042764],[-66.26592099666595,18.443995777715287]],[[-66.26721918582916,18.446051667224253],[-66.26721382141113,18.446224686506],[-66.26714408397675,18.44643841596637],[-66.26711189746857,18.446489303893927],[-66.26706898212433,18.446535103015833],[-66.26702070236206,18.44656054696719],[-66.2668651342392,18.44657581333618]],[[-66.26606047153473,18.446850607746086],[-66.26600682735443,18.44693711700637],[-66.26593172550201,18.447008359893886],[-66.26578688621521,18.44707451397727]],[[-66.26607656478882,18.446703033025045],[-66.26603364944458,18.446733565736352],[-66.26602292060852,18.446759009658294],[-66.26602292060852,18.44680989749088],[-66.26603901386261,18.44683534140151],[-66.26608729362488,18.446860785308374],[-66.26614093780518,18.446855696527308],[-66.26618385314941,18.446820075055584],[-66.26618921756744,18.446764098442245],[-66.26617848873138,18.44673865452104],[-66.26613557338715,18.446703033025045],[-66.26607656478882,18.446703033025045]],[[-66.26673638820648,18.446270485698463],[-66.26653790473938,18.44628575209323],[-66.2664520740509,18.446331551269424],[-66.26640915870667,18.44636717284247],[-66.26635551452637,18.446463859932038],[-66.2662535905838,18.446616523646867],[-66.2661623954773,18.446718299381374]],[[-66.26556158065796,18.444540285500324],[-66.26546502113342,18.44456572974714],[-66.26542210578918,18.44459626283833],[-66.26522362232208,18.44478963895658],[-66.26515924930573,18.444825260849356],[-66.26486957073212,18.44494739299708],[-66.26474618911743,18.445013547874183],[-66.26468181610107,18.44511532455843]],[[-66.26423120498657,18.444672595542585],[-66.26431167125702,18.444733661681582],[-66.26474618911743,18.445013547874183],[-66.26495003700256,18.44518656820152],[-66.26508414745331,18.445385032480075],[-66.2651914358139,18.445634384710132],[-66.26526653766632,18.445863381337304],[-66.26527726650238,18.446092377659184],[-66.26526117324829,18.446275574496894],[-66.26547574996948,18.44696764967607],[-66.2656420469284,18.447390017716714],[-66.26587271690369,18.4475579468901],[-66.26595854759216,18.44752741432532]],[[-66.26572251319885,18.44415353248479],[-66.26581370830536,18.444194243369537]],[[-66.266650557518,18.440937342105997],[-66.26528799533844,18.441909330039962],[-66.2649393081665,18.44209253133836],[-66.26442432403564,18.442392777488337],[-66.26400053501129,18.442520000274982],[-66.26381814479828,18.44262177843646],[-66.26363039016724,18.442815156777172]],[[-66.25592708587646,18.447384928951323],[-66.25600218772888,18.447374751420085],[-66.25604510307312,18.447613923244745],[-66.25597536563873,18.447624100761814],[-66.25548183917999,18.447715698388265]],[[-66.25565886497498,18.44740019524704],[-66.25540137290955,18.447445994126085],[-66.25544428825378,18.447669899581143],[-66.25548183917999,18.447715698388265],[-66.25550329685211,18.4478378284809]],[[-66.25503122806549,18.4479192484944],[-66.25600218772888,18.447751319674254],[-66.25597536563873,18.447624100761814]],[[-66.24807894229889,18.453516781874228],[-66.24839544296265,18.45327252967941],[-66.24848663806915,18.453226732354196],[-66.24851882457733,18.45322164376175],[-66.24864757061005,18.453262352497077]],[[-66.24865293502808,18.453343769938783],[-66.24856173992157,18.453374301469466],[-66.24843835830688,18.45343536451456],[-66.24815940856934,18.453633819261114]],[[-66.24867975711823,18.453491338953484],[-66.2484759092331,18.453598199195284],[-66.24829351902008,18.453725413682164],[-66.24825060367584,18.453730502259674],[-66.24821305274963,18.453710147948712],[-66.24807894229889,18.453516781874228],[-66.24804675579071,18.453496427537928],[-66.24800384044647,18.45343536451456],[-66.24800384044647,18.45339465582026],[-66.24803066253662,18.453353947116284],[-66.24819695949554,18.45322164376175],[-66.24839007854462,18.453124960476657],[-66.24848663806915,18.453160580640656],[-66.24851882457733,18.45322164376175]],[[-66.24935567378998,18.452214099486866],[-66.24931812286377,18.452839998898654]],[[-66.25527262687683,18.45211232700916],[-66.25426411628723,18.451990199956285],[-66.25352919101715,18.451781566039998]],[[-66.25426411628723,18.451990199956285],[-66.25489711761475,18.45020917056577]],[[-66.25553011894226,18.456732736699323],[-66.25555694103241,18.456630966900036],[-66.25555694103241,18.456600435948488]],[[-66.2556266784668,18.456422338622886],[-66.25570178031921,18.456213710092186],[-66.25585734844208,18.456269683625308],[-66.25585198402405,18.456401984631043],[-66.25565886497498,18.45633583414093]],[[-66.25523507595062,18.45637654213786],[-66.25500977039337,18.45624932961539],[-66.25490248203278,18.456239152609513],[-66.25369548797607,18.455765921170226],[-66.25347554683685,18.455735390064845],[-66.25318050384521,18.455999992797857]],[[-66.2554121017456,18.456707294255168],[-66.2555193901062,18.45641216162727],[-66.25547111034393,18.456371453638766],[-66.25534236431122,18.456320568639583],[-66.25525653362274,18.45633583414093],[-66.25516533851624,18.456498666070758],[-66.25505805015564,18.45652410854585]],[[-66.25482738018036,18.456610612932934],[-66.25478982925415,18.457170346148786],[-66.25444114208221,18.459093779106]],[[-66.25489175319672,18.456346011141065],[-66.25475764274597,18.45632565714017],[-66.25470399856567,18.45633583414093],[-66.25437676906586,18.45622388709957]],[[-66.25488102436066,18.456386719135594],[-66.25499904155731,18.45645286960611],[-66.25504732131958,18.456498666070758],[-66.25509023666382,18.456600435948488],[-66.2554121017456,18.456707294255168],[-66.25586271286011,18.456814152495312]],[[-66.25009596347809,18.454671886505125],[-66.25009596347809,18.45449887573365],[-66.25007450580597,18.454310599107743],[-66.25003695487976,18.45412232227538],[-66.24992430210114,18.45394422237908],[-66.24973654747009,18.453806830904284],[-66.24961853027344,18.453735590837027],[-66.24940395355225,18.453654173581114],[-66.24923765659332,18.453623642100197],[-66.2489640712738,18.453633819261114],[-66.24857246875763,18.45383736235263],[-66.24823987483978,18.454107056577243],[-66.24813258647919,18.45434621902578],[-66.24814867973328,18.454600646796806],[-66.2481701374054,18.454783834558484],[-66.24825596809387,18.455007730446212],[-66.24835789203644,18.455160386565908],[-66.24844372272491,18.45525706870484],[-66.24869585037231,18.45544025576612],[-66.24884068965912,18.455501318076443],[-66.2491250038147,18.45554711479494],[-66.24932885169983,18.45553693774744],[-66.24950587749481,18.45549114102623],[-66.2496668100357,18.455414813130417],[-66.2498277425766,18.455292688426496],[-66.2499725818634,18.45511967828058],[-66.25004231929779,18.455007730446212]],[[-66.24990820884705,18.454788923104616],[-66.24963462352753,18.454702417799652],[-66.24967217445374,18.454524318505094],[-66.24964535236359,18.454371661819835],[-66.24956488609314,18.45423427068708],[-66.24944150447845,18.45413249940674],[-66.24928593635559,18.454081613743952],[-66.2491250038147,18.454076525176845],[-66.24896943569183,18.454127410841153],[-66.24884068965912,18.454224093561763],[-66.24875485897064,18.45435639614385],[-66.2487280368805,18.45449378717889],[-66.24873876571655,18.45463626665466],[-66.24880313873291,18.454763480372392],[-66.24889969825745,18.45487033982245],[-66.24902844429016,18.454941579418858],[-66.24917328357697,18.454967022124706],[-66.2493234872818,18.45495175650167],[-66.24945759773254,18.454895782538856],[-66.24957025051117,18.454799100196468],[-66.24963462352753,18.454702417799652]],[[-66.24951124191284,18.454193562182184],[-66.24980628490448,18.45404090520286],[-66.24995648860931,18.453995108082594]],[[-66.24925374984741,18.454076525176845],[-66.24929666519165,18.453633819261114]],[[-66.2487655878067,18.454687152153056],[-66.2481701374054,18.454783834558484]],[[-66.24887824058533,18.453674527898713],[-66.24892115592957,18.453588022032264],[-66.24896943569183,18.453547313374145],[-66.24909818172455,18.45348625036887],[-66.24931812286377,18.453491338953484],[-66.24945223331451,18.453516781874228],[-66.24954879283905,18.453577844868647],[-66.24960780143738,18.453649085001345],[-66.24961853027344,18.453735590837027]],[[-66.24879777431488,18.453715236526676],[-66.2486582994461,18.453445541686634],[-66.24863684177399,18.453013011341696],[-66.24868512153625,18.45239728979476],[-66.24879240989685,18.452310783284844],[-66.24935567378998,18.452214099486866],[-66.2495756149292,18.45220392224182]],[[-66.24880313873291,18.455140032424453],[-66.24864220619202,18.455404636075073]],[[-66.2472152709961,18.454005285221484],[-66.24732792377472,18.453954399520995],[-66.24752104282379,18.453918779521686],[-66.24816477298737,18.454066348042176],[-66.24823987483978,18.454107056577243]]]},"properties":{"class":"service","id":"14/5176/7337/3","source":"OpenFreeMap / OpenStreetMap","exposureHigh":true,"exposureModerate":false,"zoneLabels":"AE"},"id":221497920},{"type":"Feature","geometry":{"type":"MultiLineString","coordinates":[[[-66.26782536506653,18.458824092715346],[-66.26773416996002,18.459093779106]],[[-66.26685440540314,18.457485831338943],[-66.26670956611633,18.457953969584864],[-66.26631259918213,18.45896148017485]],[[-66.26446187496185,18.456615701424937],[-66.26446723937988,18.457343354228087],[-66.26455307006836,18.45752145059818]],[[-66.2649017572403,18.457277204100706],[-66.26455307006836,18.45752145059818],[-66.26411318778992,18.457872554329455],[-66.26386106014252,18.458065915497997]],[[-66.2653523683548,18.457394238924124],[-66.26477301120758,18.45669711727645],[-66.26464426517487,18.456630966900036],[-66.26446187496185,18.456615701424937],[-66.26326560974121,18.45653937402909],[-66.26305103302002,18.45646813509569],[-66.26260578632355,18.45626459512306],[-66.26223564147949,18.45612211699863]],[[-66.26641988754272,18.45713981529316],[-66.26635015010834,18.457221230896096],[-66.2663608789444,18.457277204100706],[-66.26685440540314,18.457485831338943],[-66.26757860183716,18.457674104482635]],[[-66.26581370830536,18.45763848525506],[-66.26672565937042,18.45789290814693]],[[-66.26673638820648,18.457867465874713],[-66.26895725727081,18.458620555536157],[-66.26986920833588,18.458773208443176]],[[-66.26512169837952,18.458503521548863],[-66.26631259918213,18.45896148017485],[-66.26669883728027,18.459093779106]],[[-66.2649554014206,18.45905307175343],[-66.26505732536316,18.459093779106]],[[-66.26529335975647,18.45796414648909],[-66.26652181148529,18.45843228343054],[-66.26720309257507,18.458666351422522],[-66.26894116401672,18.459093779106]],[[-66.26280963420868,18.458905507519447],[-66.26273453235626,18.459093779106]],[[-66.2634801864624,18.45760795448271],[-66.26299202442169,18.45760795448271]],[[-66.26396834850311,18.456585170470674],[-66.26397907733917,18.457577423704905],[-66.26400589942932,18.457699546783516],[-66.26411318778992,18.457872554329455]],[[-66.2634801864624,18.456554639510983],[-66.2634801864624,18.45760795448271],[-66.26351237297058,18.458060827048996],[-66.26385569572449,18.458518786856075]],[[-66.26260578632355,18.45626459512306],[-66.26249849796295,18.456574993484708],[-66.26249849796295,18.45753162752804],[-66.2624341249466,18.458147330661703]],[[-66.26190841197968,18.457236496317336],[-66.26110374927521,18.45696680700874],[-66.26105010509491,18.45701260333628],[-66.26088380813599,18.45749091980501],[-66.26091599464417,18.457572335241423],[-66.2624341249466,18.458147330661703],[-66.26320123672485,18.458406841238286]],[[-66.26129150390625,18.458981833863206],[-66.26124858856201,18.459093779106]],[[-66.2599503993988,18.457862377419815],[-66.25950515270233,18.458946214907]],[[-66.25985383987427,18.459093779106],[-66.25883996486664,18.45865617455995],[-66.25903308391571,18.458167684446593]],[[-66.2592476606369,18.45760795448271],[-66.26285254955292,18.45892586121444],[-66.26334607601166,18.459093779106]],[[-66.25973045825958,18.45630021463569],[-66.26186013221741,18.45684977189393],[-66.26191914081573,18.456926099151758],[-66.26189231872559,18.457480742872733],[-66.26174747943878,18.4578878196928],[-66.2615168094635,18.458437371868555]],[[-66.26025080680847,18.454799100196468],[-66.26046001911163,18.454107056577243],[-66.26055121421814,18.453440453100654],[-66.26042246818542,18.45296721394726],[-66.2605082988739,18.45284508750241],[-66.26077651977539,18.452733138184982]],[[-66.26947224140167,18.451898604609624],[-66.26912355422974,18.452056352120707],[-66.26876950263977,18.452254808461078],[-66.26854956150055,18.452427821493757],[-66.26831889152527,18.452672074890174],[-66.2680721282959,18.452799290063183],[-66.26782536506653,18.45285017610601],[-66.26744985580444,18.452733138184982],[-66.26716554164886,18.45268225210748],[-66.26681685447693,18.452834910294754],[-66.26659691333771,18.45305880872391],[-66.26636624336243,18.453252175314148],[-66.26603901386261,18.453323415581977],[-66.2656956911087,18.453318326992388],[-66.2652987241745,18.45329288404224]],[[-66.26934349536896,18.451399917976232],[-66.26933813095093,18.45149660223261],[-66.26952588558197,18.45204617486631],[-66.26957952976227,18.45226498570311],[-66.26955270767212,18.452626277404804],[-66.26928448677063,18.453918779521686],[-66.26928448677063,18.45418338505445],[-66.26940250396729,18.454453078735526],[-66.2697297334671,18.454712594896606],[-66.2698745727539,18.4548143658331]],[[-66.26942932605743,18.450473781814935],[-66.26938104629517,18.45056028925029],[-66.26935958862305,18.450621353296043],[-66.26934349536896,18.450860520599548],[-66.26935958862305,18.451084421603085]],[[-66.2698745727539,18.44826019438173],[-66.26929521560669,18.448601139592284],[-66.2691342830658,18.448641849422927],[-66.26895189285278,18.448621494508814],[-66.2689197063446,18.448804688649062],[-66.26893043518066,18.448982793875842],[-66.2690269947052,18.449425511782266],[-66.26916646957397,18.44986822854746],[-66.26933813095093,18.450321121528646],[-66.26942932605743,18.450473781814935],[-66.26949369907379,18.450483959162526],[-66.26961171627045,18.450483959162526],[-66.2698745727539,18.450448338443323]],[[-66.26898407936096,18.44796504723503],[-66.26713335514069,18.44714066803516]],[[-66.26971364021301,18.44743581659847],[-66.26873195171356,18.447018537446837],[-66.26743912696838,18.446458771139206]],[[-66.26902163028717,18.446295929689],[-66.26776099205017,18.44576160509625]],[[-66.26761078834534,18.447354396355806],[-66.26760542392731,18.447481615468007],[-66.2678736448288,18.447593568208816],[-66.26797020435333,18.447512148040914]],[[-66.26806676387787,18.44506952505796],[-66.26932203769684,18.44561402943961],[-66.26902163028717,18.446295929689],[-66.26873195171356,18.447018537446837],[-66.2681794166565,18.448122798359307]],[[-66.26166701316833,18.441420792289236],[-66.26214444637299,18.44164470559741],[-66.26250386238098,18.441853351826495],[-66.26271843910217,18.44199075286336],[-66.26339972019196,18.44262177843646],[-66.26351773738861,18.442708289826314],[-66.26363039016724,18.442815156777172],[-66.26380741596222,18.44296273483812],[-66.26389861106873,18.443008534900244],[-66.26586735248566,18.443756600852993],[-66.26601755619049,18.4437973118318],[-66.26769125461578,18.444433419622555],[-66.26945614814758,18.445120413391052],[-66.26954734325409,18.445125502223533],[-66.2698370218277,18.445023725545312]],[[-66.25491857528687,18.446356995250923],[-66.25220954418182,18.446672500308324]],[[-66.25437676906586,18.44444359732806],[-66.25542283058167,18.44406702182269],[-66.25551402568817,18.44386855602147],[-66.2554121017456,18.443578490207287],[-66.25497758388519,18.442626867342952],[-66.25466108322144,18.441848262897082],[-66.25463426113129,18.441741395344835],[-66.25456988811493,18.441588727297727]],[[-66.25394225120544,18.443441090440174],[-66.25504195690155,18.443049246056304],[-66.25516533851624,18.443044157162305],[-66.25530481338501,18.443013623795267],[-66.25547111034393,18.44300344600505],[-66.25600218772888,18.4429322014566]],[[-66.25578224658966,18.443476712612565],[-66.2554121017456,18.443578490207287]],[[-66.25534236431122,18.443420734909765],[-66.25414609909058,18.443873644891042]],[[-66.25597536563873,18.44448430814407],[-66.25617921352386,18.44431128710943]],[[-66.25334143638611,18.43925288926272],[-66.25172138214111,18.439339402348764],[-66.2511795759201,18.439400470383262],[-66.25093281269073,18.439405559385165]],[[-66.25327169895172,18.44154292685714],[-66.2523490190506,18.441817729317506],[-66.25136733055115,18.44188897432808]],[[-66.25379741191864,18.441629438790216],[-66.2541139125824,18.442504733545547],[-66.25443041324615,18.443268068354882]],[[-66.25507950782776,18.44163961666183],[-66.25498294830322,18.441690506010872],[-66.25488638877869,18.44172612854622],[-66.25464498996735,18.441802462525686],[-66.25459134578705,18.441812640387056],[-66.25394761562347,18.442051819955594],[-66.25351309776306,18.442204487591226],[-66.2534487247467,18.44221975434732]],[[-66.25490248203278,18.441476770643632],[-66.25448942184448,18.441619260918003],[-66.25392079353333,18.441777017869626],[-66.25385642051697,18.441802462525686]],[[-66.25563204288483,18.44247928899351],[-66.25500977039337,18.44270320092224],[-66.25383496284485,18.44317646835684]],[[-66.25409781932831,18.442448755526073],[-66.2550151348114,18.44210270918255],[-66.25513315200806,18.4423673329197]],[[-66.25361502170563,18.442662489684167],[-66.25264942646027,18.4429983571097]],[[-66.25196278095245,18.442509822455506],[-66.25228464603424,18.442484377904222],[-66.25240802764893,18.442464022260452],[-66.25283181667328,18.443420734909765],[-66.25284254550934,18.443527601417458],[-66.25278890132904,18.443583579085455],[-66.25204861164093,18.443624290105262]],[[-66.25269770622253,18.44171086174626],[-66.25290155410767,18.442448755526073],[-66.25307321548462,18.44285077907935],[-66.2535560131073,18.443909266973748]],[[-66.25176966190338,18.439939903745582],[-66.2522041797638,18.439914458813718]],[[-66.25172138214111,18.439339402348764],[-66.25208616256714,18.444133177038793]],[[-66.2515389919281,18.444189154509473],[-66.25312685966492,18.444031399772697],[-66.25359892845154,18.443899089236595],[-66.25407636165619,18.44374133423345]],[[-66.25223636627197,18.446845518964707],[-66.2521880865097,18.446489303893927]]]},"properties":{"class":"minor","id":"14/5176/7337/23","source":"OpenFreeMap / OpenStreetMap","exposureHigh":true,"exposureModerate":false,"zoneLabels":"AE"},"id":221486610},{"type":"Feature","geometry":{"type":"MultiLineString","coordinates":[[[-66.26798093318939,18.458289807105245],[-66.26782536506653,18.458824092715346]],[[-66.2653523683548,18.457394238924124],[-66.26542210578918,18.457445123605055],[-66.26545429229736,18.457516362133035],[-66.26529335975647,18.45796414648909],[-66.26494467258453,18.459093779106]],[[-66.26292765140533,18.458315249314865],[-66.26298666000366,18.458167684446593],[-66.26299202442169,18.458101534636853],[-66.26298666000366,18.456620789916784],[-66.26305103302002,18.45646813509569]],[[-66.2698745727539,18.45012266295356],[-66.26984775066376,18.450005623173567],[-66.2694400548935,18.448845398431473],[-66.26940786838531,18.448769067581537],[-66.26929521560669,18.448601139592284]],[[-66.2698745727539,18.44666741152166],[-66.2696224451065,18.44656054696719],[-66.26935422420502,18.446423149585158],[-66.26902163028717,18.446295929689]],[[-66.2698745727539,18.445827759659778],[-66.2695848941803,18.445731072212183],[-66.26932203769684,18.44561402943961]],[[-66.25609338283539,18.4443876199403],[-66.25610947608948,18.44445377503297],[-66.2561684846878,18.444983014857144],[-66.25615775585175,18.445018636709833],[-66.25612556934357,18.445033903215844],[-66.2546557188034,18.44518656820152]],[[-66.2511795759201,18.439400470383262],[-66.25158190727234,18.44470312861479]]]},"properties":{"surface":"paved","class":"minor","id":"14/5176/7337/24","source":"OpenFreeMap / OpenStreetMap","exposureHigh":true,"exposureModerate":false,"zoneLabels":"AE"},"id":221486620},{"type":"Feature","geometry":{"type":"LineString","coordinates":[[-66.25064313411713,18.44482017200798],[-66.2508898973465,18.444896504612743],[-66.25097036361694,18.444937215321417],[-66.25104546546936,18.44499319253009],[-66.25110447406769,18.44507461389196],[-66.25113666057587,18.445145857551935],[-66.25116348266602,18.445257811815083],[-66.2511795759201,18.445410476601765],[-66.25124394893646,18.44556823007214]]},"properties":{"class":"secondary","oneway":1,"ramp":1,"id":"14/5176/7337/25","source":"OpenFreeMap / OpenStreetMap","exposureHigh":true,"exposureModerate":false,"zoneLabels":"AE"},"id":4215060862},{"type":"Feature","geometry":{"type":"LineString","coordinates":[[-66.250981092453,18.440056950383635],[-66.25101864337921,18.439914458813718],[-66.25100255012512,18.439583674356584],[-66.25101864337921,18.439532784383587],[-66.25104546546936,18.43950225039255],[-66.25113129615784,18.439451360395452],[-66.2511795759201,18.439400470383262]]},"properties":{"class":"secondary","oneway":1,"ramp":1,"id":"14/5176/7337/26","source":"OpenFreeMap / OpenStreetMap","exposureHigh":true,"exposureModerate":false,"zoneLabels":"AE"},"id":4215060872},{"type":"Feature","geometry":{"type":"LineString","coordinates":[[-66.25093281269073,18.439405559385165],[-66.25088453292847,18.43943100439239],[-66.25086843967438,18.43952769538545],[-66.25095427036285,18.440718516839013],[-66.25091135501862,18.441044210158353]]},"properties":{"class":"secondary","oneway":1,"ramp":1,"id":"14/5176/7337/27","source":"OpenFreeMap / OpenStreetMap","exposureHigh":true,"exposureModerate":false,"zoneLabels":"AE"},"id":4215060882},{"type":"Feature","geometry":{"type":"LineString","coordinates":[[-66.25073432922363,18.438545515925284],[-66.25081479549408,18.43877452200074],[-66.25086307525635,18.439344491352472],[-66.25088453292847,18.439390292379017],[-66.25093281269073,18.439405559385165]]},"properties":{"class":"secondary","oneway":1,"ramp":1,"id":"14/5176/7337/28","source":"OpenFreeMap / OpenStreetMap","exposureHigh":true,"exposureModerate":false,"zoneLabels":"AE"},"id":4215060892},{"type":"Feature","geometry":{"type":"LineString","coordinates":[[-66.2511795759201,18.439400470383262],[-66.2511420249939,18.43934958035601],[-66.25102937221527,18.439263067275107],[-66.25099718570709,18.439217266214627],[-66.25095963478088,18.43907986295997],[-66.25094890594482,18.438764343959434],[-66.2508898973465,18.438637118392094]]},"properties":{"class":"secondary","oneway":1,"ramp":1,"id":"14/5176/7337/30","source":"OpenFreeMap / OpenStreetMap","exposureHigh":true,"exposureModerate":false,"zoneLabels":"AE"},"id":4215060912},{"type":"Feature","geometry":{"type":"LineString","coordinates":[[-66.25113666057587,18.4441229993149],[-66.25109910964966,18.44427566511007],[-66.25109374523163,18.444367264522057],[-66.25107765197754,18.444448686180593],[-66.25104546546936,18.444540285500324],[-66.25098645687103,18.444616618229446],[-66.25086307525635,18.44471839514887],[-66.25064313411713,18.44482017200798]]},"properties":{"class":"secondary","oneway":1,"ramp":1,"id":"14/5176/7337/31","source":"OpenFreeMap / OpenStreetMap","exposureHigh":true,"exposureModerate":false,"zoneLabels":"AE"},"id":4215060922},{"type":"Feature","geometry":{"type":"MultiLineString","coordinates":[[[-66.26651108264923,18.456498666070758],[-66.26648426055908,18.45652410854585]],[[-66.26633942127228,18.456636055391428],[-66.26563668251038,18.457185611574573],[-66.26385569572449,18.458518786856075],[-66.2631905078888,18.459037806493725]],[[-66.25437676906586,18.44444359732806],[-66.25158190727234,18.44470312861479],[-66.25119030475616,18.44475910589975],[-66.24961316585541,18.444932126483366],[-66.2472152709961,18.44517639054004]],[[-66.253861784935,18.43759895424256],[-66.253502368927,18.438464091469342],[-66.25334143638611,18.43925288926272],[-66.25323951244354,18.440382644956912],[-66.25327169895172,18.44154292685714],[-66.2533038854599,18.441832996107976],[-66.25361502170563,18.442662489684167],[-66.25394225120544,18.443441090440174],[-66.25407636165619,18.44374133423345],[-66.25414609909058,18.443873644891042],[-66.25437676906586,18.44444359732806],[-66.2546557188034,18.44518656820152],[-66.25487565994263,18.445822670848116],[-66.25499367713928,18.447420550305907],[-66.25520825386047,18.450580643934614],[-66.25529944896698,18.452687340715897],[-66.25505805015564,18.45351169329038],[-66.25502586364746,18.453979842373116],[-66.2550687789917,18.45483980855778],[-66.25489175319672,18.456346011141065],[-66.25482738018036,18.456610612932934]]]},"properties":{"class":"tertiary","id":"14/5176/7337/38","source":"OpenFreeMap / OpenStreetMap","exposureHigh":true,"exposureModerate":false,"zoneLabels":"AE"},"id":221493990},{"type":"Feature","geometry":{"type":"LineString","coordinates":[[-66.25081479549408,18.43759895424256],[-66.25073432922363,18.438255441124937],[-66.25073432922363,18.438545515925284],[-66.25075042247772,18.438891569432585],[-66.25132977962494,18.44673865452104],[-66.2515389919281,18.44936953601804],[-66.25174820423126,18.451196371995394]]},"properties":{"surface":"paved","class":"secondary","oneway":1,"id":"14/5176/7337/49","source":"OpenFreeMap / OpenStreetMap","exposureHigh":true,"exposureModerate":false,"zoneLabels":"AE"},"id":222367312},{"type":"Feature","geometry":{"type":"LineString","coordinates":[[-66.25183939933777,18.45119128334278],[-66.25140488147736,18.445807404412193],[-66.25133514404297,18.444738750525502],[-66.25115811824799,18.442509822455506],[-66.25091671943665,18.439151109105737],[-66.25088453292847,18.43853533787039],[-66.25090599060059,18.43759895424256]]},"properties":{"class":"secondary","oneway":1,"id":"14/5176/7337/52","source":"OpenFreeMap / OpenStreetMap","exposureHigh":true,"exposureModerate":false,"zoneLabels":"AE"},"id":4215060822},{"type":"Feature","geometry":{"type":"LineString","coordinates":[[-66.25203788280487,18.455572557411045],[-66.25208079814911,18.45536392784767],[-66.25209152698517,18.455216360442435],[-66.25209152698517,18.4547075063482],[-66.25187695026398,18.45164417283476]]},"properties":{"class":"secondary","oneway":1,"id":"14/5176/7337/64","source":"OpenFreeMap / OpenStreetMap","exposureHigh":true,"exposureModerate":false,"zoneLabels":"AE"},"id":15216409382},{"type":"Feature","geometry":{"type":"LineString","coordinates":[[-66.25187695026398,18.45164417283476],[-66.25183939933777,18.45119128334278]]},"properties":{"brunnel":"bridge","class":"secondary","oneway":1,"id":"14/5176/7337/66","source":"OpenFreeMap / OpenStreetMap","exposureHigh":true,"exposureModerate":false,"zoneLabels":"AE"},"id":4215060832},{"type":"Feature","geometry":{"type":"LineString","coordinates":[[-66.25174820423126,18.451196371995394],[-66.25178039073944,18.45164417283476]]},"properties":{"brunnel":"bridge","surface":"paved","class":"secondary","oneway":1,"id":"14/5176/7337/67","source":"OpenFreeMap / OpenStreetMap","exposureHigh":true,"exposureModerate":false,"zoneLabels":"AE"},"id":4215060842},{"type":"Feature","geometry":{"type":"MultiLineString","coordinates":[[[-66.26547574996948,18.416915789380027],[-66.2653523683548,18.416920879047396],[-66.26522898674011,18.416900520377013],[-66.26511633396149,18.41690561004482],[-66.26498758792877,18.416936148048606]],[[-66.26485347747803,18.416391552834355],[-66.26479983329773,18.416249041652634],[-66.26481056213379,18.4159131219716]],[[-66.26446187496185,18.41587749408818],[-66.26466572284698,18.41581132799938],[-66.2646871805191,18.415699354560402],[-66.26461207866669,18.41555684280543],[-66.26422047615051,18.415088589065206],[-66.26415073871613,18.415073319900046]],[[-66.2651002407074,18.40885356729848],[-66.26542210578918,18.408909556253974],[-66.26582980155945,18.408894286540658],[-66.26628041267395,18.408593981903238],[-66.26637160778046,18.408573622247843],[-66.26646816730499,18.40861434155623],[-66.26675248146057,18.40888410673101],[-66.26682758331299,18.408945185579825]],[[-66.26055657863617,18.397370356748127],[-66.26063168048859,18.39742125919355],[-66.26073896884918,18.39745689089638],[-66.26077115535736,18.39749761283346],[-66.2609589099884,18.397986275327597]],[[-66.25585198402405,18.405865766624686],[-66.25573396682739,18.40575378671575],[-66.25552475452423,18.40580977667932],[-66.25536382198334,18.405794506691066],[-66.2552672624588,18.405692706734712],[-66.25522434711456,18.40562144672947],[-66.25526189804077,18.4052702362727],[-66.25472009181976,18.405193886078592],[-66.25467717647552,18.405489106641454],[-66.25470399856567,18.40555018669471],[-66.25522434711456,18.40562144672947]],[[-66.25456988811493,18.40199732757442],[-66.25416219234467,18.402211112000998]],[[-66.2516462802887,18.396499922603795],[-66.25165700912476,18.397095483282953]],[[-66.25585198402405,18.410319453948503],[-66.25569105148315,18.41101676370262],[-66.25564277172089,18.411077841794707],[-66.2555730342865,18.411113470671765],[-66.25454843044281,18.411098201153933],[-66.25432848930359,18.411133830026756],[-66.25427484512329,18.411378142098897],[-66.25405490398407,18.412238321426386],[-66.2539154291153,18.412732031879628],[-66.25365793704987,18.413790705190422],[-66.25268161296844,18.413556576076772],[-66.25262796878815,18.41337334437435],[-66.2526386976242,18.413179932921267],[-66.25271379947662,18.41245209313668],[-66.25274062156677,18.41229430928091],[-66.25278890132904,18.412105986425033],[-66.25289618968964,18.411790417934284],[-66.25298202037811,18.41160718435158],[-66.25313758850098,18.411352692940895],[-66.25317513942719,18.411311974280267],[-66.25325560569763,18.411266165775558],[-66.25332534313202,18.4112458064362],[-66.25362038612366,18.411199997913855],[-66.25432848930359,18.411133830026756]],[[-66.25293910503387,18.413617653267565],[-66.25307321548462,18.413917949140327],[-66.25311076641083,18.41403501349116]],[[-66.26270771026611,18.396092700441386],[-66.26242339611053,18.395904359865725]],[[-66.26386106014252,18.395904359865725],[-66.26392006874084,18.39600107532219]],[[-66.26451015472412,18.395904359865725],[-66.26453161239624,18.395990894750383],[-66.26452624797821,18.396087610158276],[-66.26448333263397,18.396250499143562]]]},"properties":{"class":"service","id":"14/5176/7339/2","source":"OpenFreeMap / OpenStreetMap","exposureHigh":true,"exposureModerate":true,"zoneLabels":"AE, X"},"id":221490710},{"type":"Feature","geometry":{"type":"MultiLineString","coordinates":[[[-66.26479983329773,18.416249041652634],[-66.26470863819122,18.416050543738564]],[[-66.25205934047699,18.399197745115714],[-66.25202715396881,18.399319909663433],[-66.25195741653442,18.400154698420565]],[[-66.25232219696045,18.399197745115714],[-66.25232756137848,18.39935045078684],[-66.2522953748703,18.39952860723203],[-66.25232756137848,18.399986722959227]],[[-66.25197887420654,18.399930731102373],[-66.2516838312149,18.39990019008188]]]},"properties":{"class":"service","service":"driveway","id":"14/5176/7339/4","source":"OpenFreeMap / OpenStreetMap","exposureHigh":true,"exposureModerate":true,"zoneLabels":"AE, X"},"id":222359770},{"type":"Feature","geometry":{"type":"MultiLineString","coordinates":[[[-66.26475155353546,18.41644753933774],[-66.26494467258453,18.416340655997303],[-66.26506805419922,18.416289759145172]],[[-66.2698745727539,18.408873926920762],[-66.26927375793457,18.409179320966132]],[[-66.2698745727539,18.404532182978315],[-66.26983165740967,18.40463907365134],[-66.26979947090149,18.40491902509953],[-66.26983165740967,18.405066635679873],[-66.2698745727539,18.40511753585065]],[[-66.26972436904907,18.402801562848126],[-66.26968145370483,18.403050976821916]],[[-66.26933813095093,18.40245543673501],[-66.2696921825409,18.402745571906408],[-66.26980483531952,18.40294917524359],[-66.2698745727539,18.402984805802845]],[[-66.26458525657654,18.397014039209054],[-66.26435995101929,18.39749252259186],[-66.26368403434753,18.397548515241283],[-66.26331925392151,18.39766050048553],[-66.26257359981537,18.39804735804188],[-66.26217663288116,18.398281508246015],[-66.26188695430756,18.3983731321523]],[[-66.26276135444641,18.40048046854531],[-66.26213908195496,18.400511009462917]],[[-66.26285254955292,18.40080623805389],[-66.26276135444641,18.40048046854531],[-66.26263797283173,18.40014960825748],[-66.26243948936462,18.40003762463148],[-66.26152753829956,18.400108886947365]],[[-66.26263797283173,18.40014960825748],[-66.26316905021667,18.40000199346248],[-66.26374304294586,18.399920550762815]],[[-66.26365184783936,18.39951333668681],[-66.26374304294586,18.399920550762815],[-66.26376450061798,18.40037357529104]],[[-66.26331925392151,18.39766050048553],[-66.26313149929047,18.39702930997585],[-66.26310467720032,18.396896963285343],[-66.26301884651184,18.39686642172694],[-66.26286327838898,18.39693768535477]],[[-66.26368403434753,18.397548515241283],[-66.26366257667542,18.397899741445244],[-66.26343727111816,18.398439304943196],[-66.26341044902802,18.398749807699446],[-66.2633353471756,18.39899922754087],[-66.26305639743805,18.399330090038504],[-66.26258969306946,18.3997627554226],[-66.26241266727448,18.399864558884445]],[[-66.26257359981537,18.39804735804188],[-66.26279890537262,18.398368041936564],[-66.26287400722504,18.39854619939787]],[[-66.2543123960495,18.401630839368536],[-66.25343799591064,18.40210930992619]],[[-66.25336825847626,18.39695804638589],[-66.25292301177979,18.39661699879734],[-66.25282645225525,18.396561005845143],[-66.25268161296844,18.396535554497206],[-66.2516462802887,18.396499922603795],[-66.25009059906006,18.396520283686655],[-66.24981701374054,18.396505012874727],[-66.24964535236359,18.39636248523159]],[[-66.25352919101715,18.398525838554477],[-66.25332534313202,18.398561470028838],[-66.25011205673218,18.39857165044873],[-66.2486207485199,18.398602191704796]],[[-66.25369012355804,18.398877062765706],[-66.25333070755005,18.399060309895958],[-66.2529444694519,18.399187564732827],[-66.25232219696045,18.399197745115714],[-66.25161945819855,18.399187564732827],[-66.25073969364166,18.39919265492435],[-66.24934494495392,18.39923337645108],[-66.2492698431015,18.399146843195254],[-66.24925911426544,18.39774194425381],[-66.2492698431015,18.39652537395699]],[[-66.25097036361694,18.399197745115714],[-66.250981092453,18.4000681656276],[-66.25104010105133,18.40043465715877],[-66.25096499919891,18.400694254854812]],[[-66.25073969364166,18.39919265492435],[-66.2506753206253,18.399447164308512],[-66.2505304813385,18.39964059118897],[-66.25026226043701,18.3997627554226],[-66.24982237815857,18.399767845597125],[-66.24961853027344,18.39982383750693],[-66.24940395355225,18.399966362286108],[-66.24923765659332,18.40000708362993],[-66.2489104270935,18.39982383750693],[-66.24886751174927,18.39977802594572]],[[-66.25227928161621,18.398561470028838],[-66.25227391719818,18.399197745115714]],[[-66.25095427036285,18.39651010314553],[-66.2509435415268,18.397487432350104],[-66.25094890594482,18.398566560238862]],[[-66.2509435415268,18.397487432350104],[-66.25161945819855,18.397487432350104],[-66.25212371349335,18.397507793316223],[-66.25230610370636,18.397604507872515]],[[-66.24925911426544,18.39774194425381],[-66.24859929084778,18.39774194425381],[-66.24830961227417,18.397792846589425],[-66.2479555606842,18.397736854019413],[-66.24785900115967,18.397833568447084],[-66.24776244163513,18.39817970384854],[-66.24763369560242,18.398250966933105],[-66.24751567840576,18.39823060605481],[-66.24733865261078,18.398164433183737],[-66.2472152709961,18.398103350510965]],[[-66.25009059906006,18.396520283686655],[-66.25011205673218,18.39857165044873]],[[-66.24885141849518,18.399884919569587],[-66.24823451042175,18.39961514029605],[-66.24796628952026,18.39942680357163]],[[-66.2489104270935,18.39982383750693],[-66.24885141849518,18.399884919569587],[-66.24868512153625,18.400119067275796],[-66.24856173992157,18.400195419719864]],[[-66.24982237815857,18.399767845597125],[-66.24989748001099,18.399854378540965],[-66.24986529350281,18.400083436123637],[-66.24992966651917,18.40026668197045]],[[-66.2472152709961,18.400567001131137],[-66.2476122379303,18.40070952529534],[-66.2476658821106,18.400775697188635],[-66.24768197536469,18.400964032438083],[-66.24767124652863,18.40102002395902],[-66.24778389930725,18.401091285868418]],[[-66.2472152709961,18.400078345958434],[-66.24732792377472,18.40003762463148]],[[-66.2472152709961,18.39977802594572],[-66.24726355075836,18.3997627554226],[-66.24747812747955,18.39975257507311],[-66.24792873859406,18.399976542622966],[-66.24856173992157,18.400195419719864],[-66.24859392642975,18.400246321330428],[-66.24866366386414,18.400292132767092],[-66.24891579151154,18.400353214663667],[-66.24904453754425,18.40042447684897],[-66.24911963939667,18.40048555869862],[-66.24916791915894,18.40056191098023],[-66.24923765659332,18.40063826322796],[-66.24924302101135,18.400714615441885],[-66.24927520751953,18.400785877477645]],[[-66.25044465065002,18.395904359865725],[-66.25028908252716,18.395950172457134],[-66.24964535236359,18.39636248523159],[-66.2492698431015,18.39652537395699],[-66.24868512153625,18.39668317226284],[-66.2481164932251,18.39679006780726],[-66.24760687351227,18.39696822690057],[-66.24741911888123,18.397008948953143],[-66.2472152709961,18.397070032014]],[[-66.25297129154205,18.395904359865725],[-66.25292301177979,18.39661699879734]],[[-66.25974655151367,18.395904359865725],[-66.26035809516907,18.397024219720393],[-66.26055657863617,18.397370356748127]],[[-66.26048684120178,18.395904359865725],[-66.2606155872345,18.396092700441386],[-66.26099646091461,18.396907143803617],[-66.26108229160309,18.397024219720393],[-66.26118421554565,18.39710566378949]],[[-66.26141488552094,18.395904359865725],[-66.26131296157837,18.39598580446426],[-66.26120567321777,18.39612833241904],[-66.2611573934555,18.396301401919885],[-66.26118421554565,18.39710566378949],[-66.26147389411926,18.397716493080353],[-66.26188695430756,18.3983731321523],[-66.2620210647583,18.398658183993504],[-66.26223027706146,18.398953415760346],[-66.262326836586,18.399172294157367],[-66.2623804807663,18.399380991904806],[-66.26241266727448,18.399864558884445],[-66.26243948936462,18.40003762463148]],[[-66.26289010047913,18.395904359865725],[-66.26265943050385,18.396143603264335],[-66.26247704029083,18.39626576997803],[-66.26214981079102,18.396698443058952],[-66.26188695430756,18.39686642172694],[-66.26055657863617,18.397370356748127],[-66.25872194766998,18.39811353095793]],[[-66.26419365406036,18.395904359865725],[-66.26422584056854,18.39607742959157],[-66.2641990184784,18.396306492196672],[-66.26417756080627,18.396367575506602],[-66.263946890831,18.396749345702915]]]},"properties":{"class":"minor","id":"14/5176/7339/5","source":"OpenFreeMap / OpenStreetMap","exposureHigh":true,"exposureModerate":true,"zoneLabels":"AE, X"},"id":5328319760},{"type":"Feature","geometry":{"type":"MultiLineString","coordinates":[[[-66.25427484512329,18.411378142098897],[-66.25404417514801,18.411327243779127],[-66.25353455543518,18.411362872604542],[-66.25342726707458,18.411367962436145],[-66.25331997871399,18.411388321761052],[-66.25325560569763,18.411434130233246],[-66.2532126903534,18.411505387832463]],[[-66.25423192977905,18.411541016621],[-66.25353455543518,18.411362872604542]],[[-66.25418901443481,18.411729340095064],[-66.25306248664856,18.41146975903655]],[[-66.2541514635086,18.411882034652493],[-66.25298202037811,18.41160718435158]],[[-66.25409781932831,18.41207035775342],[-66.25289618968964,18.411790417934284]],[[-66.25401198863983,18.412396105333457],[-66.25278890132904,18.412105986425033]],[[-66.25405490398407,18.412238321426386],[-66.25283718109131,18.41195838188041]],[[-66.2539154291153,18.412732031879628],[-66.25271379947662,18.41245209313668]],[[-66.25395834445953,18.412579338076284],[-66.25274062156677,18.41229430928091]],[[-66.25386714935303,18.41293053362145],[-66.2526923418045,18.412645505407696]],[[-66.25382959842682,18.413083227113205],[-66.25267624855042,18.412818558308047]],[[-66.2537008523941,18.413617653267565],[-66.25262796878815,18.41337334437435]],[[-66.25311076641083,18.41403501349116],[-66.25314831733704,18.414050282748434],[-66.25345408916473,18.414111359764007]],[[-66.25374376773834,18.413429331859675],[-66.2526386976242,18.413179932921267]],[[-66.25378668308258,18.413276638674972],[-66.2526547908783,18.41300179060113]]]},"properties":{"class":"service","service":"parking_aisle","id":"14/5176/7339/6","source":"OpenFreeMap / OpenStreetMap","exposureHigh":true,"exposureModerate":false,"zoneLabels":"AE"},"id":5445773840},{"type":"Feature","geometry":{"type":"LineString","coordinates":[[-66.25284790992737,18.413902679871313],[-66.25286400318146,18.41371435877531],[-66.25291228294373,18.413612563502497]]},"properties":{"class":"service","oneway":1,"id":"14/5176/7339/7","source":"OpenFreeMap / OpenStreetMap","exposureHigh":true,"exposureModerate":false,"zoneLabels":"AE"},"id":13531746542},{"type":"Feature","geometry":{"type":"LineString","coordinates":[[-66.25307321548462,18.413917949140327],[-66.25347554683685,18.414009564726],[-66.25350773334503,18.41400447497253],[-66.25352919101715,18.413984115957092],[-66.25354528427124,18.41393321840799],[-66.25352919101715,18.413887410600935],[-66.25349700450897,18.413872141329193],[-66.25328242778778,18.41382124374698],[-66.25323951244354,18.41380088470987],[-66.2529981136322,18.413744897345424]]},"properties":{"class":"service","oneway":1,"id":"14/5176/7339/8","source":"OpenFreeMap / OpenStreetMap","exposureHigh":true,"exposureModerate":false,"zoneLabels":"AE"},"id":14437302202},{"type":"Feature","geometry":{"type":"LineString","coordinates":[[-66.2506753206253,18.40069934500181],[-66.25096499919891,18.400694254854812],[-66.25091671943665,18.40093349160081],[-66.25086307525635,18.400989483131667],[-66.25080406665802,18.40097930285468],[-66.25062704086304,18.40084695919913],[-66.25061631202698,18.400765516899014],[-66.2506753206253,18.40069934500181]]},"properties":{"surface":"paved","class":"minor","id":"14/5176/7339/9","source":"OpenFreeMap / OpenStreetMap","exposureHigh":false,"exposureModerate":false,"zoneLabels":"X"},"id":222345732},{"type":"Feature","geometry":{"type":"LineString","coordinates":[[-66.25064313411713,18.41100658401851],[-66.25142633914948,18.411133830026756],[-66.25159800052643,18.41117454872952],[-66.25170528888702,18.411220357258628],[-66.2518447637558,18.411332333611796],[-66.25195741653442,18.411474848864984],[-66.2520432472229,18.411652992765553],[-66.25215590000153,18.41221796220202],[-66.25224709510803,18.41277275020431]]},"properties":{"class":"trunk","oneway":1,"ramp":1,"id":"14/5176/7339/10","source":"OpenFreeMap / OpenStreetMap","exposureHigh":true,"exposureModerate":false,"zoneLabels":"AE"},"id":222350482},{"type":"Feature","geometry":{"type":"LineString","coordinates":[[-66.25234365463257,18.41277275020431],[-66.25242948532104,18.412482631930757],[-66.25252068042755,18.41197365132193],[-66.25266551971436,18.411597004702372],[-66.25273525714874,18.411474848864984],[-66.25284790992737,18.41132215394633],[-66.25299274921417,18.411154189379346],[-66.25324487686157,18.4109302363684],[-66.25340580940247,18.410843708990683],[-66.25382423400879,18.410711372917092]]},"properties":{"class":"trunk","oneway":1,"ramp":1,"id":"14/5176/7339/11","source":"OpenFreeMap / OpenStreetMap","exposureHigh":true,"exposureModerate":false,"zoneLabels":"AE"},"id":222356692},{"type":"Feature","geometry":{"type":"LineString","coordinates":[[-66.25306785106659,18.417404396761228],[-66.2530517578125,18.417297514015146],[-66.25301957130432,18.417205900179965],[-66.25291764736176,18.41705830000953],[-66.25279426574707,18.416966686046962],[-66.2526386976242,18.416900520377013],[-66.25238120555878,18.416834354681583]]},"properties":{"surface":"paved","class":"motorway","oneway":1,"ramp":1,"id":"14/5176/7339/12","source":"OpenFreeMap / OpenStreetMap","exposureHigh":true,"exposureModerate":false,"zoneLabels":"AE"},"id":222359472},{"type":"Feature","geometry":{"type":"LineString","coordinates":[[-66.25238120555878,18.416834354681583],[-66.25219345092773,18.41670202321444],[-66.25208616256714,18.416564601967778],[-66.2520432472229,18.416483167103138],[-66.25200033187866,18.416361014733923],[-66.25199496746063,18.416243951965384],[-66.25201642513275,18.415826597099056]]},"properties":{"class":"motorway","oneway":1,"ramp":1,"id":"14/5176/7339/13","source":"OpenFreeMap / OpenStreetMap","exposureHigh":true,"exposureModerate":false,"zoneLabels":"AE"},"id":4195619792},{"type":"Feature","geometry":{"type":"LineString","coordinates":[[-66.25180184841156,18.416187965395764],[-66.25166773796082,18.41647807742281],[-66.25161409378052,18.41670202321444],[-66.25155508518219,18.416885251372634],[-66.2514317035675,18.417078658661254],[-66.25125467777252,18.417266976075524],[-66.25107228755951,18.417404396761228]]},"properties":{"class":"motorway","oneway":1,"ramp":1,"id":"14/5176/7339/14","source":"OpenFreeMap / OpenStreetMap","exposureHigh":true,"exposureModerate":false,"zoneLabels":"AE"},"id":4195619832},{"type":"Feature","geometry":{"type":"LineString","coordinates":[[-66.2517911195755,18.417404396761228],[-66.25185012817383,18.417272065732504],[-66.25190913677216,18.41718554154329],[-66.2519896030426,18.417109196634343],[-66.25207543373108,18.417048120682765],[-66.25217199325562,18.417002313704884],[-66.25226855278015,18.416971775712824],[-66.25237047672272,18.416956506714797],[-66.25259041786194,18.416966686046962],[-66.25268697738647,18.416997224039903],[-66.25275671482086,18.417037941355417],[-66.2529069185257,18.41717027256422],[-66.2529444694519,18.417226258814225],[-66.25297129154205,18.41728224504601],[-66.25298738479614,18.417404396761228]]},"properties":{"class":"motorway","oneway":1,"ramp":1,"id":"14/5176/7339/15","source":"OpenFreeMap / OpenStreetMap","exposureHigh":true,"exposureModerate":false,"zoneLabels":"AE"},"id":4195619862},{"type":"Feature","geometry":{"type":"LineString","coordinates":[[-66.25246167182922,18.41063502513606],[-66.25250458717346,18.410197297204448],[-66.2525475025177,18.410075140373706],[-66.25259041786194,18.409993702438385],[-66.25267624855042,18.409896994840153],[-66.25276744365692,18.409835916329058],[-66.2528908252716,18.40978501755326],[-66.25298738479614,18.409769747917593],[-66.25312149524689,18.40978501755326],[-66.25321805477142,18.409815556820547],[-66.25331461429596,18.40987663533886],[-66.25340044498444,18.409963163202704],[-66.2534487247467,18.410034421410856],[-66.25348091125488,18.410120949195388],[-66.25349700450897,18.41024310599363],[-66.25348627567291,18.41035508298252],[-66.25343263149261,18.410467059898565],[-66.25334143638611,18.410563767176527],[-66.25320732593536,18.410650294694975],[-66.25268697738647,18.410797900361345]]},"properties":{"class":"trunk","oneway":1,"ramp":1,"id":"14/5176/7339/16","source":"OpenFreeMap / OpenStreetMap","exposureHigh":true,"exposureModerate":false,"zoneLabels":"AE"},"id":4215088782},{"type":"Feature","geometry":{"type":"LineString","coordinates":[[-66.25268161296844,18.413556576076772],[-66.25284790992737,18.413902679871313],[-66.252960562706,18.414096090512146],[-66.25299274921417,18.41417752650642],[-66.25298738479614,18.41426405220811],[-66.25294983386993,18.414330218891806],[-66.25287473201752,18.41438111632351],[-66.25278890132904,18.414391295808045],[-66.25259578227997,18.41437602658101]]},"properties":{"class":"trunk","ramp":1,"id":"14/5176/7339/17","source":"OpenFreeMap / OpenStreetMap","exposureHigh":true,"exposureModerate":false,"zoneLabels":"AE"},"id":5445775182},{"type":"Feature","geometry":{"type":"LineString","coordinates":[[-66.25259578227997,18.41437602658101],[-66.2524563074112,18.41434548812292],[-66.25235438346863,18.414202975246724],[-66.25231683254242,18.414111359764007],[-66.25229001045227,18.413861961813964]]},"properties":{"class":"trunk","oneway":1,"ramp":1,"id":"14/5176/7339/18","source":"OpenFreeMap / OpenStreetMap","exposureHigh":true,"exposureModerate":false,"zoneLabels":"AE"},"id":5445775192},{"type":"Feature","geometry":{"type":"LineString","coordinates":[[-66.25225782394409,18.414554167478656],[-66.25235438346863,18.414442193221674],[-66.25259578227997,18.41437602658101]]},"properties":{"class":"trunk","oneway":1,"ramp":1,"id":"14/5176/7339/19","source":"OpenFreeMap / OpenStreetMap","exposureHigh":true,"exposureModerate":false,"zoneLabels":"AE"},"id":7380541342},{"type":"Feature","geometry":{"type":"LineString","coordinates":[[-66.25238120555878,18.416834354681583],[-66.25181794166565,18.416727471581424]]},"properties":{"class":"motorway","oneway":1,"ramp":1,"id":"14/5176/7339/20","source":"OpenFreeMap / OpenStreetMap","exposureHigh":true,"exposureModerate":false,"zoneLabels":"AE"},"id":10565096902},{"type":"Feature","geometry":{"type":"LineString","coordinates":[[-66.25609874725342,18.410273645179643],[-66.2559700012207,18.410187117471864],[-66.25590026378632,18.410120949195388],[-66.25585198402405,18.410044601152478]]},"properties":{"class":"primary","oneway":1,"ramp":1,"id":"14/5176/7339/21","source":"OpenFreeMap / OpenStreetMap","exposureHigh":true,"exposureModerate":false,"zoneLabels":"AE"},"id":10860850082},{"type":"Feature","geometry":{"type":"LineString","coordinates":[[-66.25181794166565,18.416727471581424],[-66.25167846679688,18.416763099288858]]},"properties":{"class":"motorway","oneway":1,"ramp":1,"id":"14/5176/7339/22","source":"OpenFreeMap / OpenStreetMap","exposureHigh":true,"exposureModerate":false,"zoneLabels":"AE"},"id":13938742792},{"type":"Feature","geometry":{"type":"MultiLineString","coordinates":[[[-66.2698745727539,18.40825295735776],[-66.26982092857361,18.408232597662035],[-66.26953125,18.408013730780894],[-66.26940250396729,18.407815223369],[-66.26928448677063,18.40749964701226]],[[-66.25585198402405,18.410319453948503],[-66.25588417053223,18.40671070358968],[-66.25579297542572,18.404384571939815],[-66.25596463680267,18.403595614243685],[-66.2558788061142,18.403259669869342],[-66.25567495822906,18.40308151728368],[-66.25511705875397,18.40277611242233],[-66.25415682792664,18.401411964095843],[-66.25410854816437,18.401228719467568],[-66.25399589538574,18.400108886947365],[-66.2538081407547,18.39922828626078],[-66.25369012355804,18.398877062765706],[-66.25352919101715,18.398525838554477],[-66.25331997871399,18.39802190691357],[-66.25317513942719,18.39760959811082],[-66.25314831733704,18.397395807972728],[-66.2531965970993,18.397207468821705],[-66.25331461429596,18.397019129464795],[-66.25394761562347,18.396209776911675]]]},"properties":{"class":"tertiary","id":"14/5176/7339/23","source":"OpenFreeMap / OpenStreetMap","exposureHigh":true,"exposureModerate":true,"zoneLabels":"AE, X"},"id":221512140},{"type":"Feature","geometry":{"type":"MultiLineString","coordinates":[[[-66.26102328300476,18.40939818636538],[-66.26079797744751,18.409438905478723]],[[-66.25566959381104,18.41034999312096],[-66.25968217849731,18.409637411018352]]]},"properties":{"surface":"paved","class":"primary","foot":"no","id":"14/5176/7339/32","source":"OpenFreeMap / OpenStreetMap","exposureHigh":true,"exposureModerate":false,"zoneLabels":"AE"},"id":222385140},{"type":"Feature","geometry":{"type":"LineString","coordinates":[[-66.25566959381104,18.41034999312096],[-66.25510632991791,18.410400891729722],[-66.25374913215637,18.410645204842154],[-66.25309467315674,18.4107520917198],[-66.25198423862457,18.410874248070144],[-66.2514317035675,18.410909876989322],[-66.24834716320038,18.41092005667916],[-66.24789655208588,18.410935326212794],[-66.2472152709961,18.411011673860642]]},"properties":{"class":"primary","oneway":1,"id":"14/5176/7339/33","source":"OpenFreeMap / OpenStreetMap","exposureHigh":true,"exposureModerate":false,"zoneLabels":"AE, X"},"id":4144620782},{"type":"Feature","geometry":{"type":"LineString","coordinates":[[-66.2472152709961,18.411103290993353],[-66.24760150909424,18.411062572273735],[-66.24800384044647,18.411032033227684],[-66.24945223331451,18.41101676370262],[-66.24976336956024,18.41100658401851],[-66.25064313411713,18.41100658401851],[-66.25143706798553,18.411032033227684],[-66.2516838312149,18.411026943386148],[-66.25222027301788,18.410996404333787],[-66.25292837619781,18.4108844277621],[-66.25351846218109,18.410757181569466],[-66.25511169433594,18.410502688902042],[-66.25566959381104,18.41034999312096]]},"properties":{"surface":"paved","class":"primary","oneway":1,"id":"14/5176/7339/34","source":"OpenFreeMap / OpenStreetMap","exposureHigh":true,"exposureModerate":false,"zoneLabels":"AE, X"},"id":4144620812},{"type":"Feature","geometry":{"type":"LineString","coordinates":[[-66.25469326972961,18.410472149756657],[-66.25421583652496,18.41045688018194],[-66.25408709049225,18.410421251168984],[-66.25394761562347,18.41035508298252],[-66.25385642051697,18.41029400463397],[-66.25379741191864,18.41023801612876],[-66.25351846218109,18.40987663533886],[-66.25343799591064,18.40979519730962],[-66.25336825847626,18.409744298521787],[-66.25318050384521,18.409652680665758],[-66.2529444694519,18.409642500900972],[-66.25278353691101,18.409678130075108],[-66.2526386976242,18.409739208642165],[-66.25252604484558,18.40984100620581],[-66.2524563074112,18.40992244421338],[-66.25240802764893,18.410019151797314],[-66.25238120555878,18.410115859326922],[-66.25235438346863,18.410360172843923],[-66.25234365463257,18.410645204842154]]},"properties":{"class":"trunk","oneway":1,"id":"14/5176/7339/35","source":"OpenFreeMap / OpenStreetMap","exposureHigh":true,"exposureModerate":false,"zoneLabels":"AE"},"id":222359812},{"type":"Feature","geometry":{"type":"LineString","coordinates":[[-66.25232756137848,18.411194908077306],[-66.25218272209167,18.413928128652245],[-66.25210762023926,18.414737397923872],[-66.25206470489502,18.41498170488066],[-66.2519520521164,18.415404151508383],[-66.25180184841156,18.416187965395764],[-66.25167846679688,18.416763099288858],[-66.25160872936249,18.417404396761228]]},"properties":{"class":"trunk","oneway":1,"id":"14/5176/7339/36","source":"OpenFreeMap / OpenStreetMap","exposureHigh":true,"exposureModerate":false,"zoneLabels":"AE"},"id":599692262},{"type":"Feature","geometry":{"type":"LineString","coordinates":[[-66.25172674655914,18.417404396761228],[-66.25174283981323,18.417175362224043],[-66.25181794166565,18.416727471581424],[-66.25219881534576,18.415012243225874],[-66.25224709510803,18.414722128727547],[-66.25233292579651,18.41292544383606],[-66.2524402141571,18.41117454872952]]},"properties":{"class":"trunk","oneway":1,"id":"14/5176/7339/37","source":"OpenFreeMap / OpenStreetMap","exposureHigh":true,"exposureModerate":false,"zoneLabels":"AE"},"id":13945429422},{"type":"Feature","geometry":{"type":"LineString","coordinates":[[-66.25418901443481,18.395904359865725],[-66.25394761562347,18.396209776911675]]},"properties":{"class":"tertiary","layer":1,"brunnel":"bridge","id":"14/5176/7339/38","source":"OpenFreeMap / OpenStreetMap","exposureHigh":true,"exposureModerate":false,"zoneLabels":"AE"},"id":603355612},{"type":"Feature","geometry":{"type":"LineString","coordinates":[[-66.25968217849731,18.409637411018352],[-66.26079797744751,18.409438905478723]]},"properties":{"brunnel":"bridge","surface":"paved","class":"primary","foot":"no","layer":1,"id":"14/5176/7339/40","source":"OpenFreeMap / OpenStreetMap","exposureHigh":true,"exposureModerate":false,"zoneLabels":"AE"},"id":599691762},{"type":"Feature","geometry":{"type":"LineString","coordinates":[[-66.25234365463257,18.410645204842154],[-66.25232756137848,18.411194908077306]]},"properties":{"brunnel":"bridge","class":"trunk","layer":1,"oneway":1,"id":"14/5176/7339/41","source":"OpenFreeMap / OpenStreetMap","exposureHigh":true,"exposureModerate":false,"zoneLabels":"AE"},"id":599692062},{"type":"Feature","geometry":{"type":"LineString","coordinates":[[-66.2524402141571,18.41117454872952],[-66.25246167182922,18.41063502513606]]},"properties":{"brunnel":"bridge","class":"trunk","layer":1,"oneway":1,"id":"14/5176/7339/42","source":"OpenFreeMap / OpenStreetMap","exposureHigh":true,"exposureModerate":false,"zoneLabels":"AE"},"id":599692082},{"type":"Feature","geometry":{"type":"MultiLineString","coordinates":[[[-66.26447260379791,18.394097297931836],[-66.26465499401093,18.393852961342517]],[[-66.265389919281,18.395257891999208],[-66.26527190208435,18.395054279570417]],[[-66.2644511461258,18.395670206430495],[-66.26453161239624,18.395990894750383],[-66.26452624797821,18.396087610158276],[-66.26448333263397,18.396250499143562]],[[-66.26270771026611,18.396092700441386],[-66.26233756542206,18.395848366681903]],[[-66.26380205154419,18.395446233281604],[-66.26386106014252,18.39586363755204],[-66.26385569572449,18.395899269577058],[-66.26392006874084,18.39600107532219]],[[-66.26173138618469,18.395588761682774],[-66.26190304756165,18.395751651139705]],[[-66.26164019107819,18.395705838495516],[-66.2613719701767,18.395415691466013]],[[-66.25898480415344,18.37888668484139],[-66.25900089740753,18.37897831905873],[-66.2588506937027,18.379375400104593]],[[-66.25682830810547,18.382913453667328],[-66.25677466392517,18.382842184240104],[-66.25673174858093,18.382658919863417]],[[-66.2516462802887,18.396499922603795],[-66.25165164470673,18.396555915575846]]]},"properties":{"class":"service","id":"14/5176/7340/2","source":"OpenFreeMap / OpenStreetMap","exposureHigh":true,"exposureModerate":false,"zoneLabels":"AE"},"id":222340040},{"type":"Feature","geometry":{"type":"MultiLineString","coordinates":[[[-66.26496613025665,18.39132812963112],[-66.26486420631409,18.391597921881754],[-66.26471400260925,18.39183717126008],[-66.26407563686371,18.392544736626533],[-66.2639307975769,18.392850159627983],[-66.26374304294586,18.393089407267638],[-66.26364648342133,18.3933744678514],[-66.26338362693787,18.3936493472534],[-66.26300275325775,18.39379187714104],[-66.26282036304474,18.394031123473113],[-66.2624716758728,18.39461142170694],[-66.26205325126648,18.395008466740776],[-66.2619137763977,18.39521207922371],[-66.26180112361908,18.395502226596122],[-66.26161873340607,18.395736380259677],[-66.26131296157837,18.39598580446426],[-66.26120567321777,18.39612833241904],[-66.2611573934555,18.396301401919885],[-66.26116275787354,18.396555915575846]],[[-66.26425802707672,18.39118050727747],[-66.26414000988007,18.390910714373334],[-66.26408636569977,18.390859810004414],[-66.26263797283173,18.390824176937244],[-66.26196205615997,18.390803815181258],[-66.26161873340607,18.390722368133282],[-66.26094818115234,18.390457664961488],[-66.25961244106293,18.390462755410937],[-66.25936031341553,18.390432212712014],[-66.25918865203857,18.390381308201754],[-66.25892579555511,18.390030066671258],[-66.25874876976013,18.389831538533016]],[[-66.26427948474884,18.39232075941476],[-66.2644511461258,18.39244801922989],[-66.26452088356018,18.392575278951043],[-66.2650465965271,18.392987599801998]],[[-66.2646496295929,18.394545247445663],[-66.26415073871613,18.394855757220654]],[[-66.26406490802765,18.396555915575846],[-66.26417756080627,18.396367575506602],[-66.2641990184784,18.396306492196672],[-66.26422584056854,18.39607742959157],[-66.26417756080627,18.395822915228706],[-66.2642365694046,18.395756741432763],[-66.2644511461258,18.395670206430495],[-66.26439213752747,18.39549713629556],[-66.26380205154419,18.395446233281604],[-66.26364648342133,18.395318975680922],[-66.26358211040497,18.395242621075383],[-66.26351773738861,18.395222259841546],[-66.26338362693787,18.395201898605293],[-66.26321732997894,18.395222259841546],[-66.2624716758728,18.39461142170694]],[[-66.26338362693787,18.3936493472534],[-66.26341581344604,18.394270369472963],[-66.26352846622467,18.394692866916685]],[[-66.26280963420868,18.394051484847722],[-66.26297056674957,18.394132930322172],[-66.2630832195282,18.394239827448928]],[[-66.26282036304474,18.394031123473113],[-66.2624716758728,18.393796967491994],[-66.26220345497131,18.394229646773056]],[[-66.26225709915161,18.396555915575846],[-66.26247704029083,18.39626576997803],[-66.26265943050385,18.396143603264335],[-66.26292765140533,18.395858547262137],[-66.26299738883972,18.395685477316405],[-66.26321732997894,18.395222259841546],[-66.26322269439697,18.395044098942662],[-66.26352846622467,18.394692866916685],[-66.26372158527374,18.394448531171946],[-66.26441359519958,18.394082026905153],[-66.26447260379791,18.394097297931836],[-66.26453161239624,18.39419401440273],[-66.2646496295929,18.394545247445663],[-66.26502513885498,18.395201898605293],[-66.26517534255981,18.395283343535894],[-66.26543283462524,18.395252801691413],[-66.26559376716614,18.39552258779689]],[[-66.25963926315308,18.395700748200966],[-66.26007378101349,18.395502226596122],[-66.26017034053802,18.39549713629556],[-66.26025080680847,18.395553129593537],[-66.2606155872345,18.396092700441386],[-66.26083016395569,18.396555915575846]],[[-66.25883996486664,18.39428564048295],[-66.25885605812073,18.394041304160723],[-66.25901699066162,18.39376642538403],[-66.25905454158783,18.393628985831256],[-66.25918865203857,18.39207132990444],[-66.25927448272705,18.391888075340276],[-66.25933885574341,18.391664097274955]],[[-66.25927448272705,18.391888075340276],[-66.25943005084991,18.391745543877832],[-66.25965535640717,18.391664097274955],[-66.26001477241516,18.391664097274955],[-66.26048684120178,18.391628464374094],[-66.26114666461945,18.391552108133126],[-66.26152753829956,18.391475751858323],[-66.26206934452057,18.391216140270956],[-66.26213908195496,18.39117032642082],[-66.26226246356964,18.39111433169856],[-66.26235365867615,18.391104150838018],[-66.2626326084137,18.39111942212861],[-66.26294374465942,18.391155055134732],[-66.26355528831482,18.391190688133506],[-66.26392543315887,18.39116523599229],[-66.26425802707672,18.39118050727747],[-66.26496613025665,18.39132812963112],[-66.26501441001892,18.391343400901874],[-66.26539528369904,18.3915164752091],[-66.2656956911087,18.39181171921433],[-66.26602292060852,18.392687267427917]],[[-66.25918865203857,18.39207132990444],[-66.25887215137482,18.39218331870883],[-66.25864684581757,18.392234222686767],[-66.25857710838318,18.392264765066315],[-66.25847518444061,18.392366572959034],[-66.25839471817017,18.392524375073847],[-66.25828742980957,18.39268217704418],[-66.25822842121124,18.392748352020988],[-66.25810503959656,18.39281961735219]],[[-66.26048684120178,18.391628464374094],[-66.26037418842316,18.39181171921433],[-66.26021325588226,18.39227494585829],[-66.26016497612,18.392666905892085]],[[-66.26143634319305,18.391491023116004],[-66.26135587692261,18.39124159240467]],[[-66.26152753829956,18.391475751858323],[-66.26148462295532,18.391562288967208],[-66.26155436038971,18.391888075340276],[-66.26154363155365,18.392045877893295],[-66.26113057136536,18.392707628961332],[-66.26059949398041,18.393481365448736],[-66.26048684120178,18.393720612211965],[-66.26046001911163,18.39394458760411],[-66.26062095165253,18.39446380216613],[-66.26048684120178,18.394860847540173],[-66.26017034053802,18.39549713629556]],[[-66.26179039478302,18.391343400901874],[-66.26155436038971,18.391124512558505]],[[-66.2626326084137,18.39111942212861],[-66.26263797283173,18.390824176937244]],[[-66.26273453235626,18.39244292883909],[-66.26260578632355,18.39229530744045],[-66.26246631145477,18.392050968295834],[-66.26223564147949,18.39153174646316],[-66.26206934452057,18.391216140270956]],[[-66.26294374465942,18.391155055134732],[-66.26301884651184,18.391424847656324],[-66.26313149929047,18.39172518223073]],[[-66.26360356807709,18.390844538690814],[-66.26351237297058,18.39022859458082]],[[-66.26280963420868,18.389638100639885],[-66.26287400722504,18.390238775493103]],[[-66.26264333724976,18.38964828158703],[-66.26350164413452,18.38957192446871],[-66.2636786699295,18.389617738743766],[-66.26376986503601,18.389811176659762],[-66.26385033130646,18.39013696634329],[-66.26376450061798,18.39020314229751],[-66.26351237297058,18.39022859458082],[-66.26287400722504,18.390238775493103],[-66.26190841197968,18.390269318226302],[-66.26159191131592,18.390259137315823]],[[-66.26161873340607,18.390722368133282],[-66.26159191131592,18.390259137315823],[-66.26158654689789,18.389831538533016],[-66.26164019107819,18.389724638671538],[-66.26173675060272,18.38969918631379]],[[-66.26033127307892,18.389826448064923],[-66.26039028167725,18.390050428518677],[-66.26039564609528,18.390462755410937]],[[-66.2646335363388,18.390416941360513],[-66.2646335363388,18.39029477049985],[-66.26467645168304,18.390259137315823],[-66.26494467258453,18.39026422777114],[-66.26505196094513,18.390350765488407],[-66.26511096954346,18.390925985681065],[-66.26501441001892,18.391343400901874]],[[-66.26642525196075,18.37587800099493],[-66.2663984298706,18.37563872946822],[-66.26635551452637,18.37557254792351],[-66.26615166664124,18.375460548328462],[-66.26591563224792,18.375409639397574]],[[-66.26584053039551,18.376163090040208],[-66.2654435634613,18.376045999953632],[-66.26519680023193,18.375582729701264]],[[-66.26441359519958,18.376356543052566],[-66.2646496295929,18.37663654044931],[-66.26462280750275,18.376779084403964]],[[-66.2604546546936,18.378291061241782],[-66.2605619430542,18.37863723589193],[-66.26072287559509,18.37951285102281],[-66.26077651977539,18.379747026408936]],[[-66.26077651977539,18.378260516386348],[-66.2607604265213,18.378138336910524],[-66.26054048538208,18.37760889151501]],[[-66.25928521156311,18.3803171912367],[-66.25934958457947,18.380368098718932],[-66.2592476606369,18.380571728497557],[-66.25918865203857,18.38061754516461],[-66.25885605812073,18.380688815511363],[-66.2587434053421,18.380749904356605]],[[-66.2589579820633,18.380907717106567],[-66.25883460044861,18.38132006586828],[-66.25877559185028,18.38171205081389],[-66.25877022743225,18.382104034868377]],[[-66.25954806804657,18.38185968127668],[-66.25953733921051,18.381594964494894],[-66.25933349132538,18.381126618423835],[-66.2592476606369,18.381040076075806],[-66.2589579820633,18.380907717106567],[-66.25831961631775,18.380444459914102],[-66.2582015991211,18.380266283739445],[-66.2580943107605,18.37965539260007],[-66.2580943107605,18.379487397157334],[-66.25811576843262,18.3794364894151],[-66.25839471817017,18.379136133430038],[-66.25845909118652,18.379080134798684]],[[-66.2562221288681,18.384058851134654],[-66.25639379024506,18.384272657819054],[-66.25646889209747,18.384415195461344],[-66.25657618045807,18.384970073017897],[-66.25664591789246,18.38512788190502],[-66.2568336725235,18.385153334937797],[-66.25745594501495,18.385031160346173]],[[-66.25639379024506,18.384272657819054],[-66.25711798667908,18.384287929714944],[-66.25776171684265,18.384257385921813],[-66.25902771949768,18.38439483294823]],[[-66.25609874725342,18.384959891794423],[-66.25585734844208,18.384924257507464],[-66.25565350055695,18.38484280768111],[-66.25524580478668,18.384644273568128]],[[-66.25580370426178,18.3854129556575],[-66.25549793243408,18.38525005642809],[-66.25548183917999,18.385219512805435],[-66.25548720359802,18.385183878572178],[-66.25565350055695,18.38484280768111]],[[-66.25452697277069,18.38564203243841],[-66.25454843044281,18.38613072855358],[-66.2545645236969,18.386227449495465],[-66.25460743904114,18.387530631631165]],[[-66.25365257263184,18.383799228375665],[-66.25410854816437,18.38393667576736],[-66.25460207462311,18.383967219617304],[-66.25563740730286,18.3839570383346],[-66.2557715177536,18.383895950625686],[-66.25621676445007,18.383529423917764],[-66.25630259513855,18.38329525366862],[-66.25627040863037,18.38286763761036],[-66.2562221288681,18.382781096136185],[-66.25608265399933,18.382765824106826],[-66.25485956668854,18.383315616311606],[-66.25477373600006,18.3833817948847],[-66.25463426113129,18.383717778017783],[-66.25460207462311,18.383967219617304]],[[-66.25320196151733,18.383824681604622],[-66.25283718109131,18.383962128976023],[-66.25276744365692,18.384028307300937]],[[-66.25553548336029,18.38336143224953],[-66.25561058521271,18.383320706971972],[-66.25573396682739,18.383274891023234]],[[-66.25547111034393,18.38304072042837],[-66.25561058521271,18.383320706971972]],[[-66.25318050384521,18.382496018031688],[-66.25313222408295,18.382562196919395],[-66.25305712223053,18.382699645297294],[-66.252960562706,18.383127261772216],[-66.25320196151733,18.383824681604622],[-66.25318050384521,18.384069032411347]],[[-66.25425338745117,18.38192586040863],[-66.25432312488556,18.38185459057317],[-66.25438749790192,18.381824046348967],[-66.2544572353363,18.381824046348967],[-66.25450015068054,18.381874953386315],[-66.25444650650024,18.382098944172085]],[[-66.25578761100769,18.38077535803572],[-66.25590026378632,18.380088107380686],[-66.25599682331085,18.379385581657843]],[[-66.25687658786774,18.38152369452267],[-66.2568336725235,18.38153896666205],[-66.25669956207275,18.38153896666205],[-66.25657618045807,18.38152369452267],[-66.25651717185974,18.38147278738161],[-66.25650107860565,18.38141169879252]],[[-66.25683903694153,18.38314762443504],[-66.25715017318726,18.383193440417614],[-66.25722527503967,18.38309671777347]],[[-66.25724136829376,18.382857456262713],[-66.25722527503967,18.382567287602015],[-66.2571233510971,18.382287299834886],[-66.2570321559906,18.38222621153436],[-66.25686049461365,18.382195667375967]],[[-66.25701606273651,18.38020519472289],[-66.25720381736755,18.380337554231403],[-66.25732719898224,18.380363007971383]],[[-66.2567800283432,18.380398643201048],[-66.2566888332367,18.3803222819856],[-66.25644207000732,18.380047381329973],[-66.25645816326141,18.379385581657843],[-66.25697314739227,18.378830686129035]],[[-66.25651180744171,18.380464822893757],[-66.25590026378632,18.380088107380686]],[[-66.25670492649078,18.379899749315527],[-66.2566888332367,18.3803222819856],[-66.25651180744171,18.380464822893757],[-66.25640988349915,18.3805564562725],[-66.25638842582703,18.380602272943605],[-66.25653862953186,18.38094844295408]],[[-66.25759541988373,18.37873396103761],[-66.25745058059692,18.378876503258695],[-66.25736474990845,18.379059771655506],[-66.25727891921997,18.380118651912397]],[[-66.25556766986847,18.378530329088846],[-66.25544965267181,18.378428513024275],[-66.25500440597534,18.377797252082374],[-66.25484347343445,18.37739507656761],[-66.25462889671326,18.37704889942411],[-66.25447869300842,18.376707812441353],[-66.2543660402298,18.376371815649563],[-66.25434458255768,18.376198726137744],[-66.25434458255768,18.375908546272314],[-66.25438749790192,18.375633638581064],[-66.25442504882812,18.375053276460633]],[[-66.24798238277435,18.37760889151501],[-66.24772489070892,18.377700526411303],[-66.2472152709961,18.377792161258924]],[[-66.24772489070892,18.377700526411303],[-66.24776780605316,18.37788379605786],[-66.24798238277435,18.378260516386348]],[[-66.24888896942139,18.381528785235943],[-66.24855637550354,18.381396426641842],[-66.24835789203644,18.381386245207324],[-66.24793946743011,18.38153896666205],[-66.2476658821106,18.38167641585565],[-66.2472152709961,18.382002220913932]],[[-66.24940395355225,18.38147278738161],[-66.24922692775726,18.381482968811028],[-66.24906063079834,18.381513513095655],[-66.24904453754425,18.38147278738161],[-66.24902844429016,18.381457515236377],[-66.24900698661804,18.38144733380544],[-66.24895870685577,18.38144224308978],[-66.24889969825745,18.381482968811028],[-66.24888896942139,18.381528785235943],[-66.24890506267548,18.38157460164871],[-66.24892115592957,18.381594964494894],[-66.2489640712738,18.381610236627964],[-66.24899625778198,18.381610236627964],[-66.24903917312622,18.3815847830721],[-66.24906599521637,18.38153896666205],[-66.24906063079834,18.381513513095655]],[[-66.25078797340393,18.38476644843395],[-66.2511956691742,18.385687847758064]],[[-66.24976873397827,18.385754025420496],[-66.24961853027344,18.385764206597088],[-66.24933958053589,18.38575911600887],[-66.24927520751953,18.385789659535916],[-66.2491250038147,18.386232540069855],[-66.2491625547409,18.386431072353616],[-66.24946296215057,18.386848498460893]],[[-66.24854028224945,18.38695540010623],[-66.24908208847046,18.387067392235025],[-66.24946296215057,18.386848498460893],[-66.25002086162567,18.386481978030588],[-66.25004768371582,18.38641580064761],[-66.24976873397827,18.385754025420496],[-66.249720454216,18.38560639829248]],[[-66.24854564666748,18.386924856785754],[-66.24869585037231,18.386171453167307]],[[-66.24987602233887,18.386583789339397],[-66.25017642974854,18.387036848934386],[-66.25024616718292,18.38701648673097]],[[-66.249178647995,18.387978598214744],[-66.24902307987213,18.38776988665589],[-66.24773561954498,18.38763244232058],[-66.2472152709961,18.387571355914147]],[[-66.24758541584015,18.388940704328007],[-66.24762296676636,18.388472378213578],[-66.24773561954498,18.38763244232058]],[[-66.2489265203476,18.388630183894293],[-66.24886751174927,18.388609821879086],[-66.24871730804443,18.388599640870595],[-66.24833643436432,18.388528373794244],[-66.24762296676636,18.388472378213578],[-66.2472152709961,18.38842656363404]],[[-66.24826669692993,18.389745000555024],[-66.2472152709961,18.389607557794804]],[[-66.24942004680634,18.389831538533016],[-66.24983310699463,18.389877352739077],[-66.24984920024872,18.38990789553634],[-66.24982237815857,18.39007588082454]],[[-66.24923765659332,18.390065699902635],[-66.2490713596344,18.391093969976865]],[[-66.25021398067474,18.388869437392685],[-66.25040709972382,18.389409029169855],[-66.25028371810913,18.39022859458082]],[[-66.25095963478088,18.38966864347954],[-66.25084161758423,18.390376217749917]],[[-66.2527996301651,18.390147147260976],[-66.25257968902588,18.390019885746653],[-66.2525475025177,18.389953709722093],[-66.25245094299316,18.389118871537377]],[[-66.2530517578125,18.389118871537377],[-66.25071823596954,18.389113781048238],[-66.25070214271545,18.38921559080248]],[[-66.25242412090302,18.389118871537377],[-66.2524563074112,18.388151675901128]],[[-66.25250995159149,18.389653372060394],[-66.25080406665802,18.38966864347954]],[[-66.25183939933777,18.388584369356707],[-66.25061631202698,18.3885640073361]],[[-66.25303030014038,18.387240470836417],[-66.25302493572235,18.387530631631165],[-66.25303030014038,18.387662985515675]],[[-66.25249922275543,18.38733719115561],[-66.2527459859848,18.38736264386216],[-66.25302493572235,18.387530631631165]],[[-66.25187158584595,18.38795823612257],[-66.25181257724762,18.389113781048238]],[[-66.25062704086304,18.388207671585988],[-66.25019252300262,18.388222943133243],[-66.24991357326508,18.388360386997675],[-66.24959170818329,18.38845201617974],[-66.24950587749481,18.38846728770534],[-66.24942541122437,18.38845201617974],[-66.24935567378998,18.388421473124453],[-66.24929666519165,18.388304391362425],[-66.24911963939667,18.388024412913367]],[[-66.25062704086304,18.387963326645846],[-66.25061631202698,18.388767627433964],[-66.25058948993683,18.38879817042789],[-66.25055193901062,18.388818532420842],[-66.2499725818634,18.388905070864027]],[[-66.25076651573181,18.387556084309153],[-66.25127077102661,18.387642623386213],[-66.25163555145264,18.387683347642735],[-66.25245094299316,18.387866606678003],[-66.25295519828796,18.388065137079664],[-66.25309467315674,18.388156766418675],[-66.25348091125488,18.38836547750907]],[[-66.25056803226471,18.387220108657033],[-66.25076651573181,18.387556084309153],[-66.25087380409241,18.387948055075583]],[[-66.25138342380524,18.38663469497125],[-66.25093817710876,18.385993282911215]],[[-66.2508898973465,18.387026667832984],[-66.25112056732178,18.387301557360118],[-66.25162482261658,18.38736773440303]],[[-66.25096499919891,18.386970671764445],[-66.25072360038757,18.386655057219784]],[[-66.25201642513275,18.386950309553214],[-66.25202178955078,18.386873951239593],[-66.25200569629669,18.38676195898512]],[[-66.25202178955078,18.386873951239593],[-66.25247776508331,18.386894313459862],[-66.25278890132904,18.386695781709633],[-66.25292301177979,18.386568517646907],[-66.25311076641083,18.386431072353616]],[[-66.25247776508331,18.386894313459862],[-66.25249922275543,18.38717938429106],[-66.25250995159149,18.38770880029817],[-66.25245094299316,18.387866606678003]],[[-66.25334143638611,18.386217268346243],[-66.25393688678741,18.38618163431923],[-66.25448942184448,18.386166362591112],[-66.25454843044281,18.38613072855358],[-66.2546181678772,18.386084913351624],[-66.25474154949188,18.386023826396766],[-66.25575006008148,18.385835474816332],[-66.25611484050751,18.386115456820946],[-66.25620603561401,18.386110366243102],[-66.25625967979431,18.38600855465468]],[[-66.25393688678741,18.38618163431923],[-66.2539154291153,18.38565221362161]],[[-66.25384032726288,18.38676704954372],[-66.25388324260712,18.388090589678725]],[[-66.25410318374634,18.38676195898512],[-66.2537008523941,18.386772140102167]],[[-66.25309467315674,18.388156766418675],[-66.25303030014038,18.388345115462585],[-66.25300347805023,18.388594550366108],[-66.2530517578125,18.389118871537377],[-66.25312149524689,18.390080971285258],[-66.25304102897644,18.390584926152513],[-66.2529444694519,18.3907274585749],[-66.2528532743454,18.39076309166208],[-66.25273525714874,18.390758001221513],[-66.25218272209167,18.390452574511897],[-66.2516301870346,18.39026422777114],[-66.25151753425598,18.390213323211285],[-66.25147998332977,18.39015732817805],[-66.25152826309204,18.389663553006642]],[[-66.254403591156,18.388075318119732],[-66.2544196844101,18.388670907917472],[-66.2539690732956,18.388681088921757],[-66.25392615795135,18.38871163193103],[-66.25391006469727,18.388757446434795],[-66.25393152236938,18.389261405172263],[-66.25447869300842,18.389246133717023]],[[-66.253861784935,18.387550993773857],[-66.25555694103241,18.38751536002256],[-66.25560522079468,18.387591718052036],[-66.25567495822906,18.38969918631379]],[[-66.25459134578705,18.386909585123476],[-66.25569105148315,18.386873951239593],[-66.25613629817963,18.386741596749204],[-66.25675857067108,18.38653288369251]],[[-66.25454843044281,18.38613072855358],[-66.25475764274597,18.38612563797618],[-66.25502586364746,18.386492159164177]],[[-66.25517070293427,18.38594746767275],[-66.25520825386047,18.385591126513404],[-66.25526189804077,18.38545877103803]],[[-66.25613629817963,18.386741596749204],[-66.25617921352386,18.386894313459862],[-66.25625967979431,18.389027242709858]],[[-66.25617921352386,18.386894313459862],[-66.25695168972015,18.38685867957281]],[[-66.25702679157257,18.387988779259928],[-66.25347554683685,18.3881007707173]],[[-66.25620067119598,18.387444092497873],[-66.25701069831848,18.38742373034256]],[[-66.25623822212219,18.38858945986148],[-66.25662982463837,18.38857418834671]],[[-66.25770270824432,18.39091580480938],[-66.25892579555511,18.390030066671258],[-66.25914573669434,18.38990280507049],[-66.25979483127594,18.38987226227232],[-66.26010060310364,18.389806086191072],[-66.26033127307892,18.389826448064923],[-66.26080870628357,18.389770452906006],[-66.26098036766052,18.389709367257353]],[[-66.25565886497498,18.38915959544508],[-66.25507414340973,18.389179957395342],[-66.25499367713928,18.38918504788252]],[[-66.25564277172089,18.388599640870595],[-66.2550151348114,18.388625093390715],[-66.2550151348114,18.388686179423672]],[[-66.25507414340973,18.389179957395342],[-66.25508487224579,18.389490476838503]],[[-66.25406563282013,18.38996389065059],[-66.25432848930359,18.38969918631379],[-66.25451624393463,18.389622829218013],[-66.25455915927887,18.389653372060394],[-66.25456988811493,18.389729729142644],[-66.25438213348389,18.39007588082454],[-66.25413000583649,18.390376217749917],[-66.25390470027924,18.390564564368276],[-66.25370621681213,18.390696915922902],[-66.25361502170563,18.390696915922902]],[[-66.25341653823853,18.39172518223073],[-66.2532502412796,18.39192370818745],[-66.25295519828796,18.39238693453035],[-66.25267624855042,18.392748352020988],[-66.25235974788666,18.392982509427142],[-66.25200569629669,18.39313013023704],[-66.2505841255188,18.393435552200856],[-66.25032126903534,18.39347627508846],[-66.25001013278961,18.393450823284823],[-66.24839007854462,18.393201395410358]],[[-66.25459671020508,18.392926515293738],[-66.2557178735733,18.39210696271374]],[[-66.25577688217163,18.393155582088056],[-66.25522971153259,18.392463290401395]],[[-66.2558251619339,18.39123141155163],[-66.25677466392517,18.3924683807916]],[[-66.25600755214691,18.391109241268367],[-66.2553209066391,18.391582650633566]],[[-66.25827133655548,18.393313383480304],[-66.25883996486664,18.39428564048295],[-66.25963926315308,18.395700748200966],[-66.26010060310364,18.396555915575846]],[[-66.2561309337616,18.392626182813203],[-66.2557178735733,18.39210696271374],[-66.25500440597534,18.39116523599229]],[[-66.25814259052277,18.39481503465909],[-66.25689804553986,18.395751651139705]],[[-66.25292837619781,18.396555915575846],[-66.25297129154205,18.395914540442647],[-66.252960562706,18.395853456972105],[-66.25291764736176,18.39579746377173],[-66.25272989273071,18.39574656084652],[-66.25183403491974,18.395807644354974],[-66.25129222869873,18.395792373479892],[-66.25070750713348,18.39584327639156],[-66.25044465065002,18.395904359865725],[-66.25028908252716,18.395950172457134],[-66.24964535236359,18.39636248523159],[-66.2492698431015,18.39652537395699],[-66.24915182590485,18.396555915575846]],[[-66.25278890132904,18.396555915575846],[-66.25268161296844,18.396535554497206],[-66.2516462802887,18.396499922603795],[-66.25009059906006,18.396520283686655],[-66.24981701374054,18.396505012874727],[-66.24964535236359,18.39636248523159]],[[-66.25095427036285,18.39651010314553],[-66.25095427036285,18.396555915575846]],[[-66.25276744365692,18.391643735618217],[-66.25247240066528,18.39210696271374],[-66.2522953748703,18.39235639217246],[-66.25216126441956,18.392473471181646],[-66.25187695026398,18.39261600204196],[-66.25115811824799,18.392758532784384],[-66.25070750713348,18.392707628961332]],[[-66.25225245952606,18.39135358174829],[-66.25303566455841,18.391801538395]],[[-66.25079333782196,18.39218331870883],[-66.25115811824799,18.39222404189239],[-66.2516301870346,18.392122233915472],[-66.25179648399353,18.392061149100442],[-66.25202715396881,18.391862623302046],[-66.25247240066528,18.39210696271374],[-66.25295519828796,18.39238693453035]],[[-66.2505841255188,18.393435552200856],[-66.25086307525635,18.391745543877832],[-66.25084698200226,18.391669187688763],[-66.2507826089859,18.391628464374094],[-66.25040709972382,18.39157246980068],[-66.25033736228943,18.391603012297523],[-66.25010132789612,18.392921424917077],[-66.24995648860931,18.393786786789946]],[[-66.25010132789612,18.392921424917077],[-66.24884605407715,18.39273308087475]],[[-66.247918009758,18.39131794878321],[-66.24734938144684,18.391236501978227],[-66.2472152709961,18.391221230697994]],[[-66.24836325645447,18.39333883530422],[-66.24850273132324,18.39252946546226],[-66.24841690063477,18.392463290401395],[-66.2478107213974,18.392366572959034],[-66.2477570772171,18.39229021704513],[-66.247918009758,18.39131794878321],[-66.24822914600372,18.389739910084387],[-66.24824523925781,18.389622829218013]],[[-66.25009059906006,18.396520283686655],[-66.25009059906006,18.396555915575846]],[[-66.2492698431015,18.396555915575846],[-66.2492698431015,18.39652537395699]],[[-66.24727964401245,18.391765905522547],[-66.2472152709961,18.391755724700502]],[[-66.24734938144684,18.391236501978227],[-66.24727964401245,18.391765905522547],[-66.2472152709961,18.39213241471586]],[[-66.2472152709961,18.388905070864027],[-66.24758541584015,18.388940704328007],[-66.24873340129852,18.389037423693097],[-66.24935567378998,18.389103600069504],[-66.24946296215057,18.389139233492443],[-66.24948978424072,18.38921559080248],[-66.24949514865875,18.389291948078693],[-66.24938786029816,18.390091152206253]],[[-66.2472152709961,18.388034593955823],[-66.24837934970856,18.388187309520873]],[[-66.2472152709961,18.37790415933989],[-66.24734401702881,18.378204517470678]],[[-66.25649034976959,18.375277276106942],[-66.25637769699097,18.375312912387486],[-66.25611484050751,18.37512964000912],[-66.25603973865509,18.375144912714745],[-66.25598609447479,18.375221276222632],[-66.25598073005676,18.375679456560036],[-66.25599145889282,18.376168180911733],[-66.25597536563873,18.37646854206581],[-66.2559324502945,18.376585631865524],[-66.2559700012207,18.377074353649505],[-66.25600755214691,18.377405258237786],[-66.25600755214691,18.37755289238774],[-66.25590562820435,18.377746343841196]],[[-66.25989139080048,18.37516527632016],[-66.2598592042923,18.375053276460633]],[[-66.26133441925049,18.375053276460633],[-66.26148462295532,18.375536911696614],[-66.26149535179138,18.376025636452212],[-66.26174211502075,18.37712017124575]],[[-66.26699924468994,18.375053276460633],[-66.26668810844421,18.375226367121968],[-66.26664519309998,18.375302730593802],[-66.26667201519012,18.375827092187265]],[[-66.26761078834534,18.37517036722113],[-66.26786291599274,18.375465639220707]],[[-66.26841008663177,18.375053276460633],[-66.26795411109924,18.375424912078415],[-66.26786291599274,18.375465639220707],[-66.2674069404602,18.3758678192346],[-66.26732110977173,18.375913637151356],[-66.26722455024719,18.375928909787575],[-66.26701533794403,18.37590345539313],[-66.26667201519012,18.375827092187265],[-66.26642525196075,18.37587800099493],[-66.26584053039551,18.376163090040208],[-66.26537382602692,18.37645326947738],[-66.26528263092041,18.37652963240602],[-66.26525044441223,18.376631449591613],[-66.26522362232208,18.37679944781641],[-66.26513242721558,18.376860538039423],[-66.26506268978119,18.37687071974115],[-66.26462280750275,18.376779084403964],[-66.26424193382263,18.376809629521745],[-66.26379132270813,18.377013263502235],[-66.2629383802414,18.377486711577518],[-66.26203179359436,18.378072156324976],[-66.26181721687317,18.37813324609715],[-66.26108229160309,18.37826560719597],[-66.26077651977539,18.378260516386348],[-66.2604546546936,18.378291061241782],[-66.26024544239044,18.378392877387483],[-66.25998795032501,18.378621963495533],[-66.25976800918579,18.37878486898724],[-66.25959098339081,18.37882050454303],[-66.25898480415344,18.37888668484139],[-66.25845909118652,18.379080134798684],[-66.25796020030975,18.37921758595226],[-66.25771343708038,18.37932449232929],[-66.257643699646,18.379416126314],[-66.25747203826904,18.379909930837826],[-66.25735938549042,18.380067744356538],[-66.25727891921997,18.380118651912397],[-66.25701606273651,18.38020519472289],[-66.25683903694153,18.38030700973846],[-66.2567800283432,18.380398643201048],[-66.2567800283432,18.380510639589218],[-66.25691413879395,18.380953533684334],[-66.25687658786774,18.38152369452267],[-66.25689804553986,18.38181895564439],[-66.25686049461365,18.382195667375967],[-66.25682830810547,18.382913453667328],[-66.25683903694153,18.38314762443504],[-66.25682830810547,18.383427610805043],[-66.2567800283432,18.383585421104115],[-66.25660300254822,18.38378904708304],[-66.2562221288681,18.384058851134654],[-66.25569641590118,18.384410104833293],[-66.25524580478668,18.384644273568128],[-66.25508487224579,18.384695179772734],[-66.25480592250824,18.384715542250376],[-66.253861784935,18.38465954543109],[-66.25336825847626,18.384557732985783]]]},"properties":{"class":"minor","id":"14/5176/7340/6","source":"OpenFreeMap / OpenStreetMap","exposureHigh":true,"exposureModerate":false,"zoneLabels":"AE"},"id":216557610},{"type":"Feature","geometry":{"type":"MultiLineString","coordinates":[[[-66.25350773334503,18.384216660855927],[-66.25318050384521,18.384069032411347],[-66.25298738479614,18.384013035382054],[-66.25276744365692,18.384028307300937],[-66.24961853027344,18.385199150387336],[-66.2493234872818,18.385219512805435],[-66.24911427497864,18.3852093315967],[-66.24857246875763,18.385158425543906]],[[-66.24766051769257,18.3767841752573],[-66.24744594097137,18.376692539874114],[-66.2472152709961,18.37665181302151]],[[-66.24933421611786,18.382801458839907],[-66.24939322471619,18.382562196919395],[-66.24945223331451,18.382134579042983],[-66.24944150447845,18.381793502119336],[-66.24924838542938,18.380057562843547],[-66.24914646148682,18.379568849513646],[-66.24902844429016,18.37924303985757],[-66.24846518039703,18.378382695775628],[-66.24798238277435,18.37760889151501],[-66.24779462814331,18.377257623961455],[-66.24771416187286,18.376860538039423],[-66.24766051769257,18.3767841752573],[-66.24764442443848,18.376600904442242],[-66.24722599983215,18.37606127257814],[-66.2472152709961,18.37603581820322]],[[-66.24879240989685,18.384415195461344],[-66.24902844429016,18.383967219617304],[-66.24904453754425,18.383901041268928]],[[-66.24823451042175,18.38579475012324],[-66.24814867973328,18.38584056540229],[-66.24808967113495,18.385901652422106],[-66.24807357788086,18.385967830002457],[-66.24854564666748,18.386924856785754],[-66.24837934970856,18.388187309520873],[-66.24827742576599,18.388996699756518],[-66.24824523925781,18.389515929227088],[-66.24825060367584,18.389709367257353],[-66.24826669692993,18.389745000555024],[-66.24841153621674,18.38989262413837],[-66.24849200248718,18.38994352879297],[-66.24858319759369,18.389974071578507],[-66.24961853027344,18.39012169496563],[-66.25028371810913,18.39022859458082],[-66.25084161758423,18.390376217749917],[-66.2516301870346,18.390625649713797],[-66.25214517116547,18.390829267375864],[-66.25241875648499,18.390997251765953],[-66.253142952919,18.391373943439305],[-66.25336289405823,18.391475751858323]],[[-66.24837934970856,18.388187309520873],[-66.24880313873291,18.3882127621019],[-66.24911963939667,18.388024412913367],[-66.24961853027344,18.38766807604766],[-66.25003695487976,18.387393187105076],[-66.25056803226471,18.387220108657033],[-66.2508898973465,18.387026667832984],[-66.25163555145264,18.386436162921996],[-66.25281572341919,18.38545877103803],[-66.25319123268127,18.38509224765282]],[[-66.25557839870453,18.394148201344336],[-66.25514388084412,18.39467759594278],[-66.2548166513443,18.395100092387878]],[[-66.25367939472198,18.396555915575846],[-66.25394761562347,18.396209776911675]]]},"properties":{"class":"tertiary","id":"14/5176/7340/13","source":"OpenFreeMap / OpenStreetMap","exposureHigh":true,"exposureModerate":false,"zoneLabels":"AE"},"id":221511190},{"type":"Feature","geometry":{"type":"LineString","coordinates":[[-66.2548166513443,18.395100092387878],[-66.25394761562347,18.396209776911675]]},"properties":{"class":"tertiary","layer":1,"brunnel":"bridge","id":"14/5176/7340/24","source":"OpenFreeMap / OpenStreetMap","exposureHigh":true,"exposureModerate":false,"zoneLabels":"AE"},"id":603355612},{"type":"Feature","geometry":{"type":"MultiLineString","coordinates":[[[-66.24506950378418,18.454972110665423],[-66.24576687812805,18.45464644375555],[-66.24732792377472,18.453954399520995],[-66.24752104282379,18.453918779521686],[-66.2479019165039,18.454005285221484]],[[-66.22613847255707,18.442911845865908],[-66.22651934623718,18.4429983571097]],[[-66.23003304004669,18.44385328941189],[-66.22959315776825,18.44460135168633]],[[-66.22874557971954,18.44504916972052],[-66.22833251953125,18.444983014857144]],[[-66.22842907905579,18.444535196650506],[-66.22887432575226,18.444616618229446],[-66.22879385948181,18.444952481834676],[-66.22874557971954,18.44504916972052],[-66.22869193553925,18.445242545328952],[-66.22829496860504,18.44517639054004]],[[-66.22674465179443,18.453654173581114],[-66.22661590576172,18.452870530518922],[-66.22673392295837,18.452153036007488],[-66.22732937335968,18.44941533437195]],[[-66.2252426147461,18.452636454624823],[-66.22556447982788,18.452427821493757],[-66.22590780258179,18.452290428805583],[-66.22627794742584,18.45220392224182],[-66.22662127017975,18.45215812463161],[-66.22673392295837,18.452153036007488]]]},"properties":{"class":"service","id":"14/5177/7337/1","source":"OpenFreeMap / OpenStreetMap","exposureHigh":true,"exposureModerate":true,"zoneLabels":"AE, X"},"id":222345110},{"type":"Feature","geometry":{"type":"MultiLineString","coordinates":[[[-66.22901380062103,18.442871134677276],[-66.22917473316193,18.442550533729744]],[[-66.22640132904053,18.443542868056],[-66.22655689716339,18.44319173502656]]]},"properties":{"class":"service","service":"driveway","id":"14/5177/7337/2","source":"OpenFreeMap / OpenStreetMap","exposureHigh":true,"exposureModerate":true,"zoneLabels":"AE, X"},"id":222356650},{"type":"Feature","geometry":{"type":"MultiLineString","coordinates":[[[-66.24392688274384,18.44549698658733],[-66.24376058578491,18.444234954244635],[-66.24351918697357,18.442316443771134],[-66.24344408512115,18.44183808503783]],[[-66.24369621276855,18.443731156486336],[-66.24202787876129,18.443909266973748]],[[-66.24376058578491,18.444234954244635],[-66.24209761619568,18.444413064209726]],[[-66.24484419822693,18.444647151311614],[-66.24461352825165,18.44466750669669],[-66.24228537082672,18.444896504612743],[-66.24218881130219,18.444896504612743],[-66.24209761619568,18.444413064209726],[-66.24192595481873,18.44311031277232]],[[-66.24350309371948,18.442224843265734],[-66.24109983444214,18.44238768857491],[-66.24105155467987,18.44245384443768],[-66.24151289463043,18.4457463386549]],[[-66.24351918697357,18.442316443771134],[-66.24403953552246,18.442270643524537]],[[-66.24399662017822,18.441873707542598],[-66.24403953552246,18.442270643524537],[-66.24407172203064,18.44240804422772],[-66.24413073062897,18.442464022260452],[-66.24468863010406,18.442423310965722]],[[-66.24479055404663,18.44292711255916],[-66.24442040920258,18.44295255704489],[-66.24439895153046,18.44296273483812],[-66.24360501766205,18.44300344600505],[-66.24163627624512,18.443125579447937],[-66.24115347862244,18.443166290576258]],[[-66.24439895153046,18.44296273483812],[-66.24438285827637,18.4429983571097],[-66.24461352825165,18.44466750669669]],[[-66.2325006723404,18.444850705053952],[-66.23294591903687,18.44353269029712]],[[-66.232790350914,18.444967748346585],[-66.23331069946289,18.443542868056],[-66.2334930896759,18.442972912630765]],[[-66.23187839984894,18.44460135168633],[-66.23205542564392,18.444138265900534],[-66.23228073120117,18.4434360015578],[-66.23237192630768,18.443023801584886],[-66.2324470281601,18.442270643524537],[-66.23250603675842,18.441883885399733],[-66.23260796070099,18.441400436519473]],[[-66.2315833568573,18.443975422250617],[-66.23181939125061,18.44329351279012]],[[-66.23331069946289,18.443542868056],[-66.23366475105286,18.443654823363772],[-66.23453915119171,18.443899089236595]],[[-66.23432457447052,18.443257890579744],[-66.23385787010193,18.443151023904264]],[[-66.23437285423279,18.444382531085978],[-66.23348236083984,18.444158621345906]],[[-66.23420655727386,18.44485579389442],[-66.23333215713501,18.44455046319949]],[[-66.23403489589691,18.44267266749459],[-66.23460352420807,18.44275917885882],[-66.23478055000305,18.44280497897519],[-66.23482346534729,18.442855867979063],[-66.23483419418335,18.442916934763815],[-66.23453915119171,18.443899089236595],[-66.23437285423279,18.444382531085978],[-66.23414754867554,18.445008459038377]],[[-66.23464107513428,18.442245198937812],[-66.23460352420807,18.44275917885882]],[[-66.23159945011139,18.440952608974683],[-66.23091280460358,18.44267266749459]],[[-66.2329888343811,18.441619260918003],[-66.2341046333313,18.442189220833768],[-66.2341582775116,18.442229932183977],[-66.23416364192963,18.442306265939607],[-66.23348236083984,18.444158621345906],[-66.23311221599579,18.445105146892715]],[[-66.23346090316772,18.44246911117162],[-66.23401343822479,18.442713378730247]],[[-66.23332679271698,18.442489466814777],[-66.2324470281601,18.442270643524537]],[[-66.23326241970062,18.442937290353896],[-66.23240411281586,18.442698112018007]],[[-66.23237192630768,18.443023801584886],[-66.23275816440582,18.44317646835684],[-66.2328976392746,18.44328842390337]],[[-66.23240947723389,18.44262177843646],[-66.23171210289001,18.442413133140533],[-66.23110592365265,18.44219939867223],[-66.23054265975952,18.4420212864122]],[[-66.23027443885803,18.442743912150647],[-66.23142778873444,18.44317137946662],[-66.23181939125061,18.44329351279012],[-66.23228073120117,18.4434360015578]],[[-66.22955024242401,18.44283042347901],[-66.22941076755524,18.443120490556197],[-66.22901380062103,18.442871134677276],[-66.2285041809082,18.442530178093833]],[[-66.22917473316193,18.441451325939354],[-66.22783899307251,18.441105277586985],[-66.22768878936768,18.441120544440764]],[[-66.2308806180954,18.44113072234252],[-66.23042464256287,18.440988231663027]],[[-66.22758150100708,18.44047424644441],[-66.22730791568756,18.440392822902382],[-66.22679829597473,18.440199441835404]],[[-66.22711479663849,18.44094752001861],[-66.22730791568756,18.440392822902382],[-66.22758150100708,18.43964983129895]],[[-66.2275493144989,18.44199075286336],[-66.22750639915466,18.441873707542598],[-66.22741520404816,18.441802462525686],[-66.22607409954071,18.441420792289236],[-66.22543573379517,18.441303746580203],[-66.2252426147461,18.44128339079657]],[[-66.22631013393402,18.4423418883473],[-66.22607409954071,18.441420792289236],[-66.22590780258179,18.440835562946717],[-66.22596144676208,18.440652360308093],[-66.22614920139313,18.44014346306487],[-66.22658908367157,18.438978082700515],[-66.22666418552399,18.43895263762623],[-66.22749030590057,18.439074773948434]],[[-66.22596144676208,18.44333931276404],[-66.22636377811432,18.4423673329197]],[[-66.22707724571228,18.444916859968288],[-66.2263423204422,18.444840527372563],[-66.2252426147461,18.444657329004457]],[[-66.227747797966,18.443858378281902],[-66.22789263725281,18.443848200541737],[-66.22842907905579,18.4436192012283],[-66.22865438461304,18.44353269029712]],[[-66.22831642627716,18.44317646835684],[-66.22806966304779,18.443400379376968],[-66.22788190841675,18.44354795693522],[-66.22774243354797,18.443776956343598],[-66.22773706912994,18.44380748957498],[-66.22776925563812,18.44393471131403],[-66.22781753540039,18.444021222042764],[-66.22786045074463,18.444072110686378],[-66.22786581516266,18.444173887928372]],[[-66.22856318950653,18.443283335016474],[-66.22865438461304,18.44307977941702],[-66.2285041809082,18.442530178093833],[-66.2282520532608,18.44170577281264],[-66.22817695140839,18.441527660040904],[-66.22809648513794,18.441441148056583],[-66.22768878936768,18.441120544440764],[-66.22711479663849,18.44094752001861],[-66.225945353508,18.440698160986074],[-66.2252426147461,18.4406014706516]],[[-66.22850954532623,18.444173887928372],[-66.2279087305069,18.444036488637437],[-66.22786045074463,18.444072110686378]],[[-66.22941613197327,18.44359884571901],[-66.22955560684204,18.443380023841726],[-66.22959315776825,18.44330369056314]],[[-66.22917473316193,18.443502157016894],[-66.22887969017029,18.443939800181624],[-66.22881531715393,18.444133177038793]],[[-66.22985064983368,18.44378204521587],[-66.2299793958664,18.443507245897322],[-66.23007595539093,18.443262979467377],[-66.2308806180954,18.44113072234252],[-66.23102009296417,18.4407286947646]],[[-66.23007595539093,18.443262979467377],[-66.23123466968536,18.443710800990303]],[[-66.23100399971008,18.444245131961893],[-66.23123466968536,18.443710800990303],[-66.2321788072586,18.441176522892974],[-66.23102009296417,18.4407286947646],[-66.23051583766937,18.44055058098003]],[[-66.22971653938293,18.44760374572708],[-66.2295663356781,18.448168597045665],[-66.22949123382568,18.44836196914231]],[[-66.22935712337494,18.44746126041639],[-66.22948586940765,18.44721191083825]],[[-66.22897624969482,18.447323863754846],[-66.22910499572754,18.44697782723142]],[[-66.22855246067047,18.4472068220676],[-66.22871339321136,18.44680989749088]],[[-66.22761905193329,18.448153330818243],[-66.22685194015503,18.448071910915687],[-66.2252426147461,18.447807295965873]],[[-66.22777998447418,18.447405284011992],[-66.22830033302307,18.4475579468901],[-66.22921228408813,18.44787344974155],[-66.22948586940765,18.447959958486678],[-66.22967898845673,18.448041378442298],[-66.23135805130005,18.44855534102126],[-66.23141169548035,18.448611317050847],[-66.2314224243164,18.44869273669768],[-66.23133659362793,18.448972616439292],[-66.23124539852142,18.448987882593897],[-66.2309342622757,18.4489013743665],[-66.23029053211212,18.448702914150815],[-66.22994184494019,18.448534986096888],[-66.22949123382568,18.44836196914231],[-66.22921764850616,18.4482958155548],[-66.22859537601471,18.448107532127807],[-66.22832715511322,18.44799557972202],[-66.22806966304779,18.447909070994825],[-66.22789263725281,18.447883627243243],[-66.22768878936768,18.447832739728767]],[[-66.22775316238403,18.44751723680254],[-66.22575759887695,18.447171200668677],[-66.2252426147461,18.447089780300587]],[[-66.22813940048218,18.447094869074718],[-66.22834324836731,18.446611434858553]],[[-66.22786581516266,18.447023626223086],[-66.22911036014557,18.447359485122092],[-66.22962534427643,18.447573213170443],[-66.22982382774353,18.447639367036274],[-66.23016715049744,18.447807295965873],[-66.2303227186203,18.44792433724396],[-66.23047828674316,18.448010845963452],[-66.23049437999725,18.44806682217049],[-66.23047828674316,18.448138064589443],[-66.2304139137268,18.448265283121202]],[[-66.22744739055634,18.44624504170416],[-66.22753858566284,18.44581249322431],[-66.22755467891693,18.44568527287589],[-66.22767269611359,18.445105146892715],[-66.22778534889221,18.444652240158106]],[[-66.22685194015503,18.446133088084437],[-66.22693240642548,18.445817582036284],[-66.22707724571228,18.444916859968288],[-66.22716307640076,18.444433419622555],[-66.227205991745,18.444107732727915],[-66.2272596359253,18.44380748957498]],[[-66.22732937335968,18.44941533437195],[-66.22761905193329,18.448153330818243],[-66.22777998447418,18.447405284011992],[-66.2278014421463,18.447242443459118],[-66.22786581516266,18.447023626223086],[-66.22827351093292,18.445257811815083],[-66.22865438461304,18.44353269029712],[-66.2287187576294,18.44332913499312]],[[-66.23084843158722,18.448397590294263],[-66.23093962669373,18.448158419560855]],[[-66.2252426147461,18.445863381337304],[-66.2266856431961,18.446102555266393],[-66.22802138328552,18.44634172886248]],[[-66.2252426147461,18.445278167127796],[-66.22598826885223,18.44543592071969]],[[-66.2252426147461,18.4436192012283],[-66.22565567493439,18.4438431116714],[-66.22683048248291,18.444336731390152],[-66.22716307640076,18.444433419622555]],[[-66.2252426147461,18.443008534900244],[-66.22640132904053,18.443542868056],[-66.22673392295837,18.44368026774174],[-66.2272596359253,18.44380748957498],[-66.22774243354797,18.443776956343598]],[[-66.2252426147461,18.43998570461345],[-66.22614920139313,18.44014346306487]]]},"properties":{"class":"minor","id":"14/5177/7337/3","source":"OpenFreeMap / OpenStreetMap","exposureHigh":true,"exposureModerate":true,"zoneLabels":"AE, X"},"id":222337960},{"type":"Feature","geometry":{"type":"MultiLineString","coordinates":[[[-66.23795628547668,18.45004124398463],[-66.23819231987,18.44933391506767],[-66.23858392238617,18.448438300173166],[-66.23881459236145,18.447781852199213],[-66.23911499977112,18.447227177149372],[-66.23925983905792,18.44697782723142],[-66.23935103416443,18.44678445357647],[-66.23938322067261,18.446672500308324],[-66.23942077159882,18.446463859932038],[-66.239452958107,18.445934624670144]],[[-66.23299419879913,18.44200093071359],[-66.23250603675842,18.441883885399733]]]},"properties":{"surface":"paved","class":"minor","id":"14/5177/7337/4","source":"OpenFreeMap / OpenStreetMap","exposureHigh":true,"exposureModerate":false,"zoneLabels":"AE"},"id":222346710},{"type":"Feature","geometry":{"type":"MultiLineString","coordinates":[[[-66.24212980270386,18.445680184059995],[-66.24143242835999,18.445756516282614],[-66.239452958107,18.445934624670144],[-66.23895943164825,18.445960068710434],[-66.23858392238617,18.446021134391742],[-66.23688340187073,18.446550369387097],[-66.23669028282166,18.44656054696719],[-66.2364274263382,18.44649948147763],[-66.23415291309357,18.445547874793775]],[[-66.2479019165039,18.445110235725636],[-66.2451821565628,18.445369766005243],[-66.2422639131546,18.445670006427747]],[[-66.23393297195435,18.445456276011313],[-66.232790350914,18.444967748346585],[-66.22917473316193,18.443502157016894],[-66.2287187576294,18.44332913499312],[-66.22856318950653,18.443283335016474],[-66.22631013393402,18.4423418883473],[-66.2252426147461,18.441883885399733]]]},"properties":{"class":"tertiary","id":"14/5177/7337/5","source":"OpenFreeMap / OpenStreetMap","exposureHigh":true,"exposureModerate":true,"zoneLabels":"AE, X"},"id":222369710},{"type":"Feature","geometry":{"type":"MultiLineString","coordinates":[[[-66.2422639131546,18.445670006427747],[-66.24212980270386,18.445680184059995]],[[-66.23415291309357,18.445547874793775],[-66.23393297195435,18.445456276011313]]]},"properties":{"class":"tertiary","layer":1,"brunnel":"bridge","id":"14/5177/7337/6","source":"OpenFreeMap / OpenStreetMap","exposureHigh":true,"exposureModerate":false,"zoneLabels":"AE"},"id":7002447570},{"type":"Feature","geometry":{"type":"MultiLineString","coordinates":[[[-66.24760687351227,18.422717912434265],[-66.2474513053894,18.42246343745613],[-66.24744057655334,18.42240745291042]],[[-66.22875094413757,18.426280522596144],[-66.22861683368683,18.42618891354499]],[[-66.22849345207214,18.426519723777474],[-66.22852563858032,18.426565528221047],[-66.22854173183441,18.426621511413288],[-66.22853636741638,18.42668258396587],[-66.22848808765411,18.426713120233998],[-66.22843444347382,18.42672329898886],[-66.22838079929352,18.42670803085636],[-66.22834324836731,18.42668258396587],[-66.22831642627716,18.42664186893323],[-66.22832179069519,18.426590975128875],[-66.22835397720337,18.426534991926687],[-66.22838616371155,18.426519723777474],[-66.22842907905579,18.426514634394096],[-66.22849345207214,18.426519723777474],[-66.22868657112122,18.42623980746832]],[[-66.2289708852768,18.42693705270146],[-66.22853636741638,18.42668258396587]]]},"properties":{"surface":"paved","class":"service","id":"14/5177/7338/1","source":"OpenFreeMap / OpenStreetMap","exposureHigh":true,"exposureModerate":true,"zoneLabels":"AE, X"},"id":222348430},{"type":"Feature","geometry":{"type":"MultiLineString","coordinates":[[[-66.2479019165039,18.422733180920986],[-66.24783217906952,18.422738270416247],[-66.24770879745483,18.422773896878923],[-66.24676465988159,18.42327266658164]],[[-66.2373286485672,18.421267400016163],[-66.23721063137054,18.420631206500445]],[[-66.23085916042328,18.417205900179965],[-66.23186767101288,18.417149913923325]],[[-66.22956097126007,18.41777594102868],[-66.2293142080307,18.41782683744121]],[[-66.22904598712921,18.417093927648466],[-66.22908353805542,18.41720081052101],[-66.22915863990784,18.417480741539222]],[[-66.22908353805542,18.41720081052101],[-66.229367852211,18.417119375957483],[-66.2294214963913,18.417312782982947],[-66.22954487800598,18.41729242435892],[-66.22964143753052,18.417694506737362],[-66.22956097126007,18.41777594102868],[-66.22948050498962,18.417959168043282],[-66.22934103012085,18.418234008199306],[-66.2293142080307,18.418361248863604]],[[-66.22868120670319,18.427374738045856],[-66.22758686542511,18.42776152881831],[-66.2274581193924,18.42756304418849]],[[-66.22807502746582,18.428255194724613],[-66.2285578250885,18.42851475045738],[-66.2287026643753,18.428570733015036],[-66.2288099527359,18.428545286400194],[-66.22887432575226,18.428443499903082],[-66.22887432575226,18.428336624016282],[-66.22881531715393,18.428239926728125],[-66.22828423976898,18.42793965585514]],[[-66.22984528541565,18.416752919944628],[-66.22911036014557,18.417068479335697],[-66.22885286808014,18.417165182904213],[-66.22848272323608,18.417216079497393]],[[-66.22979164123535,18.416773278632476],[-66.22978091239929,18.416752919944628]],[[-66.23038172721863,18.416976865378558],[-66.23051047325134,18.417368769186595],[-66.22989356517792,18.417450203632086]],[[-66.23077869415283,18.417002313704884],[-66.23030662536621,18.416971775712824],[-66.23025834560394,18.416956506714797],[-66.23003840446472,18.416752919944628]],[[-66.23082160949707,18.416752919944628],[-66.23088598251343,18.417480741539222],[-66.2307733297348,18.4176385206397],[-66.23056948184967,18.41773013424455],[-66.2297648191452,18.417867554560388],[-66.22964680194855,18.417948988769794],[-66.22932493686676,18.41835106961392],[-66.22921764850616,18.418447772461576]]]},"properties":{"class":"service","id":"14/5177/7338/2","source":"OpenFreeMap / OpenStreetMap","exposureHigh":true,"exposureModerate":true,"zoneLabels":"AE, X"},"id":222348800},{"type":"Feature","geometry":{"type":"MultiLineString","coordinates":[[[-66.24557912349701,18.42190868069889],[-66.24546110630035,18.42151169770098],[-66.24464571475983,18.42150151863771]],[[-66.24518752098083,18.42095184832644],[-66.24514997005463,18.420106981275424]],[[-66.24594390392303,18.419801606621633],[-66.24617457389832,18.420152787426744],[-66.24672174453735,18.420763534945493]],[[-66.24362647533417,18.420020458511885],[-66.24365329742432,18.420142608283058]],[[-66.24370694160461,18.42108926606892],[-66.24362647533417,18.420727908066468]],[[-66.23874485492706,18.42306399780034],[-66.23871266841888,18.422880776222684]]]},"properties":{"class":"service","service":"driveway","id":"14/5177/7338/3","source":"OpenFreeMap / OpenStreetMap","exposureHigh":true,"exposureModerate":false,"zoneLabels":"AE, X"},"id":222357520},{"type":"Feature","geometry":{"type":"LineString","coordinates":[[-66.2467110157013,18.423404992994705],[-66.24668419361115,18.423364277186153],[-66.24665200710297,18.4233337403234],[-66.24660909175873,18.42331338241189],[-66.24656081199646,18.423308292933626],[-66.24651253223419,18.42331847189],[-66.24646961688995,18.423343919278253],[-66.24643743038177,18.423379545615475],[-66.24642133712769,18.423420261420432],[-66.24642133712769,18.423471156163075],[-66.24646425247192,18.423552587719954],[-66.24650716781616,18.42357803507356],[-66.24655544757843,18.42358821401396],[-66.2466037273407,18.423583124543853],[-66.24664664268494,18.423567856132564],[-66.24668419361115,18.423537319305964],[-66.24670565128326,18.423496603528733],[-66.24671638011932,18.423450798267822],[-66.2467110157013,18.423404992994705]]},"properties":{"class":"service","oneway":1,"id":"14/5177/7338/4","source":"OpenFreeMap / OpenStreetMap","exposureHigh":true,"exposureModerate":false,"zoneLabels":"AE"},"id":4924081852},{"type":"Feature","geometry":{"type":"LineString","coordinates":[[-66.24676465988159,18.42327266658164],[-66.24660909175873,18.42331338241189]]},"properties":{"class":"service","oneway":1,"id":"14/5177/7338/5","source":"OpenFreeMap / OpenStreetMap","exposureHigh":true,"exposureModerate":false,"zoneLabels":"AE"},"id":4924081882},{"type":"Feature","geometry":{"type":"LineString","coordinates":[[-66.2467110157013,18.423404992994705],[-66.24676465988159,18.42327266658164]]},"properties":{"class":"service","oneway":1,"id":"14/5177/7338/6","source":"OpenFreeMap / OpenStreetMap","exposureHigh":true,"exposureModerate":false,"zoneLabels":"AE"},"id":4924081892},{"type":"Feature","geometry":{"type":"LineString","coordinates":[[-66.24760687351227,18.422717912434265],[-66.24776244163513,18.42266192797136],[-66.2479019165039,18.422626301485508]]},"properties":{"class":"service","oneway":1,"id":"14/5177/7338/7","source":"OpenFreeMap / OpenStreetMap","exposureHigh":true,"exposureModerate":false,"zoneLabels":"AE"},"id":4924081932},{"type":"Feature","geometry":{"type":"LineString","coordinates":[[-66.2479019165039,18.42246343745613],[-66.24744057655334,18.42240745291042]]},"properties":{"class":"service","oneway":1,"id":"14/5177/7338/8","source":"OpenFreeMap / OpenStreetMap","exposureHigh":true,"exposureModerate":false,"zoneLabels":"AE"},"id":4924081942},{"type":"Feature","geometry":{"type":"LineString","coordinates":[[-66.2479019165039,18.42332356136795],[-66.24766051769257,18.42292658163541]]},"properties":{"surface":"paved","class":"service","oneway":1,"service":"parking_aisle","id":"14/5177/7338/9","source":"OpenFreeMap / OpenStreetMap","exposureHigh":true,"exposureModerate":false,"zoneLabels":"AE"},"id":5264748892},{"type":"Feature","geometry":{"type":"LineString","coordinates":[[-66.2479019165039,18.423583124543853],[-66.24753177165985,18.423002923962812]]},"properties":{"surface":"paved","class":"service","oneway":1,"service":"parking_aisle","id":"14/5177/7338/10","source":"OpenFreeMap / OpenStreetMap","exposureHigh":true,"exposureModerate":false,"zoneLabels":"AE"},"id":5264748912},{"type":"Feature","geometry":{"type":"LineString","coordinates":[[-66.2479019165039,18.42384777679048],[-66.2474137544632,18.423069087285825]]},"properties":{"surface":"paved","class":"service","oneway":1,"service":"parking_aisle","id":"14/5177/7338/11","source":"OpenFreeMap / OpenStreetMap","exposureHigh":true,"exposureModerate":false,"zoneLabels":"AE"},"id":5264748942},{"type":"Feature","geometry":{"type":"LineString","coordinates":[[-66.24780535697937,18.423980102761092],[-66.24778926372528,18.423934297628946],[-66.24729573726654,18.42314034006678]]},"properties":{"surface":"paved","class":"service","oneway":1,"service":"parking_aisle","id":"14/5177/7338/12","source":"OpenFreeMap / OpenStreetMap","exposureHigh":true,"exposureModerate":false,"zoneLabels":"AE"},"id":5264748972},{"type":"Feature","geometry":{"type":"LineString","coordinates":[[-66.24763369560242,18.423980102761092],[-66.24762296676636,18.423934297628946],[-66.24717235565186,18.423211592818205]]},"properties":{"surface":"paved","class":"service","oneway":1,"service":"parking_aisle","id":"14/5177/7338/13","source":"OpenFreeMap / OpenStreetMap","exposureHigh":true,"exposureModerate":false,"zoneLabels":"AE"},"id":5264749002},{"type":"Feature","geometry":{"type":"LineString","coordinates":[[-66.24746203422546,18.423975013302567],[-66.2474513053894,18.42391902924885],[-66.2470543384552,18.42327775606094]]},"properties":{"surface":"paved","class":"service","oneway":1,"service":"parking_aisle","id":"14/5177/7338/14","source":"OpenFreeMap / OpenStreetMap","exposureHigh":true,"exposureModerate":false,"zoneLabels":"AE"},"id":5264749032},{"type":"Feature","geometry":{"type":"LineString","coordinates":[[-66.24730110168457,18.4239699238439],[-66.24728500843048,18.42391902924885],[-66.24693632125854,18.42334900875545]]},"properties":{"surface":"paved","class":"service","oneway":1,"service":"parking_aisle","id":"14/5177/7338/15","source":"OpenFreeMap / OpenStreetMap","exposureHigh":true,"exposureModerate":false,"zoneLabels":"AE"},"id":5264749052},{"type":"Feature","geometry":{"type":"LineString","coordinates":[[-66.24712407588959,18.423964834385075],[-66.24711334705353,18.423924118709024],[-66.24681830406189,18.423420261420432]]},"properties":{"surface":"paved","class":"service","oneway":1,"service":"parking_aisle","id":"14/5177/7338/16","source":"OpenFreeMap / OpenStreetMap","exposureHigh":true,"exposureModerate":false,"zoneLabels":"AE"},"id":5264749082},{"type":"Feature","geometry":{"type":"LineString","coordinates":[[-66.24696850776672,18.423959744926094],[-66.24694168567657,18.42389867140662],[-66.24673247337341,18.42355767719097]]},"properties":{"surface":"paved","class":"service","oneway":1,"service":"parking_aisle","id":"14/5177/7338/17","source":"OpenFreeMap / OpenStreetMap","exposureHigh":true,"exposureModerate":false,"zoneLabels":"AE"},"id":5264749102},{"type":"Feature","geometry":{"type":"LineString","coordinates":[[-66.24679684638977,18.423954655466957],[-66.24678611755371,18.423908850328033],[-66.24661982059479,18.423618750831537]]},"properties":{"surface":"paved","class":"service","oneway":1,"service":"parking_aisle","id":"14/5177/7338/18","source":"OpenFreeMap / OpenStreetMap","exposureHigh":true,"exposureModerate":false,"zoneLabels":"AE"},"id":5264749132},{"type":"Feature","geometry":{"type":"LineString","coordinates":[[-66.24663054943085,18.42394956600768],[-66.24661982059479,18.42389867140662],[-66.24646961688995,18.423654377111845],[-66.2464588880539,18.423618750831537]]},"properties":{"surface":"paved","class":"service","oneway":1,"service":"parking_aisle","id":"14/5177/7338/19","source":"OpenFreeMap / OpenStreetMap","exposureHigh":true,"exposureModerate":false,"zoneLabels":"AE"},"id":5264749162},{"type":"Feature","geometry":{"type":"LineString","coordinates":[[-66.24647498130798,18.423944476548257],[-66.24646425247192,18.42389867140662],[-66.24620139598846,18.423496603528733]]},"properties":{"surface":"paved","class":"service","oneway":1,"service":"parking_aisle","id":"14/5177/7338/20","source":"OpenFreeMap / OpenStreetMap","exposureHigh":true,"exposureModerate":false,"zoneLabels":"AE"},"id":5264749182},{"type":"Feature","geometry":{"type":"LineString","coordinates":[[-66.24601900577545,18.42346606668947],[-66.24611556529999,18.42360857189294]]},"properties":{"surface":"paved","class":"service","oneway":1,"service":"parking_aisle","id":"14/5177/7338/21","source":"OpenFreeMap / OpenStreetMap","exposureHigh":true,"exposureModerate":false,"zoneLabels":"AE"},"id":5264749212},{"type":"Feature","geometry":{"type":"LineString","coordinates":[[-66.24637842178345,18.423002923962812],[-66.24652326107025,18.423206503336928]]},"properties":{"surface":"paved","class":"service","oneway":1,"service":"parking_aisle","id":"14/5177/7338/22","source":"OpenFreeMap / OpenStreetMap","exposureHigh":true,"exposureModerate":false,"zoneLabels":"AE"},"id":5264749242},{"type":"Feature","geometry":{"type":"LineString","coordinates":[[-66.24627113342285,18.4231352505834],[-66.24636232852936,18.4232828455401]]},"properties":{"surface":"paved","class":"service","oneway":1,"service":"parking_aisle","id":"14/5177/7338/23","source":"OpenFreeMap / OpenStreetMap","exposureHigh":true,"exposureModerate":false,"zoneLabels":"AE"},"id":5264749282},{"type":"Feature","geometry":{"type":"LineString","coordinates":[[-66.24630868434906,18.423939387088666],[-66.24611556529999,18.42360857189294],[-66.24630868434906,18.423364277186153]]},"properties":{"surface":"paved","class":"service","oneway":1,"service":"parking_aisle","id":"14/5177/7338/24","source":"OpenFreeMap / OpenStreetMap","exposureHigh":true,"exposureModerate":false,"zoneLabels":"AE"},"id":5264749322},{"type":"Feature","geometry":{"type":"LineString","coordinates":[[-66.24592781066895,18.42357803507356],[-66.24614775180817,18.423934297628946]]},"properties":{"surface":"paved","class":"service","oneway":1,"service":"parking_aisle","id":"14/5177/7338/25","source":"OpenFreeMap / OpenStreetMap","exposureHigh":true,"exposureModerate":false,"zoneLabels":"AE"},"id":5264749352},{"type":"Feature","geometry":{"type":"LineString","coordinates":[[-66.24648034572601,18.422880776222684],[-66.24667346477509,18.423160697998767]]},"properties":{"surface":"paved","class":"service","oneway":1,"service":"parking_aisle","id":"14/5177/7338/26","source":"OpenFreeMap / OpenStreetMap","exposureHigh":true,"exposureModerate":false,"zoneLabels":"AE"},"id":5264749372},{"type":"Feature","geometry":{"type":"LineString","coordinates":[[-66.24655544757843,18.42277898637299],[-66.24677538871765,18.42310471367999]]},"properties":{"surface":"paved","class":"service","oneway":1,"service":"parking_aisle","id":"14/5177/7338/27","source":"OpenFreeMap / OpenStreetMap","exposureHigh":true,"exposureModerate":false,"zoneLabels":"AE"},"id":5264749402},{"type":"Feature","geometry":{"type":"LineString","coordinates":[[-66.24664664268494,18.42265683847384],[-66.24689877033234,18.423038550370677]]},"properties":{"surface":"paved","class":"service","oneway":1,"service":"parking_aisle","id":"14/5177/7338/28","source":"OpenFreeMap / OpenStreetMap","exposureHigh":true,"exposureModerate":false,"zoneLabels":"AE"},"id":5264749422},{"type":"Feature","geometry":{"type":"LineString","coordinates":[[-66.24675393104553,18.422524511485207],[-66.24702751636505,18.422967297547572]]},"properties":{"surface":"paved","class":"service","oneway":1,"service":"parking_aisle","id":"14/5177/7338/29","source":"OpenFreeMap / OpenStreetMap","exposureHigh":true,"exposureModerate":false,"zoneLabels":"AE"},"id":5264749432},{"type":"Feature","geometry":{"type":"LineString","coordinates":[[-66.24686121940613,18.422402363405354],[-66.2471616268158,18.422890955204352]]},"properties":{"surface":"paved","class":"service","oneway":1,"service":"parking_aisle","id":"14/5177/7338/30","source":"OpenFreeMap / OpenStreetMap","exposureHigh":true,"exposureModerate":false,"zoneLabels":"AE"},"id":5264749442},{"type":"Feature","geometry":{"type":"LineString","coordinates":[[-66.24698996543884,18.42229548376433],[-66.24701142311096,18.42235655785305],[-66.24729037284851,18.422819702320098]]},"properties":{"surface":"paved","class":"service","oneway":1,"service":"parking_aisle","id":"14/5177/7338/31","source":"OpenFreeMap / OpenStreetMap","exposureHigh":true,"exposureModerate":false,"zoneLabels":"AE"},"id":5264749452},{"type":"Feature","geometry":{"type":"LineString","coordinates":[[-66.24714016914368,18.422275125729954],[-66.24715089797974,18.422326020811397],[-66.24740839004517,18.422748449406328]]},"properties":{"surface":"paved","class":"service","oneway":1,"service":"parking_aisle","id":"14/5177/7338/32","source":"OpenFreeMap / OpenStreetMap","exposureHigh":true,"exposureModerate":false,"zoneLabels":"AE"},"id":5264749462},{"type":"Feature","geometry":{"type":"MultiLineString","coordinates":[[[-66.2479019165039,18.423033460884284],[-66.24783217906952,18.422911313165855],[-66.24778389930725,18.42287568673163],[-66.2477195262909,18.422890955204352],[-66.24681830406189,18.423420261420432],[-66.24678611755371,18.423455887741852],[-66.24673247337341,18.42355767719097],[-66.24666810035706,18.42360348242343],[-66.24658763408661,18.423634019238293],[-66.24652326107025,18.423634019238293],[-66.24643206596375,18.42360857189294],[-66.24637305736542,18.42356276666186],[-66.24633550643921,18.423501693001413],[-66.24630868434906,18.423420261420432],[-66.24630868434906,18.423364277186153],[-66.24637305736542,18.42326757710218],[-66.24643743038177,18.423216682299312],[-66.24656081199646,18.42320141385551],[-66.24667346477509,18.423160697998767],[-66.24740839004517,18.422748449406328],[-66.24760687351227,18.422717912434265]],[[-66.24744057655334,18.42240745291042],[-66.24738693237305,18.42238200538361],[-66.24724745750427,18.422290394255953],[-66.247199177742,18.422270036220965],[-66.24698996543884,18.42229548376433],[-66.24693632125854,18.422326020811397],[-66.24675393104553,18.422524511485207],[-66.24592781066895,18.42357803507356],[-66.24586880207062,18.423710361251693],[-66.24587953090668,18.423766345373352],[-66.2459921836853,18.423929208169056],[-66.24788582324982,18.423985192219476],[-66.2479019165039,18.423980102761092]]]},"properties":{"surface":"paved","class":"service","oneway":1,"id":"14/5177/7338/33","source":"OpenFreeMap / OpenStreetMap","exposureHigh":true,"exposureModerate":false,"zoneLabels":"AE"},"id":5264749472},{"type":"Feature","geometry":{"type":"LineString","coordinates":[[-66.22693240642548,18.429970291032973],[-66.22680366039276,18.430036451675463],[-66.22674465179443,18.430082255182285],[-66.22666954994202,18.430163683608697],[-66.22611701488495,18.430988144254243],[-66.22607946395874,18.431069572251616],[-66.22605264186859,18.431156089456593],[-66.22605264186859,18.4312782313189]]},"properties":{"class":"service","oneway":1,"id":"14/5177/7338/35","source":"OpenFreeMap / OpenStreetMap","exposureHigh":true,"exposureModerate":false,"zoneLabels":"AE"},"id":13957741702},{"type":"Feature","geometry":{"type":"MultiLineString","coordinates":[[[-66.23851418495178,18.42759866965173],[-66.23796701431274,18.42757322289303]],[[-66.23908281326294,18.42814831872076],[-66.23910427093506,18.427491793239838],[-66.23913645744324,18.427013393248714]],[[-66.2408047914505,18.428010906618212],[-66.24042928218842,18.427960013219035]],[[-66.24239265918732,18.427115180592324],[-66.24216735363007,18.4266520476923],[-66.24197959899902,18.42615328778969]],[[-66.24285399913788,18.42564434762248],[-66.2427145242691,18.425252462667387],[-66.24255895614624,18.42383250840271],[-66.24223709106445,18.42239218439478]],[[-66.24219417572021,18.42604132108211],[-66.24212980270386,18.42591917549983],[-66.24202251434326,18.42564434762248],[-66.24194204807281,18.42531862512506],[-66.2419044971466,18.424784235316466],[-66.24173283576965,18.423873224100433]],[[-66.24322414398193,18.425405145223607],[-66.24310076236725,18.4247028043427],[-66.24306321144104,18.423786703231244],[-66.24290227890015,18.422967297547572],[-66.2427306175232,18.422275125729954],[-66.24255895614624,18.421379369831428],[-66.24232292175293,18.4202647579675],[-66.24219954013824,18.419740531625834],[-66.24202787876129,18.418926196276644],[-66.24194741249084,18.418829493697913],[-66.24168455600739,18.418834583308666],[-66.24050974845886,18.419048346824752],[-66.2341046333313,18.420325832777195],[-66.23290836811066,18.42057522135842],[-66.23231828212738,18.420682102068284],[-66.23218417167664,18.42075335583796],[-66.23236656188965,18.42166438357782],[-66.23247921466827,18.42219369356829]],[[-66.24457061290741,18.42368491391767],[-66.24457597732544,18.42442288507634]],[[-66.24407708644867,18.42420403878714],[-66.24356746673584,18.424173502073486],[-66.2430739402771,18.424214217690476]],[[-66.24409854412079,18.423725629650335],[-66.24407708644867,18.42420403878714],[-66.24401807785034,18.424580657809756],[-66.24405026435852,18.424936918288353]],[[-66.24401807785034,18.424580657809756],[-66.24379813671112,18.424601015571284],[-66.24340116977692,18.424692625468268],[-66.24325096607208,18.424707893779697],[-66.24310076236725,18.4247028043427]],[[-66.2421727180481,18.424270201648127],[-66.24204397201538,18.424275291097914],[-66.24180793762207,18.424305827793503]],[[-66.24385714530945,18.423211592818205],[-66.24396979808807,18.42318105592834],[-66.24457061290741,18.423094534710984],[-66.244677901268,18.42266192797136],[-66.24472618103027,18.422173335521848],[-66.24471008777618,18.42190359117906],[-66.2445330619812,18.420794072264528],[-66.24445259571075,18.419933935704833]],[[-66.24508023262024,18.423690003384763],[-66.24486029148102,18.423679824450403],[-66.24446868896484,18.423690003384763],[-66.24409854412079,18.423725629650335],[-66.24306321144104,18.423786703231244],[-66.24255895614624,18.42383250840271],[-66.24173283576965,18.423873224100433],[-66.24076724052429,18.423939387088666],[-66.23665273189545,18.424148054807958]],[[-66.2448388338089,18.4243007383446],[-66.24486029148102,18.423679824450403]],[[-66.24219954013824,18.419740531625834],[-66.2394905090332,18.420254578830438]],[[-66.24448478221893,18.420290205807504],[-66.24549865722656,18.42001027936037]],[[-66.24471008777618,18.42190359117906],[-66.2427306175232,18.422275125729954],[-66.24223709106445,18.42239218439478],[-66.24168992042542,18.422499063975735],[-66.24141097068787,18.422539779989094],[-66.23874485492706,18.42306399780034],[-66.23854100704193,18.423094534710984],[-66.23670637607574,18.42346606668947]],[[-66.2437391281128,18.422086813797605],[-66.24377131462097,18.422351468346477],[-66.24380886554718,18.422565227492555],[-66.24381422996521,18.422870597240433],[-66.24385714530945,18.423211592818205],[-66.24395906925201,18.42373580858198]],[[-66.24085307121277,18.420000100208256],[-66.24065458774567,18.419022898801046]],[[-66.23679220676422,18.42042253451487],[-66.2368780374527,18.420386907565202],[-66.23757541179657,18.420213862276185],[-66.2381386756897,18.420096802129024],[-66.23886287212372,18.41990339823313]],[[-66.2368780374527,18.420829699129868],[-66.23485028743744,18.421201236000144],[-66.23431384563446,18.42128775816981],[-66.23236656188965,18.42166438357782]],[[-66.23692631721497,18.421348832616317],[-66.2368780374527,18.420829699129868],[-66.23679220676422,18.42042253451487],[-66.23668491840363,18.419811785785498],[-66.23658835887909,18.41934863322018],[-66.23654007911682,18.41928755806356],[-66.23645424842834,18.419282468466207],[-66.23532772064209,18.41940970835512]],[[-66.23683512210846,18.421771263610992],[-66.23519361019135,18.422081724283046]],[[-66.23678147792816,18.422422721424695],[-66.23645424842834,18.42250415347793],[-66.2346625328064,18.42286041825757],[-66.23335361480713,18.42310471367999],[-66.23276352882385,18.423221771780263],[-66.23266696929932,18.42326757710218],[-66.23250603675842,18.42399537113576],[-66.23246848583221,18.424061534077026],[-66.23154580593109,18.424122607538678],[-66.23139560222626,18.424168412620674],[-66.23126685619354,18.424295648895566],[-66.2312239408493,18.424448332301196],[-66.23120248317719,18.425053975141665],[-66.23106300830841,18.425908996697387],[-66.23100936412811,18.42604132108211],[-66.23075723648071,18.42654517069208],[-66.23069286346436,18.42658079636618],[-66.23061239719391,18.42658079636618],[-66.23031198978424,18.426504455626898],[-66.23029053211212,18.426509545010575],[-66.22990429401398,18.42642811485372],[-66.22974336147308,18.426407757308482],[-66.22958779335022,18.426361952822887],[-66.2294214963913,18.426280522596144]],[[-66.2366795539856,18.423822329476778],[-66.23524188995361,18.423883403023353],[-66.23460352420807,18.423934297628946]],[[-66.23660981655121,18.42466717827955],[-66.23626112937927,18.424692625468268],[-66.23360574245453,18.42484021908855]],[[-66.23748421669006,18.423705271785195],[-66.2383371591568,18.42361366136231],[-66.23856782913208,18.42355767719097],[-66.23859465122223,18.423506782473936],[-66.23830497264862,18.4221224403952],[-66.23819231987,18.421700010262924]],[[-66.23845517635345,18.424473779522287],[-66.23940467834473,18.424427974521606]],[[-66.2386965751648,18.424758788141304],[-66.23868584632874,18.424463600634297]],[[-66.23931884765625,18.422952029081642],[-66.23936176300049,18.42334900875545],[-66.23935639858246,18.423445708793622]],[[-66.23885214328766,18.42358821401396],[-66.23901307582855,18.423552587719954],[-66.23935639858246,18.423445708793622],[-66.23952805995941,18.423420261420432]],[[-66.24020397663116,18.423537319305964],[-66.24105155467987,18.42336936666274]],[[-66.24168992042542,18.42387831356197],[-66.2412178516388,18.421588040656346],[-66.24113202095032,18.421282668631633],[-66.2409657239914,18.420529415319578]],[[-66.2419044971466,18.424784235316466],[-66.24111592769623,18.424865666251677]],[[-66.24019861221313,18.424417795630916],[-66.24024152755737,18.42442288507634],[-66.24084234237671,18.42434654337916]],[[-66.24029517173767,18.423964834385075],[-66.23987674713135,18.422081724283046],[-66.2397962808609,18.42166438357782],[-66.2397426366806,18.42146080237859],[-66.23928666114807,18.419292647660782]],[[-66.23973727226257,18.424728251526147],[-66.23928129673004,18.42477405644685],[-66.2386965751648,18.424758788141304],[-66.2376719713211,18.424748609270182],[-66.23715698719025,18.424789324751046],[-66.23691022396088,18.424789324751046],[-66.23660445213318,18.424758788141304]],[[-66.2393456697464,18.425298267448483],[-66.23935639858246,18.425914086098686],[-66.23935103416443,18.426484098090697]],[[-66.23935639858246,18.42577158280548],[-66.23885214328766,18.42577158280548],[-66.23819768428802,18.425710509929388],[-66.23714089393616,18.42580720863984],[-66.23653471469879,18.425817387448305],[-66.2361752986908,18.4257868510211],[-66.23559594154358,18.42565452644058],[-66.2348610162735,18.425445860549033],[-66.23454451560974,18.4254102346398],[-66.23370230197906,18.425349161635395],[-66.23357892036438,18.425364429888532],[-66.23354136943817,18.425461128793586],[-66.23351454734802,18.4256290793942],[-66.23354136943817,18.425710509929388],[-66.23380422592163,18.425751225182523],[-66.23478055000305,18.42584792387008],[-66.23516142368317,18.425939533102905],[-66.23577833175659,18.426122751422113],[-66.23669564723969,18.426244896859828],[-66.23696386814117,18.42623980746832]],[[-66.24083161354065,18.425374608723203],[-66.24082088470459,18.42459592613112]],[[-66.24179184436798,18.425695241706975],[-66.24202251434326,18.42564434762248]],[[-66.2410569190979,18.426718209611522],[-66.24091744422913,18.426565528221047],[-66.24084234237671,18.426438293625438],[-66.2406975030899,18.426112572631723],[-66.24062240123749,18.426087125653112],[-66.24027371406555,18.426117662026996]],[[-66.24153971672058,18.426367042210785],[-66.24134123325348,18.42592935430166],[-66.24123394489288,18.425659615849412],[-66.24119102954865,18.425400055807245],[-66.24106228351593,18.4244381534117]],[[-66.2415075302124,18.42693705270146],[-66.24173283576965,18.426850533373596],[-66.24216735363007,18.4266520476923],[-66.242516040802,18.426433204239657],[-66.24255895614624,18.426295790766602],[-66.24290227890015,18.426112572631723]],[[-66.24133050441742,18.42739000611914],[-66.24129831790924,18.42784295834376]],[[-66.24085307121277,18.42734420189518],[-66.24078869819641,18.428158497390655],[-66.24071896076202,18.428229748063046],[-66.24010741710663,18.428189033396734],[-66.23908281326294,18.42814831872076],[-66.23877167701721,18.42812287204339],[-66.23849272727966,18.428046531988684],[-66.23851418495178,18.42759866965173],[-66.23857855796814,18.426921784587947]],[[-66.24050974845886,18.427115180592324],[-66.24067068099976,18.427252593410643],[-66.24085307121277,18.42734420189518],[-66.24133050441742,18.42739000611914],[-66.24183475971222,18.42747143582052],[-66.24199032783508,18.42739000611914],[-66.24239265918732,18.427115180592324],[-66.24274671077728,18.426916695216462],[-66.24340116977692,18.426601153890942],[-66.24360501766205,18.426479008706266],[-66.24362647533417,18.426448472396558],[-66.24361574649811,18.426356863434847],[-66.24359965324402,18.426316148325085],[-66.24377131462097,18.426204181723563],[-66.24400734901428,18.42591917549983],[-66.24435603618622,18.425598542933557],[-66.24464571475983,18.425303356867857],[-66.24475300312042,18.425155763645023]],[[-66.24067604541779,18.427008303879944],[-66.24037563800812,18.426519723777474],[-66.24027371406555,18.426117662026996],[-66.24025762081146,18.42591917549983],[-66.24028444290161,18.42538987697408],[-66.24024152755737,18.42442288507634]],[[-66.23910963535309,18.42743581033092],[-66.2397962808609,18.427461257109954],[-66.23982846736908,18.427410363548105],[-66.23981773853302,18.42712535932337]],[[-66.23855173587799,18.427191521060493],[-66.23798310756683,18.427135538053818]],[[-66.23828887939453,18.426875980239245],[-66.23835861682892,18.426529902543763],[-66.23836934566498,18.42637722098611],[-66.23913109302521,18.426463740552094],[-66.23978555202484,18.426519723777474]],[[-66.23810112476349,18.425715599336556],[-66.23806893825531,18.426051499876735]],[[-66.23769879341125,18.425176121338467],[-66.23762905597687,18.424097160265617]],[[-66.23710870742798,18.425115048250902],[-66.23714089393616,18.42580720863984],[-66.23714089393616,18.426122751422113],[-66.2371677160263,18.42624998625118],[-66.2373286485672,18.426295790766602]],[[-66.23761296272278,18.426774192754053],[-66.23765051364899,18.426412846695015],[-66.2376344203949,18.425914086098686],[-66.23761832714081,18.4257614039943]],[[-66.23645961284637,18.42668258396587],[-66.23653471469879,18.425817387448305],[-66.23661518096924,18.424651909964524],[-66.23686730861664,18.42136919076033]],[[-66.2361752986908,18.4257868510211],[-66.23621821403503,18.425349161635395],[-66.23626112937927,18.424692625468268]],[[-66.23621821403503,18.425349161635395],[-66.23502731323242,18.42509469055024],[-66.23414754867554,18.425099779975625]],[[-66.23155117034912,18.426097304445022],[-66.23154580593109,18.425985337701007],[-66.23162090778351,18.425405145223607],[-66.23164772987366,18.42451958451076]],[[-66.23248994350433,18.424397437847702],[-66.23252749443054,18.424682446593238],[-66.23262405395508,18.42519647902948]],[[-66.23252749443054,18.424682446593238],[-66.23209297657013,18.424723162089748]],[[-66.23207151889801,18.42450431618262],[-66.23209297657013,18.424723162089748],[-66.23214662075043,18.425700331114584],[-66.23209834098816,18.42584792387008],[-66.23193204402924,18.42593444370236],[-66.23155117034912,18.426097304445022],[-66.23140633106232,18.42615328778969],[-66.23127222061157,18.42615328778969],[-66.231170296669,18.426138019606583],[-66.23100936412811,18.42604132108211]],[[-66.23182475566864,18.424107339175293],[-66.2319266796112,18.423450798267822],[-66.23200714588165,18.423196324373947],[-66.2323933839798,18.422651748976165],[-66.23248994350433,18.422600853991085],[-66.23404562473297,18.422285304747447]],[[-66.23135805130005,18.423420261420432],[-66.23146533966064,18.42346606668947],[-66.2319266796112,18.423450798267822]],[[-66.23194813728333,18.42231075228854],[-66.23056948184967,18.42256013799218],[-66.22937858104706,18.422829881305375],[-66.22850954532623,18.422967297547572],[-66.22815549373627,18.422997834475368],[-66.22784435749054,18.42299274498778],[-66.2252426147461,18.42279934434775]],[[-66.23322486877441,18.422458347952713],[-66.23335361480713,18.42310471367999],[-66.23332679271698,18.423303203455234],[-66.23314440250397,18.424310917242238],[-66.23301565647125,18.42519138960695],[-66.23285472393036,18.425908996697387],[-66.23280644416809,18.426066768067514],[-66.23274207115173,18.426102393840736],[-66.23254895210266,18.426056589273813],[-66.2323933839798,18.425903907295933]],[[-66.23459279537201,18.423980102761092],[-66.23460352420807,18.423934297628946],[-66.2346625328064,18.42286041825757],[-66.23431384563446,18.42128775816981],[-66.2341046333313,18.420325832777195],[-66.23406171798706,18.42008153340832],[-66.23371303081512,18.418396876232748],[-66.23338580131531,18.41845795170552]],[[-66.23592853546143,18.423852866252773],[-66.23602509498596,18.422585585492612]],[[-66.23516142368317,18.4218985016591],[-66.23531699180603,18.422728091425554],[-66.23535454273224,18.422885865713596],[-66.23535454273224,18.422997834475368],[-66.23524188995361,18.423883403023353]],[[-66.23400807380676,18.42210717185428],[-66.23408317565918,18.422473616462483]],[[-66.23290836811066,18.42057522135842],[-66.23273134231567,18.41978633787471],[-66.23267233371735,18.419669277436668],[-66.23259723186493,18.419633650331022],[-66.23202860355377,18.419760889960187],[-66.23194813728333,18.419811785785498],[-66.23180329799652,18.42008662298204],[-66.23185157775879,18.42046834058216]],[[-66.22863292694092,18.418244187455898],[-66.22806429862976,18.418493579054655],[-66.22798383235931,18.418580102586077],[-66.22786581516266,18.418681894920283]],[[-66.22761905193329,18.419435156321597],[-66.22776925563812,18.419328274837042],[-66.22786581516266,18.418681894920283],[-66.2278014421463,18.418366338488212],[-66.2276941537857,18.417755582459478],[-66.22770488262177,18.41766905851341],[-66.22788190841675,18.417602893113525],[-66.22799456119537,18.41758762417149],[-66.2285041809082,18.4176385206397]],[[-66.22806429862976,18.418493579054655],[-66.22803211212158,18.417984616224317],[-66.22801065444946,18.41780138923683],[-66.22797310352325,18.417160093244064],[-66.22790336608887,18.41712955528004],[-66.22739911079407,18.417099017310576],[-66.22712016105652,18.417073568998546],[-66.22637987136841,18.417032851691502],[-66.22639060020447,18.416752919944628]],[[-66.22573614120483,18.417160093244064],[-66.22571468353271,18.416813996000954],[-66.22569859027863,18.416752919944628]],[[-66.2300169467926,18.425400055807245],[-66.23014569282532,18.425486575864824],[-66.23018324375153,18.42554764882044],[-66.2301778793335,18.425623989984473],[-66.2300705909729,18.425908996697387],[-66.22990429401398,18.42642811485372]],[[-66.23036026954651,18.426514634394096],[-66.23074650764465,18.425257552088127],[-66.2307733297348,18.425079422273157],[-66.23078942298889,18.424886023979454],[-66.23077869415283,18.42482495078889],[-66.23075723648071,18.42476896701183],[-66.2305748462677,18.424601015571284]],[[-66.23029053211212,18.426509545010575],[-66.23014032840729,18.426886158984473],[-66.23011350631714,18.426921784587947],[-66.23002767562866,18.42694214207232],[-66.22974872589111,18.426886158984473],[-66.22949659824371,18.42679455025592],[-66.22918546199799,18.426621511413288]],[[-66.22877240180969,18.42724241468713],[-66.22907280921936,18.427410363548105],[-66.2291157245636,18.42744598904298],[-66.22913181781769,18.427481614530492],[-66.22912645339966,18.427522329364308],[-66.22909963130951,18.427593580300297],[-66.22904062271118,18.427649563157857],[-66.22893869876862,18.427664831206755],[-66.22856855392456,18.427532508071252]],[[-66.22727572917938,18.428682698075704],[-66.22694313526154,18.428468946533002]],[[-66.2269914150238,18.429110200363922],[-66.2263423204422,18.42870305535162]],[[-66.22640132904053,18.429949933907082],[-66.2252426147461,18.42923234367963]],[[-66.22669100761414,18.429532612295233],[-66.2257468700409,18.4289473424747]],[[-66.22613847255707,18.430392700851243],[-66.2252426147461,18.429832880386456]],[[-66.2265032529831,18.430616628526806],[-66.22644424438477,18.430581003688843]],[[-66.22582197189331,18.430810020375503],[-66.2252426147461,18.430448682797476]],[[-66.22753322124481,18.431741351758504],[-66.22663736343384,18.431181535685056]],[[-66.22750639915466,18.432352058123243],[-66.22633159160614,18.431634477921648]],[[-66.22757613658905,18.431140821717705],[-66.22692704200745,18.430754038546937],[-66.22633159160614,18.431634477921648],[-66.22602581977844,18.432082329746308],[-66.2252426147461,18.43325793523519]],[[-66.22720062732697,18.434026400278753],[-66.2254410982132,18.432962762318525]],[[-66.22756004333496,18.433008565045697],[-66.22602581977844,18.432082329746308]],[[-66.22749030590057,18.4335785535187],[-66.2257307767868,18.432520001993225]],[[-66.22688949108124,18.434469156724106],[-66.2252426147461,18.433461502468617]],[[-66.22657835483551,18.43492209029847],[-66.2252426147461,18.434077291882204]],[[-66.2259989976883,18.435787240999787],[-66.2252426147461,18.435319042337355]],[[-66.22629940509796,18.43534957707162],[-66.2252426147461,18.434703257372234]],[[-66.22524797916412,18.43166501331038],[-66.2252426147461,18.431659924079298]],[[-66.2252426147461,18.431680281002713],[-66.22640132904053,18.429949933907082],[-66.2269914150238,18.429110200363922],[-66.22735619544983,18.428555465046585]],[[-66.22554838657379,18.431227338886814],[-66.2252426147461,18.431039036757127]],[[-66.22548401355743,18.417750492816793],[-66.22534453868866,18.417811568519028],[-66.2252426147461,18.41807114001169]],[[-66.2252426147461,18.417165182904213],[-66.22541427612305,18.417216079497393],[-66.22548401355743,18.417216079497393],[-66.22550547122955,18.41747565188841],[-66.22548401355743,18.417750492816793],[-66.22548937797546,18.417938809495737],[-66.22545182704926,18.41818311190724],[-66.22528553009033,18.41872261183711],[-66.2252426147461,18.418834583308666]],[[-66.2263959646225,18.416752919944628],[-66.22768342494965,18.416834354681583]]]},"properties":{"class":"minor","id":"14/5177/7338/36","source":"OpenFreeMap / OpenStreetMap","exposureHigh":true,"exposureModerate":true,"zoneLabels":"AE, X"},"id":222340440},{"type":"Feature","geometry":{"type":"MultiLineString","coordinates":[[[-66.244677901268,18.424718072653206],[-66.24405026435852,18.424936918288353],[-66.24322414398193,18.425405145223607],[-66.24312222003937,18.425481486450877],[-66.24295055866241,18.42558836411213],[-66.24219417572021,18.42604132108211],[-66.24153971672058,18.426367042210785],[-66.2410569190979,18.426718209611522],[-66.24067604541779,18.427008303879944],[-66.24050974845886,18.427115180592324],[-66.24030590057373,18.42716098487729],[-66.23981773853302,18.42712535932337],[-66.23828887939453,18.426875980239245],[-66.23715162277222,18.426702941478553],[-66.2364649772644,18.42658079636618]],[[-66.24455451965332,18.42093657968161],[-66.24445796012878,18.420946758778314],[-66.2424623966217,18.42131829539578],[-66.2412178516388,18.421588040656346],[-66.24095499515533,18.42162875688537],[-66.24008595943451,18.421786532181713],[-66.23964607715607,18.421888322618713],[-66.2379240989685,18.422183514545353],[-66.23678147792816,18.422422721424695]],[[-66.24194204807281,18.42531862512506],[-66.24119102954865,18.425400055807245],[-66.24083161354065,18.425374608723203],[-66.24028444290161,18.42538987697408],[-66.23982310295105,18.42531862512506],[-66.2393456697464,18.425298267448483],[-66.23824059963226,18.425272820349377],[-66.23776316642761,18.425242283825483],[-66.23769879341125,18.425176121338467]],[[-66.23978555202484,18.427120269957925],[-66.23979091644287,18.42591917549983],[-66.23982310295105,18.42531862512506],[-66.23973727226257,18.424728251526147],[-66.23971581459045,18.42399537113576]],[[-66.23380422592163,18.425751225182523],[-66.23379349708557,18.425908996697387],[-66.23377203941345,18.425949711903527],[-66.23325169086456,18.426071857464137]],[[-66.22595071792603,18.41712955528004],[-66.22573614120483,18.417160093244064],[-66.22563421726227,18.417190631202686],[-66.22548401355743,18.417216079497393]]]},"properties":{"surface":"paved","class":"minor","id":"14/5177/7338/37","source":"OpenFreeMap / OpenStreetMap","exposureHigh":true,"exposureModerate":true,"zoneLabels":"AE, X"},"id":222347980},{"type":"Feature","geometry":{"type":"LineString","coordinates":[[-66.24359965324402,18.426316148325085],[-66.24335289001465,18.425903907295933],[-66.24312222003937,18.425481486450877]]},"properties":{"surface":"paved","class":"minor","foot":"yes","id":"14/5177/7338/38","source":"OpenFreeMap / OpenStreetMap","exposureHigh":true,"exposureModerate":false,"zoneLabels":"AE"},"id":222378242},{"type":"Feature","geometry":{"type":"MultiLineString","coordinates":[[[-66.2439751625061,18.418315442235297],[-66.24407172203064,18.418401965856305],[-66.24413073062897,18.418427413971855],[-66.24422192573547,18.418437593217007],[-66.24565958976746,18.418493579054655],[-66.24587953090668,18.418544475254876],[-66.2460458278656,18.418646267610157],[-66.24634087085724,18.418926196276644],[-66.24671638011932,18.41930282685476],[-66.24681293964386,18.41942497713545],[-66.24689877033234,18.419603112806016],[-66.24693095684052,18.41972017328908]],[[-66.23919546604156,18.418468130948895],[-66.23962998390198,18.41844268283937],[-66.24109983444214,18.41828999410319],[-66.24151289463043,18.418223828942104],[-66.24267160892487,18.41810167780862],[-66.24362647533417,18.417959168043282],[-66.24370157718658,18.41797952658841]]]},"properties":{"surface":"paved","class":"motorway","ramp":1,"id":"14/5177/7338/39","source":"OpenFreeMap / OpenStreetMap","exposureHigh":true,"exposureModerate":false,"zoneLabels":"AE, X"},"id":5366212510},{"type":"Feature","geometry":{"type":"LineString","coordinates":[[-66.24445796012878,18.41814239486274],[-66.24501585960388,18.418218739313275],[-66.24573469161987,18.418264545967318],[-66.24686658382416,18.418361248863604],[-66.24753177165985,18.418401965856305],[-66.2479019165039,18.41837142811268]]},"properties":{"surface":"paved","class":"motorway","oneway":1,"ramp":1,"id":"14/5177/7338/40","source":"OpenFreeMap / OpenStreetMap","exposureHigh":true,"exposureModerate":false,"zoneLabels":"AE"},"id":10567131532},{"type":"Feature","geometry":{"type":"LineString","coordinates":[[-66.24578297138214,18.417867554560388],[-66.24685049057007,18.417964257679785],[-66.24713480472565,18.418015154036596],[-66.24744057655334,18.41808640891084],[-66.24779999256134,18.41815766375555],[-66.2479019165039,18.418167843016676]]},"properties":{"class":"motorway","oneway":1,"ramp":1,"id":"14/5177/7338/41","source":"OpenFreeMap / OpenStreetMap","exposureHigh":true,"exposureModerate":false,"zoneLabels":"AE"},"id":10567131602},{"type":"Feature","geometry":{"type":"LineString","coordinates":[[-66.24324023723602,18.417816658159907],[-66.24295592308044,18.417893002754965],[-66.24187231063843,18.417999885131124],[-66.24129295349121,18.41810167780862],[-66.24104619026184,18.4181627533862]]},"properties":{"class":"motorway","oneway":1,"ramp":1,"id":"14/5177/7338/42","source":"OpenFreeMap / OpenStreetMap","exposureHigh":false,"exposureModerate":false,"zoneLabels":"X"},"id":10567131622},{"type":"Feature","geometry":{"type":"LineString","coordinates":[[-66.231889128685,18.422641569980357],[-66.23201251029968,18.422458347952713],[-66.23209297657013,18.42235655785305],[-66.23221099376678,18.422254767693133]]},"properties":{"class":"tertiary","oneway":1,"ramp":1,"id":"14/5177/7338/43","source":"OpenFreeMap / OpenStreetMap","exposureHigh":false,"exposureModerate":false,"zoneLabels":"X"},"id":10825795902},{"type":"Feature","geometry":{"type":"LineString","coordinates":[[-66.22644424438477,18.430581003688843],[-66.22642278671265,18.43053520031488],[-66.2261813879013,18.43038252231362],[-66.22613847255707,18.430392700851243]]},"properties":{"class":"minor","oneway":1,"id":"14/5177/7338/44","source":"OpenFreeMap / OpenStreetMap","exposureHigh":true,"exposureModerate":false,"zoneLabels":"AE"},"id":13957741712},{"type":"Feature","geometry":{"type":"LineString","coordinates":[[-66.22613847255707,18.430392700851243],[-66.22613847255707,18.430428325728244],[-66.22639060020447,18.430586092951856],[-66.22644424438477,18.430581003688843]]},"properties":{"class":"minor","oneway":1,"id":"14/5177/7338/45","source":"OpenFreeMap / OpenStreetMap","exposureHigh":true,"exposureModerate":false,"zoneLabels":"AE"},"id":13957741732},{"type":"Feature","geometry":{"type":"LineString","coordinates":[[-66.2252426147461,18.432474199135868],[-66.2254947423935,18.432123043490705],[-66.22840762138367,18.427751350124908],[-66.22877240180969,18.42724241468713],[-66.22918546199799,18.426621511413288],[-66.22952342033386,18.426148198395467],[-66.22966289520264,18.425903907295933],[-66.23047292232513,18.424758788141304],[-66.23135805130005,18.423420261420432],[-66.2317818403244,18.422850239274098],[-66.23187839984894,18.422667017468754],[-66.23193740844727,18.42250924297997],[-66.23195886611938,18.422387094889274],[-66.23194813728333,18.42231075228854]]},"properties":{"surface":"paved","class":"tertiary","id":"14/5177/7338/46","source":"OpenFreeMap / OpenStreetMap","exposureHigh":true,"exposureModerate":true,"zoneLabels":"AE, X"},"id":222363020},{"type":"Feature","geometry":{"type":"LineString","coordinates":[[-66.22828960418701,18.416752919944628],[-66.22834324836731,18.416813996000954],[-66.22837543487549,18.416869982366904],[-66.22846126556396,18.417099017310576],[-66.22848272323608,18.417216079497393],[-66.2285041809082,18.4176385206397],[-66.22855246067047,18.418020243671435],[-66.22863292694092,18.418244187455898],[-66.22873485088348,18.4182798148493],[-66.22899770736694,18.418340890363638],[-66.22921764850616,18.418447772461576],[-66.22936248779297,18.418748059905226],[-66.22955560684204,18.418865120970082],[-66.2307733297348,18.418870210579783],[-66.23090207576752,18.418890569017123],[-66.23101472854614,18.41897709234891],[-66.23116493225098,18.41929773725785],[-66.23186767101288,18.421985023478058],[-66.23191058635712,18.4221224403952],[-66.23194813728333,18.42231075228854],[-66.23397052288055,18.4218832330983],[-66.23443722724915,18.421832337885817],[-66.23645961284637,18.42143535471176],[-66.23686730861664,18.42136919076033],[-66.23960316181183,18.420788982711727],[-66.24362647533417,18.420020458511885],[-66.2438839673996,18.41996447317112],[-66.24445259571075,18.419933935704833],[-66.24670565128326,18.4197252628735],[-66.2479019165039,18.41969472536475]]},"properties":{"class":"tertiary","id":"14/5177/7338/47","source":"OpenFreeMap / OpenStreetMap","exposureHigh":true,"exposureModerate":false,"zoneLabels":"AE, X"},"id":222369190},{"type":"Feature","geometry":{"type":"LineString","coordinates":[[-66.23271524906158,18.416752919944628],[-66.23375058174133,18.417592713818976],[-66.23415291309357,18.41787264419959],[-66.23447477817535,18.418060960744853],[-66.23518288135529,18.418401965856305],[-66.2354028224945,18.418478310191645],[-66.23566567897797,18.418559744112002],[-66.23638987541199,18.4187124326088],[-66.23664736747742,18.41873788067842],[-66.23701214790344,18.41875823913142],[-66.2374198436737,18.418742970291888],[-66.23770415782928,18.41872261183711],[-66.24162554740906,18.418335800738276],[-66.24301493167877,18.41820856005515]]},"properties":{"surface":"paved","class":"motorway","toll":1,"oneway":1,"id":"14/5177/7338/48","source":"OpenFreeMap / OpenStreetMap","exposureHigh":false,"exposureModerate":false,"zoneLabels":"X"},"id":578983712},{"type":"Feature","geometry":{"type":"LineString","coordinates":[[-66.2479019165039,18.417948988769794],[-66.24755322933197,18.417893002754965],[-66.24679684638977,18.417806478878006]]},"properties":{"surface":"paved","class":"motorway","toll":1,"oneway":1,"id":"14/5177/7338/49","source":"OpenFreeMap / OpenStreetMap","exposureHigh":true,"exposureModerate":false,"zoneLabels":"AE"},"id":4293239002},{"type":"Feature","geometry":{"type":"LineString","coordinates":[[-66.2479019165039,18.418050781477405],[-66.24697923660278,18.417913361307924],[-66.24627649784088,18.417862464921015],[-66.24578297138214,18.417867554560388]]},"properties":{"class":"motorway","id":"14/5177/7338/50","source":"OpenFreeMap / OpenStreetMap","exposureHigh":true,"exposureModerate":false,"zoneLabels":"AE"},"id":10567131592},{"type":"Feature","geometry":{"type":"LineString","coordinates":[[-66.24578297138214,18.417867554560388],[-66.24439358711243,18.417862464921015],[-66.24375522136688,18.41787264419959],[-66.24235510826111,18.418004974766433],[-66.24127149581909,18.41814748449383],[-66.24104619026184,18.4181627533862],[-66.23939394950867,18.418427413971855],[-66.23919546604156,18.418468130948895],[-66.23829424381256,18.418554654493107],[-66.23755395412445,18.418615729909888],[-66.23710870742798,18.41864117799382],[-66.2367331981659,18.418636088377355],[-66.23640596866608,18.41861064029267],[-66.23602509498596,18.41853938563554],[-66.23562276363373,18.418447772461576],[-66.2352204322815,18.418320531861255],[-66.23479664325714,18.41813730523151],[-66.23436748981476,18.417913361307924],[-66.23401343822479,18.417694506737362],[-66.23364329338074,18.41742984502433],[-66.23288154602051,18.416752919944628]]},"properties":{"surface":"paved","class":"motorway","id":"14/5177/7338/51","source":"OpenFreeMap / OpenStreetMap","exposureHigh":true,"exposureModerate":false,"zoneLabels":"AE, X"},"id":10567131632},{"type":"Feature","geometry":{"type":"LineString","coordinates":[[-66.24445796012878,18.41814239486274],[-66.24550402164459,18.418152574124775],[-66.24605655670166,18.418178022277203],[-66.2467110157013,18.418223828942104]]},"properties":{"surface":"paved","class":"motorway","oneway":1,"id":"14/5177/7338/52","source":"OpenFreeMap / OpenStreetMap","exposureHigh":true,"exposureModerate":false,"zoneLabels":"AE"},"id":11516758112},{"type":"Feature","geometry":{"type":"LineString","coordinates":[[-66.24324023723602,18.417816658159907],[-66.2426608800888,18.417847196001986],[-66.24145925045013,18.417948988769794],[-66.24067068099976,18.418081319277945],[-66.23917400836945,18.418264545967318],[-66.2381762266159,18.418340890363638],[-66.23779535293579,18.418335800738276],[-66.23749494552612,18.418315442235297],[-66.23704969882965,18.418249277083987],[-66.23652398586273,18.41815766375555],[-66.23613774776459,18.41807114001169],[-66.23534381389618,18.417847196001986],[-66.23500049114227,18.41773013424455],[-66.23458743095398,18.417546906986075],[-66.23382031917572,18.41718554154329],[-66.23314440250397,18.416752919944628]]},"properties":{"surface":"paved","class":"motorway","toll":1,"oneway":1,"id":"14/5177/7338/53","source":"OpenFreeMap / OpenStreetMap","exposureHigh":false,"exposureModerate":false,"zoneLabels":"X"},"id":11516843442},{"type":"Feature","geometry":{"type":"LineString","coordinates":[[-66.2467110157013,18.418223828942104],[-66.2479019165039,18.418300173356485]]},"properties":{"surface":"paved","class":"motorway","oneway":1,"id":"14/5177/7338/54","source":"OpenFreeMap / OpenStreetMap","exposureHigh":true,"exposureModerate":false,"zoneLabels":"AE"},"id":14162344462},{"type":"Feature","geometry":{"type":"LineString","coordinates":[[-66.24301493167877,18.41820856005515],[-66.24357283115387,18.4181627533862],[-66.24413073062897,18.41813730523151],[-66.24445796012878,18.41814239486274]]},"properties":{"surface":"paved","class":"motorway","oneway":1,"id":"14/5177/7338/55","source":"OpenFreeMap / OpenStreetMap","exposureHigh":true,"exposureModerate":false,"zoneLabels":"AE, X"},"id":14164894932},{"type":"Feature","geometry":{"type":"LineString","coordinates":[[-66.24679684638977,18.417806478878006],[-66.24664664268494,18.417791209954018],[-66.24610483646393,18.41777594102868],[-66.24567568302155,18.41777594102868],[-66.24437749385834,18.417786120312385],[-66.24324023723602,18.417816658159907]]},"properties":{"surface":"paved","class":"motorway","toll":1,"oneway":1,"id":"14/5177/7338/56","source":"OpenFreeMap / OpenStreetMap","exposureHigh":true,"exposureModerate":false,"zoneLabels":"AE, X"},"id":14166769722},{"type":"Feature","geometry":{"type":"LineString","coordinates":[[-66.24370157718658,18.41797952658841],[-66.2439751625061,18.418315442235297]]},"properties":{"brunnel":"bridge","class":"motorway","layer":1,"ramp":1,"id":"14/5177/7338/57","source":"OpenFreeMap / OpenStreetMap","exposureHigh":true,"exposureModerate":false,"zoneLabels":"AE, X"},"id":5418909572},{"type":"Feature","geometry":{"type":"MultiLineString","coordinates":[[[-66.24666810035706,18.396555915575846],[-66.24655544757843,18.396250499143562],[-66.24650716781616,18.396209776911675],[-66.24645352363586,18.39621486719119]],[[-66.2479019165039,18.392381844137745],[-66.2478107213974,18.392366572959034],[-66.2477570772171,18.39229021704513],[-66.2479019165039,18.391424847656324]],[[-66.24727964401245,18.391765905522547],[-66.24613165855408,18.391613193128606],[-66.24573469161987,18.39154701771585]],[[-66.24734938144684,18.391236501978227],[-66.24727964401245,18.391765905522547],[-66.24701678752899,18.39329302201844]],[[-66.2479019165039,18.39131794878321],[-66.24734938144684,18.391236501978227],[-66.24575078487396,18.391043065662103],[-66.24571323394775,18.390981980464517],[-66.2459921836853,18.38915959544508]],[[-66.24625504016876,18.391099060407527],[-66.2464588880539,18.38975518149587],[-66.24653398990631,18.389551562564762],[-66.2466412782669,18.3893428529107],[-66.24672174453735,18.389241043231635],[-66.24678075313568,18.389108690558956]],[[-66.24613165855408,18.391613193128606],[-66.2460994720459,18.391969521837296],[-66.24622285366058,18.39213750511584],[-66.24718844890594,18.39229530744045]],[[-66.24406099319458,18.39491684104493],[-66.2439376115799,18.394835395941087],[-66.24385178089142,18.394743770153212],[-66.24391078948975,18.394596150725818],[-66.24392688274384,18.394504524810714],[-66.24390542507172,18.394321272834333],[-66.24349772930145,18.393231937618467],[-66.24343872070312,18.3930486842886],[-66.24325633049011,18.392814526972373],[-66.24315440654755,18.39265672512326],[-66.24311685562134,18.39237166335208],[-66.24295055866241,18.391613193128606],[-66.2429291009903,18.391348491325147],[-66.24302566051483,18.38984171946875],[-66.24300956726074,18.389541381611906],[-66.24293982982635,18.389154504957148],[-66.24307930469513,18.38857418834671],[-66.24313831329346,18.388222943133243],[-66.24315440654755,18.38804477499771],[-66.2431275844574,18.38790224035668],[-66.2430739402771,18.387856425625586],[-66.24293446540833,18.38781061088234],[-66.24275743961334,18.387820791937443],[-66.24259650707245,18.38791242140637],[-66.242516040802,18.388060046559403],[-66.2424087524414,18.38838074904234],[-66.24227464199066,18.388620002886995],[-66.24188303947449,18.389241043231635],[-66.24179184436798,18.389424300610656],[-66.24174356460571,18.390131875884222],[-66.24169528484344,18.39037112729791],[-66.24149680137634,18.390702006365274],[-66.24128758907318,18.39101761349906],[-66.24122321605682,18.391343400901874],[-66.24118566513062,18.391648826032622],[-66.24106228351593,18.391903346561392],[-66.24078333377838,18.392056058698202],[-66.24041855335236,18.39230548823062],[-66.23996794223785,18.392519284685307],[-66.23984456062317,18.392549827014335],[-66.23972654342651,18.392544736626533],[-66.2393993139267,18.39239711531512],[-66.23917937278748,18.392315669020178],[-66.2389862537384,18.39229021704513],[-66.23876094818115,18.392330940203422],[-66.23856782913208,18.39244292883909],[-66.23836398124695,18.39265672512326],[-66.23821914196014,18.392839978869986],[-66.23789191246033,18.39308431689578],[-66.23764514923096,18.393211576146996],[-66.23744130134583,18.393221756883023],[-66.23731791973114,18.393201395410358],[-66.23721599578857,18.393206485778762],[-66.2371301651001,18.393252299087536],[-66.2367707490921,18.393964948988952],[-66.23678147792816,18.394153291684745],[-66.23648643493652,18.39486593785955],[-66.23633086681366,18.395079731137173],[-66.23605191707611,18.39529352414951],[-66.23501658439636,18.395644754950965],[-66.23359501361847,18.39621995747055],[-66.2334394454956,18.396316672749833],[-66.23319804668427,18.396555915575846]],[[-66.24392688274384,18.396555915575846],[-66.24387860298157,18.396489742061476],[-66.24356210231781,18.396169054670167],[-66.24346554279327,18.396184325511854],[-66.24315977096558,18.396372665781442],[-66.24291837215424,18.396555915575846]],[[-66.24585807323456,18.3891341430039],[-66.24633014202118,18.389205409829756],[-66.24648571014404,18.389266495657054],[-66.24663054943085,18.38936830532107]],[[-66.2479019165039,18.389694095841804],[-66.2471455335617,18.38959737684523]],[[-66.24660909175873,18.388838894411393],[-66.24664664268494,18.388222943133243],[-66.24665200710297,18.387993869782292],[-66.24665200710297,18.38763244232058],[-66.24663054943085,18.387550993773857],[-66.24659836292267,18.387494997875663],[-66.24661445617676,18.387342281697215],[-66.24668419361115,18.38720483702093],[-66.24678075313568,18.387062301685305],[-66.24682903289795,18.38693503789318]],[[-66.24758541584015,18.388940704328007],[-66.24762296676636,18.388472378213578],[-66.24773561954498,18.38763244232058]],[[-66.2479019165039,18.388492740245013],[-66.24762296676636,18.388472378213578],[-66.2459546327591,18.38828911982239]],[[-66.2479019165039,18.38765280445125],[-66.24773561954498,18.38763244232058],[-66.24704897403717,18.387550993773857],[-66.2466949224472,18.38753572216706],[-66.24663054943085,18.387550993773857]],[[-66.24704897403717,18.387550993773857],[-66.24700605869293,18.388014231870272],[-66.24689877033234,18.388518192780936],[-66.24687731266022,18.388869437392685]],[[-66.24665200710297,18.387993869782292],[-66.24688267707825,18.38800405082658],[-66.24732255935669,18.38804477499771],[-66.2479019165039,18.388121132792634]],[[-66.246297955513,18.388324753413713],[-66.24630331993103,18.38880835142467],[-66.24758541584015,18.388940704328007],[-66.2479019165039,18.388966156797764]],[[-66.24558985233307,18.38361596501629],[-66.24355137348175,18.38289818164968]],[[-66.24577224254608,18.38309671777347],[-66.24364256858826,18.3823738415569]],[[-66.24589562416077,18.38257237828448],[-66.24386787414551,18.381874953386315]],[[-66.2479019165039,18.381554238800092],[-66.2476658821106,18.38167641585565],[-66.24688804149628,18.382236392919282],[-66.24668419361115,18.382338206735454],[-66.24661982059479,18.382343297424683],[-66.24651253223419,18.38230257190662],[-66.24646425247192,18.382144760433334],[-66.24647498130798,18.38199713021463],[-66.24620139598846,18.381696778689843],[-66.24581515789032,18.381437152373934],[-66.24556839466095,18.381396426641842],[-66.24544501304626,18.38141169879252],[-66.24535381793976,18.38167641585565],[-66.24553084373474,18.38184440916571],[-66.24580442905426,18.38196149531531],[-66.24591171741486,18.38208876277905],[-66.24593317508698,18.3822974812162],[-66.24589025974274,18.382628375781692],[-66.24583125114441,18.38282691221616],[-66.24577224254608,18.38309671777347],[-66.24574542045593,18.383142533769558],[-66.24562203884125,18.38353960522572],[-66.245396733284,18.384130120058927]],[[-66.245037317276,18.378179063412077],[-66.24534845352173,18.37811797365613],[-66.24594926834106,18.378016157348128],[-66.24600827693939,18.378021248164956],[-66.24630868434906,18.378520147485077]],[[-66.24682366847992,18.378321606091802],[-66.24630868434906,18.378520147485077],[-66.24583125114441,18.37866778068063],[-66.24571323394775,18.378657599085003],[-66.24541819095612,18.378331787707282],[-66.24534845352173,18.37811797365613]],[[-66.24772489070892,18.377700526411303],[-66.24776780605316,18.37788379605786],[-66.2479019165039,18.37812306446996]],[[-66.2479019165039,18.377639436485836],[-66.24772489070892,18.377700526411303],[-66.24716699123383,18.377802342905653],[-66.24663591384888,18.377914340980013],[-66.24663591384888,18.378021248164956],[-66.24696850776672,18.37856596469723]],[[-66.24716699123383,18.377802342905653],[-66.24734401702881,18.378204517470678]],[[-66.24340116977692,18.377155807145513],[-66.24356746673584,18.377084535338625],[-66.2436693906784,18.376997990962053],[-66.2436318397522,18.376743448426325],[-66.24371230602264,18.376361633918393],[-66.24391078948975,18.376056181703447],[-66.24412000179291,18.37583727395001],[-66.24430239200592,18.37584236483113],[-66.24445796012878,18.375934000666007],[-66.24453842639923,18.37606127257814],[-66.2445867061615,18.376275089179074],[-66.24465107917786,18.376346361320486],[-66.24477446079254,18.376351452186597],[-66.24497830867767,18.37628527091536]],[[-66.23047292232513,18.377115080402334],[-66.23044073581696,18.377043808578577],[-66.23035490512848,18.37692671908991],[-66.23016715049744,18.37679435696353],[-66.2299633026123,18.376717994152088],[-66.22960925102234,18.376646722164267]],[[-66.22973799705505,18.37667217644902],[-66.2302154302597,18.376198726137744],[-66.2302315235138,18.376081636075355],[-66.23022079467773,18.375796546895444],[-66.230628490448,18.37584236483113],[-66.23080015182495,18.375822001305664]],[[-66.22882604598999,18.375745638063734],[-66.22886896133423,18.37585254659298],[-66.22888505458832,18.376015454700592],[-66.22883677482605,18.37615799916854],[-66.22875094413757,18.376275089179074],[-66.22862756252289,18.376351452186597],[-66.22848272323608,18.376412542568275],[-66.2284129858017,18.37646345120315]],[[-66.22886896133423,18.375460548328462],[-66.22915327548981,18.375760910714817],[-66.22929275035858,18.37621399874871],[-66.22960925102234,18.376646722164267],[-66.2296199798584,18.376804538669177],[-66.22958779335022,18.377003081808937],[-66.22948050498962,18.37726271480068],[-66.2292069196701,18.377486711577518],[-66.22913181781769,18.377725980540532],[-66.22911036014557,18.377990703261744],[-66.22896015644073,18.378662689882887],[-66.22883141040802,18.37896304669256],[-66.22872412204742,18.379064862441524],[-66.22858464717865,18.37911577029348],[-66.22791945934296,18.379110679508955],[-66.22781753540039,18.379131042646122],[-66.22773170471191,18.379181950478525],[-66.22771561145782,18.37927358453898],[-66.2277102470398,18.379553577199758],[-66.22789263725281,18.380108470402433]],[[-66.22879922389984,18.375409639397574],[-66.22883677482605,18.375643820355208],[-66.22881531715393,18.37583727395001],[-66.22877240180969,18.375939091544296],[-66.2287026643753,18.37603581820322],[-66.22857928276062,18.376071454327047],[-66.22811257839203,18.376045999953632],[-66.22796773910522,18.376071454327047],[-66.22787117958069,18.376112181316685],[-66.22749030590057,18.37638199738015],[-66.22736692428589,18.376483814652886]],[[-66.22953414916992,18.377135443775117],[-66.2286651134491,18.377125262089024],[-66.228107213974,18.377176170513522],[-66.22788727283478,18.37714053461795],[-66.22717916965485,18.37712017124575]],[[-66.22913181781769,18.377725980540532],[-66.22897624969482,18.377858341951935],[-66.2287026643753,18.378143427723742],[-66.22863292694092,18.378179063412077],[-66.22843980789185,18.378204517470678],[-66.22775852680206,18.378204517470678]],[[-66.22565567493439,18.377013263502235],[-66.22556984424591,18.376661994735557],[-66.22555911540985,18.37646345120315],[-66.22556447982788,18.376412542568275],[-66.22560739517212,18.376254725704698],[-66.22561275959015,18.376188544396342],[-66.22555375099182,18.375811819542022],[-66.2255322933197,18.37539436671537],[-66.22544646263123,18.375185639923174],[-66.22541427612305,18.375053276460633]],[[-66.22818768024445,18.389439572050108],[-66.2285578250885,18.391104150838018],[-66.22860610485077,18.391379033861696]],[[-66.22913181781769,18.389256314687344],[-66.22712552547455,18.38964828158703]],[[-66.22949123382568,18.390340584582745],[-66.22712016105652,18.39080890562049]],[[-66.22949123382568,18.38976536243611],[-66.22712552547455,18.39022859458082]],[[-66.22973799705505,18.390875081316665],[-66.22712552547455,18.391389214705995]],[[-66.23193740844727,18.3920306066848],[-66.23160481452942,18.39255491740198],[-66.23129904270172,18.393063955406873],[-66.2307733297348,18.393807148193446]],[[-66.23351991176605,18.39243783844813],[-66.23387932777405,18.392865430763834],[-66.23413681983948,18.393221756883023],[-66.23434066772461,18.393557720834792],[-66.23439967632294,18.393684979736364]],[[-66.23382031917572,18.391801538395],[-66.2336540222168,18.39193388899959],[-66.23346626758575,18.392045877893295],[-66.2332409620285,18.392147685915333],[-66.23305857181549,18.392198589903785],[-66.23286008834839,18.392234222686767],[-66.23266160488129,18.392234222686767],[-66.23246312141418,18.39221386109739],[-66.2321412563324,18.39213241471586]],[[-66.23350381851196,18.391338310478446],[-66.23335897922516,18.391394305127932],[-66.2332409620285,18.391470661438817],[-66.23308002948761,18.391552108133126],[-66.23291373252869,18.391597921881754],[-66.23278498649597,18.39161828354392],[-66.23262941837311,18.39161828354392],[-66.23246848583221,18.391582650633566],[-66.23231828212738,18.3915164752091],[-66.2321949005127,18.39142993807721],[-66.23209297657013,18.39131794878321],[-66.23200714588165,18.391185597705558],[-66.23195350170135,18.391063427389795],[-66.23193204402924,18.390956528292477],[-66.23192131519318,18.390844538690814],[-66.23193204402924,18.390732549016377],[-66.23197495937347,18.390564564368276],[-66.23213589191437,18.390131875884222]],[[-66.23518824577332,18.393466094367454],[-66.23503804206848,18.393552630476776],[-66.23382031917572,18.39380205784279],[-66.23377203941345,18.393796967491994],[-66.23372912406921,18.393771515735736],[-66.23350381851196,18.393410100391222],[-66.23323023319244,18.393063955406873],[-66.232790350914,18.392631273198575],[-66.2321412563324,18.39213241471586],[-66.23193740844727,18.3920306066848],[-66.23178720474243,18.39192370818745],[-66.23164236545563,18.391781176754506],[-66.23150289058685,18.391597921881754],[-66.23139560222626,18.391399395549712],[-66.23131513595581,18.39116523599229],[-66.23128294944763,18.39096161872719],[-66.23128294944763,18.39080890562049],[-66.23129904270172,18.39062055926918],[-66.23134195804596,18.390437303162216],[-66.23140633106232,18.390238775493103],[-66.23151361942291,18.389984252505812],[-66.23154044151306,18.38995880018642],[-66.23157799243927,18.38994861925761],[-66.23161554336548,18.38994861925761],[-66.23260259628296,18.39029477049985],[-66.2328439950943,18.390452574511897],[-66.23306930065155,18.390630740158286],[-66.23321413993835,18.390803815181258],[-66.23339653015137,18.391099060407527],[-66.23347699642181,18.391287406235847],[-66.23355209827423,18.39142993807721],[-66.23382031917572,18.391801538395],[-66.23400807380676,18.391964431432356],[-66.23435139656067,18.392218951494968],[-66.23447477817535,18.392351301778945],[-66.23456597328186,18.392478561571536],[-66.23464643955231,18.392631273198575],[-66.2347161769867,18.392799255832003],[-66.23484492301941,18.393028322795473],[-66.23510241508484,18.3933744678514],[-66.23544573783875,18.393735883270665],[-66.2354725599289,18.3937766060873],[-66.23548328876495,18.393842780643766],[-66.2354725599289,18.393908955174837],[-66.23544037342072,18.393985310371406],[-66.2354028224945,18.39402603312908],[-66.23534381389618,18.39406675587712],[-66.23527407646179,18.394097297931836],[-66.2334930896759,18.394448531171946],[-66.23344480991364,18.39444344084025],[-66.23338580131531,18.394417989179487],[-66.23333752155304,18.394377266514454],[-66.23310148715973,18.393939497257534],[-66.23297810554504,18.39376642538403],[-66.23280107975006,18.39354754011859],[-66.23255968093872,18.393277750920475],[-66.23234510421753,18.393074136151625],[-66.23195350170135,18.392778894309387],[-66.23160481452942,18.39255491740198],[-66.23136341571808,18.39237166335208],[-66.23121321201324,18.392239313083735],[-66.23105227947235,18.392050968295834],[-66.2309181690216,18.391857532893965],[-66.23082160949707,18.391669187688763],[-66.23073041439056,18.391450299759228],[-66.23067677021027,18.391216140270956],[-66.23063385486603,18.39097179959616],[-66.23064458370209,18.390732549016377],[-66.2306660413742,18.39054420258161],[-66.23071432113647,18.390274408681307],[-66.23077869415283,18.39009624266653],[-66.23095571994781,18.38966864347954],[-66.23100399971008,18.38959737684523],[-66.23104155063629,18.389582105419763]],[[-66.23526334762573,18.395471684790465],[-66.2350594997406,18.394896479772598],[-66.23490929603577,18.39451979579995]],[[-66.23574614524841,18.395288433842765],[-66.23542428016663,18.39440780851413]],[[-66.23616456985474,18.39494738294897],[-66.2360143661499,18.394555428102905]],[[-66.2346625328064,18.395665116134893],[-66.23428702354431,18.394647053990937]],[[-66.23474836349487,18.39563966465461],[-66.23458743095398,18.39569056761141]],[[-66.23501658439636,18.395644754950965],[-66.23475909233093,18.394993195794854]],[[-66.23425483703613,18.395807644354974],[-66.2341046333313,18.39586363755204]],[[-66.23417973518372,18.395833095810445],[-66.23398125171661,18.39526807261433],[-66.23377740383148,18.394753950798716]],[[-66.23370230197906,18.395995985036365],[-66.23350381851196,18.395430962374476],[-66.23330533504486,18.394911750727076],[-66.23335361480713,18.394855757220654]],[[-66.23378813266754,18.395965443318246],[-66.23363256454468,18.396026526749083]],[[-66.23350381851196,18.395430962374476],[-66.2350594997406,18.394896479772598],[-66.23633623123169,18.39444344084025]],[[-66.23216807842255,18.39492193136266],[-66.231170296669,18.39523753076716],[-66.23038172721863,18.395471684790465]],[[-66.23199105262756,18.394361995512597],[-66.23019933700562,18.39491684104493]],[[-66.23114883899689,18.394005671751444],[-66.23165309429169,18.393847870993213],[-66.23148679733276,18.393695160444423],[-66.23137414455414,18.393684979736364],[-66.23114883899689,18.394005671751444],[-66.23078942298889,18.394117659298644]],[[-66.23201251029968,18.395593851980635],[-66.23056948184967,18.396031617034012]],[[-66.23229682445526,18.396555915575846],[-66.23193204402924,18.39615887410828],[-66.2317442893982,18.39610288100718],[-66.231529712677,18.396138512982716],[-66.23110055923462,18.396316672749833],[-66.23065531253815,18.396555915575846]],[[-66.23134732246399,18.395792373479892],[-66.231170296669,18.39523753076716],[-66.23074114322662,18.393985310371406]],[[-66.22991502285004,18.39641847824832],[-66.23034954071045,18.396301401919885]],[[-66.22977554798126,18.39592472101897],[-66.22973799705505,18.3959298113069],[-66.22970581054688,18.3959196307309],[-66.22967898845673,18.395899269577058],[-66.22966289520264,18.395873818131363],[-66.2296575307846,18.395838186101074],[-66.22966825962067,18.395807644354974],[-66.22968971729279,18.395782192895737],[-66.22972190380096,18.395766922018396],[-66.22975409030914,18.395761831725665],[-66.22978627681732,18.395772012311],[-66.22981309890747,18.395792373479892],[-66.22982919216156,18.395822915228706],[-66.22983455657959,18.395853456972105],[-66.22982382774353,18.395883998710076],[-66.22980237007141,18.395909450154264],[-66.22977554798126,18.39592472101897],[-66.22979700565338,18.396041797603402],[-66.2299633026123,18.396555915575846]],[[-66.22864902019501,18.396555915575846],[-66.22823059558868,18.395227350150236]],[[-66.22878849506378,18.394937202314892],[-66.22930347919464,18.396555915575846]],[[-66.22938930988312,18.394748860476042],[-66.22967898845673,18.395680387021258],[-66.22972190380096,18.395766922018396]],[[-66.22856318950653,18.39428564048295],[-66.22863829135895,18.39462160236026]],[[-66.22942686080933,18.394117659298644],[-66.23011887073517,18.393980220026023],[-66.23059630393982,18.393903864827195],[-66.23060703277588,18.393939497257534],[-66.230628490448,18.393964948988952],[-66.23069286346436,18.393990400716632],[-66.23073041439056,18.393985310371406],[-66.23078942298889,18.393954768296837],[-66.23080551624298,18.393924226216853],[-66.23081088066101,18.393858051691666],[-66.2307733297348,18.393807148193446],[-66.2307357788086,18.393786786789946],[-66.23066067695618,18.393786786789946],[-66.230628490448,18.393807148193446],[-66.23060703277588,18.393837690294177],[-66.23059093952179,18.393868232389508],[-66.23059630393982,18.393903864827195]],[[-66.23022079467773,18.394468892497244],[-66.23011887073517,18.393980220026023],[-66.22998476028442,18.393405010028843]],[[-66.22878313064575,18.39146557101914],[-66.22979164123535,18.391256863683083],[-66.22993648052216,18.391261954108913],[-66.23008668422699,18.39131794878321],[-66.23027980327606,18.391526656045286],[-66.23080551624298,18.39272290010983],[-66.23092353343964,18.39284506924905],[-66.23129904270172,18.393063955406873],[-66.23177111148834,18.393405010028843],[-66.23198568820953,18.393623895475343],[-66.23237192630768,18.394382356848126],[-66.23248994350433,18.394713228213092],[-66.23251140117645,18.395069550510925],[-66.2324845790863,18.395262982306846],[-66.23242557048798,18.395436052677],[-66.23229146003723,18.39569565790626],[-66.23193204402924,18.39615887410828]],[[-66.22867047786713,18.391628464374094],[-66.22862756252289,18.391628464374094],[-66.22858464717865,18.391613193128606],[-66.22854709625244,18.391582650633566],[-66.22852563858032,18.39154701771585],[-66.22851490974426,18.391506294372306],[-66.22852027416229,18.39146557101914],[-66.22854173183441,18.39142993807721],[-66.22856855392456,18.391399395549712],[-66.22860610485077,18.391379033861696],[-66.22869193553925,18.391379033861696],[-66.22872948646545,18.391399395549712],[-66.22876167297363,18.39142993807721],[-66.22878313064575,18.39146557101914],[-66.22878849506378,18.39151138479076],[-66.22877776622772,18.391552108133126],[-66.22875094413757,18.391587741049776],[-66.22871339321136,18.391613193128606],[-66.22867047786713,18.391628464374094],[-66.22873485088348,18.391852442485728],[-66.22921228408813,18.394153291684745],[-66.22739911079407,18.39451979579995],[-66.22752249240875,18.39507464082412]],[[-66.22918009757996,18.39296723830165],[-66.23026907444,18.392748352020988],[-66.23034417629242,18.392758532784384],[-66.230628490448,18.393135220607547],[-66.23063385486603,18.393237027985975],[-66.2305748462677,18.39329302201844],[-66.22930884361267,18.39354244976029]],[[-66.22718453407288,18.393364287124385],[-66.22897624969482,18.393002870925685]],[[-66.22703433036804,18.392783984690283],[-66.22885823249817,18.392432748057033],[-66.23026907444,18.392147685915333]],[[-66.22707188129425,18.392178228310215],[-66.23002231121063,18.391597921881754]],[[-66.2271898984909,18.393964948988952],[-66.22909426689148,18.393583172622613]],[[-66.22797310352325,18.39440780851413],[-66.22808039188385,18.394850666900993]],[[-66.2279999256134,18.396555915575846],[-66.22763514518738,18.395410601162894]],[[-66.22723817825317,18.396555915575846],[-66.22731864452362,18.396530464227183],[-66.22966289520264,18.395873818131363]],[[-66.22683048248291,18.396555915575846],[-66.22628331184387,18.39516626643602],[-66.2261974811554,18.39503391831431],[-66.22610092163086,18.39494229263201],[-66.22597754001617,18.39484557658116],[-66.22582733631134,18.394753950798716],[-66.2256932258606,18.394703047565173],[-66.22554302215576,18.394672505617848],[-66.22534453868866,18.39466232496754],[-66.2252426147461,18.394672505617848]],[[-66.22687876224518,18.395110273012335],[-66.22731864452362,18.396530464227183],[-66.22732937335968,18.396555915575846]],[[-66.2252426147461,18.393644256898085],[-66.2260365486145,18.39359844369352]],[[-66.2252426147461,18.39426018879888],[-66.22655153274536,18.39417365304493],[-66.22658371925354,18.394178743384614],[-66.22661054134369,18.394214375758096],[-66.22667491436005,18.39495247326579]],[[-66.2252426147461,18.393028322795473],[-66.22666418552399,18.392921424917077]],[[-66.22529089450836,18.38376359384884],[-66.2252426147461,18.38378395643649]],[[-66.22556984424591,18.376661994735557],[-66.2252426147461,18.376712903296806]],[[-66.22544646263123,18.375185639923174],[-66.2252426147461,18.375287457902132]],[[-66.2261974811554,18.375053276460633],[-66.2261974811554,18.37541982118495]],[[-66.2286114692688,18.375053276460633],[-66.22864365577698,18.375231458021148],[-66.22879922389984,18.375409639397574],[-66.22886896133423,18.375460548328462],[-66.22941076755524,18.3757812742475],[-66.23005449771881,18.375455457436033],[-66.2304300069809,18.375328185076896],[-66.23068749904633,18.375292548799507],[-66.23118102550507,18.37543000297171],[-66.23128294944763,18.37539945760959],[-66.23133659362793,18.375297639696726]]]},"properties":{"class":"minor","id":"14/5177/7340/8","source":"OpenFreeMap / OpenStreetMap","exposureHigh":true,"exposureModerate":false,"zoneLabels":"AE, X"},"id":216557470},{"type":"Feature","geometry":{"type":"MultiLineString","coordinates":[[[-66.22462034225464,18.45554711479494],[-66.22464179992676,18.455404636075073],[-66.22442722320557,18.45480927728771],[-66.22437357902527,18.454336041907098],[-66.22442185878754,18.453867893795547],[-66.22459888458252,18.453389567232776],[-66.22484564781189,18.453007922742927],[-66.22518360614777,18.452672074890174],[-66.22556447982788,18.452427821493757],[-66.2259292602539,18.452285340185398]],[[-66.22234046459198,18.446636878798586],[-66.22242629528046,18.44628066329514]],[[-66.22075259685516,18.44458608514188],[-66.22038245201111,18.44455046319949]],[[-66.22374057769775,18.441364813916593],[-66.22359037399292,18.44168032814227],[-66.22357964515686,18.441771928937968]],[[-66.22350454330444,18.441263035010536],[-66.22310757637024,18.441878796471244]],[[-66.22507095336914,18.441812640387056],[-66.22487246990204,18.442107798104402],[-66.22494220733643,18.442153598394427],[-66.22506022453308,18.442168865155054],[-66.22517824172974,18.44185844075575]],[[-66.21930956840515,18.446117821676097],[-66.21937930583954,18.44576160509625]],[[-66.21255040168762,18.43891701451591],[-66.21262550354004,18.43759895424256]],[[-66.21127367019653,18.438743987874986],[-66.21112883090973,18.442036553184565],[-66.21109664440155,18.44214850947391],[-66.21106445789337,18.442789712271093],[-66.2110161781311,18.442881312475336],[-66.21094107627869,18.44295255704489],[-66.21083915233612,18.442983090422786],[-66.21050119400024,18.443059423843806],[-66.210275888443,18.443074690523943],[-66.21000230312347,18.443115401664343]],[[-66.2074327468872,18.438438646318957],[-66.20732545852661,18.439685454257372]],[[-66.20702505111694,18.43852007078695],[-66.20682656764984,18.440118018163147]],[[-66.21298491954803,18.454748214731254],[-66.21161162853241,18.452621188794566],[-66.21152579784393,18.45243291010972],[-66.2115204334259,18.452173390503035],[-66.21178865432739,18.451196371995394],[-66.2118262052536,18.450550111907205],[-66.21175646781921,18.450000534485667],[-66.2118798494339,18.449623971162964],[-66.2119871377945,18.447390017716714],[-66.21208906173706,18.44466241785065],[-66.21235191822052,18.438886480415448]],[[-66.21404707431793,18.45473803763639],[-66.21298491954803,18.454748214731254],[-66.2116813659668,18.455353750789314],[-66.21161162853241,18.455424990185136],[-66.21158480644226,18.455765921170226],[-66.21142387390137,18.459093779106]],[[-66.2032699584961,18.439456449395834],[-66.2033611536026,18.439909369826893]]]},"properties":{"class":"service","id":"14/5178/7337/1","source":"OpenFreeMap / OpenStreetMap","exposureHigh":true,"exposureModerate":true,"zoneLabels":"AE, X"},"id":222338830},{"type":"Feature","geometry":{"type":"LineString","coordinates":[[-66.22301638126373,18.439746522168903],[-66.22347235679626,18.43976687813459]]},"properties":{"class":"service","access":"no","id":"14/5178/7337/2","source":"OpenFreeMap / OpenStreetMap","exposureHigh":true,"exposureModerate":false,"zoneLabels":"AE"},"id":222350072},{"type":"Feature","geometry":{"type":"LineString","coordinates":[[-66.21980309486389,18.444224776526752],[-66.21969044208527,18.444250220820294],[-66.21952950954437,18.444438508475386]]},"properties":{"class":"service","service":"driveway","id":"14/5178/7337/3","source":"OpenFreeMap / OpenStreetMap","exposureHigh":true,"exposureModerate":false,"zoneLabels":"AE"},"id":222361582},{"type":"Feature","geometry":{"type":"LineString","coordinates":[[-66.2042784690857,18.439110397026056],[-66.20438575744629,18.43950733939144]]},"properties":{"class":"service","oneway":1,"id":"14/5178/7337/4","source":"OpenFreeMap / OpenStreetMap","exposureHigh":false,"exposureModerate":true,"zoneLabels":"X"},"id":12306280892},{"type":"Feature","geometry":{"type":"LineString","coordinates":[[-66.20447158813477,18.439481894395513],[-66.20436429977417,18.439084951971367]]},"properties":{"class":"service","oneway":1,"id":"14/5178/7337/5","source":"OpenFreeMap / OpenStreetMap","exposureHigh":false,"exposureModerate":true,"zoneLabels":"X"},"id":12306280902},{"type":"Feature","geometry":{"type":"LineString","coordinates":[[-66.20465934276581,18.43943100439239],[-66.20461106300354,18.43926815628106],[-66.20495975017548,18.439166376133116],[-66.20501339435577,18.439329224340895],[-66.20389759540558,18.43964474230431],[-66.20384931564331,18.439476805395884],[-66.20416581630707,18.439385203376673],[-66.20421946048737,18.4395531403746]]},"properties":{"class":"service","service":"parking_aisle","id":"14/5178/7337/6","source":"OpenFreeMap / OpenStreetMap","exposureHigh":true,"exposureModerate":true,"zoneLabels":"AE, X"},"id":12306280912},{"type":"Feature","geometry":{"type":"MultiLineString","coordinates":[[[-66.2259292602539,18.4479192484944],[-66.22245848178864,18.44734930758935],[-66.22153580188751,18.44719155575467],[-66.22127830982208,18.44713049048947],[-66.21898233890533,18.44674883208998]],[[-66.2259292602539,18.447201733296765],[-66.22390151023865,18.446886229211486],[-66.22127830982208,18.446463859932038],[-66.21845126152039,18.445960068710434],[-66.2186872959137,18.444891415773483],[-66.21873021125793,18.444840527372563]],[[-66.22378885746002,18.44756812441048],[-66.22418582439423,18.445105146892715],[-66.22430920600891,18.444499574697588],[-66.22462034225464,18.444031399772697],[-66.22491002082825,18.443430912675268],[-66.22514605522156,18.44296273483812]],[[-66.22219026088715,18.445985512746958],[-66.22190058231354,18.445924447052974],[-66.22125685214996,18.44584302609391]],[[-66.22197568416595,18.445329055399085],[-66.22190058231354,18.445924447052974]],[[-66.22204005718231,18.4441229993149],[-66.22194349765778,18.44471839514887]],[[-66.2236225605011,18.443207001694944],[-66.22354209423065,18.44324262391588],[-66.22237265110016,18.44333931276404],[-66.22051656246185,18.44266757858945]],[[-66.22310757637024,18.44412808817694],[-66.22296810150146,18.444871060414926]],[[-66.22295200824738,18.445486808944224],[-66.22305393218994,18.444967748346585],[-66.22303783893585,18.44490668229082],[-66.22296810150146,18.444871060414926],[-66.22148752212524,18.444652240158106],[-66.2207579612732,18.44451484124974]],[[-66.22418582439423,18.445105146892715],[-66.22504949569702,18.445232367670755],[-66.2259292602539,18.44542574307296]],[[-66.22357964515686,18.445023725545312],[-66.2241804599762,18.44513567988804]],[[-66.2259292602539,18.44477437242884],[-66.22430920600891,18.444499574697588]],[[-66.22444868087769,18.444290931682133],[-66.22415363788605,18.444168799067697],[-66.223424077034,18.44411282159041],[-66.22310757637024,18.44412808817694],[-66.22249603271484,18.44420442108921],[-66.22204005718231,18.4441229993149],[-66.22097253799438,18.44396015565053],[-66.22088134288788,18.443985599983264],[-66.22084379196167,18.444021222042764],[-66.2207579612732,18.44451484124974],[-66.22069358825684,18.445120413391052],[-66.22051119804382,18.446331551269424],[-66.22038781642914,18.446982916008878]],[[-66.22491002082825,18.443430912675268],[-66.22565567493439,18.4438431116714],[-66.2259292602539,18.44396015565053]],[[-66.22383177280426,18.44260142280899],[-66.22370302677155,18.4429983571097],[-66.2236225605011,18.443207001694944],[-66.22360110282898,18.443374934957532],[-66.22361719608307,18.443410557143665],[-66.22394979000092,18.443558134693177]],[[-66.22317731380463,18.441120544440764],[-66.22334361076355,18.44076940646086],[-66.22341871261597,18.440413178791502],[-66.22340798377991,18.440347022143015],[-66.22338652610779,18.440306310346685],[-66.22338116168976,18.44027068751697],[-66.22345089912415,18.43986865792685],[-66.22348308563232,18.439736344185164],[-66.22354209423065,18.439690543250833],[-66.2259292602539,18.440107840201406]],[[-66.2259292602539,18.441395347576673],[-66.22543573379517,18.441303746580203],[-66.22489392757416,18.441247768169433]],[[-66.2259292602539,18.440906808364545],[-66.22590780258179,18.440835562946717],[-66.2259292602539,18.44076940646086]],[[-66.2259292602539,18.440698160986074],[-66.22340798377991,18.440347022143015],[-66.22260332107544,18.44020961979173]],[[-66.22118175029755,18.441878796471244],[-66.22106909751892,18.441771928937968],[-66.22053265571594,18.441497126404343]],[[-66.21820986270905,18.43889665844955],[-66.21353209018707,18.438219817870092]],[[-66.21597826480865,18.439838123995514],[-66.21695458889008,18.439980615628727],[-66.2168687582016,18.440504780262728],[-66.21444940567017,18.440133285104636]],[[-66.2155169248581,18.439777056116526],[-66.21451377868652,18.43961929732872],[-66.21447086334229,18.439634564314517],[-66.21444940567017,18.440133285104636],[-66.21435284614563,18.441359724972727]],[[-66.21498048305511,18.4407541395759],[-66.21464252471924,18.44283042347901]],[[-66.2154096364975,18.441349547084528],[-66.21514678001404,18.442901668069652]],[[-66.21606409549713,18.440916986278964],[-66.21573686599731,18.442993268214224]],[[-66.21691703796387,18.441039121204966],[-66.21440649032593,18.44067271616649]],[[-66.21677219867706,18.441553104733885],[-66.21436357498169,18.441191789740415]],[[-66.21649324893951,18.441512393223306],[-66.21624648571014,18.44306960163071]],[[-66.21646642684937,18.443100134987816],[-66.21419191360474,18.44275917885882]],[[-66.21472835540771,18.442326621602064],[-66.2142562866211,18.442255376772962],[-66.214240193367,18.442316443771134]],[[-66.21986746788025,18.44386855602147],[-66.22006595134735,18.443420734909765],[-66.22041463851929,18.44277953446762],[-66.22079014778137,18.44237751074762],[-66.22108519077301,18.44198057501255],[-66.22202932834625,18.44217904299471],[-66.22228682041168,18.442245198937812],[-66.22383177280426,18.44260142280899],[-66.22482419013977,18.442840601279485],[-66.22514605522156,18.44296273483812],[-66.2259292602539,18.443324046107435]],[[-66.21980309486389,18.444224776526752],[-66.22022151947021,18.44427057625242],[-66.22025907039642,18.444245131961893],[-66.22032880783081,18.443985599983264],[-66.2203985452652,18.443944889049078],[-66.2207043170929,18.443985599983264],[-66.22084379196167,18.444021222042764],[-66.22079014778137,18.443924533578368],[-66.22083306312561,18.443639556735192]],[[-66.21878385543823,18.444158621345906],[-66.21868193149567,18.444809994324785]],[[-66.21809720993042,18.444687862079363],[-66.21868193149567,18.444809994324785],[-66.21873021125793,18.444840527372563],[-66.21886968612671,18.44482017200798],[-66.22420191764832,18.445690361691632],[-66.2259292602539,18.445980423939957]],[[-66.21791481971741,18.445125502223533],[-66.21809720993042,18.444687862079363],[-66.21817231178284,18.44433164253431]],[[-66.21839761734009,18.437878852057224],[-66.21815621852875,18.439247800256297],[-66.21814012527466,18.43928342329805],[-66.21810793876648,18.43930886832335],[-66.21807038784027,18.4393343133449],[-66.21803283691406,18.4393343133449],[-66.21355354785919,18.438708364721393],[-66.21350526809692,18.438682919607174],[-66.21347844600677,18.438642207416592],[-66.21347844600677,18.43859640619064],[-66.21358573436737,18.437827961579373],[-66.21361255645752,18.437787249186243],[-66.21365547180176,18.437766892986062],[-66.21371448040009,18.43775671488507],[-66.21589243412018,18.438067146694237],[-66.21601581573486,18.438138393259834],[-66.21580123901367,18.43959385234939],[-66.21570467948914,18.439970437658843],[-66.21564030647278,18.44014346306487],[-66.21552765369415,18.440835562946717]]]},"properties":{"class":"minor","id":"14/5178/7337/7","source":"OpenFreeMap / OpenStreetMap","exposureHigh":true,"exposureModerate":true,"zoneLabels":"AE, X"},"id":222342010},{"type":"Feature","geometry":{"type":"MultiLineString","coordinates":[[[-66.22296273708344,18.442402955314734],[-66.22282862663269,18.442835512379318]],[[-66.22301638126373,18.441039121204966],[-66.22287154197693,18.44116634499393],[-66.22118175029755,18.441878796471244],[-66.22108519077301,18.44198057501255]],[[-66.22202932834625,18.44217904299471],[-66.22187376022339,18.442718467634023]],[[-66.22228682041168,18.442245198937812],[-66.22214734554291,18.442774445565632]],[[-66.21481418609619,18.441787195732502],[-66.21417045593262,18.44170577281264],[-66.21415436267853,18.441751573209814]],[[-66.2179845571518,18.44587355895807],[-66.21845126152039,18.445960068710434]]]},"properties":{"surface":"paved","class":"minor","id":"14/5178/7337/8","source":"OpenFreeMap / OpenStreetMap","exposureHigh":true,"exposureModerate":true,"zoneLabels":"AE, X"},"id":222342600},{"type":"Feature","geometry":{"type":"MultiLineString","coordinates":[[[-66.2259292602539,18.44217904299471],[-66.22471153736115,18.441654883468118],[-66.22383713722229,18.441405525462145],[-66.22309684753418,18.441079832827683],[-66.22229218482971,18.440591292718494],[-66.22179329395294,18.440352111116894],[-66.22133731842041,18.44020961979173],[-66.2212085723877,18.440184174899798]],[[-66.2210476398468,18.44015364102451],[-66.22047364711761,18.44005186140103],[-66.21235191822052,18.438886480415448],[-66.20963215827942,18.43852007078695],[-66.20828568935394,18.438382666974846],[-66.2074863910675,18.438428468257754],[-66.20614528656006,18.438688008630322],[-66.20452523231506,18.439039150863437],[-66.2032699584961,18.439400470383262]]]},"properties":{"class":"tertiary","id":"14/5178/7337/9","source":"OpenFreeMap / OpenStreetMap","exposureHigh":true,"exposureModerate":true,"zoneLabels":"AE, X"},"id":222369800},{"type":"Feature","geometry":{"type":"MultiLineString","coordinates":[[[-66.22179329395294,18.43759895424256],[-66.22170746326447,18.437731269629936]],[[-66.22158944606781,18.437894119197637],[-66.2208491563797,18.43899334974327],[-66.22063457965851,18.43937502537152],[-66.22055947780609,18.43964474230431],[-66.22047364711761,18.44005186140103]]]},"properties":{"surface":"paved","class":"tertiary","id":"14/5178/7337/10","source":"OpenFreeMap / OpenStreetMap","exposureHigh":true,"exposureModerate":false,"zoneLabels":"AE"},"id":2771292730},{"type":"Feature","geometry":{"type":"LineString","coordinates":[[-66.22170746326447,18.437731269629936],[-66.22158944606781,18.437894119197637]]},"properties":{"brunnel":"bridge","surface":"paved","class":"tertiary","layer":1,"id":"14/5178/7337/11","source":"OpenFreeMap / OpenStreetMap","exposureHigh":true,"exposureModerate":false,"zoneLabels":"AE"},"id":5337997412},{"type":"Feature","geometry":{"type":"LineString","coordinates":[[-66.2212085723877,18.440184174899798],[-66.2210476398468,18.44015364102451]]},"properties":{"class":"tertiary","layer":1,"brunnel":"bridge","id":"14/5178/7337/12","source":"OpenFreeMap / OpenStreetMap","exposureHigh":true,"exposureModerate":false,"zoneLabels":"AE"},"id":12306280772},{"type":"Feature","geometry":{"type":"MultiLineString","coordinates":[[[-66.23711943626404,18.41111856051073],[-66.23719453811646,18.41070119321492],[-66.2372213602066,18.410187117471864],[-66.23726427555084,18.40986645558732],[-66.23715162277222,18.409006264406955],[-66.23722672462463,18.408497273518662],[-66.2372750043869,18.40807989986733]],[[-66.23912036418915,18.408512543267207],[-66.23921692371368,18.408242777510182],[-66.23926520347595,18.408064630080403],[-66.23915255069733,18.40774905418084],[-66.23898088932037,18.407596355957253]],[[-66.23860538005829,18.408339486037733],[-66.23891651630402,18.408308946508583],[-66.23921692371368,18.408242777510182],[-66.23973727226257,18.40820205811393]],[[-66.23603045940399,18.402134760450537],[-66.23594999313354,18.402389265487102],[-66.23599827289581,18.40246561692473]],[[-66.23594462871552,18.401834444023635],[-66.23601973056793,18.40200241768288]],[[-66.23613238334656,18.402058408866225],[-66.23612701892853,18.40208894950402],[-66.23608946800232,18.40212967034597],[-66.23603045940399,18.402134760450537],[-66.23598754405975,18.40209912971541],[-66.23598217964172,18.402073679185804],[-66.23598217964172,18.40204313854531],[-66.23599827289581,18.40201768800742],[-66.23601973056793,18.40200241768288],[-66.23604655265808,18.40199223746579],[-66.23607873916626,18.40199732757442],[-66.23610556125641,18.4020125978994],[-66.23613238334656,18.402058408866225],[-66.23645961284637,18.40208894950402],[-66.2366634607315,18.40196169681083]],[[-66.2326991558075,18.396316672749833],[-66.23295664787292,18.39600107532219],[-66.23299419879913,18.39592472101897],[-66.2330424785614,18.395909450154264]],[[-66.23268842697144,18.396723894382816],[-66.23270452022552,18.396632269599323]],[[-66.22666954994202,18.406288235625496],[-66.2267553806305,18.40627805566176],[-66.22705042362213,18.406272965679676]],[[-66.22653543949127,18.40646129491688],[-66.22666954994202,18.406288235625496],[-66.22672855854034,18.406166076020966],[-66.22678220272064,18.406135536106277],[-66.22693240642548,18.406135536106277]],[[-66.22606873512268,18.40676160327442],[-66.22581124305725,18.406537644548976],[-66.22568249702454,18.40646129491688],[-66.22562348842621,18.406395125208363],[-66.22559130191803,18.406308595551167],[-66.22557520866394,18.40622206585047],[-66.22566640377045,18.405916666559236]],[[-66.22576296329498,18.407336768666312],[-66.22562348842621,18.407311318910843]],[[-66.22737765312195,18.40725532943557],[-66.22732937335968,18.407387668165995],[-66.22730255126953,18.40754036657465]],[[-66.2274956703186,18.40794756166902],[-66.22757077217102,18.40754036657465],[-66.22761905193329,18.407397848064107]],[[-66.22732937335968,18.407387668165995],[-66.22757077217102,18.40754036657465]],[[-66.229909658432,18.411724250274162],[-66.22998476028442,18.41125598610617],[-66.22995257377625,18.41118472840371],[-66.22992038726807,18.411159279217102],[-66.22988283634186,18.411144009703364],[-66.22909426689148,18.411032033227684]],[[-66.22971653938293,18.408456554182592],[-66.22978627681732,18.408354755800275],[-66.22980237007141,18.40828349689683],[-66.22983992099762,18.406985561708552],[-66.22989356517792,18.406644533977],[-66.23002767562866,18.406023556372773],[-66.2302154302597,18.40537712648755],[-66.23031198978424,18.405275326284425],[-66.2304300069809,18.405198976092578],[-66.23060166835785,18.40516334599147]],[[-66.23445332050323,18.40888410673101],[-66.23383641242981,18.408751769150925]],[[-66.23516142368317,18.41028382490711],[-66.23416364192963,18.410075140373706]],[[-66.23638987541199,18.409662860429947],[-66.23537063598633,18.409469444807414],[-66.23527407646179,18.409851185958857],[-66.23523652553558,18.40993771383549],[-66.23517751693726,18.41000388218241],[-66.2351506948471,18.41013112893188],[-66.23516142368317,18.41021765666781],[-66.23516142368317,18.41028382490711],[-66.23504877090454,18.410848798837634]],[[-66.23523652553558,18.40993771383549],[-66.23525261878967,18.410019151797314],[-66.2352204322815,18.410146398535502],[-66.23516142368317,18.41021765666781]],[[-66.2345016002655,18.4107520917198],[-66.23440504074097,18.41141886074388]],[[-66.23405635356903,18.410568857031762],[-66.23416364192963,18.410075140373706],[-66.23445332050323,18.40888410673101],[-66.23463571071625,18.40812570921996],[-66.2347537279129,18.407677795026686],[-66.23482346534729,18.407494557066272],[-66.23498439788818,18.40714335043039],[-66.23503804206848,18.407097540816366],[-66.23513996601105,18.40708227094231],[-66.23518288135529,18.407036461312032],[-66.235311627388,18.40677687317691],[-66.23538672924042,18.40646638489342]],[[-66.23375594615936,18.411286525112473],[-66.23387396335602,18.410645204842154]],[[-66.23280107975006,18.41146466920796],[-66.232790350914,18.410711372917092],[-66.23278498649597,18.410670654104763],[-66.23276889324188,18.41063502513606],[-66.23274207115173,18.41060448601415],[-66.23270452022552,18.410584126596547],[-66.23253285884857,18.410533228041984],[-66.23236119747162,18.41054340775412],[-66.23178720474243,18.410548497609952],[-66.23177647590637,18.410395801869512],[-66.23179256916046,18.410385622148667],[-66.23217344284058,18.410380532288016],[-66.23218417167664,18.410395801869512],[-66.2321949005127,18.410548497609952]],[[-66.23310685157776,18.411459579379212],[-66.23245775699615,18.41146975903655],[-66.23244166374207,18.410904787144176],[-66.23236656188965,18.410711372917092],[-66.23236119747162,18.41054340775412]],[[-66.23221099376678,18.409851185958857],[-66.23216271400452,18.409942803709242]],[[-66.23277962207794,18.41341915231824],[-66.23259723186493,18.41339879323357],[-66.23256504535675,18.41338861369033],[-66.2325382232666,18.413368254602048],[-66.23250603675842,18.4133020875485],[-66.23250603675842,18.413271548899814],[-66.23263478279114,18.412665864581484]],[[-66.23363792896271,18.413123945354798],[-66.23334288597107,18.412324848102998],[-66.23330533504486,18.412279039867855],[-66.23325705528259,18.412238321426386],[-66.233149766922,18.412187423360976]],[[-66.23286545276642,18.41304250886199],[-66.23256504535675,18.4129916110344]],[[-66.23114347457886,18.416366104417705],[-66.23115956783295,18.416666395494374],[-66.23114883899689,18.4166918438666],[-66.23111128807068,18.416717292235077],[-66.23082160949707,18.416732561254378]],[[-66.23085916042328,18.417205900179965],[-66.23186767101288,18.417149913923325]],[[-66.23077869415283,18.417002313704884],[-66.23030662536621,18.416971775712824],[-66.23025834560394,18.416956506714797],[-66.22999012470245,18.416707112888147]],[[-66.23083770275116,18.41611670973535],[-66.23079478740692,18.416147247879138],[-66.23077869415283,18.416203234462017],[-66.2308806180954,18.417404396761228]],[[-66.23038172721863,18.416976865378558],[-66.23051047325134,18.417368769186595],[-66.23025298118591,18.417404396761228]],[[-66.22979164123535,18.416773278632476],[-66.22960925102234,18.416381373468155]],[[-66.22966825962067,18.416503525822918],[-66.229367852211,18.41660022970892]],[[-66.22908353805542,18.41720081052101],[-66.229367852211,18.417119375957483],[-66.2294214963913,18.417312782982947],[-66.22954487800598,18.41729242435892],[-66.22957170009613,18.417404396761228]],[[-66.22904598712921,18.417093927648466],[-66.22908353805542,18.41720081052101],[-66.22913718223572,18.417404396761228]],[[-66.22979164123535,18.41552630455685],[-66.22972190380096,18.415628098697667],[-66.22974872589111,18.415775700094883],[-66.22994720935822,18.416121799426364],[-66.23011887073517,18.41656969164552],[-66.22999012470245,18.416707112888147],[-66.22982382774353,18.416758009616814],[-66.22911036014557,18.417068479335697],[-66.22885286808014,18.417165182904213],[-66.22848272323608,18.417216079497393]],[[-66.22573614120483,18.413495498864307],[-66.22633695602417,18.413617653267565]],[[-66.22604727745056,18.4154296000673],[-66.22653007507324,18.415322716094565]],[[-66.22548401355743,18.408039180432525],[-66.2252426147461,18.40756581629627]],[[-66.2252426147461,18.40687867249224],[-66.2254947423935,18.406766693242062],[-66.22566640377045,18.40714335043039],[-66.22551620006561,18.407718514546957],[-66.22535526752472,18.407789773684257]],[[-66.2252426147461,18.406140626092437],[-66.22533917427063,18.40618643596106],[-66.22540891170502,18.40627805566176],[-66.22561812400818,18.406700523650912],[-66.22581124305725,18.407011011512168],[-66.22581660747528,18.407102630774077],[-66.22579514980316,18.407219699760006],[-66.22571468353271,18.40749964701226],[-66.22555911540985,18.407891572400658],[-66.22545719146729,18.408100259581104],[-66.2252426147461,18.408196968188705]],[[-66.23233437538147,18.39596035303134],[-66.23251676559448,18.396209776911675],[-66.23276889324188,18.396347214405708],[-66.23282253742218,18.3963421241301],[-66.2328976392746,18.396306492196672],[-66.23305857181549,18.396143603264335],[-66.23308002948761,18.39607742959157],[-66.2330424785614,18.395909450154264],[-66.2330424785614,18.395904359865725]],[[-66.23237192630768,18.395904359865725],[-66.23233437538147,18.39596035303134],[-66.2321412563324,18.396189415792122],[-66.23232901096344,18.39644392961354],[-66.232430934906,18.396520283686655],[-66.23258113861084,18.39659663772592],[-66.23270452022552,18.396632269599323],[-66.2328439950943,18.396632269599323],[-66.23299956321716,18.39658136692077],[-66.23311758041382,18.396520283686655],[-66.23338043689728,18.396230138028827],[-66.23345017433167,18.396189415792122],[-66.23347163200378,18.396148693545797],[-66.23337507247925,18.395904359865725]],[[-66.23276352882385,18.395965443318246],[-66.23266160488129,18.395904359865725]],[[-66.23281180858612,18.395904359865725],[-66.23254895210266,18.396230138028827]]]},"properties":{"class":"service","id":"14/5177/7339/1","source":"OpenFreeMap / OpenStreetMap","exposureHigh":false,"exposureModerate":false,"zoneLabels":"X"},"id":222348530},{"type":"Feature","geometry":{"type":"MultiLineString","coordinates":[[[-66.24079406261444,18.41146975903655],[-66.24043464660645,18.411459579379212],[-66.23982846736908,18.411403591253148],[-66.23953878879547,18.411388321761052],[-66.23939394950867,18.41146975903655],[-66.2387877702713,18.414829013073316]],[[-66.23982846736908,18.411403591253148],[-66.23987138271332,18.410380532288016],[-66.23997867107391,18.40939818636538],[-66.24003231525421,18.409276028967554],[-66.24009668827057,18.409235309815685],[-66.2404078245163,18.409270939074105],[-66.24050974845886,18.409225130026215],[-66.2406063079834,18.4086092516432],[-66.24064922332764,18.407774503871607]],[[-66.23883605003357,18.411362872604542],[-66.23902916908264,18.40916914117335],[-66.23912036418915,18.408512543267207]],[[-66.24317049980164,18.40155448756083],[-66.24310076236725,18.40148831596676],[-66.24291837215424,18.40128471090246],[-66.24285936355591,18.40092331132051],[-66.24275207519531,18.40007325579309],[-66.2427681684494,18.399859468712776],[-66.24228000640869,18.39876507831235],[-66.24221563339233,18.398403673443568],[-66.24219954013824,18.39807280916645],[-66.24269843101501,18.396764616493172],[-66.2428218126297,18.396627179332143],[-66.24315977096558,18.396372665781442],[-66.24346554279327,18.396184325511854],[-66.24356210231781,18.396169054670167],[-66.24387860298157,18.396489742061476],[-66.24434530735016,18.397100573536292],[-66.24480128288269,18.397599417634055],[-66.24483346939087,18.397777575890316],[-66.2447315454483,18.398439304943196],[-66.24472618103027,18.398673454614553],[-66.24468326568604,18.398978866751023],[-66.24457597732544,18.399116302035765],[-66.24451160430908,18.39913666280937],[-66.2444794178009,18.399131572616184],[-66.2435245513916,18.397874290295135],[-66.24342262744904,18.397803027054735],[-66.24317586421967,18.397833568447084],[-66.24233901500702,18.398368041936564],[-66.24221563339233,18.398403673443568]],[[-66.24778389930725,18.401091285868418],[-66.24767124652863,18.40102002395902],[-66.24768197536469,18.400964032438083],[-66.2476658821106,18.400775697188635],[-66.2476122379303,18.40070952529534],[-66.2468558549881,18.400439747313413],[-66.2467110157013,18.40026668197045],[-66.24675929546356,18.400098706618323],[-66.24683976173401,18.399905280252327],[-66.24677538871765,18.399711853669118],[-66.24676465988159,18.399635501010707],[-66.24668955802917,18.399421713387028],[-66.24665200710297,18.399050129504943],[-66.24665200710297,18.398841431356615],[-66.24696850776672,18.397971004645626],[-66.24718308448792,18.397141295557617],[-66.24719381332397,18.39707512226809]],[[-66.2462067604065,18.400597542033395],[-66.24654471874237,18.40034812450645],[-66.2467110157013,18.40026668197045],[-66.24732792377472,18.40003762463148]],[[-66.2479019165039,18.399966362286108],[-66.24747812747955,18.39975257507311],[-66.24726355075836,18.3997627554226],[-66.24683976173401,18.399905280252327]],[[-66.2479019165039,18.397792846589425],[-66.24785900115967,18.397833568447084],[-66.24776244163513,18.39817970384854],[-66.24763369560242,18.398250966933105],[-66.24751567840576,18.39823060605481],[-66.24733865261078,18.398164433183737],[-66.24700605869293,18.39800154600819],[-66.24696850776672,18.397971004645626]],[[-66.2479019165039,18.39686642172694],[-66.24760687351227,18.39696822690057],[-66.24741911888123,18.397008948953143],[-66.24719381332397,18.39707512226809],[-66.24683439731598,18.39715147606144],[-66.24646425247192,18.397131115053185],[-66.24617993831635,18.397161656564663],[-66.2455952167511,18.39737544699335],[-66.24525725841522,18.39738562748333],[-66.24507486820221,18.397416168949675],[-66.24480128288269,18.397599417634055]],[[-66.24683439731598,18.39715147606144],[-66.24682366847992,18.39698858792805],[-66.24655544757843,18.396250499143562],[-66.24650716781616,18.396209776911675],[-66.24645352363586,18.39621486719119]],[[-66.24531626701355,18.398586921077438],[-66.24533236026764,18.398006636234754],[-66.24517679214478,18.39774703448805],[-66.2451982498169,18.39749252259186],[-66.24525725841522,18.39738562748333]],[[-66.2447315454483,18.398439304943196],[-66.24443650245667,18.39813898207271],[-66.24355673789978,18.397008948953143],[-66.2434333562851,18.39694786587063],[-66.24328851699829,18.397008948953143],[-66.24252140522003,18.397538334760924],[-66.24239802360535,18.397548515241283]],[[-66.24275207519531,18.40007325579309],[-66.24168455600739,18.400215780365897],[-66.24112665653229,18.400337944191563],[-66.24078333377838,18.40047028823824],[-66.2402093410492,18.40080114791006],[-66.23992502689362,18.400902950758123],[-66.23985528945923,18.400872409910008],[-66.23975336551666,18.400750246463446],[-66.23965680599213,18.400592451883384],[-66.23966753482819,18.40050082915765],[-66.2405526638031,18.3999510917797],[-66.24059557914734,18.399895099911262],[-66.24049365520477,18.399014498131677]],[[-66.24285936355591,18.40092331132051],[-66.24272525310516,18.400969122577095],[-66.24256432056427,18.401050564780945],[-66.24243021011353,18.401142187214234],[-66.24175429344177,18.401737731842474],[-66.2414163351059,18.40197187702975],[-66.24107837677002,18.40217548128166],[-66.2403917312622,18.402659040415216],[-66.23966217041016,18.40314768826559]],[[-66.24052584171295,18.401366152957067],[-66.24093353748322,18.401060745053712]],[[-66.240354180336,18.401081105597456],[-66.23988747596741,18.40138142333801],[-66.2393993139267,18.401635929487853],[-66.23937249183655,18.401661380082146],[-66.23935103416443,18.401732641726184],[-66.23936712741852,18.401854804475917]],[[-66.2402093410492,18.40080114791006],[-66.240354180336,18.401081105597456],[-66.24052584171295,18.401366152957067],[-66.24067604541779,18.401651199844892],[-66.2414163351059,18.40262849987853]],[[-66.23975336551666,18.400750246463446],[-66.23912572860718,18.40113200694627],[-66.23894333839417,18.401152367481586],[-66.23879849910736,18.40107601546174],[-66.23850345611572,18.40086731976814],[-66.23832643032074,18.40063317307917],[-66.23828887939453,18.40032267371808],[-66.23840689659119,18.399874739227315]],[[-66.24178647994995,18.39716674681604],[-66.24159872531891,18.39770122237448],[-66.24154508113861,18.397915012133538],[-66.2415611743927,18.398398583228726],[-66.241614818573,18.398597101495824]],[[-66.2404614686966,18.39844439515683],[-66.24057412147522,18.398474936435463],[-66.24099254608154,18.398474936435463]],[[-66.23757541179657,18.399401352647118],[-66.23771488666534,18.399151933387984],[-66.2379240989685,18.398912694167407],[-66.23847663402557,18.3986072819136],[-66.23924911022186,18.39809317006339],[-66.24013960361481,18.397528154279968],[-66.24050438404083,18.397329634780974],[-66.24133050441742,18.397217649321632],[-66.24178647994995,18.39716674681604],[-66.2419205904007,18.39706494175975],[-66.24204933643341,18.397003858697104],[-66.24255895614624,18.39677988728208],[-66.24269843101501,18.396764616493172]],[[-66.23902916908264,18.39958968939939],[-66.23886823654175,18.399701673316628],[-66.23876631259918,18.399859468712776],[-66.23875558376312,18.399920550762815],[-66.23872339725494,18.399940911441348],[-66.23869121074677,18.399946001610587],[-66.23840689659119,18.399874739227315],[-66.23834252357483,18.399828927679636],[-66.23757541179657,18.399401352647118],[-66.23670637607574,18.39869890564661],[-66.23659908771515,18.398500387496853],[-66.23658835887909,18.39828659846431],[-66.2366795539856,18.398144072295224],[-66.23683512210846,18.39811862118117],[-66.23788118362427,18.398388402798616]],[[-66.23807966709137,18.399681312609815],[-66.2382459640503,18.39941662320227],[-66.23881459236145,18.3990195883283]],[[-66.23778462409973,18.40063317307917],[-66.23723208904266,18.401014933821486],[-66.23672783374786,18.401396693717615],[-66.23648643493652,18.401564667803797],[-66.23627722263336,18.40169192079034],[-66.23594462871552,18.401834444023635],[-66.23532772064209,18.402104219820885],[-66.23459279537201,18.40241471597008],[-66.23435139656067,18.4024808872082],[-66.23413681983948,18.40249615749029],[-66.23387932777405,18.40247070701936],[-66.23335361480713,18.40235363480464]],[[-66.23723208904266,18.401014933821486],[-66.23826742172241,18.402338364509887],[-66.23834252357483,18.402404535777336]],[[-66.23672783374786,18.401396693717615],[-66.23741447925568,18.40233327441132]],[[-66.23688340187073,18.40275575207899],[-66.23693704605103,18.40338183153584],[-66.23702824115753,18.405005555455077],[-66.2370228767395,18.405036095570182],[-66.23700141906738,18.405061545661965],[-66.23694777488708,18.405092085767137],[-66.23495221138,18.405168436006377],[-66.2348985671997,18.40511753585065],[-66.23485028743744,18.404623803559247],[-66.23467862606049,18.40285755377164]],[[-66.23713552951813,18.40275066199277],[-66.23688340187073,18.40275575207899],[-66.23685657978058,18.40275575207899]],[[-66.23693704605103,18.40338183153584],[-66.23647570610046,18.4033869216034],[-66.23473763465881,18.403483632858396]],[[-66.23965680599213,18.403829756904898],[-66.24200105667114,18.402226382307035]],[[-66.23700141906738,18.404516912876744],[-66.23618066310883,18.40454236304528],[-66.23485028743744,18.404623803559247]],[[-66.23598754405975,18.40512262586691],[-66.23600900173187,18.40547383662475]],[[-66.23479127883911,18.404053719152486],[-66.2369692325592,18.4039417380651]],[[-66.2334555387497,18.404053719152486],[-66.23244166374207,18.403727955786962],[-66.2322324514389,18.403646514849285],[-66.23193740844727,18.403605794366],[-66.23164236545563,18.403580344059066],[-66.23045682907104,18.403870477335218]],[[-66.2336540222168,18.403529443433897],[-66.23229682445526,18.40308151728368],[-66.23196423053741,18.403035706588994],[-66.23163163661957,18.403015346276348],[-66.23140633106232,18.403045886744422],[-66.23030662536621,18.403315660643912]],[[-66.23240411281586,18.40251142777106],[-66.23242557048798,18.40244016644928]],[[-66.23287618160248,18.402577598972],[-66.23253285884857,18.40345309246794],[-66.23229682445526,18.40414533998802],[-66.23221635818481,18.404211510561126],[-66.23193204402924,18.40416061012253],[-66.23165309429169,18.404170790211452],[-66.23059093952179,18.404420202202076],[-66.2303763628006,18.404445652384894],[-66.23018860816956,18.404435472312215],[-66.23000085353851,18.404481282634507],[-66.22938930988312,18.404659433771997]],[[-66.23335897922516,18.401717371376364],[-66.23396515846252,18.401849714363067],[-66.23410999774933,18.40185989458861],[-66.23421728610992,18.401849714363067],[-66.23434603214264,18.401814083568965],[-66.235671043396,18.40124907999146],[-66.23623967170715,18.40092331132051],[-66.23725891113281,18.400215780365897],[-66.23739838600159,18.400129247603616],[-66.23742520809174,18.400144518094237],[-66.23778462409973,18.40063317307917],[-66.23881459236145,18.401987147357005],[-66.23890042304993,18.402063498972907]],[[-66.23386859893799,18.40287282402035],[-66.2338525056839,18.40294917524359],[-66.2336540222168,18.403529443433897],[-66.23329997062683,18.404471102563946]],[[-66.23651325702667,18.40279647276327],[-66.23650789260864,18.402725211559456]],[[-66.23532772064209,18.402104219820885],[-66.23550474643707,18.402526698050465],[-66.23550474643707,18.402603049427157]],[[-66.23430848121643,18.399442074124522],[-66.23437285423279,18.399508246504766],[-66.23478591442108,18.400393935916014]],[[-66.23469471931458,18.399162113772974],[-66.23495221138,18.399742394723035],[-66.23594462871552,18.401834444023635]],[[-66.23512923717499,18.399126482422858],[-66.2355637550354,18.400052895130216]],[[-66.23577833175659,18.398871972564862],[-66.23577833175659,18.398907603967615],[-66.2360680103302,18.39956932867935],[-66.23607337474823,18.39962023047495],[-66.2358158826828,18.399935821271924],[-66.23577833175659,18.399966362286108],[-66.23517751693726,18.400215780365897],[-66.23478591442108,18.400393935916014],[-66.23409926891327,18.400678984412934],[-66.23404562473297,18.400684074560374],[-66.23371839523315,18.40063317307917],[-66.233691573143,18.40063826322796]],[[-66.23642206192017,18.3990195883283],[-66.2359231710434,18.39923846664125]],[[-66.2315833568573,18.399839108024622],[-66.2334018945694,18.400225960688005]],[[-66.23371303081512,18.399925640932665],[-66.23376131057739,18.399966362286108],[-66.23399198055267,18.400017263964372],[-66.2345016002655,18.39979329646748]],[[-66.23146533966064,18.40037866544752],[-66.23323023319244,18.400745156317967],[-66.23328387737274,18.40070443514864],[-66.2334018945694,18.400225960688005],[-66.23350381851196,18.39968640278674],[-66.23171210289001,18.3992995489115],[-66.2300169467926,18.398943235363006],[-66.22978627681732,18.399940911441348],[-66.22959315776825,18.401233809598764],[-66.23016715049744,18.40123889972982],[-66.23075723648071,18.40124907999146],[-66.23081088066101,18.400821508484484],[-66.23089671134949,18.40028195244888],[-66.23114883899689,18.399182474541163]],[[-66.23081088066101,18.400821508484484],[-66.23130440711975,18.40089786061715],[-66.23136341571808,18.40087750005175],[-66.23139560222626,18.400821508484484],[-66.23146533966064,18.40037866544752],[-66.23171210289001,18.3992995489115]],[[-66.23016715049744,18.40123889972982],[-66.2303227186203,18.400195419719864],[-66.23058557510376,18.399060309895958]],[[-66.22914254665375,18.40030231308468],[-66.22889578342438,18.400317583559968],[-66.22729182243347,18.40034812450645],[-66.22701287269592,18.400220870527022]],[[-66.22898161411285,18.39898395694871],[-66.2290620803833,18.398642913371134],[-66.22914254665375,18.398368041936564]],[[-66.22991502285004,18.39641847824832],[-66.23034954071045,18.396301401919885]],[[-66.22840225696564,18.397874290295135],[-66.22779071331024,18.395904359865725]],[[-66.22912108898163,18.398011726461178],[-66.22843980789185,18.395904359865725]],[[-66.22723817825317,18.397782666123504],[-66.22685194015503,18.396672991731336],[-66.22683048248291,18.396545735036824],[-66.22657835483551,18.395904359865725]],[[-66.22685194015503,18.396672991731336],[-66.22731864452362,18.396530464227183],[-66.22955024242401,18.395904359865725]],[[-66.22640132904053,18.401137097080323],[-66.22658371925354,18.400943671880498],[-66.22688949108124,18.40092840146073],[-66.22904598712921,18.40087750005175]],[[-66.22640132904053,18.401763182421732],[-66.22889041900635,18.40121853920472],[-66.229008436203,18.40120326880934]],[[-66.22732400894165,18.402781202507796],[-66.22717916965485,18.402185661487948],[-66.22702360153198,18.401630839368536],[-66.22688949108124,18.40122362933623],[-66.22688412666321,18.400490648851786],[-66.22701287269592,18.400220870527022],[-66.22750639915466,18.399508246504766]],[[-66.22914254665375,18.401758092306196],[-66.22541427612305,18.40257250888054],[-66.22536063194275,18.40263868005802],[-66.22547328472137,18.40317822871019],[-66.22556984424591,18.403631244669185],[-66.22556447982788,18.403748316015367],[-66.22550010681152,18.40381448674104],[-66.2252426147461,18.40394682811612]],[[-66.23067677021027,18.402633589968346],[-66.23066067695618,18.40256232869713]],[[-66.2301778793335,18.402709941297644],[-66.22977018356323,18.402781202507796],[-66.22949123382568,18.402883004185412],[-66.22904062271118,18.402989895882158],[-66.22701823711395,18.403417462005564],[-66.2259989976883,18.403651604909015]],[[-66.22982382774353,18.403957008217674],[-66.22916400432587,18.404155520077836]],[[-66.2296575307846,18.40343273220462],[-66.2271523475647,18.403982458468946]],[[-66.23000085353851,18.404481282634507],[-66.2296575307846,18.40343273220462],[-66.22914254665375,18.401758092306196],[-66.229008436203,18.40120326880934],[-66.22904598712921,18.40087750005175],[-66.2292230129242,18.399742394723035],[-66.22938930988312,18.398968686355204]],[[-66.23059093952179,18.404420202202076],[-66.23045682907104,18.403870477335218],[-66.23012959957123,18.402720121472328]],[[-66.2291157245636,18.406272965679676],[-66.2289708852768,18.407133170517213]],[[-66.22912108898163,18.406115176160156],[-66.22908890247345,18.406125356133515],[-66.22906744480133,18.40615080606429],[-66.22905671596527,18.406216975866712],[-66.22909426689148,18.406267875697424],[-66.22916400432587,18.40627805566176],[-66.22919619083405,18.40626278571503],[-66.22921764850616,18.406237335800796],[-66.22922837734222,18.40620679589877],[-66.22922837734222,18.406171166006203],[-66.22918546199799,18.406120266146914],[-66.22912108898163,18.406115176160156]],[[-66.22808039188385,18.405738516722522],[-66.22796773910522,18.40575378671575],[-66.22768878936768,18.405682526735774],[-66.22744739055634,18.405682526735774],[-66.22719526290894,18.40559090671819],[-66.2261974811554,18.40542802656654],[-66.22583270072937,18.405402576528914],[-66.22564494609833,18.405458566606697],[-66.2252426147461,18.405056455643916]],[[-66.22724890708923,18.40433367155238],[-66.2271523475647,18.403982458468946],[-66.22689485549927,18.40287282402035]],[[-66.2271898984909,18.40414533998802],[-66.22629404067993,18.404359121747973]],[[-66.22827887535095,18.40688885242045],[-66.2289708852768,18.407133170517213],[-66.22959315776825,18.407234969621854],[-66.22963070869446,18.407229879668066],[-66.22964680194855,18.407199339942096],[-66.23002767562866,18.405127715882998],[-66.22931957244873,18.405249876224246],[-66.22915327548981,18.406115176160156]],[[-66.22773170471191,18.40704155127156],[-66.22901380062103,18.40615080606429],[-66.2290620803833,18.406181345976265]],[[-66.22703969478607,18.410497599044845],[-66.22672855854034,18.410467059898565],[-66.22666418552399,18.410502688902042],[-66.22657299041748,18.410568857031762],[-66.22651398181915,18.410629935282785],[-66.22646033763885,18.41070628306609],[-66.22642278671265,18.41073173231966]],[[-66.22867584228516,18.407978101262273],[-66.22869193553925,18.408029000572327],[-66.22876703739166,18.40813588907443],[-66.22886896133423,18.408237687586194],[-66.22898161411285,18.408303856586542],[-66.22928738594055,18.40846673401751],[-66.23007595539093,18.408909556253974],[-66.23013496398926,18.40880775813953]],[[-66.22868657112122,18.407738874303476],[-66.22841835021973,18.407596355957253],[-66.22794091701508,18.407321498813488],[-66.22759222984314,18.40714335043039],[-66.22751712799072,18.407133170517213],[-66.22739911079407,18.407168800210684]],[[-66.23614311218262,18.411021853544455],[-66.23571932315826,18.41347513978866]],[[-66.23209834098816,18.414335308635657],[-66.23206079006195,18.41437602658101],[-66.23195350170135,18.414416744516743],[-66.2314385175705,18.414472731662627],[-66.23103618621826,18.414477821402258]],[[-66.23299956321716,18.412284129672358],[-66.23289227485657,18.41293053362145],[-66.23274743556976,18.413566755610077],[-66.23272597789764,18.413612563502497],[-66.23269379138947,18.41364819185482],[-66.23265087604523,18.41367364067341],[-66.23255431652069,18.41368382019978],[-66.23150825500488,18.413566755610077],[-66.2313848733902,18.413531127240887],[-66.23092353343964,18.413337715965113],[-66.23065531253815,18.413271548899814]],[[-66.23247385025024,18.415551753097702],[-66.23221635818481,18.41549067659335],[-66.23191595077515,18.415383792658545],[-66.2316370010376,18.415220921773113],[-66.2313848733902,18.414991884329666],[-66.23119175434113,18.414666141662806],[-66.23103618621826,18.414477821402258],[-66.23068749904633,18.414253872716046],[-66.23063385486603,18.414197885498965],[-66.23061776161194,18.414157167511462],[-66.23066067695618,18.413378434146495],[-66.23062312602997,18.412558978892264],[-66.230628490448,18.412365566524016],[-66.23080015182495,18.41233502770916],[-66.23081624507904,18.412309578692643],[-66.2308269739151,18.41220269278216]],[[-66.22975409030914,18.412375746127765],[-66.22935175895691,18.41229430928091],[-66.22893333435059,18.412228141814495],[-66.22845590114594,18.41207544756412],[-66.22839689254761,18.41206526794261],[-66.2282520532608,18.412049998509218],[-66.22798919677734,18.412004190200904]],[[-66.22839689254761,18.41206526794261],[-66.22839689254761,18.41195838188041]],[[-66.22833251953125,18.414055372500556],[-66.22848808765411,18.41398920571119],[-66.22851490974426,18.413963756939268],[-66.22854173183441,18.413897590114672],[-66.22852027416229,18.41380088470987],[-66.22848808765411,18.41374998710657],[-66.22841835021973,18.413693999725552],[-66.22767806053162,18.413358075057005],[-66.22677147388458,18.413027239515287],[-66.2267017364502,18.412981431467088]],[[-66.2271523475647,18.4143505778663],[-66.2270987033844,18.414075731507552],[-66.22711479663849,18.413882320843825],[-66.22700214385986,18.41371435877531],[-66.22698605060577,18.413520947705464],[-66.22681438922882,18.413190112476855],[-66.22677147388458,18.413027239515287]],[[-66.2267929315567,18.411912573547724],[-66.22683584690094,18.411683531701414],[-66.22686266899109,18.411439220062746],[-66.22706651687622,18.41037544242721],[-66.2270987033844,18.410115859326922],[-66.22712016105652,18.410095499851508],[-66.22717916965485,18.410095499851508],[-66.22720062732697,18.410080230243395],[-66.22721672058105,18.40989190496505]],[[-66.22610092163086,18.414630513521203],[-66.22561812400818,18.414823923344073],[-66.2252426147461,18.414920628173974]],[[-66.22798919677734,18.417404396761228],[-66.22797310352325,18.417160093244064],[-66.22790336608887,18.41712955528004],[-66.22739911079407,18.417099017310576],[-66.22712016105652,18.417073568998546],[-66.22637987136841,18.417032851691502],[-66.22641205787659,18.416208324150475]],[[-66.22639060020447,18.416752919944628],[-66.22768342494965,18.416834354681583]],[[-66.22640132904053,18.4164984361432],[-66.22758686542511,18.416544243255217]],[[-66.22573614120483,18.417160093244064],[-66.22571468353271,18.416813996000954],[-66.22562348842621,18.416381373468155]],[[-66.2252426147461,18.417165182904213],[-66.22541427612305,18.417216079497393],[-66.22548401355743,18.417216079497393],[-66.22550010681152,18.417404396761228]],[[-66.2252426147461,18.411800597572054],[-66.22591316699982,18.411948202251978],[-66.2267929315567,18.411912573547724],[-66.22693240642548,18.41191766336307],[-66.22708261013031,18.411953292066272]],[[-66.2252426147461,18.40322912943917],[-66.22547328472137,18.40317822871019],[-66.22899770736694,18.40241471597008],[-66.22931957244873,18.40233327441132]],[[-66.22531235218048,18.40131525167746],[-66.22716844081879,18.39848511686047],[-66.22738838195801,18.398312049553525],[-66.22762441635132,18.398281508246015],[-66.22902452945709,18.39880070973723]],[[-66.2252426147461,18.401274530642922],[-66.22531235218048,18.40131525167746],[-66.22550010681152,18.401437414723247],[-66.22552692890167,18.401513766582866],[-66.2252426147461,18.401956606701162]],[[-66.22712552547455,18.395904359865725],[-66.22731864452362,18.396530464227183],[-66.22766733169556,18.397619778586957]],[[-66.22909426689148,18.395904359865725],[-66.22949123382568,18.39715147606144]],[[-66.22968435287476,18.395904359865725],[-66.22973799705505,18.3959298113069],[-66.22977554798126,18.39592472101897],[-66.22980773448944,18.395904359865725]],[[-66.22977554798126,18.39592472101897],[-66.22979700565338,18.396041797603402],[-66.23002231121063,18.39673916517532]],[[-66.23099327087402,18.395904359865725],[-66.23056948184967,18.396031617034012]],[[-66.23212516307831,18.395904359865725],[-66.23193204402924,18.39615887410828]],[[-66.23370230197906,18.395995985036365],[-66.23367011547089,18.395904359865725]],[[-66.23378813266754,18.395965443318246],[-66.23363256454468,18.396026526749083]],[[-66.23437285423279,18.395904359865725],[-66.23359501361847,18.39621995747055],[-66.2334394454956,18.396316672749833],[-66.23312830924988,18.396627179332143],[-66.2328439950943,18.39672898464714],[-66.2325918674469,18.39671880411835],[-66.23236119747162,18.39662208906482],[-66.23193204402924,18.39615887410828],[-66.2317442893982,18.39610288100718],[-66.231529712677,18.396138512982716],[-66.23110055923462,18.396316672749833],[-66.23037099838257,18.39670862358895],[-66.22980237007141,18.39707512226809],[-66.22970044612885,18.397161656564663],[-66.22964680194855,18.39722273957136],[-66.22953414916992,18.39753324452053],[-66.22951805591583,18.397909921904258],[-66.22952878475189,18.398352771288458],[-66.22951805591583,18.39846984622274]]]},"properties":{"class":"minor","id":"14/5177/7339/2","source":"OpenFreeMap / OpenStreetMap","exposureHigh":true,"exposureModerate":true,"zoneLabels":"AE, X"},"id":4364604350},{"type":"Feature","geometry":{"type":"LineString","coordinates":[[-66.228107213974,18.406771783209578],[-66.22782826423645,18.407265509341514]]},"properties":{"class":"minor","oneway":1,"id":"14/5177/7339/3","source":"OpenFreeMap / OpenStreetMap","exposureHigh":false,"exposureModerate":false,"zoneLabels":"X"},"id":4364604392},{"type":"Feature","geometry":{"type":"MultiLineString","coordinates":[[[-66.2269377708435,18.411011673860642],[-66.22717916965485,18.411042212910303]],[[-66.23428702354431,18.409581422299567],[-66.23443722724915,18.409617051486364]],[[-66.23512387275696,18.410446700464703],[-66.2347000837326,18.41037035256626]],[[-66.23527407646179,18.409851185958857],[-66.23638987541199,18.409662860429947],[-66.23656153678894,18.408985904800304],[-66.235671043396,18.408777218693444],[-66.23566567897797,18.408756859059736],[-66.23571932315826,18.40856344241925],[-66.23568713665009,18.408431104592665],[-66.2357622385025,18.408110439437095],[-66.23583734035492,18.408049360292125],[-66.23585343360901,18.40794247173629],[-66.23584806919098,18.407927201937184],[-66.23508632183075,18.407784683746854],[-66.23499512672424,18.407784683746854],[-66.23471081256866,18.40784576298573]],[[-66.2364649772644,18.409372736914648],[-66.23687267303467,18.409464354919677]],[[-66.23620748519897,18.409693399718904],[-66.23692095279694,18.409846096082404]],[[-66.23333752155304,18.410253285722902],[-66.23358428478241,18.40918441086231],[-66.23383641242981,18.408751769150925],[-66.23429775238037,18.40668016377161],[-66.23432993888855,18.405926846544332]],[[-66.23227000236511,18.410248195858344],[-66.23231291770935,18.410324543810958],[-66.23235046863556,18.4104161613094],[-66.23236119747162,18.41054340775412]],[[-66.23193204402924,18.41233502770916],[-66.23188376426697,18.412279039867855],[-66.23192131519318,18.412212872395557],[-66.2322324514389,18.411912573547724]],[[-66.23066067695618,18.413317356870806],[-66.23046219348907,18.413505678401222],[-66.23044073581696,18.413536217008357],[-66.2304300069809,18.41376525638914]],[[-66.23043537139893,18.4121670641306],[-66.23044073581696,18.41207035775342]],[[-66.22637987136841,18.415714623670013],[-66.22637987136841,18.4156484575186],[-66.22635841369629,18.41561791928629],[-66.22610092163086,18.41560265016811]]]},"properties":{"class":"service","service":"driveway","id":"14/5177/7339/4","source":"OpenFreeMap / OpenStreetMap","exposureHigh":false,"exposureModerate":false,"zoneLabels":"X"},"id":5367466160},{"type":"Feature","geometry":{"type":"MultiLineString","coordinates":[[[-66.23678684234619,18.40812570921996],[-66.2359607219696,18.407932291870367],[-66.23585879802704,18.408349665879584],[-66.23643815517426,18.40846673401751],[-66.23653471469879,18.408064630080403]],[[-66.2256395816803,18.40708227094231],[-66.2252426147461,18.40726041938862]],[[-66.22563421726227,18.40728077919931],[-66.2252426147461,18.407464017387255]],[[-66.23594999313354,18.407983191193964],[-66.23584806919098,18.40796283146632]],[[-66.23650252819061,18.408207148038997],[-66.2359231710434,18.408074809938512]],[[-66.23647034168243,18.408339486037733],[-66.23589634895325,18.408207148038997]],[[-66.22556984424591,18.407509826903762],[-66.2252801656723,18.40763707549678]],[[-66.22556447982788,18.406919392201516],[-66.2252426147461,18.407067001066906]]]},"properties":{"class":"service","service":"parking_aisle","id":"14/5177/7339/5","source":"OpenFreeMap / OpenStreetMap","exposureHigh":false,"exposureModerate":false,"zoneLabels":"X"},"id":5367466240},{"type":"Feature","geometry":{"type":"LineString","coordinates":[[-66.22794091701508,18.407321498813488],[-66.2281608581543,18.406934662089995],[-66.22817158699036,18.406899032348093],[-66.2281608581543,18.406741243402323]]},"properties":{"class":"minor","oneway":1,"id":"14/5177/7339/6","source":"OpenFreeMap / OpenStreetMap","exposureHigh":false,"exposureModerate":false,"zoneLabels":"X"},"id":5367480732},{"type":"Feature","geometry":{"type":"LineString","coordinates":[[-66.22640132904053,18.40632386549383],[-66.2259829044342,18.406741243402323],[-66.22575759887695,18.4069244821645]]},"properties":{"class":"service","oneway":1,"id":"14/5177/7339/7","source":"OpenFreeMap / OpenStreetMap","exposureHigh":false,"exposureModerate":false,"zoneLabels":"X"},"id":5367540672},{"type":"Feature","geometry":{"type":"LineString","coordinates":[[-66.22581124305725,18.407011011512168],[-66.22645497322083,18.40637985527202]]},"properties":{"class":"service","oneway":1,"id":"14/5177/7339/8","source":"OpenFreeMap / OpenStreetMap","exposureHigh":false,"exposureModerate":false,"zoneLabels":"X"},"id":5367540682},{"type":"Feature","geometry":{"type":"MultiLineString","coordinates":[[[-66.23065531253815,18.413169753365068],[-66.23070895671844,18.413205381809092],[-66.23076796531677,18.41322574091663],[-66.23098254203796,18.41325118979769],[-66.2312775850296,18.413378434146495],[-66.23141169548035,18.41339879323357],[-66.23152434825897,18.413378434146495],[-66.23173892498016,18.41326136934906],[-66.23188376426697,18.413230830693152]],[[-66.22767806053162,18.413358075057005],[-66.22757613658905,18.41365328161885],[-66.22757613658905,18.41380088470987],[-66.22750103473663,18.413979026202867]],[[-66.22653007507324,18.41191766336307],[-66.22642278671265,18.411271255610004],[-66.2263423204422,18.4109607754325]],[[-66.22568249702454,18.411892214284848],[-66.22567176818848,18.411306884447015],[-66.22561812400818,18.411149099541433],[-66.22561812400818,18.411072751954535]]]},"properties":{"class":"service","service":"alley","id":"14/5177/7339/10","source":"OpenFreeMap / OpenStreetMap","exposureHigh":false,"exposureModerate":false,"zoneLabels":"X"},"id":5368022060},{"type":"Feature","geometry":{"type":"MultiLineString","coordinates":[[[-66.23611629009247,18.411154189379346],[-66.23672246932983,18.411266165775558]],[[-66.23647570610046,18.411220357258628],[-66.23656690120697,18.411199997913855],[-66.23670101165771,18.411113470671765]],[[-66.22880458831787,18.41195838188041],[-66.22950196266174,18.40973411876243],[-66.22950196266174,18.409688309837776],[-66.22949123382568,18.409647590783436],[-66.22946441173553,18.40961196160299],[-66.22938394546509,18.40956615264585],[-66.22834324836731,18.40925057949876],[-66.22829496860504,18.409245489604572],[-66.22824132442474,18.40925566939282],[-66.22819304466248,18.409281118860875],[-66.22815549373627,18.409316748109802],[-66.22813403606415,18.409362557133306],[-66.22734546661377,18.41174969937721]]]},"properties":{"surface":"paved","class":"service","service":"driveway","id":"14/5177/7339/11","source":"OpenFreeMap / OpenStreetMap","exposureHigh":false,"exposureModerate":false,"zoneLabels":"X"},"id":5368022170},{"type":"Feature","geometry":{"type":"MultiLineString","coordinates":[[[-66.23257577419281,18.409016444209357],[-66.23262941837311,18.40866015076665],[-66.23266160488129,18.408634701206807],[-66.23281180858612,18.40861434155623]],[[-66.23221099376678,18.409851185958857],[-66.23235583305359,18.409561062760957],[-66.23234510421753,18.409535613334313],[-66.23213589191437,18.409413456034017],[-66.23212516307831,18.4093778268051],[-66.23213589191437,18.40934728746015],[-66.23214662075043,18.409337107677302],[-66.23218417167664,18.40933201778566],[-66.23236656188965,18.4093574672424],[-66.23251676559448,18.40940327625509],[-66.23254358768463,18.409388006585544],[-66.23255968093872,18.40934728746015],[-66.23235046863556,18.409158961379973],[-66.23230218887329,18.409138601791398],[-66.23211979866028,18.40910297250558],[-66.2320876121521,18.409067343212413],[-66.23209297657013,18.409036803812384],[-66.23211979866028,18.409016444209357],[-66.23235583305359,18.409006264406955],[-66.23268842697144,18.40902662401116]]]},"properties":{"surface":"unpaved","class":"service","service":"alley","id":"14/5177/7339/12","source":"OpenFreeMap / OpenStreetMap","exposureHigh":false,"exposureModerate":false,"zoneLabels":"X"},"id":5368061140},{"type":"Feature","geometry":{"type":"LineString","coordinates":[[-66.22929275035858,18.416106530352877],[-66.22889041900635,18.416218503526906],[-66.2287026643753,18.416233772590445],[-66.22852027416229,18.416218503526906],[-66.22802674770355,18.416228682902755],[-66.22792482376099,18.416259221026678],[-66.22783362865448,18.41633047662806]]},"properties":{"surface":"paved","class":"service","service":"alley","id":"14/5177/7339/13","source":"OpenFreeMap / OpenStreetMap","exposureHigh":false,"exposureModerate":false,"zoneLabels":"X"},"id":5368119992},{"type":"Feature","geometry":{"type":"MultiLineString","coordinates":[[[-66.2410032749176,18.398266237590235],[-66.24089062213898,18.3974416201675],[-66.240895986557,18.397273642060384]],[[-66.24003767967224,18.398525838554477],[-66.24030590057373,18.398586921077438],[-66.24039709568024,18.398556379818658],[-66.2404453754425,18.398500387496853],[-66.2404614686966,18.39844439515683],[-66.24035954475403,18.397864109834003],[-66.24013960361481,18.397528154279968]],[[-66.2292230129242,18.399742394723035],[-66.2279462814331,18.399767845597125],[-66.22780680656433,18.399747484898143],[-66.22766196727753,18.39969658314014],[-66.2274581193924,18.399584599219608]],[[-66.22951805591583,18.39846984622274],[-66.22945368289948,18.398810890142983],[-66.22949123382568,18.398841431356615],[-66.22959315776825,18.398866882363862],[-66.2300169467926,18.398943235363006]],[[-66.2274956703186,18.398683635027837],[-66.22684121131897,18.398291688682463]],[[-66.22656762599945,18.400078345958434],[-66.22592389583588,18.399691492963527]],[[-66.22688949108124,18.39962023047495],[-66.22621893882751,18.39922319607031]],[[-66.2271898984909,18.399151933387984],[-66.22653007507324,18.3987548979039]],[[-66.22626721858978,18.40055173067796],[-66.22593998908997,18.400353214663667],[-66.22562348842621,18.400175059071415]],[[-66.22597754001617,18.401035294370644],[-66.22531235218048,18.400628082930226]],[[-66.22797310352325,18.404359121747973],[-66.22797846794128,18.404710334063154],[-66.22793018817902,18.40478159444548],[-66.22731328010559,18.404827404675686],[-66.22727572917938,18.40489866500957],[-66.22721135616302,18.405504376656808],[-66.22719526290894,18.40559090671819]],[[-66.2308806180954,18.409296388539886],[-66.23095035552979,18.40920986034088],[-66.23217344284058,18.407362218418044]],[[-66.23509705066681,18.410609575868193],[-66.23417437076569,18.41046197004033],[-66.23373985290527,18.410360172843923],[-66.23333752155304,18.410253285722902],[-66.23321413993835,18.410202387070527],[-66.23314440250397,18.410207476936435],[-66.23311758041382,18.410222746533265],[-66.23304784297943,18.41031436408589]],[[-66.22656762599945,18.413108676015327],[-66.2252426147461,18.412691313545324]],[[-66.22595071792603,18.41712955528004],[-66.22573614120483,18.417160093244064],[-66.22563421726227,18.417190631202686],[-66.22548401355743,18.417216079497393]],[[-66.22547328472137,18.41095568558886],[-66.2252426147461,18.410996404333787]],[[-66.2252426147461,18.409535613334313],[-66.22537672519684,18.409530523448524]],[[-66.22551620006561,18.401982057248077],[-66.22532308101654,18.401844624250074]]]},"properties":{"surface":"paved","class":"minor","id":"14/5177/7339/19","source":"OpenFreeMap / OpenStreetMap","exposureHigh":false,"exposureModerate":false,"zoneLabels":"X"},"id":222338470},{"type":"Feature","geometry":{"type":"LineString","coordinates":[[-66.22979164123535,18.41209580680531],[-66.22975409030914,18.412375746127765],[-66.22972190380096,18.41283891746137],[-66.229727268219,18.412859276612267],[-66.22975945472717,18.412889815334097],[-66.22989356517792,18.412940713191773],[-66.22992038726807,18.412966162114984],[-66.22994184494019,18.413027239515287],[-66.22990429401398,18.413179932921267],[-66.22991502285004,18.413205381809092],[-66.23003304004669,18.41335298528425],[-66.23011887073517,18.41338861369033],[-66.23017251491547,18.41342424208902]]},"properties":{"class":"minor","access":"no","id":"14/5177/7339/20","source":"OpenFreeMap / OpenStreetMap","exposureHigh":false,"exposureModerate":false,"zoneLabels":"X"},"id":222351792},{"type":"Feature","geometry":{"type":"LineString","coordinates":[[-66.23176574707031,18.409846096082404],[-66.23193204402924,18.410024241668637],[-66.23211443424225,18.41016675800489],[-66.23235583305359,18.410288914770604],[-66.23297274112701,18.41054340775412]]},"properties":{"class":"minor","oneway":1,"id":"14/5177/7339/21","source":"OpenFreeMap / OpenStreetMap","exposureHigh":false,"exposureModerate":false,"zoneLabels":"X"},"id":222357572},{"type":"Feature","geometry":{"type":"LineString","coordinates":[[-66.23685657978058,18.40275575207899],[-66.2368243932724,18.40273539173323],[-66.23672246932983,18.402720121472328],[-66.23596608638763,18.402745571906408],[-66.23467862606049,18.40285755377164],[-66.23417437076569,18.402888094267723],[-66.23386859893799,18.40287282402035],[-66.23242557048798,18.40244016644928],[-66.23171746730804,18.40236381500037],[-66.23127222061157,18.40241471597008],[-66.23023688793182,18.402669220592898],[-66.2301778793335,18.402709941297644]]},"properties":{"class":"minor","oneway":1,"id":"14/5177/7339/22","source":"OpenFreeMap / OpenStreetMap","exposureHigh":false,"exposureModerate":false,"zoneLabels":"X"},"id":222363652},{"type":"Feature","geometry":{"type":"LineString","coordinates":[[-66.24126076698303,18.411617364000193],[-66.24079406261444,18.41146975903655]]},"properties":{"class":"minor","oneway":1,"id":"14/5177/7339/23","source":"OpenFreeMap / OpenStreetMap","exposureHigh":false,"exposureModerate":false,"zoneLabels":"X"},"id":4144620862},{"type":"Feature","geometry":{"type":"LineString","coordinates":[[-66.22875094413757,18.407927201937184],[-66.22868657112122,18.407738874303476]]},"properties":{"class":"minor","oneway":1,"id":"14/5177/7339/24","source":"OpenFreeMap / OpenStreetMap","exposureHigh":false,"exposureModerate":false,"zoneLabels":"X"},"id":4364604362},{"type":"Feature","geometry":{"type":"LineString","coordinates":[[-66.22841835021973,18.407596355957253],[-66.22827887535095,18.40767270508597]]},"properties":{"class":"minor","oneway":1,"id":"14/5177/7339/25","source":"OpenFreeMap / OpenStreetMap","exposureHigh":false,"exposureModerate":false,"zoneLabels":"X"},"id":4364604372},{"type":"Feature","geometry":{"type":"LineString","coordinates":[[-66.2301778793335,18.402709941297644],[-66.23022615909576,18.40273539173323],[-66.23026371002197,18.40273539173323],[-66.23136878013611,18.40247070701936],[-66.23162627220154,18.40245034663991],[-66.23196423053741,18.40246052682994],[-66.23240411281586,18.40251142777106],[-66.23284935951233,18.40263868005802],[-66.23354136943817,18.40287282402035],[-66.2338525056839,18.40294917524359],[-66.23403489589691,18.402964445484173],[-66.23427093029022,18.402954265323928],[-66.23601973056793,18.40281174301741],[-66.23680293560028,18.40279138267826],[-66.23683512210846,18.402781202507796],[-66.23685657978058,18.40275575207899]]},"properties":{"class":"minor","oneway":1,"id":"14/5177/7339/26","source":"OpenFreeMap / OpenStreetMap","exposureHigh":false,"exposureModerate":false,"zoneLabels":"X"},"id":5370403492},{"type":"Feature","geometry":{"type":"MultiLineString","coordinates":[[[-66.23304784297943,18.41031436408589],[-66.23301029205322,18.41041107144966],[-66.23297274112701,18.41054340775412],[-66.23319268226624,18.41206526794261],[-66.23319268226624,18.412111076234652],[-66.23317658901215,18.412151794706233],[-66.233149766922,18.412187423360976],[-66.23308539390564,18.412248501037652],[-66.23299956321716,18.412284129672358],[-66.23291373252869,18.41229430928091],[-66.23258113861084,18.41229430928091],[-66.23203933238983,18.412340117512002],[-66.23193204402924,18.41233502770916],[-66.2308269739151,18.41220269278216],[-66.23012959957123,18.412146704897822],[-66.22880458831787,18.41195838188041],[-66.22849345207214,18.411948202251978],[-66.22798919677734,18.412004190200904],[-66.22719526290894,18.41191766336307],[-66.22713625431061,18.41192784299332],[-66.22708261013031,18.411953292066272],[-66.22701823711395,18.412060178131625],[-66.22692167758942,18.412345207314715]],[[-66.22612237930298,18.416187965395764],[-66.22611701488495,18.415694264856896],[-66.22610092163086,18.41560265016811],[-66.22600436210632,18.415302357235092],[-66.2259829044342,18.415159845151337],[-66.22598826885223,18.41509367878662],[-66.2261974811554,18.414248782969793],[-66.22629940509796,18.414009564726],[-66.22632086277008,18.413902679871313],[-66.22633695602417,18.413617653267565],[-66.22656762599945,18.413108676015327],[-66.2267017364502,18.412981431467088]],[[-66.2252426147461,18.41656969164552],[-66.22535526752472,18.41652388454027],[-66.22562348842621,18.416381373468155],[-66.22585415840149,18.416238862278007],[-66.22591853141785,18.416218503526906],[-66.22612237930298,18.416187965395764],[-66.22752785682678,18.416259221026678],[-66.22770488262177,18.416294848831072],[-66.22787117958069,18.416340655997303],[-66.22797846794128,18.416411911564964],[-66.22813403606415,18.416564601967778],[-66.22834324836731,18.416813996000954],[-66.22837543487549,18.416869982366904],[-66.22846126556396,18.417099017310576],[-66.22848272323608,18.417216079497393],[-66.22849345207214,18.417404396761228]]]},"properties":{"class":"tertiary","id":"14/5177/7339/27","source":"OpenFreeMap / OpenStreetMap","exposureHigh":false,"exposureModerate":false,"zoneLabels":"X"},"id":222338430},{"type":"Feature","geometry":{"type":"LineString","coordinates":[[-66.2252426147461,18.400251411490657],[-66.22664272785187,18.398144072295224],[-66.22692167758942,18.397915012133538],[-66.22716307640076,18.397803027054735],[-66.22723817825317,18.397782666123504],[-66.22738301753998,18.397777575890316],[-66.22762441635132,18.397823387983564],[-66.22878313064575,18.398261147371343],[-66.22929275035858,18.398413853872782],[-66.22951805591583,18.39846984622274],[-66.2298184633255,18.398541109187235],[-66.2337076663971,18.399386082090615],[-66.23389005661011,18.399391172276268],[-66.23399198055267,18.399370811532748],[-66.23453915119171,18.399121392229404]]},"properties":{"surface":"paved","class":"tertiary","id":"14/5177/7339/28","source":"OpenFreeMap / OpenStreetMap","exposureHigh":false,"exposureModerate":false,"zoneLabels":"X"},"id":222365540},{"type":"Feature","geometry":{"type":"LineString","coordinates":[[-66.2479019165039,18.410935326212794],[-66.24356746673584,18.41142395057382],[-66.24189376831055,18.41159191487756],[-66.24164700508118,18.41160718435158],[-66.24126076698303,18.411617364000193],[-66.2409496307373,18.411612274175965],[-66.24061703681946,18.411597004702372],[-66.24001622200012,18.41155119627352],[-66.23955488204956,18.41149520817723],[-66.23883605003357,18.411362872604542],[-66.23785972595215,18.411210177586554],[-66.23711943626404,18.41111856051073],[-66.23579978942871,18.41086406837759],[-66.23507022857666,18.410747001870007],[-66.23405635356903,18.410568857031762],[-66.23361110687256,18.410467059898565],[-66.23304784297943,18.41031436408589],[-66.23248994350433,18.41010567958952],[-66.23199105262756,18.409856275835153],[-66.23151898384094,18.409581422299567],[-66.23130977153778,18.40944908525556]]},"properties":{"class":"primary","oneway":1,"id":"14/5177/7339/30","source":"OpenFreeMap / OpenStreetMap","exposureHigh":false,"exposureModerate":false,"zoneLabels":"X"},"id":4144620782},{"type":"Feature","geometry":{"type":"LineString","coordinates":[[-66.23274207115173,18.41031436408589],[-66.23301029205322,18.41041107144966]]},"properties":{"class":"primary","oneway":1,"id":"14/5177/7339/31","source":"OpenFreeMap / OpenStreetMap","exposureHigh":false,"exposureModerate":false,"zoneLabels":"X"},"id":4144620792},{"type":"Feature","geometry":{"type":"LineString","coordinates":[[-66.23301029205322,18.41041107144966],[-66.23336970806122,18.410517958472695],[-66.23387396335602,18.410645204842154],[-66.23577296733856,18.41097095511934],[-66.23614311218262,18.411021853544455],[-66.23785972595215,18.411306884447015],[-66.23831033706665,18.411398501422596],[-66.23937249183655,18.411576645402178],[-66.24012887477875,18.411663172411437],[-66.24106764793396,18.41169880116732],[-66.24181866645813,18.41168862152354],[-66.24356746673584,18.411510477659846],[-66.24677538871765,18.411149099541433],[-66.24760150909424,18.411062572273735],[-66.2479019165039,18.411042212910303]]},"properties":{"surface":"paved","class":"primary","oneway":1,"id":"14/5177/7339/32","source":"OpenFreeMap / OpenStreetMap","exposureHigh":false,"exposureModerate":false,"zoneLabels":"X"},"id":4144620812},{"type":"Feature","geometry":{"type":"LineString","coordinates":[[-66.2252426147461,18.40539748652094],[-66.22543573379517,18.405540006687346],[-66.22580051422119,18.405850496641406],[-66.22652471065521,18.406613994147207],[-66.226846575737,18.40687867249224],[-66.22713088989258,18.4070924508585],[-66.22743666172028,18.40729604905576],[-66.2294751405716,18.408410744918],[-66.2304300069809,18.408985904800304],[-66.23121321201324,18.40952034367652],[-66.23164236545563,18.40977992767486],[-66.23215198516846,18.41005478089349],[-66.23274207115173,18.41031436408589]]},"properties":{"surface":"paved","class":"primary","oneway":1,"id":"14/5177/7339/33","source":"OpenFreeMap / OpenStreetMap","exposureHigh":false,"exposureModerate":false,"zoneLabels":"X"},"id":13917611152},{"type":"Feature","geometry":{"type":"LineString","coordinates":[[-66.23095035552979,18.40920986034088],[-66.2304139137268,18.408843387486428],[-66.22923910617828,18.408191878263338],[-66.22757613658905,18.40729095910376],[-66.22707188129425,18.406944842014923],[-66.22675001621246,18.406669983831037],[-66.22579514980316,18.405733426724467],[-66.2254410982132,18.40543311657359],[-66.2252426147461,18.40528550630745]]},"properties":{"class":"primary","oneway":1,"id":"14/5177/7339/34","source":"OpenFreeMap / OpenStreetMap","exposureHigh":false,"exposureModerate":false,"zoneLabels":"X"},"id":13934380142},{"type":"Feature","geometry":{"type":"LineString","coordinates":[[-66.23130977153778,18.40944908525556],[-66.23095035552979,18.40920986034088]]},"properties":{"class":"primary","oneway":1,"id":"14/5177/7339/35","source":"OpenFreeMap / OpenStreetMap","exposureHigh":false,"exposureModerate":false,"zoneLabels":"X"},"id":13934380162},{"type":"Feature","geometry":{"type":"LineString","coordinates":[[-66.2252426147461,18.412309578692643],[-66.22543573379517,18.41235538691967],[-66.22617602348328,18.412569158484573],[-66.22669100761414,18.412742211461705],[-66.22746348381042,18.41301705995008],[-66.22844517230988,18.41341915231824],[-66.22941613197327,18.413861961813964],[-66.22996866703033,18.414238603476846],[-66.2302315235138,18.414447282962215],[-66.23078942298889,18.414935897352677],[-66.23106837272644,18.415210742337663],[-66.2315833568573,18.41567899574548],[-66.23244166374207,18.41650861550248],[-66.23271524906158,18.416752919944628],[-66.23351991176605,18.417404396761228]]},"properties":{"surface":"paved","class":"motorway","toll":1,"oneway":1,"id":"14/5177/7339/36","source":"OpenFreeMap / OpenStreetMap","exposureHigh":false,"exposureModerate":false,"zoneLabels":"X"},"id":578983712},{"type":"Feature","geometry":{"type":"LineString","coordinates":[[-66.2311863899231,18.41499697405395],[-66.23033881187439,18.414228423983275],[-66.23015105724335,18.414080821258935],[-66.2298721075058,18.413882320843825],[-66.22958779335022,18.41370417925073],[-66.22939467430115,18.41359729420637],[-66.22754395008087,18.412777839994206],[-66.22722744941711,18.41265059520137],[-66.22657835483551,18.41242664413747],[-66.22587561607361,18.412228141814495],[-66.2252426147461,18.41207544756412]]},"properties":{"surface":"paved","class":"motorway","oneway":1,"id":"14/5177/7339/37","source":"OpenFreeMap / OpenStreetMap","exposureHigh":false,"exposureModerate":false,"zoneLabels":"X"},"id":599690002},{"type":"Feature","geometry":{"type":"MultiLineString","coordinates":[[[-66.23361647129059,18.417404396761228],[-66.23291909694672,18.41678854764679],[-66.23086452484131,18.414874820629734],[-66.23035490512848,18.414406565033715],[-66.23014569282532,18.41423351373014],[-66.2298721075058,18.41403501349116],[-66.22960388660431,18.4138568720561],[-66.22921764850616,18.41365837138271],[-66.22859001159668,18.413363164829605],[-66.22829496860504,18.413200292031817],[-66.22776925563812,18.412955982546137],[-66.2272971868515,18.41275748083369],[-66.22690558433533,18.412609876847796],[-66.22627794742584,18.4124062849354],[-66.22567176818848,18.412248501037652],[-66.2252426147461,18.41216197432263]],[[-66.2252426147461,18.412207782588936],[-66.22625648975372,18.412477542132137],[-66.22727572917938,18.412818558308047],[-66.22775316238403,18.413011970167247],[-66.22827887535095,18.413241010245713],[-66.22859001159668,18.413363164829605]]]},"properties":{"surface":"paved","class":"motorway","id":"14/5177/7339/38","source":"OpenFreeMap / OpenStreetMap","exposureHigh":false,"exposureModerate":false,"zoneLabels":"X"},"id":10567131630},{"type":"Feature","geometry":{"type":"LineString","coordinates":[[-66.23428165912628,18.417404396761228],[-66.23382031917572,18.41718554154329],[-66.23317122459412,18.416773278632476],[-66.23295664787292,18.4166104090622],[-66.2311863899231,18.41499697405395]]},"properties":{"surface":"paved","class":"motorway","toll":1,"oneway":1,"id":"14/5177/7339/39","source":"OpenFreeMap / OpenStreetMap","exposureHigh":false,"exposureModerate":false,"zoneLabels":"X"},"id":11516843442},{"type":"Feature","geometry":{"type":"LineString","coordinates":[[-66.22672855854034,18.41291017447898],[-66.2267017364502,18.412981431467088]]},"properties":{"class":"tertiary","layer":1,"id":"14/5177/7339/40","source":"OpenFreeMap / OpenStreetMap","exposureHigh":false,"exposureModerate":false,"zoneLabels":"X"},"id":5368159812},{"type":"Feature","geometry":{"type":"LineString","coordinates":[[-66.22692167758942,18.412345207314715],[-66.22672855854034,18.41291017447898]]},"properties":{"class":"tertiary","layer":1,"brunnel":"bridge","id":"14/5177/7339/41","source":"OpenFreeMap / OpenStreetMap","exposureHigh":false,"exposureModerate":false,"zoneLabels":"X"},"id":605819302},{"type":"Feature","geometry":{"type":"LineString","coordinates":[[-66.21325850486755,18.46239104260131],[-66.21307611465454,18.462223127935644],[-66.21205151081085,18.461164752928354],[-66.21154725551605,18.46050835361099],[-66.21136486530304,18.460187785590122],[-66.21145606040955,18.4584424603064]]},"properties":{"class":"service","id":"14/5178/7336/1","source":"OpenFreeMap / OpenStreetMap","exposureHigh":true,"exposureModerate":false,"zoneLabels":"AE"},"id":222343502},{"type":"Feature","geometry":{"type":"LineString","coordinates":[[-66.20532989501953,18.41858519220422],[-66.20536744594574,18.418636088377355],[-66.20538890361786,18.41870734299441],[-66.20540499687195,18.41878877680638],[-66.20540499687195,18.41888547940802]]},"properties":{"class":"service","access":"no","id":"14/5178/7338/0","source":"OpenFreeMap / OpenStreetMap","exposureHigh":false,"exposureModerate":false,"zoneLabels":"X"},"id":222345932},{"type":"Feature","geometry":{"type":"MultiLineString","coordinates":[[[-66.21480345726013,18.418391786609035],[-66.2148517370224,18.418452862083626],[-66.21488928794861,18.418473220570334],[-66.2151575088501,18.418478310191645]],[[-66.21088743209839,18.417241527788335],[-66.21090888977051,18.416752919944628]],[[-66.21258795261383,18.438250352088986],[-66.21264696121216,18.437288521587703],[-66.21262550354004,18.437212185603073],[-66.21257722377777,18.437166383996015],[-66.21183693408966,18.437166383996015],[-66.21175110340118,18.43713584958452],[-66.21172964572906,18.437049335389176],[-66.21170282363892,18.43648953660211],[-66.21171355247498,18.4363521311666],[-66.21165990829468,18.43625543838685],[-66.21153116226196,18.43621981471746],[-66.21101081371307,18.43622999290946],[-66.21097326278687,18.4363521311666],[-66.2108713388443,18.43646918024824],[-66.21078550815582,18.436509892953595],[-66.21075332164764,18.43666256551282],[-66.21067821979523,18.43674907990284],[-66.21069967746735,18.43712058237675]],[[-66.21723353862762,18.41686489269803],[-66.21722280979156,18.416752919944628]]]},"properties":{"class":"service","id":"14/5178/7338/1","source":"OpenFreeMap / OpenStreetMap","exposureHigh":true,"exposureModerate":true,"zoneLabels":"AE, X"},"id":222353930},{"type":"Feature","geometry":{"type":"MultiLineString","coordinates":[[[-66.2259292602539,18.417134644941086],[-66.22573614120483,18.417160093244064],[-66.22563421726227,18.417190631202686],[-66.22548401355743,18.417216079497393]],[[-66.21518433094025,18.41797443695235],[-66.21528625488281,18.417847196001986],[-66.21534526348114,18.417791209954018],[-66.21544182300568,18.417745403173953],[-66.21774315834045,18.417674148158497]],[[-66.20328605175018,18.418941465099905],[-66.2032699584961,18.418931285884554]]]},"properties":{"surface":"paved","class":"minor","id":"14/5178/7338/4","source":"OpenFreeMap / OpenStreetMap","exposureHigh":false,"exposureModerate":false,"zoneLabels":"X"},"id":222338080},{"type":"Feature","geometry":{"type":"MultiLineString","coordinates":[[[-66.2259292602539,18.43574652812326],[-66.2242716550827,18.43472361393526]],[[-66.22516751289368,18.435899201360556],[-66.2239819765091,18.435166368584746]],[[-66.2259292602539,18.435120566432502],[-66.22456133365631,18.43428085814533]],[[-66.2259292602539,18.434509869903195],[-66.22486174106598,18.43383810121496]],[[-66.2259292602539,18.433878814543533],[-66.22514605522156,18.433400432323907],[-66.22440576553345,18.432927137966715],[-66.22227072715759,18.43161412099279]],[[-66.2259292602539,18.43325793523519],[-66.2254410982132,18.432962762318525]],[[-66.22381567955017,18.43378212037244],[-66.22247993946075,18.432962762318525],[-66.22220635414124,18.432799908078593]],[[-66.22411072254181,18.43335971888203],[-66.22224926948547,18.432194292520194]],[[-66.22325778007507,18.43462692023938],[-66.22381567955017,18.43378212037244],[-66.22440576553345,18.432927137966715],[-66.2259292602539,18.430652253357366]],[[-66.22239410877228,18.434036578600626],[-66.22291445732117,18.43323248931405]],[[-66.22280716896057,18.43433683882543],[-66.22336506843567,18.433507305062932]],[[-66.22198641300201,18.433700693659873],[-66.22247993946075,18.432962762318525]],[[-66.21839761734009,18.437878852057224],[-66.21833324432373,18.438250352088986]],[[-66.22467398643494,18.432520001993225],[-66.22248530387878,18.431156089456593]],[[-66.22496366500854,18.432092508183317],[-66.2227213382721,18.430687878180578]],[[-66.2259292602539,18.43263705368436],[-66.2257307767868,18.432520001993225]],[[-66.2259292602539,18.432224827809492],[-66.22456133365631,18.43428085814533],[-66.2239819765091,18.435166368584746],[-66.22385323047638,18.43534448794962]],[[-66.22524797916412,18.43166501331038],[-66.22300565242767,18.430265469087487]],[[-66.22554838657379,18.431227338886814],[-66.22346699237823,18.42994484462524]],[[-66.22582197189331,18.430810020375503],[-66.22403025627136,18.42969546963012]],[[-66.2259292602539,18.43026037981498],[-66.22459888458252,18.42943591567966]],[[-66.2259292602539,18.429654755310864],[-66.22518360614777,18.42919671855485]],[[-66.2259292602539,18.429064396598164],[-66.2257468700409,18.4289473424747]],[[-66.2259292602539,18.422850239274098],[-66.2251889705658,18.42279425485428],[-66.2244325876236,18.422717912434265],[-66.22375130653381,18.42277898637299],[-66.22199177742004,18.42308944522624],[-66.22184157371521,18.423079266256337],[-66.22162699699402,18.422997834475368],[-66.22130513191223,18.422809523334223],[-66.22116565704346,18.4227840758669],[-66.22081160545349,18.422850239274098],[-66.22050046920776,18.42285532876592],[-66.2202376127243,18.422916402655858],[-66.21999084949493,18.42302328191107],[-66.2197333574295,18.42306399780034],[-66.21915400028229,18.423002923962812],[-66.21878385543823,18.422931671124942],[-66.21829032897949,18.42294693959269],[-66.2169224023819,18.422809523334223],[-66.21609091758728,18.42281461282724],[-66.21542572975159,18.422743359911365],[-66.21438503265381,18.42261612248818],[-66.21369302272797,18.422570316992804],[-66.21345162391663,18.422565227492555],[-66.21326386928558,18.422544869490082]],[[-66.2251353263855,18.41833071111276],[-66.22500658035278,18.41835106961392],[-66.2248831987381,18.418437593217007],[-66.2244701385498,18.41879386641834],[-66.2243789434433,18.418946554707347],[-66.22429847717285,18.419119601271092],[-66.22428238391876,18.419526768969774],[-66.22431457042694,18.419587844041473],[-66.22438430786133,18.419618381569194]],[[-66.22548401355743,18.417750492816793],[-66.22534453868866,18.417811568519028],[-66.2251353263855,18.41833071111276],[-66.22462570667267,18.419455514692075]],[[-66.22573614120483,18.417160093244064],[-66.22571468353271,18.416813996000954],[-66.22569859027863,18.416752919944628]],[[-66.22258186340332,18.41758253452383],[-66.22131586074829,18.417577444876045],[-66.21937394142151,18.417613072407477],[-66.21913254261017,18.41758762417149]],[[-66.22257113456726,18.41734332091447],[-66.22287690639496,18.41735350022377],[-66.2229198217392,18.41755199663477],[-66.22294127941132,18.417567265579976],[-66.22303783893585,18.417592713818976],[-66.22323632240295,18.41758762417149],[-66.22368156909943,18.417557086283324]],[[-66.22209370136261,18.41818820153712],[-66.22131586074829,18.41820347042588],[-66.22002840042114,18.41825436671192]],[[-66.22039318084717,18.419038167615724],[-66.21994256973267,18.419033078010983]],[[-66.22011959552765,18.419506410607738],[-66.22021615505219,18.419445335507135],[-66.22028052806854,18.419353722815586],[-66.22033953666687,18.419221393286108],[-66.22039318084717,18.419038167615724],[-66.22044146060944,18.41823909782768]],[[-66.22192203998566,18.419939025282915],[-66.22204005718231,18.41967436702258],[-66.22216880321503,18.41888038979876],[-66.22209370136261,18.41818820153712],[-66.22207224369049,18.416925968714622]],[[-66.21795237064362,18.42005608553744],[-66.21761441230774,18.42001027936037]],[[-66.21795773506165,18.4197659795434],[-66.21728718280792,18.419745621209657]],[[-66.21992647647858,18.41920103488792],[-66.21994256973267,18.419033078010983],[-66.21995329856873,18.418646267610157]],[[-66.21951878070831,18.419598023217972],[-66.21939539909363,18.419450425099683],[-66.21914327144623,18.419613291981605],[-66.21904671192169,18.419648919091472],[-66.21874630451202,18.419643829504807],[-66.21832251548767,18.419577664864363],[-66.2179309129715,18.419577664864363],[-66.21778607368469,18.419486052243286],[-66.21709406375885,18.41936899160089],[-66.21685266494751,18.419292647660782],[-66.21680974960327,18.419246841280454],[-66.21671319007874,18.418870210579783],[-66.21660053730011,18.418580102586077],[-66.21644496917725,18.41835106961392],[-66.21620893478394,18.41820856005515],[-66.21598899364471,18.418106767440904],[-66.2154096364975,18.418091498543575],[-66.2152487039566,18.418025333306133],[-66.21518433094025,18.41797443695235],[-66.2150502204895,18.41783192708162],[-66.21431529521942,18.41714482426272]],[[-66.21913254261017,18.417480741539222],[-66.2186712026596,18.417434934676507],[-66.21784508228302,18.417460382935076],[-66.21775388717651,18.417521458740282],[-66.21774315834045,18.417674148158497],[-66.21774852275848,18.41818311190724],[-66.21769487857819,18.41828490447631],[-66.21761977672577,18.41831035260917],[-66.21644496917725,18.41835106961392]],[[-66.21915936470032,18.41820347042588],[-66.21913254261017,18.41758762417149],[-66.21913254261017,18.41682417534159]],[[-66.21807038784027,18.41885494175021],[-66.21735155582428,18.418946554707347],[-66.2169224023819,18.418865120970082],[-66.21671319007874,18.418870210579783]],[[-66.2179309129715,18.419577664864363],[-66.21795773506165,18.4197659795434],[-66.2179684638977,18.41989321907468],[-66.21795237064362,18.42005608553744],[-66.2179684638977,18.420117160421213],[-66.21829032897949,18.420473430144455]],[[-66.21709406375885,18.41936899160089],[-66.21706187725067,18.41983214411141],[-66.21707260608673,18.41994920443865],[-66.2170672416687,18.420091712555603],[-66.21711015701294,18.420269847535792],[-66.21716916561127,18.420442892768506]],[[-66.21680974960327,18.419246841280454],[-66.21654152870178,18.41928755806356],[-66.21561348438263,18.41948096265179]],[[-66.21654152870178,18.41928755806356],[-66.21652543544769,18.420244399692777]],[[-66.21620893478394,18.41820856005515],[-66.21617674827576,18.417002313704884]],[[-66.21472299098969,18.417531638039065],[-66.21455132961273,18.417704686025886],[-66.21447086334229,18.417750492816793],[-66.21436357498169,18.41776576174439],[-66.21412217617035,18.41776576174439],[-66.21214807033539,18.417816658159907],[-66.2107640504837,18.417837016721904],[-66.21035099029541,18.417750492816793],[-66.2100237607956,18.41763343099356],[-66.20936393737793,18.417287334702536],[-66.20880603790283,18.416961596380958],[-66.20842516422272,18.416752919944628]],[[-66.21518433094025,18.41797443695235],[-66.21480345726013,18.418391786609035],[-66.2145084142685,18.418407055479705],[-66.21414363384247,18.418401965856305],[-66.21252357959747,18.418432503594502],[-66.211177110672,18.418503758295913],[-66.21054947376251,18.418300173356485],[-66.21015787124634,18.418305262982912],[-66.20976090431213,18.4182798148493],[-66.20961606502533,18.418218739313275],[-66.20903670787811,18.41782683744121]],[[-66.21544182300568,18.419150138881918],[-66.21583342552185,18.41908906365485],[-66.21601045131683,18.419022898801046]],[[-66.21588170528412,18.41942497713545],[-66.21583342552185,18.41908906365485]],[[-66.20978236198425,18.425741046370135],[-66.2097716331482,18.42558836411213],[-66.20981454849243,18.42526264150868],[-66.20977699756622,18.424712983216523],[-66.2098091840744,18.423817240013577],[-66.20986819267273,18.42357803507356],[-66.21032416820526,18.422585585492612]],[[-66.21073186397552,18.42266192797136],[-66.21082842350006,18.422539779989094],[-66.21110200881958,18.422239499163965]],[[-66.2116277217865,18.42356276666186],[-66.21116101741791,18.423430440370154],[-66.21109664440155,18.423364277186153],[-66.21115565299988,18.422672106965976],[-66.2111234664917,18.422565227492555],[-66.21111273765564,18.42228021523877],[-66.21110200881958,18.422239499163965],[-66.21118783950806,18.421521876763663],[-66.21147215366364,18.42098747515911],[-66.21170282363892,18.420763534945493],[-66.21184229850769,18.42068719162424],[-66.21237874031067,18.420631206500445],[-66.2124913930893,18.42049887795359],[-66.21256113052368,18.420320743210553],[-66.21254503726959,18.419877950335902],[-66.21250212192535,18.419542037739745],[-66.21248602867126,18.419262110075238],[-66.21252357959747,18.418432503594502]],[[-66.21169745922089,18.42268737545676],[-66.21171355247498,18.422733180920986],[-66.21172428131104,18.423216682299312],[-66.21155261993408,18.42382741893981]],[[-66.21237874031067,18.420631206500445],[-66.21251285076141,18.421700010262924]],[[-66.21365547180176,18.420213862276185],[-66.21403634548187,18.420356370173906],[-66.21415972709656,18.420366549304944],[-66.21421337127686,18.42034619104227],[-66.21426165103912,18.420285116239796],[-66.21428847312927,18.420168056141137],[-66.2143474817276,18.419577664864363],[-66.2144547700882,18.419119601271092],[-66.2145084142685,18.41897709234891],[-66.21456742286682,18.418890569017123],[-66.21460497379303,18.418768418357004],[-66.21460497379303,18.418692074150385],[-66.21458351612091,18.418600461057736],[-66.2145084142685,18.418407055479705]],[[-66.21392905712128,18.41983214411141],[-66.21398270130157,18.41885494175021]],[[-66.21431529521942,18.41985250243492],[-66.21392905712128,18.41983214411141],[-66.21346235275269,18.41972017328908],[-66.21318340301514,18.41969472536475],[-66.2130331993103,18.419659098264376],[-66.21286690235138,18.419587844041473],[-66.21266305446625,18.41955221691896],[-66.21250212192535,18.419542037739745]],[[-66.21372520923615,18.418860031360225],[-66.21372520923615,18.419318095644584],[-66.2128347158432,18.419257020477133],[-66.21248602867126,18.419262110075238]],[[-66.21456742286682,18.418890569017123],[-66.21398270130157,18.41885494175021],[-66.21372520923615,18.418860031360225],[-66.21250212192535,18.418860031360225]],[[-66.21412217617035,18.41776576174439],[-66.21414363384247,18.418401965856305]],[[-66.21211588382721,18.417389127801584],[-66.21219098567963,18.418452862083626]],[[-66.212078332901,18.41845795170552],[-66.21200859546661,18.419587844041473],[-66.21221244335175,18.419760889960187],[-66.21244311332703,18.41986777117596],[-66.21254503726959,18.419877950335902]],[[-66.21167063713074,18.4184833998128],[-66.21164381504059,18.4189821819553],[-66.21161699295044,18.419104332463647]],[[-66.21184229850769,18.41737385884055],[-66.21185839176178,18.416752919944628]],[[-66.20961606502533,18.418218739313275],[-66.20933711528778,18.4184884894338],[-66.20925664901733,18.418534296016034],[-66.20913863182068,18.418554654493107],[-66.20716452598572,18.41854956487407],[-66.20664417743683,18.418554654493107]],[[-66.21184229850769,18.42068719162424],[-66.21146142482758,18.420539594440385],[-66.21129512786865,18.420565042239744],[-66.21116638183594,18.42064647517236]],[[-66.20894014835358,18.421939217814625],[-66.20925664901733,18.422030829129312],[-66.20932638645172,18.422076634768345],[-66.21032416820526,18.422585585492612],[-66.21073186397552,18.42266192797136],[-66.21115565299988,18.422672106965976],[-66.21169745922089,18.42268737545676],[-66.21200859546661,18.42268737545676]],[[-66.2077921628952,18.417302603671246],[-66.20852172374725,18.417307693327174],[-66.20861291885376,18.41727715538933],[-66.20880603790283,18.416961596380958]],[[-66.20781898498535,18.41790318203175],[-66.20777070522308,18.416752919944628]],[[-66.20639204978943,18.4179235405835],[-66.20642960071564,18.416875072035623],[-66.20638132095337,18.416752919944628]],[[-66.20576977729797,18.4185292063964],[-66.20562493801117,18.418580102586077],[-66.20532989501953,18.41858519220422],[-66.20522260665894,18.418554654493107],[-66.20520114898682,18.417938809495737],[-66.20524406433105,18.417241527788335],[-66.205233335495,18.417043031019176],[-66.20511531829834,18.416752919944628]],[[-66.20524406433105,18.417241527788335],[-66.20495438575745,18.417328051949397],[-66.2046754360199,18.417460382935076]],[[-66.20765805244446,18.42407680244446],[-66.20787262916565,18.422957118570437],[-66.20806574821472,18.422549958990928],[-66.20821058750153,18.422417631920084],[-66.20852172374725,18.422285304747447],[-66.20925664901733,18.422030829129312],[-66.2092512845993,18.421862875015123],[-66.20927274227142,18.4217814426583],[-66.20963215827942,18.420809340922006],[-66.2098091840744,18.420483609268558],[-66.21005594730377,18.420183324854165],[-66.21041536331177,18.41967436702258],[-66.21060311794281,18.4193231852409],[-66.21061384677887,18.41922648288528],[-66.21057093143463,18.419155228483206],[-66.21032953262329,18.419002540379395]],[[-66.20713233947754,18.427649563157857],[-66.20677828788757,18.42763429510761],[-66.2059897184372,18.427680099254303],[-66.20591461658478,18.42764447380793],[-66.20585560798645,18.4275172400106],[-66.20559275150299,18.42744598904298],[-66.20538890361786,18.427440899687028],[-66.20518505573273,18.427491793239838],[-66.20514214038849,18.427552865483335],[-66.20513677597046,18.427776796857273],[-66.20520651340485,18.42783277965519],[-66.20544791221619,18.427868405062554],[-66.20720744132996,18.42791420914689],[-66.20807111263275,18.42791420914689]],[[-66.20720744132996,18.42791420914689],[-66.20710015296936,18.427522329364308],[-66.20714843273163,18.427481614530492]],[[-66.2137520313263,18.438250352088986],[-66.21353209018707,18.438219817870092]],[[-66.21352672576904,18.438250352088986],[-66.21358573436737,18.437827961579373],[-66.21361255645752,18.437787249186243],[-66.21365547180176,18.437766892986062],[-66.21371448040009,18.43775671488507],[-66.21589243412018,18.438067146694237],[-66.21601581573486,18.438138393259834],[-66.21599972248077,18.438250352088986]],[[-66.2032699584961,18.42921198646637],[-66.20393514633179,18.428865913472222],[-66.2044608592987,18.428677608756345],[-66.20615601539612,18.428560554369554],[-66.20745956897736,18.428524929105578],[-66.20796918869019,18.42853001842947],[-66.20803356170654,18.428504571808574],[-66.20807111263275,18.4284536785555],[-66.20807111263275,18.42791420914689],[-66.20805501937866,18.427695367300487],[-66.207937002182,18.427120269957925],[-66.20775997638702,18.426550260074535]],[[-66.20510995388031,18.416752919944628],[-66.20470225811005,18.416920879047396],[-66.20430529117584,18.417012493034363]],[[-66.20572686195374,18.416752919944628],[-66.20583951473236,18.417073568998546],[-66.20578587055206,18.417938809495737],[-66.20576977729797,18.4185292063964],[-66.20598435401917,18.418686984535412],[-66.20607554912567,18.41879895603016]],[[-66.2070894241333,18.416752919944628],[-66.20716452598572,18.41854956487407],[-66.20715916156769,18.418916017060397],[-66.20723962783813,18.418961823528804],[-66.2077385187149,18.419104332463647],[-66.20817840099335,18.419104332463647],[-66.2084949016571,18.419068705241003]],[[-66.20967507362366,18.416778368304065],[-66.20903670787811,18.41782683744121],[-66.20890259742737,18.417867554560388],[-66.20868802070618,18.41790318203175],[-66.20781898498535,18.41790318203175],[-66.20578587055206,18.417938809495737],[-66.20520114898682,18.417938809495737]],[[-66.21780216693878,18.416752919944628],[-66.21769487857819,18.41680381665975]],[[-66.2214070558548,18.417002313704884],[-66.22139096260071,18.416752919944628]],[[-66.22258722782135,18.416752919944628],[-66.22260332107544,18.416925968714622],[-66.22257113456726,18.41734332091447],[-66.22258186340332,18.41758253452383],[-66.22263550758362,18.41814748449383]],[[-66.22374594211578,18.416885251372634],[-66.22373521327972,18.416752919944628]],[[-66.22445404529572,18.416752919944628],[-66.22448086738586,18.416946327382007],[-66.22451841831207,18.417043031019176],[-66.22462034225464,18.41705830000953],[-66.22494757175446,18.41706338967269],[-66.2253338098526,18.417195720861926],[-66.22541427612305,18.417216079497393],[-66.22548401355743,18.417216079497393],[-66.22550547122955,18.41747565188841],[-66.22548401355743,18.417750492816793],[-66.22548937797546,18.417938809495737],[-66.22545182704926,18.41818311190724],[-66.22528553009033,18.41872261183711],[-66.22518360614777,18.418987271561548]],[[-66.22448086738586,18.416946327382007],[-66.22425556182861,18.41700740336968],[-66.22379422187805,18.417155003583773]]]},"properties":{"class":"minor","id":"14/5178/7338/5","source":"OpenFreeMap / OpenStreetMap","exposureHigh":true,"exposureModerate":true,"zoneLabels":"AE, X"},"id":222338240},{"type":"Feature","geometry":{"type":"LineString","coordinates":[[-66.20963215827942,18.416752919944628],[-66.21013641357422,18.417022672363217],[-66.2103134393692,18.417104106972516],[-66.2105119228363,18.417160093244064],[-66.21122539043427,18.417312782982947],[-66.21211588382721,18.417389127801584],[-66.21286690235138,18.417384038148057],[-66.21402025222778,18.41714482426272],[-66.21431529521942,18.41714482426272],[-66.21520042419434,18.417119375957483],[-66.21617674827576,18.417002313704884],[-66.21807038784027,18.416752919944628],[-66.21913254261017,18.41682417534159],[-66.2207418680191,18.416992134374794],[-66.22102618217468,18.41700740336968],[-66.2214070558548,18.417002313704884],[-66.22207224369049,18.416925968714622],[-66.22233510017395,18.41690561004482],[-66.22319340705872,18.416976865378558],[-66.22374594211578,18.416885251372634],[-66.22402489185333,18.416752919944628]]},"properties":{"class":"tertiary","id":"14/5178/7338/6","source":"OpenFreeMap / OpenStreetMap","exposureHigh":false,"exposureModerate":false,"zoneLabels":"X"},"id":222369192},{"type":"Feature","geometry":{"type":"MultiLineString","coordinates":[[[-66.22158944606781,18.437894119197637],[-66.22134804725647,18.438250352088986]],[[-66.2259292602539,18.431471622423402],[-66.2254947423935,18.432123043490705],[-66.22475445270538,18.433151062341125],[-66.22170746326447,18.437731269629936]]]},"properties":{"surface":"paved","class":"tertiary","id":"14/5178/7338/7","source":"OpenFreeMap / OpenStreetMap","exposureHigh":true,"exposureModerate":false,"zoneLabels":"AE"},"id":2771292730},{"type":"Feature","geometry":{"type":"LineString","coordinates":[[-66.20361864566803,18.416752919944628],[-66.2032699584961,18.41689543070902]]},"properties":{"surface":"paved","class":"motorway","oneway":1,"id":"14/5178/7338/8","source":"OpenFreeMap / OpenStreetMap","exposureHigh":false,"exposureModerate":false,"zoneLabels":"X"},"id":221224572},{"type":"Feature","geometry":{"type":"LineString","coordinates":[[-66.2032699584961,18.417134644941086],[-66.20419800281525,18.416752919944628]]},"properties":{"surface":"paved","class":"motorway","toll":1,"oneway":1,"id":"14/5178/7338/9","source":"OpenFreeMap / OpenStreetMap","exposureHigh":false,"exposureModerate":false,"zoneLabels":"X"},"id":603403842},{"type":"Feature","geometry":{"type":"LineString","coordinates":[[-66.20389223098755,18.416752919944628],[-66.2032699584961,18.417012493034363]]},"properties":{"class":"motorway","id":"14/5178/7338/10","source":"OpenFreeMap / OpenStreetMap","exposureHigh":false,"exposureModerate":false,"zoneLabels":"X"},"id":10567131802},{"type":"Feature","geometry":{"type":"LineString","coordinates":[[-66.22170746326447,18.437731269629936],[-66.22158944606781,18.437894119197637]]},"properties":{"brunnel":"bridge","surface":"paved","class":"tertiary","layer":1,"id":"14/5178/7338/11","source":"OpenFreeMap / OpenStreetMap","exposureHigh":true,"exposureModerate":false,"zoneLabels":"AE"},"id":5337997412},{"type":"Feature","geometry":{"type":"LineString","coordinates":[[-66.2237298488617,18.404196240431133],[-66.22366011142731,18.404318401433216]]},"properties":{"brunnel":"tunnel","class":"service","oneway":1,"id":"14/5178/7339/0","source":"OpenFreeMap / OpenStreetMap","exposureHigh":false,"exposureModerate":false,"zoneLabels":"X"},"id":14522666402},{"type":"Feature","geometry":{"type":"MultiLineString","coordinates":[[[-66.20914936065674,18.405570546707665],[-66.20933711528778,18.40552982667937],[-66.20942294597626,18.405519646670797]],[[-66.21111273765564,18.403727955786962],[-66.21130049228668,18.40449146270447]]]},"properties":{"class":"service","access":"no","id":"14/5178/7339/1","source":"OpenFreeMap / OpenStreetMap","exposureHigh":false,"exposureModerate":false,"zoneLabels":"X"},"id":222339180},{"type":"Feature","geometry":{"type":"MultiLineString","coordinates":[[[-66.21800065040588,18.402389265487102],[-66.21795773506165,18.402659040415216],[-66.21779680252075,18.40308660736011],[-66.2177324295044,18.40357016393523]],[[-66.21452987194061,18.403106967664343],[-66.21452450752258,18.402913544676963]],[[-66.21349453926086,18.401574848046195],[-66.21331751346588,18.40151885670565]],[[-66.21184229850769,18.3975179737984],[-66.2118262052536,18.39737544699335]],[[-66.2092673778534,18.39817970384854],[-66.20928883552551,18.397986275327597]],[[-66.20984137058258,18.397757214956073],[-66.20963215827942,18.397813207519448]],[[-66.21024906635284,18.40030740324326],[-66.21024906635284,18.400368485134436]],[[-66.20821058750153,18.39909085106538],[-66.20814085006714,18.398770168516364],[-66.20799601078033,18.398663274200672],[-66.20788335800171,18.398261147371343]],[[-66.20888650417328,18.398189884291],[-66.20885968208313,18.398016816687445]],[[-66.20884895324707,18.39819497451201],[-66.20879530906677,18.39888724316694]],[[-66.20742738246918,18.39767068095867],[-66.20767951011658,18.397512883557397]]]},"properties":{"class":"service","service":"driveway","id":"14/5178/7339/2","source":"OpenFreeMap / OpenStreetMap","exposureHigh":false,"exposureModerate":false,"zoneLabels":"X"},"id":222340100},{"type":"Feature","geometry":{"type":"MultiLineString","coordinates":[[[-66.22510850429535,18.41660531938564],[-66.22505486011505,18.415867314691553]],[[-66.22573614120483,18.413495498864307],[-66.2259292602539,18.413531127240887]],[[-66.2240195274353,18.413108676015327],[-66.22381567955017,18.41298652125083],[-66.22370839118958,18.412940713191773]],[[-66.22328460216522,18.413190112476855],[-66.22309148311615,18.41321556136316],[-66.22291445732117,18.413179932921267],[-66.22283399105072,18.413129035134332],[-66.2227588891983,18.413052688425694],[-66.2227213382721,18.4129916110344],[-66.222705245018,18.412935623406682],[-66.22271060943604,18.412869456186797]],[[-66.21952414512634,18.414523629052155],[-66.218923330307,18.414569436689888]],[[-66.21951878070831,18.41467123139671],[-66.21941149234772,18.414701769797034],[-66.21893405914307,18.414732308191915]],[[-66.21952950954437,18.414859551445616],[-66.21934175491333,18.414890089812516],[-66.21921837329865,18.414900269266923],[-66.2189394235611,18.414895179539798]],[[-66.21954023838043,18.41509367878662],[-66.2189394235611,18.41510385822899]],[[-66.2189394235611,18.414946076804398],[-66.2181830406189,18.414900269266923]],[[-66.2180757522583,18.41520056290159],[-66.21893405914307,18.415226011490617]],[[-66.21788799762726,18.415455048622448],[-66.2180757522583,18.41520056290159],[-66.2181830406189,18.414900269266923],[-66.21819913387299,18.41468141086409],[-66.21824204921722,18.414574526426648],[-66.21844053268433,18.414391295808045],[-66.21852099895477,18.414253872716046],[-66.21868193149567,18.413887410600935],[-66.21868193149567,18.41365837138271],[-66.21864974498749,18.413490409095616],[-66.2185800075531,18.41337334437435],[-66.21848344802856,18.413169753365068],[-66.21850490570068,18.41309340667452],[-66.21896624565125,18.41303232929768],[-66.21900916099548,18.41306795777014],[-66.21900916099548,18.413164663586755],[-66.21891260147095,18.41374998710657],[-66.21890187263489,18.414055372500556],[-66.21894478797913,18.415012243225874],[-66.218923330307,18.415587381048567],[-66.21895015239716,18.415801148598845],[-66.21906280517578,18.416004736495097]],[[-66.21748566627502,18.415587381048567],[-66.2174642086029,18.416279579772947]],[[-66.21764123439789,18.416218503526906],[-66.21766805648804,18.415587381048567],[-66.21707260608673,18.41558229134175],[-66.21703505516052,18.41621341383876],[-66.21746957302094,18.416137068498486]],[[-66.21842980384827,18.415964018935114],[-66.21845126152039,18.41552630455685]],[[-66.21832251548767,18.41626940040011],[-66.21823132038116,18.41603018496518]],[[-66.21723353862762,18.41686489269803],[-66.21719598770142,18.41658496067791],[-66.21719598770142,18.41641700124724],[-66.21726036071777,18.416350835365918],[-66.21764123439789,18.416218503526906],[-66.21795773506165,18.416111620044205],[-66.21895015239716,18.415801148598845]],[[-66.21684193611145,18.41604545404543],[-66.21662735939026,18.415928391062224],[-66.21661126613617,18.415882583786242],[-66.21662199497223,18.415561932512986],[-66.21674001216888,18.415480497173846],[-66.21683657169342,18.415460138333017],[-66.21788799762726,18.415455048622448],[-66.218923330307,18.415587381048567],[-66.21954023838043,18.41551103543054]],[[-66.21559202671051,18.415378702945702],[-66.21559739112854,18.414564346952957]],[[-66.21672928333282,18.41531253666514],[-66.21657907962799,18.41519038346493],[-66.21670246124268,18.41310358623521],[-66.21705651283264,18.413078137332334],[-66.21708869934082,18.41382633350588],[-66.21703505516052,18.414340398379352],[-66.21696531772614,18.4144523727026],[-66.21684193611145,18.414549077741285]],[[-66.21674001216888,18.415480497173846],[-66.21672928333282,18.41531253666514],[-66.21679365634918,18.415226011490617],[-66.21684193611145,18.414549077741285],[-66.21682047843933,18.414386206065842],[-66.21687948703766,18.41309340667452]],[[-66.21683657169342,18.415460138333017],[-66.21684730052948,18.415673906041377],[-66.21683657169342,18.41614215818889],[-66.21688485145569,18.416315207573106],[-66.21688485145569,18.41647807742281],[-66.21700286865234,18.41660022970892]],[[-66.21844053268433,18.414391295808045],[-66.21891796588898,18.414411654775307],[-66.21952950954437,18.41436584709558]],[[-66.21855318546295,18.414182616254777],[-66.21890723705292,18.41417752650642],[-66.21907889842987,18.41416734700924],[-66.21950268745422,18.414106270013534],[-66.21956706047058,18.414029923738426],[-66.2196797132492,18.41398920571119],[-66.21972799301147,18.413938308163566],[-66.21973872184753,18.413724538299277],[-66.21986746788025,18.413582024908905],[-66.21994256973267,18.413459870480352],[-66.21994256973267,18.41332753641825],[-66.22002303600311,18.413220651139966],[-66.22011959552765,18.413190112476855],[-66.22036635875702,18.413205381809092],[-66.22064530849457,18.41303232929768],[-66.22087597846985,18.412385925730916],[-66.22094571590424,18.41235538691967],[-66.22102618217468,18.412365566524016],[-66.2210476398468,18.412396105333457],[-66.22105836868286,18.41248772172925],[-66.22103691101074,18.41284909703711],[-66.22098863124847,18.412966162114984],[-66.22091889381409,18.41303232929768],[-66.2207955121994,18.41305777820733],[-66.22064530849457,18.41303232929768]],[[-66.2189769744873,18.41334789551135],[-66.21908962726593,18.413444601170696],[-66.21918082237244,18.413510768169445],[-66.21925055980682,18.41357693514277],[-66.21931493282318,18.413744897345424],[-66.21933102607727,18.41382124374698],[-66.21933102607727,18.413872141329193],[-66.21929347515106,18.413907769627784],[-66.21923446655273,18.413902679871313],[-66.21890723705292,18.413938308163566],[-66.21865510940552,18.413948487674304]],[[-66.21896088123322,18.413429331859675],[-66.21860146522522,18.413414062547304]],[[-66.21900916099548,18.413190112476855],[-66.21875166893005,18.41318502269914],[-66.21851027011871,18.413235920469504]],[[-66.21930420398712,18.41371435877531],[-66.21891260147095,18.413739807584108],[-66.21885359287262,18.413709269013097],[-66.21868193149567,18.41370417925073]],[[-66.21950268745422,18.414106270013534],[-66.21954023838043,18.414426923999173],[-66.21951341629028,18.414610154579833],[-66.21954023838043,18.41498170488066],[-66.21954023838043,18.41551103543054],[-66.21959924697876,18.41579605889835],[-66.21906280517578,18.416004736495097],[-66.21774852275848,18.41647807742281]],[[-66.22548401355743,18.408039180432525],[-66.22495293617249,18.407005921551757],[-66.2254947423935,18.406766693242062],[-66.22566640377045,18.40714335043039],[-66.22551620006561,18.407718514546957],[-66.22535526752472,18.407789773684257]],[[-66.22576296329498,18.407336768666312],[-66.22562348842621,18.407311318910843]],[[-66.22581124305725,18.407011011512168],[-66.22581660747528,18.407102630774077],[-66.22579514980316,18.407219699760006],[-66.22571468353271,18.40749964701226],[-66.22555911540985,18.407891572400658],[-66.22545719146729,18.408100259581104],[-66.2250280380249,18.40829367674199],[-66.22469007968903,18.408456554182592],[-66.22397124767303,18.40876194896839],[-66.22385323047638,18.408767038876903],[-66.22379422187805,18.408726319604625],[-66.22361719608307,18.408258047281308],[-66.22354209423065,18.408023910642],[-66.22356355190277,18.407911932136727],[-66.22365474700928,18.407830493178054],[-66.22363865375519,18.407596355957253],[-66.22360646724701,18.407453837493037],[-66.22354745864868,18.40728077919931],[-66.22358500957489,18.407122990603426],[-66.22363328933716,18.407046641230934],[-66.22373521327972,18.40697538178604],[-66.22379422187805,18.40690412231166],[-66.22435212135315,18.40663435403434],[-66.224325299263,18.406537644548976],[-66.22450232505798,18.40645111496339],[-66.22453451156616,18.406308595551167],[-66.22460961341858,18.406237335800796],[-66.2251728773117,18.406130446119974],[-66.22526407241821,18.40614571607844],[-66.22533917427063,18.40618643596106],[-66.22540891170502,18.40627805566176],[-66.22561812400818,18.406700523650912],[-66.22581124305725,18.407011011512168]],[[-66.2259292602539,18.406639444005748],[-66.22581124305725,18.406537644548976],[-66.22568249702454,18.40646129491688],[-66.22562348842621,18.406395125208363],[-66.22559130191803,18.406308595551167],[-66.22557520866394,18.40622206585047],[-66.22566640377045,18.405916666559236]],[[-66.22291445732117,18.405484016636038],[-66.22308611869812,18.405499286651832],[-66.22317731380463,18.404761234339247],[-66.2234777212143,18.40479177449768],[-66.22366011142731,18.404832494700514],[-66.22374594211578,18.40486812487009],[-66.2237137556076,18.404975015334557],[-66.22381031513214,18.40500046543538]],[[-66.22315585613251,18.403794126520467],[-66.22330605983734,18.40385520717497],[-66.2237673997879,18.404130069852144]],[[-66.22336506843567,18.4038857474941],[-66.2232631444931,18.404221690647034]],[[-66.2154632806778,18.403193498930463],[-66.21550619602203,18.402852463688447]],[[-66.21884822845459,18.405631626732017],[-66.21882140636444,18.405509466661627],[-66.21875166893005,18.405509466661627],[-66.21867656707764,18.405758876713193],[-66.21864974498749,18.406038826340733],[-66.21871411800385,18.406405305165165],[-66.21890723705292,18.40674633337059],[-66.219282746315,18.406995741630453]],[[-66.21117174625397,18.403224039366947],[-66.21094644069672,18.403274940082383],[-66.21083915233612,18.40329530036435],[-66.21082305908203,18.40318331878376]],[[-66.2109625339508,18.403351291127336],[-66.21119320392609,18.403300390434467],[-66.21115565299988,18.40313750811616],[-66.21097326278687,18.40317822871019],[-66.21094644069672,18.403274940082383],[-66.21103227138519,18.403646514849285],[-66.21090888977051,18.40359052418229],[-66.21065676212311,18.40361597448772],[-66.21027052402496,18.403682145264256]],[[-66.21116101741791,18.40317313863646],[-66.21120929718018,18.40316804856259],[-66.21115028858185,18.402888094267723],[-66.21082842350006,18.402938995082465]],[[-66.21070504188538,18.40361088442694],[-66.21071577072144,18.40333093085198]],[[-66.21037244796753,18.403661785028035],[-66.21035099029541,18.403152778340043]],[[-66.21215343475342,18.40345309246794],[-66.21190667152405,18.401702101025208],[-66.21195495128632,18.401651199844892],[-66.21221780776978,18.40164610972603],[-66.21227145195007,18.402073679185804]],[[-66.20682656764984,18.398500387496853],[-66.20678901672363,18.39878034892392],[-66.20654225349426,18.398851611759966]],[[-66.20566248893738,18.3976299590625],[-66.20555520057678,18.397884470755614],[-66.20581805706024,18.39809317006339]],[[-66.20683193206787,18.40434385163107],[-66.20682120323181,18.404292951231596],[-66.20682656764984,18.40423187073236]],[[-66.20560884475708,18.404501642773823],[-66.20559275150299,18.40442529223894],[-66.20559811592102,18.404384571939815]],[[-66.204514503479,18.40460853346582],[-66.20450377464294,18.404496552739232]],[[-66.20398342609406,18.404740874230626],[-66.20416045188904,18.40560108672254],[-66.20432138442993,18.406171166006203]],[[-66.21088743209839,18.417241527788335],[-66.21090888977051,18.416747830272286]],[[-66.20960533618927,18.41599455710599],[-66.20964825153351,18.41591821166861],[-66.20965361595154,18.415846955896512],[-66.20964288711548,18.415816417699432],[-66.20956242084503,18.415750251587156],[-66.20954096317291,18.41571971337291],[-66.2095034122467,18.415597560461748],[-66.20948731899261,18.415383792658545],[-66.20949804782867,18.415261639508927],[-66.20947659015656,18.415246370359128],[-66.20933711528778,18.415241280642235],[-66.20934247970581,18.41510385822899],[-66.20929419994354,18.415098768507875],[-66.20883285999298,18.41536343380629],[-66.20882749557495,18.415393972083763],[-66.20883822441101,18.4154296000673],[-66.20888113975525,18.415460138333017],[-66.20936393737793,18.41571971337291],[-66.20954096317291,18.41571971337291]],[[-66.20965898036957,18.41587749408818],[-66.20999693870544,18.4158520455955],[-66.21018469333649,18.41586222499302],[-66.21022760868073,18.41584186619737],[-66.21023833751678,18.415801148598845],[-66.21026515960693,18.4151700245898]],[[-66.20693385601044,18.414482911141732],[-66.2069821357727,18.4141368085141]],[[-66.20705187320709,18.41450327009815],[-66.20711624622345,18.413907769627784],[-66.20718061923981,18.413607473737272],[-66.20747029781342,18.41365328161885]],[[-66.20722353458405,18.413612563502497],[-66.20729327201843,18.41321556136316],[-66.20735228061676,18.413179932921267],[-66.20741128921509,18.413205381809092],[-66.20745420455933,18.413271548899814],[-66.20741128921509,18.413520947705464],[-66.20724499225616,18.41350058863283]],[[-66.20701432228088,18.413963756939268],[-66.20688557624817,18.413429331859675]],[[-66.2069821357727,18.413841602781673],[-66.20684266090393,18.413902679871313],[-66.20685338973999,18.414096090512146],[-66.20682120323181,18.4141368085141],[-66.20615601539612,18.41426405220811]],[[-66.20458424091339,18.41586222499302],[-66.2045681476593,18.414910448720747],[-66.20368838310242,18.414946076804398]],[[-66.20686948299408,18.39605197817221],[-66.20691239833832,18.395904359865725]],[[-66.20747566223145,18.395995985036365],[-66.20770633220673,18.395995985036365]]]},"properties":{"class":"service","id":"14/5178/7339/3","source":"OpenFreeMap / OpenStreetMap","exposureHigh":false,"exposureModerate":false,"zoneLabels":"X"},"id":222346020},{"type":"Feature","geometry":{"type":"LineString","coordinates":[[-66.2259292602539,18.40678705311116],[-66.22575759887695,18.4069244821645]]},"properties":{"class":"service","oneway":1,"id":"14/5178/7339/6","source":"OpenFreeMap / OpenStreetMap","exposureHigh":false,"exposureModerate":false,"zoneLabels":"X"},"id":5367540672},{"type":"Feature","geometry":{"type":"LineString","coordinates":[[-66.22581124305725,18.407011011512168],[-66.2259292602539,18.406893942384343]]},"properties":{"class":"service","oneway":1,"id":"14/5178/7339/7","source":"OpenFreeMap / OpenStreetMap","exposureHigh":false,"exposureModerate":false,"zoneLabels":"X"},"id":5367540682},{"type":"Feature","geometry":{"type":"MultiLineString","coordinates":[[[-66.21725499629974,18.41617269632816],[-66.21728181838989,18.41558229134175]],[[-66.22556984424591,18.407509826903762],[-66.2252801656723,18.40763707549678]],[[-66.22563421726227,18.40728077919931],[-66.22519969940186,18.407484377173873]],[[-66.2256395816803,18.40708227094231],[-66.22511386871338,18.407316408862243]],[[-66.22556447982788,18.406919392201516],[-66.22503340244293,18.40716371025492]],[[-66.20928883552551,18.397986275327597],[-66.2096107006073,18.39806262871707]],[[-66.2083500623703,18.398052448267094],[-66.20853781700134,18.39804226781652],[-66.20871484279633,18.398026997139524],[-66.20885968208313,18.398016816687445],[-66.20928883552551,18.397986275327597],[-66.20955169200897,18.397894651215537]],[[-66.20842516422272,18.397604507872515],[-66.20830714702606,18.397604507872515]],[[-66.2084573507309,18.397731763784876],[-66.20833396911621,18.39774194425381]],[[-66.20850563049316,18.397909921904258],[-66.20833396911621,18.397915012133538]],[[-66.20871484279633,18.398026997139524],[-66.20853245258331,18.397329634780974]],[[-66.20885968208313,18.398016816687445],[-66.20867729187012,18.39729400305181],[-66.20853245258331,18.397329634780974],[-66.20836615562439,18.39738053723842],[-66.20853781700134,18.39804226781652]],[[-66.21186375617981,18.416666395494374],[-66.21248066425323,18.41668675419247],[-66.21248066425323,18.416513705181885],[-66.21206760406494,18.4164984361432],[-66.21206223964691,18.41667148516912]],[[-66.21069431304932,18.4167427405998],[-66.21090888977051,18.416747830272286],[-66.21094107627869,18.41609126127807],[-66.210817694664,18.416086171586144]],[[-66.20933711528778,18.415241280642235],[-66.20932102203369,18.415699354560402]],[[-66.20913863182068,18.415597560461748],[-66.20914936065674,18.415185293746376]],[[-66.20896697044373,18.415505945721463],[-66.20897769927979,18.415281998373203]]]},"properties":{"class":"service","service":"parking_aisle","id":"14/5178/7339/8","source":"OpenFreeMap / OpenStreetMap","exposureHigh":false,"exposureModerate":false,"zoneLabels":"X"},"id":5367666760},{"type":"Feature","geometry":{"type":"LineString","coordinates":[[-66.22568249702454,18.411892214284848],[-66.22567176818848,18.411306884447015],[-66.22561812400818,18.411149099541433],[-66.22561812400818,18.411072751954535]]},"properties":{"class":"service","service":"alley","id":"14/5178/7339/9","source":"OpenFreeMap / OpenStreetMap","exposureHigh":false,"exposureModerate":false,"zoneLabels":"X"},"id":5368022502},{"type":"Feature","geometry":{"type":"LineString","coordinates":[[-66.20328068733215,18.39673916517532],[-66.20377957820892,18.396270860255882]]},"properties":{"surface":"paved","class":"service","service":"driveway","id":"14/5178/7339/10","source":"OpenFreeMap / OpenStreetMap","exposureHigh":false,"exposureModerate":false,"zoneLabels":"X"},"id":5372344422},{"type":"Feature","geometry":{"type":"LineString","coordinates":[[-66.22308611869812,18.405499286651832],[-66.22345626354218,18.405534916683422],[-66.22350454330444,18.40552982667937],[-66.22353136539459,18.405504376656808],[-66.22369229793549,18.405260056248764],[-66.22377812862396,18.405092085767137],[-66.22381031513214,18.40500046543538],[-66.22392296791077,18.40486812487009],[-66.22406244277954,18.40478159444548]]},"properties":{"class":"service","oneway":1,"id":"14/5178/7339/15","source":"OpenFreeMap / OpenStreetMap","exposureHigh":false,"exposureModerate":false,"zoneLabels":"X"},"id":13857523182},{"type":"Feature","geometry":{"type":"LineString","coordinates":[[-66.22309684753418,18.405407666536746],[-66.2234777212143,18.405448386593903],[-66.22350454330444,18.405438206580513],[-66.22360646724701,18.405295686329865],[-66.2236762046814,18.405158255976417],[-66.2237137556076,18.404975015334557]]},"properties":{"class":"service","oneway":1,"id":"14/5178/7339/16","source":"OpenFreeMap / OpenStreetMap","exposureHigh":false,"exposureModerate":false,"zoneLabels":"X"},"id":13857523202},{"type":"Feature","geometry":{"type":"LineString","coordinates":[[-66.22317731380463,18.40541784655194],[-66.22324168682098,18.40537712648755],[-66.22330069541931,18.40536694646994],[-66.22341871261597,18.40536694646994]]},"properties":{"class":"service","oneway":1,"id":"14/5178/7339/17","source":"OpenFreeMap / OpenStreetMap","exposureHigh":false,"exposureModerate":false,"zoneLabels":"X"},"id":13857523212},{"type":"Feature","geometry":{"type":"LineString","coordinates":[[-66.22341871261597,18.40536694646994],[-66.22349381446838,18.40537712648755]]},"properties":{"class":"service","oneway":1,"id":"14/5178/7339/18","source":"OpenFreeMap / OpenStreetMap","exposureHigh":false,"exposureModerate":false,"zoneLabels":"X"},"id":13857523222},{"type":"Feature","geometry":{"type":"LineString","coordinates":[[-66.22349381446838,18.40537712648755],[-66.22354745864868,18.405382216496122]]},"properties":{"class":"service","oneway":1,"id":"14/5178/7339/19","source":"OpenFreeMap / OpenStreetMap","exposureHigh":false,"exposureModerate":false,"zoneLabels":"X"},"id":13857523232},{"type":"Feature","geometry":{"type":"LineString","coordinates":[[-66.2233704328537,18.405372036478823],[-66.22341334819794,18.405402576528914],[-66.22352600097656,18.405412756544422]]},"properties":{"class":"service","oneway":1,"id":"14/5178/7339/20","source":"OpenFreeMap / OpenStreetMap","exposureHigh":false,"exposureModerate":false,"zoneLabels":"X"},"id":13857523242},{"type":"Feature","geometry":{"type":"LineString","coordinates":[[-66.20935320854187,18.41659005035507],[-66.20962679386139,18.41611670973535],[-66.20960533618927,18.41599455710599]]},"properties":{"class":"service","oneway":1,"id":"14/5178/7339/21","source":"OpenFreeMap / OpenStreetMap","exposureHigh":false,"exposureModerate":false,"zoneLabels":"X"},"id":14184105722},{"type":"Feature","geometry":{"type":"LineString","coordinates":[[-66.20960533618927,18.41599455710599],[-66.20926201343536,18.416534063898055]]},"properties":{"class":"service","oneway":1,"id":"14/5178/7339/22","source":"OpenFreeMap / OpenStreetMap","exposureHigh":false,"exposureModerate":false,"zoneLabels":"X"},"id":14184105732},{"type":"Feature","geometry":{"type":"LineString","coordinates":[[-66.2069821357727,18.4141368085141],[-66.20701432228088,18.414111359764007],[-66.207035779953,18.41400447497253],[-66.20701432228088,18.413963756939268],[-66.2069821357727,18.413994295465116],[-66.20695531368256,18.414085911010147],[-66.2069821357727,18.4141368085141]]},"properties":{"class":"service","oneway":1,"id":"14/5178/7339/23","source":"OpenFreeMap / OpenStreetMap","exposureHigh":false,"exposureModerate":false,"zoneLabels":"X"},"id":14501696642},{"type":"Feature","geometry":{"type":"LineString","coordinates":[[-66.22366011142731,18.404318401433216],[-66.22359573841095,18.40442529223894]]},"properties":{"class":"service","oneway":1,"id":"14/5178/7339/24","source":"OpenFreeMap / OpenStreetMap","exposureHigh":false,"exposureModerate":false,"zoneLabels":"X"},"id":14522666392},{"type":"Feature","geometry":{"type":"LineString","coordinates":[[-66.2237673997879,18.404130069852144],[-66.2237298488617,18.404196240431133]]},"properties":{"class":"service","oneway":1,"id":"14/5178/7339/25","source":"OpenFreeMap / OpenStreetMap","exposureHigh":false,"exposureModerate":false,"zoneLabels":"X"},"id":14522666412},{"type":"Feature","geometry":{"type":"MultiLineString","coordinates":[[[-66.22573614120483,18.417160093244064],[-66.22571468353271,18.416813996000954],[-66.22562348842621,18.416381373468155]],[[-66.22442722320557,18.416579871000593],[-66.22448086738586,18.416946327382007],[-66.22451841831207,18.417043031019176],[-66.22462034225464,18.41705830000953],[-66.22494757175446,18.41706338967269],[-66.2253338098526,18.417195720861926],[-66.22541427612305,18.417216079497393],[-66.22548401355743,18.417216079497393],[-66.22550010681152,18.417404396761228]],[[-66.22448086738586,18.416946327382007],[-66.22425556182861,18.41700740336968],[-66.22379422187805,18.417155003583773]],[[-66.22374594211578,18.416885251372634],[-66.22367084026337,18.41595383954362],[-66.22362792491913,18.415897852879596],[-66.2234777212143,18.415821507399315],[-66.223424077034,18.415765520692247],[-66.22335433959961,18.415495766302854],[-66.22322022914886,18.414661051928746],[-66.2233167886734,18.41419279575105],[-66.22332215309143,18.413938308163566],[-66.22310757637024,18.41333262619176]],[[-66.22411072254181,18.41544486920084],[-66.22414827346802,18.415597560461748],[-66.22406244277954,18.415770610393636],[-66.22435212135315,18.416595140032072]],[[-66.2259292602539,18.414696680064026],[-66.22561812400818,18.414823923344073],[-66.22501194477081,18.41498170488066]],[[-66.22370839118958,18.412940713191773],[-66.22328460216522,18.413190112476855],[-66.22310757637024,18.41333262619176],[-66.22252285480499,18.4138568720561],[-66.22201859951019,18.414289500935624],[-66.22186303138733,18.41446764192284],[-66.22132122516632,18.41531762637993],[-66.22120320796967,18.415378702945702],[-66.22084379196167,18.415638278108446],[-66.22047901153564,18.41581132799938],[-66.21961534023285,18.416070902509503],[-66.21922373771667,18.416152337569258],[-66.21869266033173,18.416335566312753],[-66.21769487857819,18.41680381665975]],[[-66.22186303138733,18.41446764192284],[-66.22240483760834,18.414895179539798]],[[-66.22253358364105,18.416157427259193],[-66.22260332107544,18.416925968714622],[-66.22257113456726,18.41734332091447],[-66.22257649898529,18.417404396761228]],[[-66.22257113456726,18.41734332091447],[-66.22287690639496,18.41735350022377],[-66.22288763523102,18.417404396761228]],[[-66.22208297252655,18.417404396761228],[-66.22207224369049,18.416925968714622]],[[-66.2214070558548,18.417002313704884],[-66.22132658958435,18.41579605889835],[-66.22132122516632,18.41531762637993]],[[-66.22047901153564,18.41581132799938],[-66.22058629989624,18.416452629018963]],[[-66.21913254261017,18.417404396761228],[-66.21913254261017,18.41682417534159]],[[-66.21618747711182,18.417404396761228],[-66.21617674827576,18.417002313704884]],[[-66.21502876281738,18.412284129672358],[-66.21623039245605,18.412151794706233]],[[-66.21564567089081,18.41221796220202],[-66.21559739112854,18.411882034652493],[-66.21564030647278,18.411541016621]],[[-66.21965289115906,18.411306884447015],[-66.2194973230362,18.410818259753682],[-66.21946513652802,18.410431430887726],[-66.21943831443787,18.410324543810958],[-66.21933102607727,18.410253285722902],[-66.2188321352005,18.4102125668022],[-66.21874630451202,18.410197297204448],[-66.2186712026596,18.410171847871865],[-66.21864438056946,18.410141308667775],[-66.2186336517334,18.410100589720585],[-66.21867656707764,18.40970866936135],[-66.2187248468399,18.409667950311814],[-66.21878921985626,18.409652680665758],[-66.2200927734375,18.40977483779629]],[[-66.21911108493805,18.41146975903655],[-66.21890723705292,18.410838619143576],[-66.21886432170868,18.410792810512888],[-66.21881067752838,18.410757181569466],[-66.21876776218414,18.410747001870007],[-66.21837079524994,18.410721552618696],[-66.21836006641388,18.410889517607842]],[[-66.21765196323395,18.41180568739071],[-66.21820449829102,18.411724250274162],[-66.21911108493805,18.41146975903655],[-66.22020542621613,18.411144009703364],[-66.22076869010925,18.411042212910303],[-66.22177183628082,18.410904787144176],[-66.22214198112488,18.4108844277621],[-66.22301638126373,18.410950595745078]],[[-66.21522724628448,18.4115308369679],[-66.21611773967743,18.41155119627352]],[[-66.21559739112854,18.41111856051073],[-66.21606409549713,18.411205087750275]],[[-66.2156993150711,18.41092005667916],[-66.21610701084137,18.411032033227684]],[[-66.21589779853821,18.410502688902042],[-66.21623039245605,18.41063502513606]],[[-66.21629476547241,18.408044270362396],[-66.21677756309509,18.40803409050251]],[[-66.22167527675629,18.40757599618388],[-66.2229573726654,18.407718514546957]],[[-66.22281789779663,18.40882811776723],[-66.22147142887115,18.408675420500757]],[[-66.22018933296204,18.409235309815685],[-66.2188857793808,18.409113152302282],[-66.21884286403656,18.40908261291038],[-66.2188321352005,18.409021534110337],[-66.21887505054474,18.408644881031194],[-66.21891260147095,18.40860416173004],[-66.2189394235611,18.408588891989623],[-66.21896624565125,18.408588891989623],[-66.2202912569046,18.408711049875052]],[[-66.22076869010925,18.411042212910303],[-66.22063457965851,18.41065538454764],[-66.22060239315033,18.41045688018194],[-66.2205970287323,18.41024310599363],[-66.22089743614197,18.408543082760232],[-66.2209564447403,18.408115529364864]],[[-66.22020542621613,18.411144009703364],[-66.22008740901947,18.410782630815532],[-66.22005522251129,18.41060448601415],[-66.22003376483917,18.4104161613094],[-66.22003376483917,18.41013621879992],[-66.22039318084717,18.408161338708027]],[[-66.22214198112488,18.4108844277621],[-66.22228682041168,18.40994789358284],[-66.2222170829773,18.40989190496505],[-66.22172355651855,18.409835916329058]],[[-66.22154116630554,18.410935326212794],[-66.22172355651855,18.409835916329058],[-66.22182011604309,18.409286208754025]],[[-66.22271060943604,18.4109302363684],[-66.22282326221466,18.41021765666781]],[[-66.22419655323029,18.41160209452707],[-66.22456133365631,18.411652992765553],[-66.2259292602539,18.411948202251978]],[[-66.22315049171448,18.408308946508583],[-66.22157335281372,18.40812570921996],[-66.22114956378937,18.408090079724516],[-66.22085452079773,18.408130799147273],[-66.22039318084717,18.408161338708027],[-66.22015714645386,18.408146068928332],[-66.21993720531464,18.408074809938512],[-66.21956706047058,18.408039180432525],[-66.21948659420013,18.40801882071152],[-66.21943295001984,18.407988281125498],[-66.21917009353638,18.407346948567465],[-66.219282746315,18.406995741630453],[-66.21946513652802,18.406639444005748]],[[-66.2259292602539,18.405412756544422],[-66.22583270072937,18.405402576528914],[-66.22564494609833,18.405458566606697],[-66.22525870800018,18.405066635679873],[-66.22502267360687,18.404908845054848],[-66.22381031513214,18.40446601252843],[-66.223064661026,18.40432349147308],[-66.22269451618195,18.40427259106758],[-66.22251749038696,18.40432349147308]],[[-66.22501194477081,18.404063899247745],[-66.2249368429184,18.403957008217674],[-66.22466325759888,18.403722865729492]],[[-66.22430920600891,18.40411988976082],[-66.22478663921356,18.403585434120757]],[[-66.22302174568176,18.404527092944605],[-66.22283935546875,18.40616098603556],[-66.22281789779663,18.40627805566176],[-66.22278571128845,18.40638494525095],[-66.22272670269012,18.406522374625254],[-66.22257649898529,18.40677687317691],[-66.22239410877228,18.406965201862945],[-66.2224531173706,18.40704155127156],[-66.22253894805908,18.407102630774077],[-66.22293055057526,18.407153530342953],[-66.22296810150146,18.40716371025492],[-66.22300028800964,18.407189160032203],[-66.22301638126373,18.407229879668066],[-66.2227588891983,18.40925566939282],[-66.22272670269012,18.409296388539886],[-66.22264087200165,18.4093574672424],[-66.22259795665741,18.409362557133306],[-66.22253358364105,18.409362557133306],[-66.22182011604309,18.409286208754025],[-66.22143924236298,18.409245489604572],[-66.22138559818268,18.409179320966132],[-66.22147142887115,18.408675420500757],[-66.22169137001038,18.40749964701226],[-66.2217664718628,18.407362218418044],[-66.22183084487915,18.40729604905576],[-66.22239410877228,18.406965201862945]],[[-66.22313976287842,18.406420575099276],[-66.22309148311615,18.40673615343394]],[[-66.22272670269012,18.406522374625254],[-66.22311294078827,18.406588544284887]],[[-66.22499585151672,18.403371651400263],[-66.22512996196747,18.403254579798016],[-66.22547328472137,18.40317822871019],[-66.2259292602539,18.40308151728368]],[[-66.2259292602539,18.40246052682994],[-66.22541427612305,18.40257250888054],[-66.22536063194275,18.40263868005802],[-66.22547328472137,18.40317822871019],[-66.22556984424591,18.403631244669185],[-66.22556447982788,18.403748316015367],[-66.22550010681152,18.40381448674104],[-66.22442185878754,18.404364211786657],[-66.2242180109024,18.404725604147558]],[[-66.22465252876282,18.401610478889793],[-66.22523725032806,18.40196169681083]],[[-66.22531235218048,18.40131525167746],[-66.2259292602539,18.40037866544752]],[[-66.22475445270538,18.40098439299325],[-66.22531235218048,18.40131525167746],[-66.22550010681152,18.401437414723247],[-66.22552692890167,18.401513766582866],[-66.22523725032806,18.40196169681083],[-66.22386932373047,18.403743225958493]],[[-66.22031271457672,18.396601727993982],[-66.22026443481445,18.39699876844091]],[[-66.22106909751892,18.397991365554603],[-66.22048437595367,18.39878543912748]],[[-66.22150897979736,18.39892287456655],[-66.22121930122375,18.398790529330867],[-66.22104227542877,18.399126482422858]],[[-66.21999621391296,18.3965864571893],[-66.21983528137207,18.39688169250681],[-66.21952414512634,18.396983497671414],[-66.21930956840515,18.397024219720393],[-66.21903598308563,18.397019129464795],[-66.21901452541351,18.396698443058952],[-66.21904134750366,18.396632269599323]],[[-66.21543109416962,18.3975179737984],[-66.21564567089081,18.397232920070365],[-66.21601045131683,18.39705985150536],[-66.21644496917725,18.39699876844091],[-66.21658980846405,18.39686133146668],[-66.21668100357056,18.39655082530642],[-66.2166702747345,18.396286131088573]],[[-66.2156617641449,18.39635739495644],[-66.21560275554657,18.396530464227183],[-66.21557056903839,18.396667901465364],[-66.21527016162872,18.397202378571535],[-66.21515214443207,18.397472161623924],[-66.21514678001404,18.3976299590625]],[[-66.2147605419159,18.397202378571535],[-66.21452450752258,18.397248190817763],[-66.21447086334229,18.39738562748333],[-66.21448159217834,18.397685951667256],[-66.21456205844879,18.39809826028724],[-66.21454060077667,18.398220425614753],[-66.21450304985046,18.3983324104222],[-66.21441185474396,18.398403673443568],[-66.21235191822052,18.398586921077438],[-66.21109664440155,18.398678544821266],[-66.21062457561493,18.398749807699446],[-66.21046900749207,18.398810890142983]],[[-66.2149429321289,18.399187564732827],[-66.21481955051422,18.39869890564661],[-66.21481418609619,18.39858183086801],[-66.2147980928421,18.39849020707274],[-66.21463179588318,18.398357861504635],[-66.21450304985046,18.3983324104222]],[[-66.21484100818634,18.399711853669118],[-66.21495366096497,18.400663713969706]],[[-66.2192291021347,18.403916287807803],[-66.22162163257599,18.398678544821266],[-66.22157871723175,18.398525838554477],[-66.22133731842041,18.398291688682463],[-66.22106909751892,18.397991365554603],[-66.22100472450256,18.397762305189858],[-66.22107446193695,18.397309273793766],[-66.22103691101074,18.396983497671414],[-66.22109591960907,18.396713713853728],[-66.22117638587952,18.39660681826193],[-66.22121930122375,18.396408297701186],[-66.22126758098602,18.395904359865725]],[[-66.21780216693878,18.40369232538147],[-66.21770024299622,18.404369301825156],[-66.21766269207001,18.40440493209057],[-66.21752321720123,18.404725604147558],[-66.2174642086029,18.404827404675686],[-66.21741056442261,18.404847764774104],[-66.21691703796387,18.40478668447166]],[[-66.21766269207001,18.40440493209057],[-66.21682047843933,18.40427259106758]],[[-66.21752321720123,18.404725604147558],[-66.21764123439789,18.40477141439267],[-66.21785044670105,18.40478668447166]],[[-66.21826887130737,18.40453727301187],[-66.21770024299622,18.404369301825156]],[[-66.21635377407074,18.406481654822088],[-66.2168151140213,18.406374765292924]],[[-66.21626794338226,18.406313685532197],[-66.21706187725067,18.406064276284297],[-66.21711552143097,18.405906486573528],[-66.21714234352112,18.405626536730807]],[[-66.21530771255493,18.40446601252843],[-66.21441185474396,18.404583083307074],[-66.2137520313263,18.404705244034716],[-66.21362328529358,18.404766324366022],[-66.21353209018707,18.40492411512166],[-66.21354281902313,18.40528550630745],[-66.21359646320343,18.405993016432816],[-66.21358573436737,18.406115176160156],[-66.21332287788391,18.406440935009286],[-66.2124752998352,18.40756581629627],[-66.21198177337646,18.40817151856041],[-66.21184766292572,18.408497273518662],[-66.21175110340118,18.40887901682595],[-66.21155798435211,18.40981046694303],[-66.21149897575378,18.410614665722065],[-66.21141850948334,18.410792810512888],[-66.21081233024597,18.411332333611796],[-66.21069967746735,18.41133742344428],[-66.21013641357422,18.411179638566693],[-66.21005594730377,18.411169458892218],[-66.20984137058258,18.41116436905473],[-66.20969653129578,18.411429040403604],[-66.20958387851715,18.41155119627352],[-66.20940148830414,18.411612274175965],[-66.20909035205841,18.411485028521412]],[[-66.21586561203003,18.40555018669471],[-66.2167239189148,18.40556545670465]],[[-66.21554374694824,18.40586067663041],[-66.21464252471924,18.405901396580447]],[[-66.21484637260437,18.406130446119974],[-66.21503949165344,18.406196615930213],[-66.21531307697296,18.406191525945715],[-66.2154471874237,18.40607445626067],[-66.21554374694824,18.40586067663041],[-66.2154096364975,18.405229516173378],[-66.21536135673523,18.405168436006377],[-66.21530771255493,18.40446601252843],[-66.21522724628448,18.403259669869342]],[[-66.21358573436737,18.406115176160156],[-66.21371448040009,18.406130446119974]],[[-66.21355354785919,18.405407666536746],[-66.21358573436737,18.40542802656654],[-66.21376276016235,18.405438206580513],[-66.21403634548187,18.405489106641454]],[[-66.21452987194061,18.404567813210022],[-66.2146532535553,18.40492920514363]],[[-66.21441185474396,18.404583083307074],[-66.21435284614563,18.403957008217674],[-66.21432065963745,18.40371268561408],[-66.21418118476868,18.403112057740003]],[[-66.21354281902313,18.40528550630745],[-66.21296346187592,18.405214246133667],[-66.21275424957275,18.40502082551332],[-66.21206223964691,18.40504627560736],[-66.21190130710602,18.405041185588843]],[[-66.21296346187592,18.404700154006136],[-66.21290445327759,18.40402826891176]],[[-66.21197640895844,18.40565198673532],[-66.21262550354004,18.40559090671819]],[[-66.21306538581848,18.406191525945715],[-66.21346771717072,18.40622206585047],[-66.21348917484283,18.406232245817506]],[[-66.21206223964691,18.406405305165165],[-66.21215343475342,18.406349315395275],[-66.21239483356476,18.406140626092437]],[[-66.20918154716492,18.406064276284297],[-66.20835542678833,18.406069366272547]],[[-66.2091600894928,18.405702886733067],[-66.20815694332123,18.405784326698125]],[[-66.20947659015656,18.40393155796265],[-66.20914399623871,18.402918634758365],[-66.209015250206,18.402888094267723],[-66.20868265628815,18.403005166119115]],[[-66.21003985404968,18.402272193216987],[-66.21008813381195,18.40256232869713]],[[-66.20957314968109,18.402323094213784],[-66.20962679386139,18.40266413050412]],[[-66.21065139770508,18.40216530107479],[-66.2107104063034,18.40266413050412]],[[-66.21435284614563,18.403957008217674],[-66.21290445327759,18.40402826891176],[-66.2127274274826,18.404053719152486],[-66.21261477470398,18.40427259106758],[-66.21246993541718,18.404298041272213]],[[-66.21331751346588,18.402297643717276],[-66.21331214904785,18.401982057248077],[-66.21349453926086,18.401574848046195],[-66.21359646320343,18.40149340609028],[-66.21383249759674,18.40145268509788]],[[-66.21374130249023,18.400760426753962],[-66.21369302272797,18.40030231308468],[-66.21366620063782,18.399839108024622]],[[-66.21218025684357,18.400399026071895],[-66.21225535869598,18.400287042608056],[-66.21237874031067,18.40003762463148],[-66.21245920658112,18.399706763492944],[-66.21241629123688,18.39905521970053],[-66.21235191822052,18.398586921077438]],[[-66.21186912059784,18.400159788583494],[-66.21210515499115,18.399666042078124]],[[-66.21306002140045,18.399996903294877],[-66.21317267417908,18.400821508484484]],[[-66.21186912059784,18.399467525043008],[-66.21184766292572,18.399182474541163],[-66.21177792549133,18.398627642747385]],[[-66.21361792087555,18.39956932867935],[-66.21349453926086,18.398480026648045]],[[-66.21446013450623,18.399004317737948],[-66.21454060077667,18.39987982939853],[-66.21460497379303,18.400694254854812]],[[-66.21383786201477,18.398454575583656],[-66.21387004852295,18.398973776553206],[-66.21397733688354,18.39948279559229]],[[-66.21325850486755,18.39736526650276],[-66.21323704719543,18.396978407414608],[-66.21329605579376,18.396723894382816]],[[-66.21244311332703,18.39680024833183],[-66.21248602867126,18.396952956128345],[-66.21253967285156,18.397411078705673]],[[-66.21189057826996,18.3965864571893],[-66.21185839176178,18.396479561518547]],[[-66.2129259109497,18.398536018976472],[-66.21297955513,18.399319909663433]],[[-66.21166527271271,18.396637359866347],[-66.21174037456512,18.39711075404253]],[[-66.210458278656,18.397472161623924],[-66.21009886264801,18.397599417634055]],[[-66.20996475219727,18.39715147606144],[-66.21046364307404,18.396993678184558],[-66.21166527271271,18.396637359866347],[-66.21187448501587,18.396535554497206]],[[-66.21037244796753,18.397680861431212],[-66.21184229850769,18.3975179737984],[-66.21253967285156,18.397411078705673],[-66.21325850486755,18.39736526650276],[-66.2137520313263,18.397370356748127],[-66.21412217617035,18.39725837131526],[-66.21417582035065,18.397182017569293],[-66.2140953540802,18.396459200430883],[-66.21412217617035,18.39619450607225],[-66.21410608291626,18.395904359865725]],[[-66.21027052402496,18.398052448267094],[-66.21068894863129,18.397991365554603]],[[-66.21045291423798,18.40037357529104],[-66.21053874492645,18.40087750005175]],[[-66.20918154716492,18.40085204934161],[-66.20917081832886,18.400648443525128],[-66.20910108089447,18.399930731102373]],[[-66.20976090431213,18.40080114791006],[-66.20968043804169,18.40044483746793],[-66.20963215827942,18.400368485134436]],[[-66.20791018009186,18.40034812450645],[-66.20867729187012,18.400287042608056]],[[-66.2079530954361,18.400546640526613],[-66.20750784873962,18.400658623821656]],[[-66.20800137519836,18.400770607043896],[-66.20699286460876,18.401106556273746],[-66.20652079582214,18.401274530642922]],[[-66.20805501937866,18.401040384507567],[-66.20846807956696,18.400943671880498],[-66.20953559875488,18.40080114791006],[-66.20976090431213,18.40080114791006],[-66.20997548103333,18.400760426753962],[-66.21003448963165,18.40073497602654],[-66.21024906635284,18.400368485134436],[-66.21045291423798,18.40037357529104],[-66.21095180511475,18.400409206383173],[-66.21100544929504,18.400287042608056],[-66.21111810207367,18.39955405813774]],[[-66.2064403295517,18.401142187214234],[-66.2066388130188,18.401014933821486],[-66.20703041553497,18.400796057766073]],[[-66.20747566223145,18.39963041083226],[-66.20740056037903,18.399452254492374],[-66.20671391487122,18.3992995489115]],[[-66.20779752731323,18.399772935771495],[-66.20803356170654,18.399767845597125],[-66.2082427740097,18.399834017852214],[-66.2088006734848,18.3999510917797]],[[-66.20782971382141,18.396840970424137],[-66.20733618736267,18.396840970424137]],[[-66.2074327468872,18.39626067970002],[-66.20798528194427,18.39625558942187]],[[-66.20636522769928,18.39806771894183],[-66.20646178722382,18.397828478215402],[-66.20659053325653,18.39766559072217],[-66.2066924571991,18.39696822690057],[-66.20667099952698,18.396871511987044],[-66.20657444000244,18.396805338593907]],[[-66.2071967124939,18.39763504930005],[-66.20765268802643,18.397706312609927]],[[-66.20554447174072,18.39755360548125],[-66.20578050613403,18.39696822690057],[-66.20604872703552,18.396601727993982]],[[-66.2049275636673,18.39722273957136],[-66.20483100414276,18.39742125919355],[-66.20471835136414,18.39783865867861],[-66.20461106300354,18.398103350510965]],[[-66.20444476604462,18.396810428855815],[-66.20489537715912,18.396240318586493],[-66.20509922504425,18.395904359865725]],[[-66.20405316352844,18.396535554497206],[-66.20388686656952,18.39696822690057],[-66.2038654088974,18.397405988461486]],[[-66.20471835136414,18.39783865867861],[-66.20476126670837,18.397874290295135],[-66.20499730110168,18.397904831674822]],[[-66.20364010334015,18.399925640932665],[-66.20401561260223,18.399895099911262]],[[-66.20512068271637,18.39898395694871],[-66.2044233083725,18.398673454614553]],[[-66.20508313179016,18.399034858917318],[-66.20466470718384,18.398938145164124],[-66.20460033416748,18.399004317737948]],[[-66.20500802993774,18.399202835306937],[-66.20455205440521,18.39921301568893],[-66.20436429977417,18.399162113772974]],[[-66.20614528656006,18.399783116119778],[-66.20611846446991,18.3994624348596],[-66.20600581169128,18.399101031453995]],[[-66.20537281036377,18.39975257507311],[-66.2053781747818,18.39935045078684]],[[-66.20519578456879,18.40030231308468],[-66.20523869991302,18.400750246463446]],[[-66.20612919330597,18.400241231170043],[-66.20465397834778,18.400343034349078],[-66.203972697258,18.400465198084476],[-66.20361328125,18.40048046854531]],[[-66.20623111724854,18.400811328197577],[-66.2054318189621,18.401111646408552],[-66.20440185070038,18.401564667803797],[-66.20412826538086,18.401671560318817]],[[-66.20465397834778,18.400343034349078],[-66.20465934276581,18.40060263218325],[-66.20468080043793,18.400714615441885],[-66.20461642742157,18.400821508484484],[-66.20449841022491,18.400902950758123]],[[-66.20423555374146,18.400989483131667],[-66.20389759540558,18.401182908280035]],[[-66.20407998561859,18.401081105597456],[-66.20398342609406,18.400857139483946],[-66.203972697258,18.400465198084476]],[[-66.20615601539612,18.402323094213784],[-66.20590925216675,18.401778452767488],[-66.2054318189621,18.401111646408552]],[[-66.20530307292938,18.40199732757442],[-66.20500266551971,18.401305071419713]],[[-66.20686948299408,18.401936246260917],[-66.20615601539612,18.402323094213784],[-66.20588779449463,18.4024808872082],[-66.20551228523254,18.40264377014755],[-66.20506703853607,18.402786292593106],[-66.20498657226562,18.402786292593106],[-66.20493829250336,18.402730301646415],[-66.20440185070038,18.401564667803797]],[[-66.20831251144409,18.40186498470115],[-66.20772242546082,18.40199732757442],[-66.20767951011658,18.40195151659134]],[[-66.20823740959167,18.401625749249078],[-66.20859682559967,18.40157993816716],[-66.21082305908203,18.401396693717615]],[[-66.20854318141937,18.402531788143293],[-66.20835542678833,18.40261831969842],[-66.20813548564911,18.402694671034496]],[[-66.20852708816528,18.402485977302376],[-66.20864510536194,18.40243507635374],[-66.2092137336731,18.40235363480464],[-66.21003985404968,18.402272193216987],[-66.21030807495117,18.402231472408744],[-66.21074259281158,18.402144940659227]],[[-66.20841443538666,18.402195841693626],[-66.20763123035431,18.402404535777336]],[[-66.20813548564911,18.40318840885719],[-66.2086933851242,18.403030616511074]],[[-66.20668709278107,18.404471102563946],[-66.20741665363312,18.40622206585047]],[[-66.20737373828888,18.404359121747973],[-66.20802819728851,18.40647147486979]],[[-66.2077009677887,18.40431331139318],[-66.2076473236084,18.404104619622686],[-66.20729327201843,18.402984805802845],[-66.20713233947754,18.402373995195518],[-66.20686948299408,18.401936246260917],[-66.20669782161713,18.40155957768239],[-66.20623111724854,18.400811328197577],[-66.20619356632233,18.40071970558826],[-66.20611846446991,18.40045501777651],[-66.20612919330597,18.400241231170043],[-66.20622038841248,18.39996127211745],[-66.20626330375671,18.399859468712776]],[[-66.20909035205841,18.404980105355023],[-66.20939612388611,18.404878304917176],[-66.20989501476288,18.404837584725186],[-66.2104743719101,18.40447619259929]],[[-66.20388150215149,18.409214950236134],[-66.20434820652008,18.409693399718904]],[[-66.20438575744629,18.41030927422314],[-66.20353281497955,18.411082931634738],[-66.2032699584961,18.411332333611796]],[[-66.20408535003662,18.41057903674178],[-66.20467007160187,18.41116436905473],[-66.20470225811005,18.411286525112473]],[[-66.2039566040039,18.411541016621],[-66.20427310466766,18.41125598610617]],[[-66.2058824300766,18.411266165775558],[-66.20529770851135,18.411393411591888]],[[-66.2060809135437,18.41166826223416],[-66.20662808418274,18.411546106447332]],[[-66.20601117610931,18.41080299020966],[-66.2058824300766,18.41024310599363]],[[-66.20595216751099,18.41052304832928],[-66.20671391487122,18.410360172843923]],[[-66.2058287858963,18.409281118860875],[-66.20575368404388,18.40896045528862]],[[-66.20735764503479,18.409688309837776],[-66.20711088180542,18.409281118860875]],[[-66.20707333087921,18.410080230243395],[-66.20846807956696,18.40979010743152],[-66.20874166488647,18.409698489599876],[-66.20883285999298,18.40962214136958],[-66.20900452136993,18.409382916695392],[-66.2090528011322,18.409265849180485],[-66.20910108089447,18.408823027860535]],[[-66.20697140693665,18.411474848864984],[-66.20662808418274,18.41000388218241],[-66.20654225349426,18.409851185958857],[-66.20637595653534,18.409713759241868],[-66.20614528656006,18.409652680665758]],[[-66.20674073696136,18.41152065731417],[-66.2072503566742,18.411413770913768]],[[-66.2074488401413,18.411693711345507],[-66.20878994464874,18.411403591253148],[-66.20883285999298,18.41132215394633],[-66.20846807956696,18.40979010743152],[-66.20840907096863,18.40961196160299],[-66.2081891298294,18.409296388539886],[-66.20788872241974,18.408792488417163],[-66.20742201805115,18.40887901682595],[-66.20697677135468,18.408970635093752],[-66.20681047439575,18.408996084603928],[-66.20666563510895,18.408990994702194],[-66.20618283748627,18.408899376445234],[-66.20602190494537,18.408909556253974],[-66.20502948760986,18.409113152302282],[-66.20451986789703,18.409265849180485]],[[-66.20720207691193,18.41063502513606],[-66.20623648166656,18.410833529296326],[-66.20617747306824,18.410879337916185],[-66.20617747306824,18.4109607754325],[-66.20632767677307,18.41160718435158]],[[-66.207754611969,18.411403591253148],[-66.20752930641174,18.410431430887726]],[[-66.2081891298294,18.409296388539886],[-66.20724499225616,18.40949489424385]],[[-66.20742201805115,18.40887901682595],[-66.20730936527252,18.408395475160432],[-66.20723962783813,18.408237687586194]],[[-66.209197640419,18.40672597349669],[-66.20918154716492,18.406064276284297],[-66.2091600894928,18.405702886733067],[-66.20909035205841,18.404959745272265],[-66.20905816555023,18.40423187073236],[-66.20900452136993,18.404007908716466],[-66.20852708816528,18.402485977302376],[-66.20841443538666,18.402195841693626],[-66.20805501937866,18.401040384507567],[-66.20779752731323,18.399772935771495],[-66.20771706104279,18.399635501010707],[-66.20756685733795,18.399604959937847],[-66.20646178722382,18.399864558884445],[-66.20626330375671,18.399859468712776],[-66.20614528656006,18.399783116119778],[-66.20537281036377,18.39975257507311],[-66.20510995388031,18.399711853669118],[-66.20497584342957,18.399706763492944],[-66.20483100414276,18.39973221437232],[-66.20469689369202,18.399859468712776]],[[-66.21175110340118,18.40887901682595],[-66.21230363845825,18.409189500758316],[-66.2127810716629,18.409662860429947],[-66.21289372444153,18.409830826452165],[-66.21289372444153,18.40997843282122],[-66.21258795261383,18.41063502513606],[-66.212437748909,18.411179638566693],[-66.21242702007294,18.411831136481737],[-66.21234118938446,18.41245209313668],[-66.21238946914673,18.412579338076284],[-66.21252357959747,18.412614966642522],[-66.21288299560547,18.41264041561388],[-66.21438503265381,18.4125895176674],[-66.21474981307983,18.412508080921683],[-66.21482491493225,18.412482631930757],[-66.21502876281738,18.412284129672358],[-66.21518433094025,18.41162245382425],[-66.21522724628448,18.4115308369679],[-66.21527552604675,18.411434130233246],[-66.21559739112854,18.41111856051073],[-66.2156993150711,18.41092005667916],[-66.21589779853821,18.410502688902042],[-66.21624648571014,18.409958073329562],[-66.21635913848877,18.409627231252642],[-66.2163645029068,18.408792488417163],[-66.21629476547241,18.408044270362396],[-66.21649861335754,18.406929572127325],[-66.21645033359528,18.406675073801395],[-66.21626794338226,18.406313685532197],[-66.2159138917923,18.405916666559236],[-66.21584415435791,18.40542802656654],[-66.21577441692352,18.405341496423304],[-66.2154096364975,18.405229516173378],[-66.21621429920197,18.40514807594589],[-66.21674001216888,18.40513789591475],[-66.21684730052948,18.40511244583425]],[[-66.21184766292572,18.408497273518662],[-66.21091425418854,18.408247867434056]],[[-66.2124752998352,18.40756581629627],[-66.2127274274826,18.40776941393375],[-66.21296882629395,18.407896662334906],[-66.21304392814636,18.407896662334906],[-66.21351599693298,18.408242777510182],[-66.21351599693298,18.40828858681948],[-66.21348917484283,18.408354755800275],[-66.2129420042038,18.40883320767378]],[[-66.21260941028595,18.407392758115122],[-66.21251821517944,18.40734185861696],[-66.21200859546661,18.40687867249224],[-66.2119871377945,18.40674633337059],[-66.21206223964691,18.406405305165165],[-66.21206223964691,18.406140626092437],[-66.21197640895844,18.40565198673532],[-66.21190130710602,18.405041185588843],[-66.21177792549133,18.40430822135302],[-66.21170282363892,18.403631244669185]],[[-66.21296882629395,18.407896662334906],[-66.21287763118744,18.40812570921996],[-66.21255040168762,18.408492183602192]],[[-66.21304392814636,18.407896662334906],[-66.2131941318512,18.407733784364567],[-66.21362864971161,18.407087360900476],[-66.21363937854767,18.407036461312032]],[[-66.21301174163818,18.406853222669042],[-66.21336042881012,18.406909212275096],[-66.2134301662445,18.406899032348093],[-66.21347844600677,18.40685831263397],[-66.21350526809692,18.406771783209578]],[[-66.21362864971161,18.407087360900476],[-66.21385931968689,18.40714844038675],[-66.21387541294098,18.407178980121756],[-66.21387541294098,18.40721460980575]],[[-66.21013641357422,18.411179638566693],[-66.21065676212311,18.410400891729722],[-66.21083378791809,18.41005478089349]],[[-66.21288299560547,18.41264041561388],[-66.21297955513,18.41188712446875]],[[-66.21391832828522,18.412253590843065],[-66.21370911598206,18.412233231620505],[-66.21366083621979,18.412212872395557],[-66.21361792087555,18.412172153938414],[-66.21353209018707,18.411994010575185]],[[-66.21390223503113,18.41259969725789],[-66.21390223503113,18.41248772172925],[-66.21398270130157,18.411434130233246],[-66.21430456638336,18.409662860429947]],[[-66.21458888053894,18.417404396761228],[-66.21431529521942,18.41714482426272]],[[-66.21211588382721,18.417389127801584],[-66.21211588382721,18.417404396761228]],[[-66.21184229850769,18.41737385884055],[-66.21187448501587,18.41621341383876],[-66.21190130710602,18.41583168679864],[-66.21196031570435,18.415684085449442],[-66.21205151081085,18.415561932512986],[-66.21220707893372,18.415449958911722],[-66.21233582496643,18.415414330932407],[-66.21251821517944,18.41539906179615],[-66.21626794338226,18.415373613232717]],[[-66.20967507362366,18.416778368304065],[-66.20929419994354,18.417404396761228]],[[-66.20779752731323,18.417404396761228],[-66.20777070522308,18.416778368304065],[-66.20782434940338,18.41642718061135]],[[-66.2077921628952,18.417302603671246],[-66.20852172374725,18.417307693327174],[-66.20861291885376,18.41727715538933],[-66.20880603790283,18.416961596380958]],[[-66.20640814304352,18.417404396761228],[-66.20642960071564,18.416875072035623],[-66.20619893074036,18.416315207573106]],[[-66.20691776275635,18.41642718061135],[-66.20707869529724,18.41641700124724],[-66.20766341686249,18.41637119410133],[-66.20782434940338,18.41642718061135],[-66.20880603790283,18.416961596380958],[-66.20936393737793,18.417287334702536],[-66.20958924293518,18.417404396761228]],[[-66.20707869529724,18.41641700124724],[-66.20711624622345,18.417404396761228]],[[-66.20797991752625,18.412345207314715],[-66.20781898498535,18.411612274175965]],[[-66.20771169662476,18.412401195134507],[-66.20818376541138,18.412304488888893]],[[-66.207395195961,18.41200928001355],[-66.2068372964859,18.412126345662628]],[[-66.20710551738739,18.41207035775342],[-66.20728254318237,18.412813468519346]],[[-66.20676219463348,18.41214161508924],[-66.20616674423218,18.412268860258393]],[[-66.20647251605988,18.41220269278216],[-66.2066388130188,18.412945802976722]],[[-66.20592534542084,18.41275748083369],[-66.20575368404388,18.412049998509218],[-66.20559811592102,18.411327243779127]],[[-66.20601654052734,18.411999100388115],[-66.20535135269165,18.41213652528053]],[[-66.20540499687195,18.412365566524016],[-66.20484709739685,18.412482631930757]],[[-66.20565176010132,18.412818558308047],[-66.20615601539612,18.41271167271367]],[[-66.20553374290466,18.41291017447898],[-66.20473980903625,18.413083227113205]],[[-66.20480418205261,18.41334789551135],[-66.20469689369202,18.41291017447898]],[[-66.20564639568329,18.416528974219233],[-66.20583951473236,18.417073568998546],[-66.20582342147827,18.417404396761228]],[[-66.205233335495,18.417404396761228],[-66.20524406433105,18.417241527788335],[-66.205233335495,18.417043031019176],[-66.20511531829834,18.416752919944628]],[[-66.20524406433105,18.417241527788335],[-66.20495438575745,18.417328051949397],[-66.20479881763458,18.417404396761228]],[[-66.20430529117584,18.417012493034363],[-66.20470225811005,18.416920879047396],[-66.20511531829834,18.416752919944628],[-66.20564639568329,18.416528974219233],[-66.20619893074036,18.416315207573106],[-66.2072879076004,18.415846955896512],[-66.20776534080505,18.415745161885155],[-66.20790481567383,18.41565863692817]],[[-66.2032699584961,18.416279579772947],[-66.20362937450409,18.416264310713473]],[[-66.2033075094223,18.415908032274416],[-66.20330214500427,18.416406821882546]],[[-66.2032699584961,18.412436823737607],[-66.20335042476654,18.412518260517018],[-66.20354890823364,18.412767660414247]],[[-66.2032699584961,18.41165808258856],[-66.20392978191376,18.412309578692643]],[[-66.20353281497955,18.411082931634738],[-66.2032699584961,18.41082843944892],[-66.20452523231506,18.40968321995652],[-66.20472371578217,18.409555972875935],[-66.2049812078476,18.409469444807414],[-66.2058287858963,18.409281118860875],[-66.20601654052734,18.409260759286738],[-66.20618283748627,18.40925566939282],[-66.20635449886322,18.409286208754025],[-66.20651543140411,18.409337107677302],[-66.20667636394501,18.40942872570129],[-66.20680510997772,18.409530523448524],[-66.20697677135468,18.40977992767486],[-66.20707333087921,18.410080230243395],[-66.20762050151825,18.41242664413747],[-66.20765805244446,18.412620056437092],[-66.20763123035431,18.412701493129788],[-66.20728254318237,18.412813468519346],[-66.20617747306824,18.41304250886199],[-66.20565712451935,18.413129035134332],[-66.20558202266693,18.413078137332334],[-66.20510458946228,18.411113470671765],[-66.20497047901154,18.410894607453443],[-66.20330214500427,18.409220040131245]],[[-66.20351135730743,18.41110838083263],[-66.2039566040039,18.411541016621],[-66.20421409606934,18.411800597572054]],[[-66.20360791683197,18.410049691023048],[-66.2032699584961,18.410360172843923]],[[-66.2032699584961,18.4092403997102],[-66.20384931564331,18.408716139785056],[-66.20384395122528,18.408629611294387]],[[-66.2032699584961,18.40157993816716],[-66.2037581205368,18.401259260252488]],[[-66.2032699584961,18.399849288369012],[-66.20328605175018,18.399355540973545]],[[-66.2032699584961,18.399701673316628],[-66.20327532291412,18.399701673316628]],[[-66.2035596370697,18.399070490286377],[-66.2032699584961,18.399050129504943]],[[-66.2032699584961,18.39848511686047],[-66.20331287384033,18.39845966579682],[-66.20333433151245,18.398408763658253],[-66.20339334011078,18.39725328106657]],[[-66.20360791683197,18.397314364040795],[-66.20339334011078,18.39725328106657],[-66.2032699584961,18.397207468821705]],[[-66.20747566223145,18.395995985036365],[-66.2071430683136,18.396041797603402],[-66.20691776275635,18.396046887887877],[-66.20679974555969,18.396062158740406],[-66.20672464370728,18.396113061572365],[-66.20671391487122,18.396148693545797]],[[-66.2074863910675,18.395904359865725],[-66.20747566223145,18.395995985036365],[-66.2073415517807,18.396810428855815],[-66.2072879076004,18.39729909329928],[-66.2071967124939,18.39763504930005],[-66.20712161064148,18.397879380525453],[-66.20709478855133,18.398225515834852],[-66.20707869529724,18.398317139770924],[-66.20682656764984,18.398500387496853],[-66.20666563510895,18.398525838554477],[-66.20619356632233,18.39844439515683],[-66.20580732822418,18.39845966579682],[-66.20545864105225,18.39857674065844],[-66.20521187782288,18.398805799940178],[-66.20512068271637,18.39898395694871],[-66.20508313179016,18.399034858917318],[-66.20500802993774,18.399202835306937],[-66.20504558086395,18.399666042078124],[-66.20510995388031,18.399711853669118]],[[-66.2084037065506,18.396041797603402],[-66.20837688446045,18.395904359865725]],[[-66.21000230312347,18.395904359865725],[-66.20950877666473,18.396041797603402]],[[-66.21139705181122,18.396123242136966],[-66.20993793010712,18.39652537395699]],[[-66.21360182762146,18.395909450154264],[-66.21360182762146,18.395904359865725]],[[-66.21412217617035,18.39619450607225],[-66.21449768543243,18.39621995747055],[-66.2146908044815,18.396204686632018],[-66.21504485607147,18.39615887410828],[-66.21521651744843,18.396184325511854],[-66.2156617641449,18.39635739495644],[-66.21588170528412,18.396408297701186],[-66.2164556980133,18.396326853302398],[-66.2166702747345,18.396286131088573],[-66.21713697910309,18.396179235231457],[-66.21731400489807,18.396225047749766],[-66.21780753135681,18.39641847824832],[-66.21853172779083,18.396408297701186],[-66.2187784910202,18.396494832332706],[-66.21889114379883,18.396561005845143],[-66.21904134750366,18.396632269599323],[-66.21999621391296,18.3965864571893],[-66.22104227542877,18.396652630666537],[-66.22109591960907,18.396713713853728]],[[-66.2146908044815,18.396204686632018],[-66.21477663516998,18.396983497671414],[-66.2147605419159,18.397202378571535],[-66.21480882167816,18.39755360548125]],[[-66.21521651744843,18.396184325511854],[-66.21523797512054,18.395904359865725]],[[-66.21713697910309,18.396179235231457],[-66.2172657251358,18.39598580446426],[-66.21730327606201,18.395904359865725]],[[-66.21880531311035,18.39607742959157],[-66.21867656707764,18.395904359865725]]]},"properties":{"class":"minor","id":"14/5178/7339/26","source":"OpenFreeMap / OpenStreetMap","exposureHigh":false,"exposureModerate":false,"zoneLabels":"X"},"id":222338180},{"type":"Feature","geometry":{"type":"MultiLineString","coordinates":[[[-66.2259292602539,18.417134644941086],[-66.22573614120483,18.417160093244064],[-66.22563421726227,18.417190631202686],[-66.22548401355743,18.417216079497393]],[[-66.22370839118958,18.412940713191773],[-66.22445404529572,18.412492811527585],[-66.22454524040222,18.412472452333333],[-66.2259292602539,18.41290508469298]],[[-66.22413218021393,18.409591602067977],[-66.22537672519684,18.409530523448524]],[[-66.22419655323029,18.41160209452707],[-66.22419655323029,18.41144430989209],[-66.22411608695984,18.41042634102844]],[[-66.22482419013977,18.41170389098899],[-66.22478663921356,18.411062572273735],[-66.22460424900055,18.410711372917092],[-66.22455060482025,18.409576332415156],[-66.22451305389404,18.409072433111888],[-66.22453987598419,18.409011354308234],[-66.22515678405762,18.408787398509418]],[[-66.22547328472137,18.41095568558886],[-66.22532308101654,18.410986224648454],[-66.22478663921356,18.411062572273735]],[[-66.22386932373047,18.403743225958493],[-66.22350454330444,18.403524353370543]],[[-66.22420728206635,18.403300390434467],[-66.22372448444366,18.403005166119115]],[[-66.22455596923828,18.402852463688447],[-66.22403562068939,18.402541968328492]],[[-66.22483491897583,18.40286773393761],[-66.22465252876282,18.402730301646415]],[[-66.22517824172974,18.40241980606622],[-66.2249904870987,18.40228746351761]],[[-66.22489929199219,18.402409625873787],[-66.22437357902527,18.402094039609793]],[[-66.22551620006561,18.401982057248077],[-66.22532308101654,18.401844624250074]],[[-66.2259292602539,18.40100475354602],[-66.22531235218048,18.400628082930226]],[[-66.2259292602539,18.40034812450645],[-66.22562348842621,18.400175059071415]],[[-66.2259292602539,18.399691492963527],[-66.22592389583588,18.399691492963527]],[[-66.22052729129791,18.39661699879734],[-66.2205058336258,18.396113061572365]],[[-66.21999621391296,18.3965864571893],[-66.22002303600311,18.396474471246847],[-66.22002303600311,18.395990894750383],[-66.22000694274902,18.395934901594686],[-66.21997475624084,18.395904359865725]],[[-66.2187784910202,18.396494832332706],[-66.21880531311035,18.39607742959157],[-66.21882677078247,18.395904359865725]],[[-66.21515214443207,18.40063826322796],[-66.2141865491867,18.400729885880608],[-66.2140041589737,18.400729885880608],[-66.21317267417908,18.400821508484484],[-66.21302247047424,18.40092840146073]],[[-66.2150126695633,18.400653533673463],[-66.21508777141571,18.40149340609028],[-66.21513068675995,18.401798813226364]],[[-66.2092137336731,18.40235363480464],[-66.20913326740265,18.40153921719522]],[[-66.2144923210144,18.40070443514864],[-66.21455132961273,18.401157457615028]],[[-66.2141865491867,18.400729885880608],[-66.21425092220306,18.401355972702333]],[[-66.2140041589737,18.400729885880608],[-66.21399343013763,18.39982383750693]],[[-66.20966970920563,18.397935373049137],[-66.20937466621399,18.396973317157645],[-66.20939075946808,18.396886782766487],[-66.20945513248444,18.396825699640658],[-66.20982527732849,18.396693352793747]],[[-66.20976090431213,18.39834768107211],[-66.20968580245972,18.39799645578148]],[[-66.21082305908203,18.401396693717615],[-66.2108713388443,18.401366152957067],[-66.21088743209839,18.401305071419713],[-66.21095180511475,18.400409206383173]],[[-66.20909035205841,18.404980105355023],[-66.20801746845245,18.40518879606445]],[[-66.20409607887268,18.409021534110337],[-66.20357573032379,18.409499984130676]],[[-66.20430529117584,18.409729028882495],[-66.20439112186432,18.409652680665758]],[[-66.20755076408386,18.410548497609952],[-66.20859682559967,18.410319453948503]],[[-66.20872557163239,18.410858978531095],[-66.20767951011658,18.411082931634738]],[[-66.20338261127472,18.409820646697895],[-66.20373129844666,18.41016675800489]],[[-66.2032699584961,18.409698489599876],[-66.20331287384033,18.409739208642165]],[[-66.21646106243134,18.395904359865725],[-66.2164556980133,18.396326853302398]]]},"properties":{"surface":"paved","class":"minor","id":"14/5178/7339/27","source":"OpenFreeMap / OpenStreetMap","exposureHigh":false,"exposureModerate":false,"zoneLabels":"X"},"id":222338470},{"type":"Feature","geometry":{"type":"LineString","coordinates":[[-66.20837152004242,18.41601491588358],[-66.20821058750153,18.41579605889835],[-66.20818376541138,18.41572989277826],[-66.2081891298294,18.415623008992057],[-66.2082427740097,18.415480497173846],[-66.2102061510086,18.4143505778663],[-66.21060311794281,18.414096090512146]]},"properties":{"class":"motorway","oneway":1,"ramp":1,"id":"14/5178/7339/28","source":"OpenFreeMap / OpenStreetMap","exposureHigh":false,"exposureModerate":false,"zoneLabels":"X"},"id":222342802},{"type":"Feature","geometry":{"type":"LineString","coordinates":[[-66.2076473236084,18.404104619622686],[-66.20682656764984,18.40423187073236],[-66.20559811592102,18.404384571939815],[-66.2032699584961,18.404613623497113]]},"properties":{"class":"minor","oneway":1,"id":"14/5178/7339/29","source":"OpenFreeMap / OpenStreetMap","exposureHigh":false,"exposureModerate":false,"zoneLabels":"X"},"id":222344802},{"type":"Feature","geometry":{"type":"LineString","coordinates":[[-66.20709478855133,18.41531762637993],[-66.20672464370728,18.415393972083763],[-66.20663344860077,18.415404151508383],[-66.20655834674835,18.41539906179615],[-66.20646715164185,18.41536852351959],[-66.2063330411911,18.415281998373203]]},"properties":{"class":"motorway","oneway":1,"ramp":1,"id":"14/5178/7339/30","source":"OpenFreeMap / OpenStreetMap","exposureHigh":false,"exposureModerate":false,"zoneLabels":"X"},"id":222348942},{"type":"Feature","geometry":{"type":"LineString","coordinates":[[-66.20790481567383,18.41565863692817],[-66.2082427740097,18.415480497173846]]},"properties":{"class":"motorway","oneway":1,"ramp":1,"id":"14/5178/7339/31","source":"OpenFreeMap / OpenStreetMap","exposureHigh":false,"exposureModerate":false,"zoneLabels":"X"},"id":222360452},{"type":"Feature","geometry":{"type":"LineString","coordinates":[[-66.2063330411911,18.415281998373203],[-66.20627403259277,18.415124217111952],[-66.20626330375671,18.415047871288436],[-66.20626866817474,18.414976615155922],[-66.20639204978943,18.414706859529886]]},"properties":{"class":"motorway","oneway":1,"ramp":1,"id":"14/5178/7339/32","source":"OpenFreeMap / OpenStreetMap","exposureHigh":false,"exposureModerate":false,"zoneLabels":"X"},"id":222361482},{"type":"Feature","geometry":{"type":"LineString","coordinates":[[-66.21055483818054,18.395904359865725],[-66.21068358421326,18.396316672749833]]},"properties":{"class":"minor","oneway":1,"id":"14/5178/7339/33","source":"OpenFreeMap / OpenStreetMap","exposureHigh":false,"exposureModerate":false,"zoneLabels":"X"},"id":4145174982},{"type":"Feature","geometry":{"type":"LineString","coordinates":[[-66.21074259281158,18.396301401919885],[-66.2106192111969,18.395904359865725]]},"properties":{"class":"minor","oneway":1,"id":"14/5178/7339/34","source":"OpenFreeMap / OpenStreetMap","exposureHigh":false,"exposureModerate":false,"zoneLabels":"X"},"id":4145174992},{"type":"Feature","geometry":{"type":"LineString","coordinates":[[-66.2063330411911,18.415281998373203],[-66.20620965957642,18.415180204027664],[-66.20609164237976,18.415052961011057],[-66.20603799819946,18.41502751239645],[-66.20595216751099,18.41500715350206]]},"properties":{"class":"motorway","oneway":1,"ramp":1,"id":"14/5178/7339/35","source":"OpenFreeMap / OpenStreetMap","exposureHigh":false,"exposureModerate":false,"zoneLabels":"X"},"id":10567131782},{"type":"Feature","geometry":{"type":"LineString","coordinates":[[-66.21412754058838,18.40285755377164],[-66.21406316757202,18.403010256197803],[-66.2139880657196,18.403091697436395],[-66.21391832828522,18.40313750811616]]},"properties":{"class":"primary","oneway":1,"ramp":1,"id":"14/5178/7339/36","source":"OpenFreeMap / OpenStreetMap","exposureHigh":false,"exposureModerate":false,"zoneLabels":"X"},"id":10667904532},{"type":"Feature","geometry":{"type":"MultiLineString","coordinates":[[[-66.21039927005768,18.398790529330867],[-66.21027052402496,18.39817461362709],[-66.210275888443,18.397874290295135],[-66.21037244796753,18.397680861431212],[-66.21064066886902,18.39746707138157],[-66.21174037456512,18.39711075404253],[-66.21226072311401,18.396952956128345],[-66.21244311332703,18.39680024833183],[-66.21251285076141,18.39659154745769],[-66.21258795261383,18.3959298113069],[-66.21259868144989,18.395904359865725]],[[-66.2032699584961,18.415908032274416],[-66.20458424091339,18.41586222499302],[-66.20479881763458,18.41579096919773],[-66.20639204978943,18.414706859529886],[-66.20678901672363,18.41450327009815],[-66.20693385601044,18.414482911141732],[-66.20715379714966,18.414523629052155],[-66.20730400085449,18.41459997510826],[-66.20743811130524,18.414727218459802],[-66.20790481567383,18.41565863692817],[-66.2080442905426,18.415821507399315],[-66.20967507362366,18.416778368304065],[-66.21013641357422,18.417022672363217],[-66.2103134393692,18.417104106972516],[-66.2105119228363,18.417160093244064],[-66.21122539043427,18.417312782982947],[-66.21211588382721,18.417389127801584],[-66.21286690235138,18.417384038148057],[-66.21402025222778,18.41714482426272],[-66.21431529521942,18.41714482426272],[-66.21520042419434,18.417119375957483],[-66.21617674827576,18.417002313704884],[-66.21807038784027,18.416752919944628],[-66.21913254261017,18.41682417534159],[-66.2207418680191,18.416992134374794],[-66.22102618217468,18.41700740336968],[-66.2214070558548,18.417002313704884],[-66.22207224369049,18.416925968714622],[-66.22233510017395,18.41690561004482],[-66.22319340705872,18.416976865378558],[-66.22374594211578,18.416885251372634],[-66.22435212135315,18.416595140032072],[-66.22442722320557,18.416579871000593],[-66.22510850429535,18.41660531938564],[-66.22535526752472,18.41652388454027],[-66.22562348842621,18.416381373468155],[-66.22585415840149,18.416238862278007],[-66.2259292602539,18.416218503526906]],[[-66.2032699584961,18.402445256544667],[-66.20373666286469,18.40213985055496],[-66.20388686656952,18.401987147357005],[-66.20396196842194,18.401814083568965],[-66.20396733283997,18.401635929487853],[-66.2037581205368,18.401259260252488],[-66.20361328125,18.40092840146073],[-66.20361328125,18.40048046854531],[-66.2037205696106,18.39731945428767],[-66.2037581205368,18.39696822690057],[-66.20377957820892,18.396270860255882],[-66.20379567146301,18.39615887410828],[-66.20391368865967,18.395904359865725]],[[-66.20354890823364,18.395904359865725],[-66.20366156101227,18.39602143646401],[-66.20370984077454,18.396143603264335],[-66.20388150215149,18.39644901988615],[-66.20424628257751,18.396637359866347],[-66.20461106300354,18.39696822690057],[-66.2049275636673,18.39722273957136],[-66.20554447174072,18.39755360548125],[-66.20619356632233,18.3979760948731],[-66.20636522769928,18.39806771894183],[-66.20668172836304,18.398210245174113],[-66.20709478855133,18.398225515834852],[-66.20767951011658,18.398276418027564],[-66.20921909809113,18.39817461362709],[-66.20959460735321,18.398240786494256],[-66.20976090431213,18.39834768107211],[-66.20993256568909,18.398663274200672],[-66.21004521846771,18.398729446880125],[-66.21039927005768,18.398790529330867],[-66.21046900749207,18.398810890142983],[-66.2106192111969,18.398933054965084],[-66.21111810207367,18.39955405813774],[-66.21176183223724,18.400047804964117],[-66.21186912059784,18.400159788583494],[-66.21218025684357,18.400399026071895],[-66.21302247047424,18.40092840146073],[-66.2136822938919,18.401279620772755],[-66.21383249759674,18.40145268509788],[-66.21418118476868,18.403112057740003]]]},"properties":{"class":"tertiary","id":"14/5178/7339/37","source":"OpenFreeMap / OpenStreetMap","exposureHigh":false,"exposureModerate":false,"zoneLabels":"X"},"id":222342830},{"type":"Feature","geometry":{"type":"MultiLineString","coordinates":[[[-66.22302174568176,18.404527092944605],[-66.2232255935669,18.40339710173805],[-66.22331142425537,18.40318331878376],[-66.22475445270538,18.40098439299325],[-66.2259292602539,18.399218105879683]],[[-66.21027052402496,18.39817461362709],[-66.20978772640228,18.3965864571893],[-66.2097018957138,18.39646938097502],[-66.20926201343536,18.396082519874994],[-66.20914936065674,18.395950172457134],[-66.20912253856659,18.395904359865725]]]},"properties":{"surface":"paved","class":"tertiary","id":"14/5178/7339/38","source":"OpenFreeMap / OpenStreetMap","exposureHigh":false,"exposureModerate":false,"zoneLabels":"X"},"id":222365540},{"type":"Feature","geometry":{"type":"LineString","coordinates":[[-66.20767414569855,18.40421660060416],[-66.20631158351898,18.40441511216507],[-66.20560884475708,18.404501642773823],[-66.2032699584961,18.404725604147558]]},"properties":{"class":"primary","oneway":1,"id":"14/5178/7339/39","source":"OpenFreeMap / OpenStreetMap","exposureHigh":false,"exposureModerate":false,"zoneLabels":"X"},"id":5371840442},{"type":"Feature","geometry":{"type":"LineString","coordinates":[[-66.21927201747894,18.40381448674104],[-66.21794164180756,18.40361088442694],[-66.21532917022705,18.40317313863646],[-66.2149429321289,18.40312732796616],[-66.21439576148987,18.40310187758851],[-66.21424555778503,18.40310187758851],[-66.21395587921143,18.403132418041253],[-66.21366620063782,18.40317822871019],[-66.20947659015656,18.40393155796265],[-66.20767414569855,18.40421660060416]]},"properties":{"class":"primary","oneway":1,"id":"14/5178/7339/40","source":"OpenFreeMap / OpenStreetMap","exposureHigh":false,"exposureModerate":false,"zoneLabels":"X"},"id":13917611132},{"type":"Feature","geometry":{"type":"LineString","coordinates":[[-66.21981918811798,18.403901017651634],[-66.21927201747894,18.40381448674104]]},"properties":{"class":"primary","oneway":1,"id":"14/5178/7339/41","source":"OpenFreeMap / OpenStreetMap","exposureHigh":false,"exposureModerate":false,"zoneLabels":"X"},"id":13917611142},{"type":"Feature","geometry":{"type":"LineString","coordinates":[[-66.2192291021347,18.403916287807803],[-66.22094571590424,18.404175880255693],[-66.22207224369049,18.404369301825156],[-66.22258722782135,18.404435472312215],[-66.22321486473083,18.404557633144577],[-66.22364938259125,18.404659433771997],[-66.22403562068939,18.40477650441916],[-66.2244164943695,18.40492411512166],[-66.2249207496643,18.40518879606445],[-66.2251889705658,18.40535676645173],[-66.22543573379517,18.405540006687346],[-66.22580051422119,18.405850496641406],[-66.2259292602539,18.405987926442307]]},"properties":{"surface":"paved","class":"primary","oneway":1,"id":"14/5178/7339/42","source":"OpenFreeMap / OpenStreetMap","exposureHigh":false,"exposureModerate":false,"zoneLabels":"X"},"id":13917611152},{"type":"Feature","geometry":{"type":"LineString","coordinates":[[-66.21863901615143,18.403819576795797],[-66.2192291021347,18.403916287807803]]},"properties":{"surface":"paved","class":"primary","oneway":1,"id":"14/5178/7339/43","source":"OpenFreeMap / OpenStreetMap","exposureHigh":false,"exposureModerate":false,"zoneLabels":"X"},"id":13917611162},{"type":"Feature","geometry":{"type":"LineString","coordinates":[[-66.2259292602539,18.40586067663041],[-66.22579514980316,18.405733426724467],[-66.2254410982132,18.40543311657359],[-66.22518360614777,18.405244786211753],[-66.22496366500854,18.405107355817705],[-66.22455060482025,18.404883394940498],[-66.2242180109024,18.404725604147558],[-66.22388005256653,18.404613623497113],[-66.22353672981262,18.404516912876744],[-66.2226140499115,18.404338761591802],[-66.21981918811798,18.403901017651634]]},"properties":{"class":"primary","oneway":1,"id":"14/5178/7339/44","source":"OpenFreeMap / OpenStreetMap","exposureHigh":false,"exposureModerate":false,"zoneLabels":"X"},"id":13934380142},{"type":"Feature","geometry":{"type":"LineString","coordinates":[[-66.2032699584961,18.404817224625575],[-66.20480954647064,18.404669613831445],[-66.20668709278107,18.404471102563946],[-66.20737373828888,18.404359121747973],[-66.20779752731323,18.404303131312687],[-66.2137895822525,18.403264759940498],[-66.21401488780975,18.40322912943917],[-66.2142026424408,18.40321385922205],[-66.21466934680939,18.403208769149373],[-66.21522724628448,18.403259669869342],[-66.21549010276794,18.40329530036435],[-66.21780216693878,18.40369232538147],[-66.21863901615143,18.403819576795797]]},"properties":{"surface":"paved","class":"primary","oneway":1,"id":"14/5178/7339/45","source":"OpenFreeMap / OpenStreetMap","exposureHigh":false,"exposureModerate":false,"zoneLabels":"X"},"id":14097369262},{"type":"Feature","geometry":{"type":"LineString","coordinates":[[-66.20709478855133,18.41531762637993],[-66.2032699584961,18.41689543070902]]},"properties":{"surface":"paved","class":"motorway","oneway":1,"id":"14/5178/7339/46","source":"OpenFreeMap / OpenStreetMap","exposureHigh":false,"exposureModerate":false,"zoneLabels":"X"},"id":221224572},{"type":"Feature","geometry":{"type":"LineString","coordinates":[[-66.21701896190643,18.412477542132137],[-66.21502339839935,18.41269640333762],[-66.2142026424408,18.41280328894149],[-66.2134999036789,18.412920354050513],[-66.21277034282684,18.41309340667452],[-66.2117725610733,18.41340388300496],[-66.20779752731323,18.41502751239645]]},"properties":{"surface":"paved","class":"motorway","oneway":1,"id":"14/5178/7339/47","source":"OpenFreeMap / OpenStreetMap","exposureHigh":false,"exposureModerate":false,"zoneLabels":"X"},"id":578983652},{"type":"Feature","geometry":{"type":"LineString","coordinates":[[-66.21833860874176,18.4125029911238],[-66.21875703334808,18.41239101553225],[-66.22021615505219,18.41194311243754],[-66.22052192687988,18.411861675385992],[-66.22080087661743,18.41180568739071],[-66.22112810611725,18.41175987901738],[-66.22158408164978,18.411714070631874],[-66.22194349765778,18.41169880116732],[-66.22241020202637,18.411714070631874],[-66.22283399105072,18.41174969937721],[-66.2233167886734,18.411826046663833],[-66.22374594211578,18.41192784299332],[-66.22543573379517,18.41235538691967],[-66.2259292602539,18.41249790132578]]},"properties":{"surface":"paved","class":"motorway","toll":1,"oneway":1,"id":"14/5178/7339/48","source":"OpenFreeMap / OpenStreetMap","exposureHigh":false,"exposureModerate":false,"zoneLabels":"X"},"id":578983712},{"type":"Feature","geometry":{"type":"LineString","coordinates":[[-66.2259292602539,18.412243411232083],[-66.22341334819794,18.41162245382425],[-66.22303247451782,18.411556286099554],[-66.22268915176392,18.411510477659846],[-66.22235655784607,18.411485028521412],[-66.22188448905945,18.411479938693276],[-66.22136414051056,18.411515567487086],[-66.2209564447403,18.411556286099554],[-66.22057020664215,18.411632633471953],[-66.22030198574066,18.411693711345507],[-66.21987819671631,18.41181077720921],[-66.21871411800385,18.412177243746086],[-66.2180757522583,18.412340117512002],[-66.21740520000458,18.41244191353745],[-66.21701896190643,18.412477542132137]]},"properties":{"surface":"paved","class":"motorway","oneway":1,"id":"14/5178/7339/49","source":"OpenFreeMap / OpenStreetMap","exposureHigh":false,"exposureModerate":false,"zoneLabels":"X"},"id":599690002},{"type":"Feature","geometry":{"type":"LineString","coordinates":[[-66.2032699584961,18.417134644941086],[-66.20755612850189,18.41536852351959]]},"properties":{"surface":"paved","class":"motorway","toll":1,"oneway":1,"id":"14/5178/7339/50","source":"OpenFreeMap / OpenStreetMap","exposureHigh":false,"exposureModerate":false,"zoneLabels":"X"},"id":603403842},{"type":"Feature","geometry":{"type":"LineString","coordinates":[[-66.20789408683777,18.415231101207965],[-66.21119856834412,18.4138568720561],[-66.21181547641754,18.41363292256186],[-66.21230900287628,18.41346496024994],[-66.21280789375305,18.413317356870806],[-66.2135374546051,18.413144304471984],[-66.21421873569489,18.413027239515287],[-66.21505558490753,18.41291017447898],[-66.21729254722595,18.41267604416747],[-66.21766269207001,18.41263023602579],[-66.21800065040588,18.412574248280507],[-66.21833860874176,18.4125029911238]]},"properties":{"surface":"paved","class":"motorway","toll":1,"oneway":1,"id":"14/5178/7339/51","source":"OpenFreeMap / OpenStreetMap","exposureHigh":false,"exposureModerate":false,"zoneLabels":"X"},"id":2022867572},{"type":"Feature","geometry":{"type":"MultiLineString","coordinates":[[[-66.2259292602539,18.41231466849625],[-66.22567176818848,18.412248501037652],[-66.22477054595947,18.412060178131625],[-66.22332751750946,18.411714070631874],[-66.22304320335388,18.411663172411437],[-66.22269451618195,18.41162245382425],[-66.22218489646912,18.41159191487756],[-66.22186839580536,18.41158682505258],[-66.22133195400238,18.41162245382425],[-66.22097790241241,18.411663172411437],[-66.22062921524048,18.411724250274162],[-66.22017323970795,18.411836226299485],[-66.21851027011871,18.41233502770916],[-66.2182205915451,18.412411374736138],[-66.21792018413544,18.412472452333333],[-66.21757686138153,18.41252844011173],[-66.21704041957855,18.412594607462722],[-66.21472835540771,18.41283891746137],[-66.21432065963745,18.412894905120538],[-66.21377885341644,18.412976341683205],[-66.21319949626923,18.41310358623521],[-66.21267378330231,18.413241010245713],[-66.2122392654419,18.41337334437435],[-66.21179401874542,18.413520947705464],[-66.21138095855713,18.41367364067341],[-66.21049582958221,18.414029923738426],[-66.20946049690247,18.41446255218291],[-66.20783507823944,18.41511912739145]],[[-66.22477054595947,18.412060178131625],[-66.22515141963959,18.412182333553602],[-66.2259292602539,18.41239101553225]]]},"properties":{"surface":"paved","class":"motorway","id":"14/5178/7339/52","source":"OpenFreeMap / OpenStreetMap","exposureHigh":false,"exposureModerate":false,"zoneLabels":"X"},"id":10567131640},{"type":"Feature","geometry":{"type":"LineString","coordinates":[[-66.20750784873962,18.415256549792474],[-66.2032699584961,18.417012493034363]]},"properties":{"class":"motorway","id":"14/5178/7339/53","source":"OpenFreeMap / OpenStreetMap","exposureHigh":false,"exposureModerate":false,"zoneLabels":"X"},"id":10567131802},{"type":"Feature","geometry":{"type":"LineString","coordinates":[[-66.20746493339539,18.4151700245898],[-66.20709478855133,18.41531762637993]]},"properties":{"surface":"paved","class":"motorway","oneway":1,"id":"14/5178/7339/54","source":"OpenFreeMap / OpenStreetMap","exposureHigh":false,"exposureModerate":false,"zoneLabels":"X"},"id":14158429752},{"type":"Feature","geometry":{"type":"LineString","coordinates":[[-66.20755612850189,18.41536852351959],[-66.20789408683777,18.415231101207965]]},"properties":{"brunnel":"bridge","surface":"paved","class":"motorway","toll":1,"layer":1,"oneway":1,"id":"14/5178/7339/55","source":"OpenFreeMap / OpenStreetMap","exposureHigh":false,"exposureModerate":false,"zoneLabels":"X"},"id":2022867482},{"type":"Feature","geometry":{"type":"LineString","coordinates":[[-66.20779752731323,18.41502751239645],[-66.20746493339539,18.4151700245898]]},"properties":{"brunnel":"bridge","surface":"paved","class":"motorway","layer":1,"oneway":1,"id":"14/5178/7339/56","source":"OpenFreeMap / OpenStreetMap","exposureHigh":false,"exposureModerate":false,"zoneLabels":"X"},"id":2022867492},{"type":"Feature","geometry":{"type":"LineString","coordinates":[[-66.20783507823944,18.41511912739145],[-66.20750784873962,18.415256549792474]]},"properties":{"class":"motorway","layer":1,"brunnel":"bridge","id":"14/5178/7339/57","source":"OpenFreeMap / OpenStreetMap","exposureHigh":false,"exposureModerate":false,"zoneLabels":"X"},"id":10567131792},{"type":"Feature","geometry":{"type":"MultiLineString","coordinates":[[[-66.19481563568115,18.45994354288665],[-66.19441330432892,18.459638239018545],[-66.19405925273895,18.459556824561986],[-66.1939948797226,18.459511028913226]],[[-66.18740200996399,18.466629561408624],[-66.18764340877533,18.466461650890565],[-66.18788480758667,18.466314093026924]],[[-66.18822813034058,18.465795095394952],[-66.18843734264374,18.465810360053595],[-66.18876457214355,18.465678066300228]],[[-66.19180083274841,18.46169394124786],[-66.19168817996979,18.461429347292068]],[[-66.1915272474289,18.462207862957882],[-66.1914736032486,18.462528427205555]],[[-66.19233191013336,18.46231471777365],[-66.19272351264954,18.462329982741892]],[[-66.1925196647644,18.461342845333434],[-66.19258403778076,18.46154129093854],[-66.19255185127258,18.462045036444053],[-66.19240701198578,18.462034859781795],[-66.19202077388763,18.462223127935644],[-66.19187593460083,18.4623096294506],[-66.19163990020752,18.462396130921945],[-66.19150042533875,18.462146803033306],[-66.19157552719116,18.461678676223045],[-66.19160234928131,18.461597262734387],[-66.191725730896,18.461526025900127]],[[-66.1887377500534,18.462782842848938],[-66.1887377500534,18.46296093357489],[-66.18869483470917,18.46306778792173],[-66.18856072425842,18.463261143237375]],[[-66.18888258934021,18.46273704806096],[-66.1887377500534,18.462782842848938],[-66.18867337703705,18.462782842848938],[-66.18851244449615,18.462818461008908]],[[-66.18500411510468,18.473289879405257],[-66.18453741073608,18.473152503418518]],[[-66.1849719285965,18.473401815313096],[-66.18508994579315,18.473534103109984],[-66.18522942066193,18.473584983004685],[-66.18569076061249,18.473707094690397],[-66.18582487106323,18.474103957068507],[-66.18577659130096,18.474119220987788],[-66.18543863296509,18.473640950871427]],[[-66.18381321430206,18.475299626630374],[-66.18367373943329,18.475238571365352],[-66.18352353572845,18.475157164311526],[-66.18340015411377,18.475065581329787],[-66.18326604366302,18.475024877766643],[-66.18312120437622,18.47501978982058],[-66.1828100681305,18.47494855855969],[-66.1825579404831,18.47499943803477],[-66.1824506521225,18.475060493384916],[-66.18232727050781,18.475182604020006],[-66.18231654167175,18.475243659304937],[-66.18233263492584,18.475319978380554],[-66.18235945701599,18.47538103361657],[-66.18240237236023,18.475406473291827],[-66.18251502513885,18.47544208883086],[-66.18267595767975,18.47546244056413],[-66.18300318717957,18.475457352631025],[-66.18370056152344,18.475370857745403],[-66.18381321430206,18.475299626630374],[-66.18485927581787,18.47524874724438],[-66.18519186973572,18.475279274877792],[-66.18561565876007,18.475279274877792],[-66.18579804897308,18.47531489044323],[-66.18593215942383,18.475289450754374],[-66.18599116802216,18.475223307545704],[-66.18600726127625,18.475131724599294],[-66.18599116802216,18.475029965712565],[-66.18596971035004,18.47497908624655],[-66.18584096431732,18.47484679956429],[-66.185063123703,18.47446520279371],[-66.18492364883423,18.474343091647796],[-66.18482708930969,18.474047989352854],[-66.18490219116211,18.473671478791047],[-66.18481636047363,18.47349339918334],[-66.18463933467865,18.47342216728849],[-66.18407070636749,18.473274615412166],[-66.18338406085968,18.47357480702695],[-66.1830621957779,18.473635862884294],[-66.1812973022461,18.473579895015888]]]},"properties":{"class":"service","id":"14/5179/7336/0","source":"OpenFreeMap / OpenStreetMap","exposureHigh":true,"exposureModerate":false,"zoneLabels":"AE, VE, X"},"id":222340180},{"type":"Feature","geometry":{"type":"LineString","coordinates":[[-66.18810474872589,18.466161446827527],[-66.18817985057831,18.465993535851354],[-66.18837296962738,18.465148890266818],[-66.18834614753723,18.46489447813134],[-66.18822276592255,18.464177033877647],[-66.18822813034058,18.464110886384077],[-66.18826031684875,18.463998944413788]]},"properties":{"class":"service","oneway":1,"id":"14/5179/7336/1","source":"OpenFreeMap / OpenStreetMap","exposureHigh":true,"exposureModerate":false,"zoneLabels":"AE"},"id":4358504992},{"type":"Feature","geometry":{"type":"MultiLineString","coordinates":[[[-66.19308829307556,18.46263528182172],[-66.19306147098541,18.463027081511726],[-66.1930400133133,18.463729265730933],[-66.19305074214935,18.463749618853853],[-66.19408071041107,18.46366311806476]],[[-66.19394659996033,18.462441925800903],[-66.19285762310028,18.46268616494889]],[[-66.1938339471817,18.463688559477845],[-66.1937266588211,18.462492808985388]],[[-66.19271278381348,18.463016904907718],[-66.19306147098541,18.463027081511726]]]},"properties":{"surface":"paved","class":"service","id":"14/5179/7336/3","source":"OpenFreeMap / OpenStreetMap","exposureHigh":true,"exposureModerate":false,"zoneLabels":"AE"},"id":5263291140},{"type":"Feature","geometry":{"type":"LineString","coordinates":[[-66.19216024875641,18.4621569796889],[-66.19224607944489,18.462304541127395],[-66.19227826595306,18.462319806096545],[-66.19233191013336,18.46231471777365]]},"properties":{"class":"service","oneway":1,"id":"14/5179/7336/5","source":"OpenFreeMap / OpenStreetMap","exposureHigh":true,"exposureModerate":false,"zoneLabels":"AE"},"id":12307148612},{"type":"Feature","geometry":{"type":"LineString","coordinates":[[-66.19233191013336,18.46231471777365],[-66.19228899478912,18.462263834536344],[-66.19221925735474,18.462126449720287]]},"properties":{"class":"service","oneway":1,"id":"14/5179/7336/6","source":"OpenFreeMap / OpenStreetMap","exposureHigh":true,"exposureModerate":false,"zoneLabels":"AE"},"id":12307148622},{"type":"Feature","geometry":{"type":"LineString","coordinates":[[-66.19225680828094,18.462111184733928],[-66.19220316410065,18.462014506455503],[-66.19216561317444,18.461983976461525],[-66.19210124015808,18.46197888812867],[-66.19206368923187,18.46199415312678],[-66.19203686714172,18.462024683118955],[-66.19202613830566,18.462085743086988],[-66.19207978248596,18.462197686305302]]},"properties":{"class":"service","oneway":1,"id":"14/5179/7336/7","source":"OpenFreeMap / OpenStreetMap","exposureHigh":true,"exposureModerate":false,"zoneLabels":"AE"},"id":12307148632},{"type":"Feature","geometry":{"type":"LineString","coordinates":[[-66.18851244449615,18.462818461008908],[-66.18836224079132,18.462854079161502],[-66.18834614753723,18.462879520694514],[-66.18835151195526,18.462935492053916],[-66.18856608867645,18.46309322942308],[-66.18865191936493,18.463128847518632]]},"properties":{"class":"service","oneway":1,"id":"14/5179/7336/8","source":"OpenFreeMap / OpenStreetMap","exposureHigh":true,"exposureModerate":false,"zoneLabels":"AE"},"id":12307148652},{"type":"Feature","geometry":{"type":"MultiLineString","coordinates":[[[-66.19845807552338,18.461724471293437],[-66.19841516017914,18.46112913442515],[-66.19835078716278,18.460467646593898]],[[-66.19724035263062,18.463688559477845],[-66.19658589363098,18.46339852714506]],[[-66.1964464187622,18.46273704806096],[-66.19669318199158,18.462263834536344],[-66.19759976863861,18.462650546761452],[-66.19767487049103,18.462716694817942],[-66.19765877723694,18.462828637624682],[-66.1968058347702,18.46455865353498],[-66.1966985464096,18.464563741791338],[-66.1959046125412,18.464029474049283],[-66.19586706161499,18.46394806167588],[-66.1964464187622,18.46273704806096],[-66.19710087776184,18.463032169813502]],[[-66.19788408279419,18.461704117930324],[-66.19772851467133,18.459877393761317],[-66.197669506073,18.45978071422458],[-66.19706332683563,18.459373641893578],[-66.19666635990143,18.459134486448917],[-66.19623720645905,18.459047983333676],[-66.19618356227875,18.45905307175343],[-66.19584560394287,18.45918028219816],[-66.19536280632019,18.459338023018688],[-66.19518041610718,18.45951611731924],[-66.19442939758301,18.460406586050183],[-66.19413435459137,18.460788214092048],[-66.19434356689453,18.463429056887378],[-66.19440257549286,18.46352064608176]],[[-66.19693994522095,18.4601572552712],[-66.19637131690979,18.46019287397607]],[[-66.19775533676147,18.46009619461705],[-66.19723498821259,18.460136901722223]],[[-66.19779825210571,18.460615209484885],[-66.19724035263062,18.460650828094728]],[[-66.19706332683563,18.459373641893578],[-66.19691848754883,18.459556824561986],[-66.19685411453247,18.459577178179757],[-66.19681119918823,18.45954664775222],[-66.19680047035217,18.459490675287626],[-66.19693458080292,18.459297315724044]],[[-66.19588851928711,18.461297050161207],[-66.19578659534454,18.460126724946846],[-66.19574904441833,18.460004603595095],[-66.1956524848938,18.459877393761317],[-66.19518041610718,18.45951611731924]],[[-66.19584023952484,18.460747507141335],[-66.1970043182373,18.460671181582754]],[[-66.19442939758301,18.460406586050183],[-66.19468152523041,18.460635562977117],[-66.19472444057465,18.461012102148345]],[[-66.19418263435364,18.460248846211684],[-66.19364619255066,18.459826509801402]],[[-66.19526624679565,18.460666093210975],[-66.19538426399231,18.462039948113002]],[[-66.19481563568115,18.45994354288665],[-66.19519114494324,18.460238669442944],[-66.19524478912354,18.46042693956717]],[[-66.19320094585419,18.460920511615143],[-66.1935442686081,18.461185106355416]],[[-66.19418263435364,18.46143443564121],[-66.19588851928711,18.461297050161207],[-66.19688093662262,18.461241078267435],[-66.19841516017914,18.46112913442515]],[[-66.19422554969788,18.46197888812867],[-66.19498193264008,18.46192291645727]],[[-66.19471371173859,18.46304743471795],[-66.19483172893524,18.463037258115136],[-66.19533061981201,18.46314411241447]],[[-66.19509994983673,18.463627500080094],[-66.19513213634491,18.46358679380286],[-66.1952394247055,18.463362909105484],[-66.19533061981201,18.46314411241447],[-66.19551837444305,18.462742136371347],[-66.19549691677094,18.462497897303024],[-66.19543254375458,18.462441925800903],[-66.19440793991089,18.462492808985388],[-66.19427382946014,18.462523338888843]],[[-66.19524478912354,18.464304240524385],[-66.19541645050049,18.46392262030126],[-66.19590997695923,18.462915138834433]],[[-66.19631230831146,18.464304240524385],[-66.19655907154083,18.463800501650624]],[[-66.1919778585434,18.46367329463044],[-66.189746260643,18.463194995390765],[-66.18963360786438,18.46310849432207],[-66.18949949741364,18.462782842848938],[-66.18931710720062,18.462274011185016]],[[-66.18937075138092,18.459913012524268],[-66.18821203708649,18.46009619461705],[-66.18783116340637,18.46016743204477],[-66.18624866008759,18.460335348721713],[-66.18619501590729,18.45978071422458],[-66.18764340877533,18.459617885408036],[-66.18772387504578,18.459658592626653],[-66.18775606155396,18.459719653436466],[-66.18783116340637,18.46016743204477],[-66.18794918060303,18.460737330402168],[-66.18807256221771,18.461256343331186],[-66.18841052055359,18.462533515522125]],[[-66.18802964687347,18.458981833863206],[-66.18765413761139,18.459017452812006],[-66.18613600730896,18.459175193782187],[-66.1860716342926,18.45861037867087],[-66.187584400177,18.458457725619056]],[[-66.18765413761139,18.459017452812006],[-66.187584400177,18.458457725619056],[-66.187584400177,18.4584424603064]],[[-66.18794918060303,18.460737330402168],[-66.18646323680878,18.460864539598603],[-66.1862325668335,18.460991748700735]],[[-66.18807256221771,18.461256343331186],[-66.18757903575897,18.461363198739377]],[[-66.18758976459503,18.461439523990208],[-66.18756294250488,18.461286873454597]],[[-66.18908643722534,18.462335071064345],[-66.18907570838928,18.462162068016482],[-66.18951559066772,18.462045036444053],[-66.18960678577423,18.46218750965211],[-66.18908643722534,18.462335071064345],[-66.1887913942337,18.462436837481604],[-66.18841052055359,18.462533515522125],[-66.18814766407013,18.462502985620475],[-66.18790626525879,18.462401219242423],[-66.1873322725296,18.461729559633838],[-66.18706405162811,18.4614802307768],[-66.18675827980042,18.461271608393574],[-66.1857658624649,18.460742418771815],[-66.18541181087494,18.46041676280896],[-66.18395268917084,18.4584424603064]],[[-66.18949949741364,18.462782842848938],[-66.18982672691345,18.46269634157251],[-66.18978381156921,18.462564045418347],[-66.18919909000397,18.46273704806096],[-66.18923127651215,18.462859167468395],[-66.18949949741364,18.462782842848938]],[[-66.189746260643,18.463194995390765],[-66.18953168392181,18.463418880307202],[-66.18942975997925,18.46333746764411],[-66.18963360786438,18.46310849432207]]]},"properties":{"class":"minor","id":"14/5179/7336/9","source":"OpenFreeMap / OpenStreetMap","exposureHigh":true,"exposureModerate":false,"zoneLabels":"AE"},"id":222338580},{"type":"Feature","geometry":{"type":"MultiLineString","coordinates":[[[-66.19628012180328,18.463077964522725],[-66.19551837444305,18.462742136371347]],[[-66.19641959667206,18.460706800180986],[-66.19637131690979,18.46019287397607],[-66.19633376598358,18.459918100918387],[-66.19625866413116,18.459719653436466],[-66.19611918926239,18.45953138253641],[-66.19593143463135,18.45935328825169],[-66.19584560394287,18.45918028219816]],[[-66.19588851928711,18.461297050161207],[-66.19594216346741,18.461836414747395],[-66.19596362113953,18.46192291645727],[-66.19601726531982,18.46196362312918],[-66.19669318199158,18.462263834536344],[-66.19690239429474,18.4618007963836],[-66.1969131231308,18.461648146169324],[-66.19688093662262,18.461241078267435]],[[-66.19440257549286,18.46352064608176],[-66.19501411914825,18.463647853215093],[-66.19509994983673,18.463627500080094]],[[-66.19268596172333,18.46421265174824],[-66.19266450405121,18.463805589929464],[-66.19271278381348,18.463016904907718],[-66.19272351264954,18.462329982741892],[-66.1927717924118,18.46145478903631],[-66.19320094585419,18.460920511615143],[-66.19392514228821,18.46005039911219]]]},"properties":{"surface":"paved","class":"minor","id":"14/5179/7336/10","source":"OpenFreeMap / OpenStreetMap","exposureHigh":true,"exposureModerate":false,"zoneLabels":"AE"},"id":222356090},{"type":"Feature","geometry":{"type":"LineString","coordinates":[[-66.18843734264374,18.46379032509246],[-66.18863582611084,18.46372417744982],[-66.18879675865173,18.463714000887165],[-66.18916690349579,18.463810678208162],[-66.18937075138092,18.46387682581745],[-66.18973553180695,18.46391244375036]]},"properties":{"class":"secondary","oneway":1,"ramp":1,"id":"14/5179/7336/11","source":"OpenFreeMap / OpenStreetMap","exposureHigh":true,"exposureModerate":false,"zoneLabels":"AE"},"id":5343442632},{"type":"Feature","geometry":{"type":"LineString","coordinates":[[-66.18806719779968,18.463021993209793],[-66.1882871389389,18.463357820813513],[-66.18833541870117,18.46345449833518],[-66.18834614753723,18.463530822655898],[-66.18833005428314,18.463607146942692],[-66.1881422996521,18.463856472709622],[-66.18810474872589,18.46403965059325]]},"properties":{"class":"secondary","oneway":1,"ramp":1,"id":"14/5179/7336/12","source":"OpenFreeMap / OpenStreetMap","exposureHigh":true,"exposureModerate":false,"zoneLabels":"AE"},"id":5343442642},{"type":"Feature","geometry":{"type":"LineString","coordinates":[[-66.19239091873169,18.463413792016894],[-66.19212806224823,18.463413792016894],[-66.1920690536499,18.463551175802365],[-66.1919778585434,18.46367329463044]]},"properties":{"class":"minor","access":"no","id":"14/5179/7336/13","source":"OpenFreeMap / OpenStreetMap","exposureHigh":true,"exposureModerate":false,"zoneLabels":"AE"},"id":5343442662},{"type":"Feature","geometry":{"type":"LineString","coordinates":[[-66.19541645050049,18.46392262030126],[-66.19530916213989,18.463978591320426],[-66.19519114494324,18.46401929750472],[-66.1950409412384,18.46403965059325],[-66.19489073753357,18.464044738865]]},"properties":{"class":"secondary","oneway":1,"ramp":1,"id":"14/5179/7336/14","source":"OpenFreeMap / OpenStreetMap","exposureHigh":true,"exposureModerate":false,"zoneLabels":"AE"},"id":10827266982},{"type":"Feature","geometry":{"type":"LineString","coordinates":[[-66.19561493396759,18.46437038794342],[-66.19551301002502,18.464233004813835],[-66.19546473026276,18.464080356763063],[-66.19544327259064,18.46394806167588],[-66.1954540014267,18.463851384432274]]},"properties":{"class":"secondary","oneway":1,"ramp":1,"id":"14/5179/7336/15","source":"OpenFreeMap / OpenStreetMap","exposureHigh":true,"exposureModerate":false,"zoneLabels":"AE"},"id":10827266992},{"type":"Feature","geometry":{"type":"MultiLineString","coordinates":[[[-66.18490219116211,18.473671478791047],[-66.18519186973572,18.4725928223352],[-66.1855137348175,18.471661712486352],[-66.18583023548126,18.47026249419217],[-66.1860179901123,18.469799477625088],[-66.18631839752197,18.469219433129197],[-66.1869889497757,18.468049161948002],[-66.18710696697235,18.46775404882453],[-66.18719279766083,18.467504728721167],[-66.18740200996399,18.466629561408624]],[[-66.1879813671112,18.4584424603064],[-66.18802964687347,18.458981833863206],[-66.18821203708649,18.46009619461705],[-66.18844270706177,18.461190194711804],[-66.18890404701233,18.462808284392537],[-66.18891477584839,18.46296602187863],[-66.18889331817627,18.4630728762223],[-66.18883967399597,18.463179730499448],[-66.18871092796326,18.46337308568897]]]},"properties":{"class":"tertiary","id":"14/5179/7336/16","source":"OpenFreeMap / OpenStreetMap","exposureHigh":true,"exposureModerate":false,"zoneLabels":"AE, VE"},"id":222369900},{"type":"Feature","geometry":{"type":"LineString","coordinates":[[-66.18871092796326,18.46337308568897],[-66.18859827518463,18.463474851490687]]},"properties":{"class":"tertiary","oneway":1,"id":"14/5179/7336/17","source":"OpenFreeMap / OpenStreetMap","exposureHigh":true,"exposureModerate":false,"zoneLabels":"AE"},"id":5343442582},{"type":"Feature","geometry":{"type":"LineString","coordinates":[[-66.18810474872589,18.46403965059325],[-66.18821203708649,18.46401929750472],[-66.18826031684875,18.463998944413788],[-66.18865191936493,18.463525734368915]]},"properties":{"class":"tertiary","oneway":1,"id":"14/5179/7336/18","source":"OpenFreeMap / OpenStreetMap","exposureHigh":true,"exposureModerate":false,"zoneLabels":"AE"},"id":5343442612},{"type":"Feature","geometry":{"type":"LineString","coordinates":[[-66.18865191936493,18.463525734368915],[-66.18871092796326,18.46337308568897]]},"properties":{"class":"tertiary","oneway":1,"id":"14/5179/7336/19","source":"OpenFreeMap / OpenStreetMap","exposureHigh":true,"exposureModerate":false,"zoneLabels":"AE"},"id":13842409062},{"type":"Feature","geometry":{"type":"LineString","coordinates":[[-66.18859827518463,18.463474851490687],[-66.18849635124207,18.46360205865797],[-66.18816375732422,18.463963326498828],[-66.18810474872589,18.46403965059325]]},"properties":{"class":"tertiary","oneway":1,"id":"14/5179/7336/20","source":"OpenFreeMap / OpenStreetMap","exposureHigh":true,"exposureModerate":false,"zoneLabels":"AE"},"id":13842409082},{"type":"Feature","geometry":{"type":"LineString","coordinates":[[-66.18810474872589,18.46403965059325],[-66.18740200996399,18.466629561408624]]},"properties":{"class":"tertiary","oneway":1,"id":"14/5179/7336/21","source":"OpenFreeMap / OpenStreetMap","exposureHigh":true,"exposureModerate":false,"zoneLabels":"AE"},"id":14130634052},{"type":"Feature","geometry":{"type":"LineString","coordinates":[[-66.19715988636017,18.46546944902039],[-66.1968594789505,18.46519977264863],[-66.19594752788544,18.464579006559518],[-66.19561493396759,18.46437038794342],[-66.19543254375458,18.464258446142424],[-66.19517505168915,18.464136327730785],[-66.19505703449249,18.464090533304002],[-66.19486927986145,18.46403965059325],[-66.19469225406647,18.464004032686745],[-66.1943918466568,18.463968414772836],[-66.19416117668152,18.463963326498828],[-66.19240164756775,18.464121062923212],[-66.1919778585434,18.464136327730785],[-66.19173645973206,18.464121062923212],[-66.19137167930603,18.464080356763063],[-66.19034707546234,18.46388700237047],[-66.18947803974152,18.46369873604202]]},"properties":{"surface":"paved","class":"secondary","oneway":1,"id":"14/5179/7336/22","source":"OpenFreeMap / OpenStreetMap","exposureHigh":true,"exposureModerate":false,"zoneLabels":"VE, AE"},"id":222367252},{"type":"Feature","geometry":{"type":"LineString","coordinates":[[-66.18871092796326,18.46337308568897],[-66.18841588497162,18.46315428901093],[-66.18817985057831,18.46293040374927],[-66.18732154369354,18.461917828122594],[-66.18721961975098,18.461810973059727],[-66.18700504302979,18.461617616110175],[-66.18688702583313,18.4615209375537],[-66.1867743730545,18.461444612339065],[-66.1865383386612,18.46130722686719],[-66.18594825267792,18.460986660338463],[-66.18577122688293,18.460879804695836],[-66.18554055690765,18.460716976921972],[-66.18540644645691,18.460589767616185],[-66.18527233600616,18.460447293081742],[-66.18512749671936,18.46027428813092],[-66.18379175662994,18.4584424603064]]},"properties":{"surface":"paved","class":"secondary","oneway":1,"id":"14/5179/7336/23","source":"OpenFreeMap / OpenStreetMap","exposureHigh":true,"exposureModerate":false,"zoneLabels":"AE"},"id":604683562},{"type":"Feature","geometry":{"type":"MultiLineString","coordinates":[[[-66.1988765001297,18.466609208627304],[-66.19880139827728,18.466573591254203],[-66.19843661785126,18.466329357639395]],[[-66.2039566040039,18.465978271209025],[-66.20348453521729,18.466003712278834],[-66.20189666748047,18.4661410939907],[-66.20171964168549,18.46616653503638],[-66.20156943798065,18.466197064286206],[-66.20141923427582,18.4662479463572],[-66.20107591152191,18.46642094528569],[-66.20066821575165,18.466655002381884],[-66.20034635066986,18.46676694261936],[-66.20010495185852,18.466822912710697],[-66.19989037513733,18.466843265466665],[-66.19967043399811,18.466843265466665],[-66.19943976402283,18.466812736331818]],[[-66.1979591846466,18.46600880049236],[-66.19715988636017,18.46546944902039]]]},"properties":{"surface":"paved","class":"secondary","id":"14/5179/7336/24","source":"OpenFreeMap / OpenStreetMap","exposureHigh":true,"exposureModerate":false,"zoneLabels":"VE"},"id":3864312920},{"type":"Feature","geometry":{"type":"LineString","coordinates":[[-66.1958509683609,18.464660418633585],[-66.19678974151611,18.465286272663093],[-66.19715988636017,18.46546944902039]]},"properties":{"class":"secondary","oneway":1,"id":"14/5179/7336/25","source":"OpenFreeMap / OpenStreetMap","exposureHigh":true,"exposureModerate":false,"zoneLabels":"VE, AE"},"id":4215015782},{"type":"Feature","geometry":{"type":"LineString","coordinates":[[-66.18947803974152,18.46369873604202],[-66.18925273418427,18.463637676647892],[-66.18898451328278,18.463530822655898],[-66.18882358074188,18.463444321756512],[-66.18871092796326,18.46337308568897]]},"properties":{"surface":"paved","class":"secondary","oneway":1,"id":"14/5179/7336/26","source":"OpenFreeMap / OpenStreetMap","exposureHigh":true,"exposureModerate":false,"zoneLabels":"AE"},"id":11781718382},{"type":"Feature","geometry":{"type":"LineString","coordinates":[[-66.18859827518463,18.463474851490687],[-66.18865191936493,18.463525734368915]]},"properties":{"surface":"paved","class":"secondary","oneway":1,"id":"14/5179/7336/27","source":"OpenFreeMap / OpenStreetMap","exposureHigh":true,"exposureModerate":false,"zoneLabels":"AE"},"id":11781718532},{"type":"Feature","geometry":{"type":"LineString","coordinates":[[-66.18807792663574,18.463032169813502],[-66.1883407831192,18.463286584710062],[-66.18859827518463,18.463474851490687]]},"properties":{"surface":"paved","class":"secondary","oneway":1,"id":"14/5179/7336/28","source":"OpenFreeMap / OpenStreetMap","exposureHigh":true,"exposureModerate":false,"zoneLabels":"AE"},"id":11781718652},{"type":"Feature","geometry":{"type":"LineString","coordinates":[[-66.18865191936493,18.463525734368915],[-66.18887722492218,18.463637676647892],[-66.18917226791382,18.46375979541442],[-66.18931710720062,18.463805589929464],[-66.18975698947906,18.46392262030126],[-66.19092643260956,18.464131239461736],[-66.19175791740417,18.464243181345722],[-66.1919778585434,18.464253357877013],[-66.19226217269897,18.46424826961143],[-66.19420409202576,18.464080356763063],[-66.19457960128784,18.46410579811429],[-66.19480490684509,18.46415159253698],[-66.19502484798431,18.464207563481466],[-66.19514286518097,18.464253357877013],[-66.19548082351685,18.4644212705561],[-66.1958509683609,18.464660418633585]]},"properties":{"surface":"paved","class":"secondary","oneway":1,"id":"14/5179/7336/29","source":"OpenFreeMap / OpenStreetMap","exposureHigh":true,"exposureModerate":false,"zoneLabels":"AE"},"id":13842409072},{"type":"Feature","geometry":{"type":"LineString","coordinates":[[-66.18363618850708,18.4584424603064],[-66.18418335914612,18.459175193782187],[-66.18505239486694,18.46037605577017],[-66.18524014949799,18.46060503273786],[-66.18540644645691,18.460767860617892],[-66.18555665016174,18.460889981426575],[-66.1857658624649,18.461027367232447],[-66.18664562702179,18.461505672513496],[-66.18691384792328,18.46169902958917],[-66.18705868721008,18.46181606139757],[-66.18807792663574,18.463032169813502]]},"properties":{"surface":"paved","class":"secondary","oneway":1,"id":"14/5179/7336/30","source":"OpenFreeMap / OpenStreetMap","exposureHigh":true,"exposureModerate":false,"zoneLabels":"AE, VE"},"id":13945099322},{"type":"Feature","geometry":{"type":"LineString","coordinates":[[-66.19843661785126,18.466329357639395],[-66.1979591846466,18.46600880049236]]},"properties":{"surface":"paved","class":"secondary","brunnel":"bridge","id":"14/5179/7336/31","source":"OpenFreeMap / OpenStreetMap","exposureHigh":true,"exposureModerate":false,"zoneLabels":"VE"},"id":3864312912},{"type":"Feature","geometry":{"type":"LineString","coordinates":[[-66.19943976402283,18.466812736331818],[-66.19917690753937,18.46674658985434],[-66.19906961917877,18.466705884317065],[-66.1988765001297,18.466609208627304]]},"properties":{"brunnel":"bridge","surface":"paved","class":"secondary","layer":1,"id":"14/5179/7336/32","source":"OpenFreeMap / OpenStreetMap","exposureHigh":true,"exposureModerate":false,"zoneLabels":"VE"},"id":3864312902},{"type":"Feature","geometry":{"type":"MultiLineString","coordinates":[[[-66.22360646724701,18.394382356848126],[-66.22369229793549,18.394453621503487],[-66.2237298488617,18.39446380216613],[-66.22377812862396,18.39446380216613],[-66.22383713722229,18.394438350508395],[-66.22389078140259,18.394361995512597]],[[-66.22426092624664,18.39432636316964],[-66.22296273708344,18.394428169844247]],[[-66.22069895267487,18.394356905178327],[-66.22063457965851,18.394397627848164],[-66.22055411338806,18.394540157116822]],[[-66.22117638587952,18.393970039334803],[-66.22096717357635,18.393807148193446],[-66.22087061405182,18.39380205784279],[-66.22080624103546,18.393842780643766],[-66.2207955121994,18.393959858642987],[-66.22083306312561,18.394031123473113],[-66.22088670730591,18.394051484847722]],[[-66.22061848640442,18.395110273012335],[-66.220543384552,18.395064460197574],[-66.22035562992096,18.395054279570417],[-66.22025907039642,18.395013557055776],[-66.22020542621613,18.39495247326579],[-66.22018933296204,18.394840486261188]],[[-66.21888041496277,18.39542587207181],[-66.21931493282318,18.395456413885597]],[[-66.2173193693161,18.395858547262137],[-66.21741056442261,18.39553785869589]],[[-66.2164556980133,18.395400420556186],[-66.21688485145569,18.395385149645023]],[[-66.21655225753784,18.394372176180653],[-66.21661126613617,18.394005671751444],[-66.2166702747345,18.393847870993213],[-66.21694386005402,18.393639166542627]],[[-66.2146908044815,18.388996699756518],[-66.21466934680939,18.38928685759467],[-66.21478199958801,18.38935303387531],[-66.2147980928421,18.389424300610656]],[[-66.22588634490967,18.376717994152088],[-66.22588098049164,18.37649399637685],[-66.2259292602539,18.376336179587796]],[[-66.2259292602539,18.37663654044931],[-66.22588634490967,18.376717994152088],[-66.22582197189331,18.376916537391494],[-66.22565567493439,18.377013263502235]],[[-66.2106192111969,18.383127261772216],[-66.21064603328705,18.383310525651083],[-66.21064603328705,18.383509061300018]],[[-66.20967507362366,18.381116436973386],[-66.20957851409912,18.381370973054402],[-66.20963215827942,18.381554238800092]],[[-66.21191740036011,18.382933816355404],[-66.21239483356476,18.38274037072155],[-66.21255576610565,18.382689463939727],[-66.21259868144989,18.38261819441992],[-66.21255576610565,18.38251129008495],[-66.21244311332703,18.382409476370995]],[[-66.2087631225586,18.380541184046095],[-66.20867192745209,18.380612454424423],[-66.20802819728851,18.380785539506306],[-66.2079906463623,18.380831356116545],[-66.20797455310822,18.38104516680336]],[[-66.20669782161713,18.384593367348486],[-66.20656907558441,18.38399267282145]],[[-66.21296346187592,18.394087117247523],[-66.21357500553131,18.394178743384614]],[[-66.20747566223145,18.395995985036365],[-66.20770633220673,18.395995985036365]],[[-66.20686948299408,18.39605197817221],[-66.20691239833832,18.395899269577058],[-66.20691239833832,18.395741470553176]],[[-66.20489001274109,18.395405510859604],[-66.2049275636673,18.395313885374946],[-66.20499193668365,18.395247711383476],[-66.2050348520279,18.395227350150236],[-66.20504558086395,18.39517644705657]],[[-66.21829569339752,18.375195821723764],[-66.21819376945496,18.375150003616326],[-66.2181293964386,18.375094003690705],[-66.21811330318451,18.375053276460633]]]},"properties":{"class":"service","id":"14/5178/7340/0","source":"OpenFreeMap / OpenStreetMap","exposureHigh":false,"exposureModerate":false,"zoneLabels":"X"},"id":222341930},{"type":"Feature","geometry":{"type":"MultiLineString","coordinates":[[[-66.2058287858963,18.392280036254064],[-66.2058824300766,18.391852442485728],[-66.20595216751099,18.391093969976865],[-66.20545327663422,18.391053246526255],[-66.20540499687195,18.391536836880874],[-66.20559275150299,18.391552108133126],[-66.20564639568329,18.391068517821367]],[[-66.20583951473236,18.39218331870883],[-66.20519578456879,18.392127324315723]],[[-66.20493292808533,18.391755724700502],[-66.2058824300766,18.391852442485728]]]},"properties":{"surface":"paved","class":"service","id":"14/5178/7340/3","source":"OpenFreeMap / OpenStreetMap","exposureHigh":false,"exposureModerate":false,"zoneLabels":"X"},"id":4354997750},{"type":"Feature","geometry":{"type":"LineString","coordinates":[[-66.20347917079926,18.396555915575846],[-66.20377957820892,18.396270860255882]]},"properties":{"surface":"paved","class":"service","service":"driveway","id":"14/5178/7340/5","source":"OpenFreeMap / OpenStreetMap","exposureHigh":false,"exposureModerate":false,"zoneLabels":"X"},"id":5372344422},{"type":"Feature","geometry":{"type":"MultiLineString","coordinates":[[[-66.22426092624664,18.39432636316964],[-66.2259292602539,18.394214375758096]],[[-66.2259292602539,18.39481503465909],[-66.22582733631134,18.394753950798716],[-66.2256932258606,18.394703047565173],[-66.22554302215576,18.394672505617848],[-66.22534453868866,18.39466232496754],[-66.22484028339386,18.394703047565173],[-66.22464716434479,18.394753950798716],[-66.22436821460724,18.394774312087918],[-66.22435748577118,18.394733589507112],[-66.22433066368103,18.394703047565173],[-66.22429311275482,18.394682686267558],[-66.22425019741058,18.39467759594278],[-66.22417509555817,18.39470813788921],[-66.22415363788605,18.394743770153212],[-66.22414827346802,18.394784492731603],[-66.22415900230408,18.394825215300386],[-66.22418582439423,18.394855757220654],[-66.2242180109024,18.394876118497834],[-66.22426092624664,18.39488120881674],[-66.22430384159088,18.394871028178756],[-66.22433602809906,18.394850666900993],[-66.22435748577118,18.39481503465909],[-66.22436821460724,18.394774312087918]],[[-66.2259292602539,18.39297741905213],[-66.22416973114014,18.39311485912465],[-66.22420191764832,18.393710431505397],[-66.2259292602539,18.393603534050172]],[[-66.2202537059784,18.39294178642284],[-66.21971189975739,18.392885792276203],[-66.21960997581482,18.39284506924905],[-66.21955633163452,18.392753442402764]],[[-66.22042536735535,18.393873322738187],[-66.22005522251129,18.393959858642987],[-66.21987283229828,18.393970039334803],[-66.21980845928192,18.393990400716632]],[[-66.22118711471558,18.396555915575846],[-66.22121930122375,18.396408297701186],[-66.22131586074829,18.395410601162894],[-66.22131586074829,18.39463178301297],[-66.22117638587952,18.393970039334803],[-66.22090816497803,18.393074136151625],[-66.2206882238388,18.39273817125698],[-66.22030735015869,18.392351301778945],[-66.21992111206055,18.391918617781172],[-66.2198406457901,18.39161828354392],[-66.21981918811798,18.391379033861696],[-66.21964752674103,18.390798724741884],[-66.2194812297821,18.390030066671258],[-66.2194812297821,18.389831538533016],[-66.2194973230362,18.389663553006642]],[[-66.22131586074829,18.395410601162894],[-66.2207579612732,18.39539533025261],[-66.2206506729126,18.395313885374946]],[[-66.22062385082245,18.395614213170575],[-66.22061312198639,18.39542587207181],[-66.2206506729126,18.395313885374946],[-66.22055411338806,18.394540157116822],[-66.2202537059784,18.39294178642284],[-66.22021615505219,18.392641453968906],[-66.22030735015869,18.392351301778945]],[[-66.21880531311035,18.39607742959157],[-66.21694386005402,18.393639166542627],[-66.21680438518524,18.393481365448736],[-66.21672928333282,18.393318473845383],[-66.21668636798859,18.392641453968906],[-66.21674537658691,18.392504013518774],[-66.21700823307037,18.39225458427373],[-66.21710479259491,18.39214259551565],[-66.21709942817688,18.391913527374726],[-66.2169224023819,18.391068517821367],[-66.21704041957855,18.39020823275446],[-66.21720135211945,18.38989262413837],[-66.21750175952911,18.389505748272114],[-66.21760904788971,18.389337762428184],[-66.21767342090607,18.388726903433636],[-66.21790945529938,18.38833493443846]],[[-66.21766805648804,18.395110273012335],[-66.21792554855347,18.394932111997633]],[[-66.21713697910309,18.396179235231457],[-66.2172657251358,18.39598580446426],[-66.2173193693161,18.395858547262137]],[[-66.21668100357056,18.396555915575846],[-66.2166702747345,18.396286131088573]],[[-66.21646642684937,18.395614213170575],[-66.21590852737427,18.395542948995242]],[[-66.2156617641449,18.39635739495644],[-66.21559739112854,18.396555915575846]],[[-66.21521651744843,18.396184325511854],[-66.21527016162872,18.39529352414951],[-66.21432065963745,18.395298614456095],[-66.21408998966217,18.395329156292433],[-66.21311902999878,18.39542078176899],[-66.21306538581848,18.395436052677],[-66.21282935142517,18.395436052677]],[[-66.2146908044815,18.396204686632018],[-66.21472835540771,18.396555915575846]],[[-66.21522724628448,18.391129602988258],[-66.2151038646698,18.39103797522978],[-66.21508240699768,18.390925985681065],[-66.21544182300568,18.38994861925761]],[[-66.2178772687912,18.392376753744998],[-66.21783435344696,18.39214259551565],[-66.21710479259491,18.39214259551565]],[[-66.21895551681519,18.393552630476776],[-66.21858537197113,18.39365952796355]],[[-66.2198406457901,18.39161828354392],[-66.21971726417542,18.391587741049776],[-66.21947050094604,18.39163355478894],[-66.21939539909363,18.391735363054593],[-66.21942222118378,18.391938979405424]],[[-66.21720135211945,18.38989262413837],[-66.21668636798859,18.389592286370245]],[[-66.21595680713654,18.39083435781434],[-66.2160211801529,18.391002342199457],[-66.2161123752594,18.391073608252754],[-66.2169224023819,18.391068517821367]],[[-66.2150126695633,18.389816267128296],[-66.21566712856293,18.390014795284145]],[[-66.2149965763092,18.38988244320565],[-66.21515214443207,18.38908323811023],[-66.21509850025177,18.38883380391397],[-66.2149965763092,18.388620002886995]],[[-66.21562957763672,18.389373395802707],[-66.21562957763672,18.38860473137491]],[[-66.21655762195587,18.387978598214744],[-66.21640741825104,18.388187309520873],[-66.21619820594788,18.388121132792634],[-66.21590316295624,18.388645455404102],[-66.21584415435791,18.388660726912576],[-66.21562957763672,18.38860473137491],[-66.21503412723541,18.388548735819057]],[[-66.21517360210419,18.38826366725266],[-66.21412754058838,18.387800429826626]],[[-66.21597290039062,18.38694521900001],[-66.21559202671051,18.386787411776623]],[[-66.21621966362,18.38666014778154],[-66.21608555316925,18.386512521429538],[-66.2159514427185,18.386446344058285],[-66.21533453464508,18.386359804380632],[-66.2152647972107,18.38639034780124],[-66.21522188186646,18.386456525193978],[-66.21502876281738,18.38708266388332]],[[-66.21684193611145,18.38639034780124],[-66.2172120809555,18.385591126513404]],[[-66.22529089450836,18.38376359384884],[-66.2248295545578,18.383962128976023],[-66.2244164943695,18.384298110978108],[-66.22399270534515,18.384547551737967],[-66.22384250164032,18.384547551737967],[-66.22325241565704,18.38439483294823],[-66.22264623641968,18.384181026415362],[-66.22232973575592,18.383967219617304],[-66.22212588787079,18.383595602408775],[-66.22197568416595,18.38341233883294],[-66.22170746326447,18.38319853108159],[-66.22139096260071,18.382842184240104]],[[-66.22475445270538,18.383911222554943],[-66.22478663921356,18.38286763761036],[-66.22476518154144,18.382531652820532],[-66.22477054595947,18.38192586040863],[-66.22472763061523,18.38176804859053],[-66.2246310710907,18.38171714152162],[-66.22436285018921,18.38165605301907],[-66.22390687465668,18.381625508759683]],[[-66.2248295545578,18.383962128976023],[-66.22475445270538,18.383911222554943],[-66.22459352016449,18.383834862895156],[-66.22409462928772,18.38366687152454],[-66.22388541698456,18.38363632762139],[-66.22347235679626,18.383498879990256],[-66.22325778007507,18.383453064088854],[-66.22315585613251,18.383376704226137],[-66.22260868549347,18.382521471453046],[-66.22243165969849,18.382119306956355],[-66.22231364250183,18.381966586015665],[-66.22172355651855,18.38175786717794],[-66.22102618217468,18.38156442022469]],[[-66.22409462928772,18.38366687152454],[-66.22417509555817,18.38316798709546],[-66.22414290904999,18.382531652820532],[-66.22408390045166,18.38207349068834],[-66.22372448444366,18.381192797837144],[-66.22370839118958,18.380968805874218],[-66.22374594211578,18.38092808003151],[-66.22379958629608,18.380907717106567],[-66.22400879859924,18.380882263446978],[-66.2244325876236,18.380861900516607]],[[-66.22399270534515,18.384547551737967],[-66.2239283323288,18.384837717065693]],[[-66.22212588787079,18.383595602408775],[-66.22159481048584,18.383885769338775],[-66.2213534116745,18.383951947693006],[-66.22113347053528,18.384069032411347]],[[-66.22194349765778,18.384450829853506],[-66.22159481048584,18.383885769338775]],[[-66.22208833694458,18.381101164796576],[-66.22265696525574,18.381223342173186],[-66.22285544872284,18.381365882336468],[-66.22296273708344,18.38148805952551],[-66.22343480587006,18.382531652820532],[-66.22346699237823,18.382750552076118],[-66.22347235679626,18.383498879990256]],[[-66.22400879859924,18.380882263446978],[-66.2239819765091,18.38043427842335],[-66.22394442558289,18.3803171912367],[-66.22371912002563,18.379838660169113],[-66.22363328933716,18.379528123340293],[-66.22359037399292,18.379187041260934],[-66.22344553470612,18.378744142628733],[-66.22330605983734,18.3786066910978],[-66.22206687927246,18.378194335847695],[-66.22186839580536,18.378107792028032],[-66.2216591835022,18.37799579407931]],[[-66.22328460216522,18.380383370960658],[-66.22275352478027,18.38030700973846],[-66.22271060943604,18.380312100487657],[-66.22222781181335,18.380531002561057],[-66.22219026088715,18.380541184046095],[-66.22181475162506,18.380515730332405],[-66.22163236141205,18.380475004382703],[-66.22155725955963,18.380444459914102]],[[-66.2232255935669,18.379319401550944],[-66.22300565242767,18.379278675318687],[-66.22237265110016,18.379299038436017],[-66.22212588787079,18.37928376609824],[-66.22186303138733,18.379248130638175]],[[-66.22565567493439,18.377013263502235],[-66.22556984424591,18.376661994735557],[-66.22555911540985,18.37646345120315],[-66.22556447982788,18.376412542568275],[-66.22560739517212,18.376254725704698],[-66.22561275959015,18.376188544396342],[-66.22555375099182,18.375811819542022],[-66.2255322933197,18.37539436671537],[-66.22544646263123,18.375185639923174],[-66.22541427612305,18.375053276460633]],[[-66.22556984424591,18.376661994735557],[-66.22503340244293,18.37674853928074],[-66.22476518154144,18.376779084403964],[-66.22450768947601,18.3767841752573],[-66.22430920600891,18.376855447188333],[-66.22417509555817,18.377267805639733]],[[-66.22394442558289,18.375465639220707],[-66.22300565242767,18.375465639220707],[-66.222705245018,18.375526729916132],[-66.22244238853455,18.375404548503653],[-66.22199177742004,18.375241639819038],[-66.22173964977264,18.375053276460633]],[[-66.22308075428009,18.377247442282567],[-66.22267842292786,18.37703362688707],[-66.22261941432953,18.376987809267817],[-66.22258186340332,18.376931809938895],[-66.22254431247711,18.37679944781641],[-66.22252821922302,18.37666708559236],[-66.22257649898529,18.37621399874871],[-66.22261941432953,18.37569472921699],[-66.222705245018,18.375526729916132]],[[-66.22257649898529,18.37621399874871],[-66.22364401817322,18.376183453525414]],[[-66.22113347053528,18.376600904442242],[-66.22076869010925,18.376646722164267],[-66.22058093547821,18.376860538039423],[-66.22046828269958,18.37690126484273],[-66.22013568878174,18.37692162824078],[-66.21972262859344,18.37707944449413],[-66.21937394142151,18.37750707490646],[-66.21928811073303,18.377715798889298]],[[-66.22017860412598,18.3758678192346],[-66.21980845928192,18.37628527091536],[-66.21938467025757,18.376733266717082],[-66.2192291021347,18.37682490207864],[-66.21907353401184,18.37672817586224],[-66.21878921985626,18.376519450684142],[-66.2185800075531,18.376239453097313],[-66.21789872646332,18.376127453935325],[-66.21783435344696,18.376137635680337],[-66.21743738651276,18.3760307273278],[-66.2171745300293,18.375984909442124],[-66.21707260608673,18.37595436417827],[-66.21656835079193,18.37583727395001],[-66.21637523174286,18.37577109248147],[-66.21598899364471,18.3757303654113],[-66.21575832366943,18.375674365674087],[-66.21542572975159,18.37563872946822],[-66.21537744998932,18.375603093254995],[-66.21537744998932,18.375353639556238],[-66.21543645858765,18.37508382188409],[-66.2154471874237,18.375053276460633]],[[-66.22076869010925,18.376646722164267],[-66.22055947780609,18.376432906024036],[-66.2205058336258,18.376331088721244]],[[-66.22061848640442,18.377501984074456],[-66.22062385082245,18.37703362688707],[-66.22058093547821,18.376860538039423]],[[-66.22026979923248,18.378011066531144],[-66.22010350227356,18.377512165738295],[-66.22010886669159,18.377374713225464],[-66.22046828269958,18.37690126484273]],[[-66.22110664844513,18.378016157348128],[-66.22026979923248,18.378011066531144],[-66.21989965438843,18.37803142979817]],[[-66.22262477874756,18.378382695775628],[-66.22290372848511,18.37756816487878],[-66.22308075428009,18.377247442282567],[-66.22341871261597,18.37674853928074],[-66.22350454330444,18.376600904442242],[-66.22364401817322,18.376183453525414],[-66.22386932373047,18.37571000187259],[-66.22394442558289,18.375465639220707],[-66.22404634952545,18.375053276460633]],[[-66.22036635875702,18.379334673885552],[-66.22041463851929,18.378016157348128]],[[-66.21931493282318,18.379894658554136],[-66.21902525424957,18.380210285475087]],[[-66.218740940094,18.38001174602772],[-66.21935248374939,18.37936012777358],[-66.21940076351166,18.379202313607266],[-66.21945977210999,18.379166678130375],[-66.21975481510162,18.37912595186205]],[[-66.21760904788971,18.379405944762553],[-66.2173730134964,18.379166678130375],[-66.21714234352112,18.378988500635444]],[[-66.21774315834045,18.379319401550944],[-66.21832251548767,18.379721572578006],[-66.2184727191925,18.379792843295107],[-66.218740940094,18.38001174602772],[-66.21902525424957,18.380210285475087],[-66.21941685676575,18.38052591181834],[-66.21951878070831,18.380587000721263]],[[-66.21831178665161,18.37905468086933],[-66.21854782104492,18.378810322956397],[-66.21856391429901,18.37831142447574]],[[-66.21745884418488,18.379258312198942],[-66.21754467487335,18.37900377299937],[-66.21754467487335,18.37895286511437],[-66.21759295463562,18.378856140091457],[-66.21797382831573,18.37863723589193],[-66.2181830406189,18.378397968193198]],[[-66.2177163362503,18.378072156324976],[-66.2179684638977,18.37808742877003],[-66.21850490570068,18.37826560719597],[-66.21856391429901,18.37831142447574],[-66.21884822845459,18.378469239457317],[-66.2189930677414,18.37873905183325],[-66.21904671192169,18.378988500635444],[-66.218923330307,18.37928376609824],[-66.21866583824158,18.379528123340293],[-66.2184727191925,18.379792843295107]],[[-66.21999621391296,18.376733266717082],[-66.22013568878174,18.37692162824078]],[[-66.21980845928192,18.37628527091536],[-66.21962606906891,18.37615799916854],[-66.21930956840515,18.376066363452665],[-66.21873557567596,18.375822001305664],[-66.21833860874176,18.375598002366786],[-66.21785044670105,18.375496184571134],[-66.21745347976685,18.37534345776494],[-66.21606945991516,18.375109276399485],[-66.21543645858765,18.37508382188409]],[[-66.21930956840515,18.376066363452665],[-66.21943295001984,18.37585254659298],[-66.21982991695404,18.375318003284107],[-66.22025907039642,18.375195821723764],[-66.2204897403717,18.375053276460633]],[[-66.21743738651276,18.3760307273278],[-66.21735155582428,18.376208907878535],[-66.21728718280792,18.376478723790683],[-66.21728181838989,18.376555086708052]],[[-66.21783435344696,18.376137635680337],[-66.21785044670105,18.375496184571134]],[[-66.21789872646332,18.376127453935325],[-66.21781289577484,18.376809629521745],[-66.21803283691406,18.3768147203742]],[[-66.21870338916779,18.377135443775117],[-66.21896624565125,18.377247442282567],[-66.21901452541351,18.37731362318459],[-66.21888041496277,18.377603800686003],[-66.21889650821686,18.377725980540532]],[[-66.21770560741425,18.377481620744916],[-66.21785581111908,18.377563074048595]],[[-66.21703505516052,18.377980521626128],[-66.21684730052948,18.377741253016268]],[[-66.21704041957855,18.377298350670998],[-66.21730327606201,18.377349259044394],[-66.217480301857,18.377649618141604]],[[-66.21598899364471,18.3757303654113],[-66.21606945991516,18.375109276399485],[-66.21608018875122,18.375053276460633]],[[-66.21575832366943,18.375674365674087],[-66.2157529592514,18.3759645459335],[-66.2159514427185,18.376208907878535],[-66.2161123752594,18.376478723790683],[-66.2163645029068,18.377018354348664],[-66.21643960475922,18.377064171959788],[-66.21658444404602,18.37700817265565],[-66.21661126613617,18.37661617701761],[-66.21660053730011,18.376331088721244],[-66.21653079986572,18.376025636452212],[-66.21656835079193,18.37583727395001]],[[-66.21474981307983,18.37638199738015],[-66.21466934680939,18.376320906987658],[-66.21419191360474,18.375531820806444],[-66.21411144733429,18.37557254792351],[-66.21385931968689,18.375674365674087],[-66.21288299560547,18.3760307273278],[-66.2127274274826,18.376066363452665],[-66.21244847774506,18.376163090040208],[-66.21223390102386,18.37628527091536],[-66.21209442615509,18.37641763343244],[-66.21197640895844,18.376560177567995],[-66.21188521385193,18.376763811843006],[-66.21185839176178,18.376977627573012],[-66.21185839176178,18.377211806401732],[-66.21190667152405,18.377451075746123],[-66.21217489242554,18.378382695775628],[-66.21226608753204,18.378642326690425],[-66.21235191822052,18.37881541374979],[-66.21259331703186,18.37916158734737],[-66.2130868434906,18.37967066490492]],[[-66.21557056903839,18.376845265485684],[-66.21557593345642,18.37713035293214],[-66.21562957763672,18.377690344758562],[-66.21562421321869,18.377812524551786],[-66.21549010276794,18.378138336910524],[-66.21543109416962,18.378219789904023],[-66.21500730514526,18.378530329088846],[-66.21491074562073,18.37857105549783],[-66.21483027935028,18.378581237098572],[-66.21420800685883,18.378555783095578],[-66.21399343013763,18.37856087389649],[-66.21378421783447,18.378581237098572],[-66.21301710605621,18.378810322956397],[-66.21248066425323,18.378998682211545]],[[-66.21557593345642,18.37713035293214],[-66.21538817882538,18.377135443775117],[-66.21528625488281,18.37713035293214],[-66.21520578861237,18.377115080402334],[-66.21486246585846,18.37716089798775],[-66.21464788913727,18.37713035293214],[-66.21454060077667,18.377074353649505],[-66.21442258358002,18.376992900115013],[-66.21430993080139,18.376896173992833],[-66.21418118476868,18.376758720989073],[-66.21406316757202,18.376600904442242],[-66.21392905712128,18.37637690651492],[-66.2138968706131,18.376361633918393],[-66.21270596981049,18.3767841752573],[-66.21263086795807,18.376835083782467],[-66.2125825881958,18.37690635569247],[-66.21254503726959,18.376987809267817],[-66.21253967285156,18.37707944449413],[-66.2126362323761,18.377619073172553],[-66.21272206306458,18.377873614415932],[-66.21284544467926,18.37817397259991]],[[-66.21491611003876,18.3791921320432],[-66.21442794799805,18.37917685969596],[-66.21432065963745,18.379212495170748],[-66.21426165103912,18.379263402979106],[-66.21427774429321,18.379477215610095],[-66.21438503265381,18.37958412182617],[-66.21453523635864,18.379609575677378],[-66.21514141559601,18.379629938755627],[-66.21593534946442,18.379691027975966],[-66.21610701084137,18.37971139104461],[-66.21629476547241,18.379752117174675],[-66.21647715568542,18.379741935643054],[-66.21665954589844,18.37968084644075],[-66.21698141098022,18.379629938755627],[-66.21709406375885,18.37966048336851],[-66.21719598770142,18.37964521106275],[-66.21760904788971,18.379405944762553],[-66.21774315834045,18.379319401550944],[-66.21784508228302,18.379166678130375],[-66.2182742357254,18.3787594150143],[-66.21842980384827,18.378469239457317],[-66.21850490570068,18.37826560719597],[-66.21854245662689,18.378051793062767],[-66.21859610080719,18.37796524917158],[-66.21889650821686,18.377725980540532],[-66.21901988983154,18.37769543558501],[-66.21928811073303,18.377715798889298],[-66.21979236602783,18.378280879623915],[-66.22003376483917,18.37892741116623],[-66.22004449367523,18.379278675318687],[-66.22008740901947,18.37932449232929],[-66.22104227542877,18.37936012777358],[-66.22186839580536,18.379375400104593]],[[-66.21663272380829,18.378275788814747],[-66.21642351150513,18.37811797365613]],[[-66.21712625026703,18.37835724174333],[-66.21700823307037,18.37838778658164],[-66.21674001216888,18.378535419890497],[-66.21668636798859,18.37854560149333],[-66.21663272380829,18.378520147485077],[-66.21660053730011,18.37846414865372],[-66.21660590171814,18.378367423356693],[-66.21663272380829,18.378275788814747],[-66.21770560741425,18.377481620744916],[-66.21788263320923,18.377211806401732],[-66.21837615966797,18.37731362318459],[-66.21839761734009,18.377812524551786],[-66.21854245662689,18.378051793062767]],[[-66.21671855449677,18.37919722282531],[-66.21692776679993,18.37947212483624],[-66.21698141098022,18.379629938755627]],[[-66.21611773967743,18.378693234667082],[-66.21621966362,18.37855069229454],[-66.21637523174286,18.378168881787587],[-66.21642351150513,18.37811797365613],[-66.21642887592316,18.377975430808092],[-66.21649861335754,18.377837978664473]],[[-66.21627867221832,18.379187041260934],[-66.21648788452148,18.379375400104593],[-66.21665954589844,18.37968084644075]],[[-66.21642887592316,18.379935384640916],[-66.21632695198059,18.379996473753053],[-66.21608555316925,18.380108470402433],[-66.21585488319397,18.380174650206513],[-66.21577978134155,18.380210285475087],[-66.2155169248581,18.380816083914482]],[[-66.21642351150513,18.380230648482424],[-66.21614992618561,18.380464822893757],[-66.21608018875122,18.38063790812383],[-66.21599972248077,18.380933170762376],[-66.21553838253021,18.381956404614797],[-66.21554911136627,18.382022583709627],[-66.2156081199646,18.382048037200875],[-66.21619820594788,18.382063309293812],[-66.21633768081665,18.382048037200875],[-66.21675610542297,18.381824046348967],[-66.21678292751312,18.381778230002496],[-66.21691167354584,18.38097898733338],[-66.2169224023819,18.380714269199515],[-66.21642351150513,18.380230648482424],[-66.21642887592316,18.379935384640916],[-66.21647715568542,18.379741935643054]],[[-66.21514141559601,18.379629938755627],[-66.21524333953857,18.379034317723153]],[[-66.21491611003876,18.379624847986292],[-66.21486246585846,18.379991382994547],[-66.21484100818634,18.380301918989105],[-66.21492683887482,18.381309884429243],[-66.21490001678467,18.381874953386315]],[[-66.21491611003876,18.3815847830721],[-66.21458351612091,18.381594964494894],[-66.21460497379303,18.381793502119336],[-66.21459424495697,18.381849499869517],[-66.214599609375,18.382104034868377]],[[-66.2169224023819,18.380714269199515],[-66.21708333492279,18.380693906249306],[-66.21719598770142,18.38070408772471],[-66.21725499629974,18.380749904356605],[-66.21728181838989,18.381111346247934]],[[-66.21951341629028,18.384135210695234],[-66.21979773044586,18.384043579218485],[-66.22135877609253,18.382877818957397],[-66.22139096260071,18.382842184240104],[-66.22144997119904,18.382730189366384],[-66.22154116630554,18.382480745977077],[-66.22161626815796,18.38214985112826],[-66.22172355651855,18.38175786717794],[-66.22190058231354,18.38144224308978],[-66.2220561504364,18.381192797837144],[-66.22208833694458,18.381101164796576],[-66.22219026088715,18.380541184046095]],[[-66.21510922908783,18.38538750266305],[-66.21493756771088,18.385285690647677],[-66.2141865491867,18.385295871851923],[-66.21191203594208,18.38521442220113],[-66.21124684810638,18.385173697361324],[-66.21091961860657,18.385183878572178],[-66.21068358421326,18.385234784617438],[-66.2103134393692,18.385341687263576],[-66.2097179889679,18.385591126513404]],[[-66.21227145195007,18.383310525651083],[-66.21226072311401,18.383315616311606],[-66.21206223964691,18.38315780576555],[-66.21191740036011,18.382933816355404],[-66.21166527271271,18.382720008010622],[-66.21066212654114,18.382170213906534],[-66.2099701166153,18.381253886503814],[-66.20971262454987,18.38105534825803],[-66.20939612388611,18.380846628317258],[-66.2087631225586,18.380541184046095],[-66.20846807956696,18.380373189466326],[-66.20809257030487,18.379726663344513],[-66.20803356170654,18.37955866797121],[-66.20788872241974,18.378509965880724],[-66.20782971382141,18.37788379605786],[-66.20814085006714,18.37640745170397],[-66.20813012123108,18.376269998310704],[-66.20805501937866,18.376147817424737],[-66.20772778987885,18.37585254659298],[-66.20749711990356,18.375674365674087],[-66.2067836523056,18.375536911696614]],[[-66.21258795261383,18.384623911082073],[-66.21260404586792,18.384013035382054],[-66.21109664440155,18.383982491540237],[-66.2109249830246,18.38398758218092],[-66.2105280160904,18.38403339794027],[-66.21040463447571,18.384069032411347]],[[-66.2097716331482,18.385713300708176],[-66.20964288711548,18.385433318050346]],[[-66.20950877666473,18.385183878572178],[-66.20918154716492,18.38447119236001],[-66.20890259742737,18.38391631319773]],[[-66.2094497680664,18.385066794611006],[-66.20998620986938,18.38483262645012],[-66.21020078659058,18.384751176580465],[-66.21050119400024,18.38466463605178],[-66.2107640504837,18.38461372983815],[-66.21108591556549,18.38458318610276],[-66.2127435207367,18.384629001703814]],[[-66.20965361595154,18.38330543499042],[-66.209916472435,18.38376359384884]],[[-66.21128439903259,18.383183259089208],[-66.2106192111969,18.383127261772216],[-66.21017932891846,18.3831018084403],[-66.20965361595154,18.38330543499042],[-66.20907962322235,18.38354978653308],[-66.20566248893738,18.38505152278414],[-66.20440721511841,18.38544349924588]],[[-66.2099701166153,18.381253886503814],[-66.21068894863129,18.381432061657947],[-66.2109249830246,18.38137606377221],[-66.21101081371307,18.38127424938787],[-66.21082305908203,18.380749904356605],[-66.21072113513947,18.380510639589218],[-66.2107264995575,18.380439369168798],[-66.21083378791809,18.380286646740146],[-66.21087670326233,18.379955747680697],[-66.21082305908203,18.37988447703094],[-66.21047973632812,18.379624847986292],[-66.21035635471344,18.379477215610095],[-66.21021687984467,18.37901904536193],[-66.21014177799225,18.378907048005004],[-66.20997548103333,18.37876959660393],[-66.20983600616455,18.378688143870093],[-66.20975017547607,18.378596509498564],[-66.20972871780396,18.378469239457317],[-66.20976090431213,18.37834196932215],[-66.20983064174652,18.378280879623915],[-66.20993793010712,18.378270698005423],[-66.20998620986938,18.378291061241782],[-66.21010422706604,18.378362332550097],[-66.21017396450043,18.37838778658164],[-66.21024370193481,18.378397968193198],[-66.21050655841827,18.378555783095578],[-66.21057629585266,18.37855069229454],[-66.2106192111969,18.378494693473087],[-66.21082305908203,18.37814851853682]],[[-66.20971262454987,18.38105534825803],[-66.20967507362366,18.381116436973386],[-66.20909035205841,18.381482968811028],[-66.2089079618454,18.381630599469958],[-66.20879530906677,18.38178332070825],[-66.20863437652588,18.381941132512395],[-66.20823204517365,18.382160032517703],[-66.20822131633759,18.382221120841663],[-66.20840907096863,18.382730189366384]],[[-66.21342480182648,18.37936012777358],[-66.21360182762146,18.379349946218824],[-66.21384859085083,18.379268493759113]],[[-66.21330142021179,18.379629938755627],[-66.21331751346588,18.379716481811386],[-66.2133926153183,18.37976738947097],[-66.21349453926086,18.3797826617659],[-66.21359646320343,18.379772480236085],[-66.21400952339172,18.379640120293857],[-66.21435284614563,18.37966048336851],[-66.21453523635864,18.379609575677378]],[[-66.21345162391663,18.378942683535556],[-66.21367692947388,18.378912138795542],[-66.21383249759674,18.378942683535556],[-66.21387541294098,18.379064862441524],[-66.21384859085083,18.379268493759113],[-66.21387541294098,18.379477215610095],[-66.21400952339172,18.379640120293857]],[[-66.21425092220306,18.37791943179984],[-66.21424555778503,18.377685253931972],[-66.21421337127686,18.3775834373685],[-66.21380567550659,18.37722198808271],[-66.21375739574432,18.377196533879115],[-66.213698387146,18.377196533879115],[-66.21355354785919,18.377247442282567],[-66.21360719203949,18.37739507656761]],[[-66.21288299560547,18.3760307273278],[-66.21295273303986,18.37621908961873],[-66.21294736862183,18.37629036178329],[-66.21290981769562,18.37636672478405],[-66.21290981769562,18.376488905514947],[-66.21296882629395,18.376692539874114]],[[-66.21041536331177,18.379166678130375],[-66.2107640504837,18.37876959660393]],[[-66.2106192111969,18.378494693473087],[-66.21034562587738,18.37831142447574],[-66.2102222442627,18.37812306446996],[-66.21023297309875,18.378016157348128],[-66.21046364307404,18.37773616219117]],[[-66.2110698223114,18.378907048005004],[-66.21118247509003,18.3787594150143],[-66.2112683057785,18.378621963495533],[-66.2113219499588,18.37856596469723],[-66.21143460273743,18.37852523828704],[-66.21155261993408,18.37850487507832],[-66.21179938316345,18.37849978427579],[-66.21284544467926,18.37817397259991],[-66.2136447429657,18.37796524917158],[-66.21401488780975,18.377914340980013],[-66.21481955051422,18.377914340980013],[-66.21491611003876,18.377822706197307],[-66.21495366096497,18.377720889714993],[-66.214959025383,18.377603800686003],[-66.21490001678467,18.377155807145513]],[[-66.2107640504837,18.37963502952482],[-66.21125221252441,18.37907504401312]],[[-66.21089816093445,18.380490276614964],[-66.2108713388443,18.380429187677763],[-66.21160626411438,18.379599394137344],[-66.2116277217865,18.37955866797121],[-66.21163308620453,18.37951285102281],[-66.21161699295044,18.379467034062245],[-66.21143460273743,18.37924303985757],[-66.2110698223114,18.378907048005004],[-66.2107640504837,18.37876959660393],[-66.21040999889374,18.378586327898716],[-66.2102597951889,18.378484511867228],[-66.21017932891846,18.378484511867228],[-66.21015250682831,18.37849978427579]],[[-66.20707333087921,18.38013901493055],[-66.20807111263275,18.38014919643871],[-66.20830714702606,18.380088107380686]],[[-66.20740592479706,18.379136133430038],[-66.20741665363312,18.37859141869872],[-66.2074488401413,18.378484511867228],[-66.20757222175598,18.37838778658164],[-66.20787262916565,18.37834196932215]],[[-66.20788872241974,18.378509965880724],[-66.20844662189484,18.378469239457317],[-66.20851635932922,18.378403058998757],[-66.20854318141937,18.37822488071484]],[[-66.20801746845245,18.376997990962053],[-66.2087470293045,18.377115080402334],[-66.20877385139465,18.377099807871133],[-66.20890259742737,18.37679944781641],[-66.20895624160767,18.376789266110492],[-66.20902597904205,18.376789266110492],[-66.20981454849243,18.37694199163643]],[[-66.20814085006714,18.37640745170397],[-66.20795845985413,18.376392179110127],[-66.20787262916565,18.376443087751],[-66.20777070522308,18.376702721585758],[-66.20742201805115,18.377176170513522],[-66.20738446712494,18.377354349880903]],[[-66.20772778987885,18.37585254659298],[-66.20722353458405,18.376275089179074]],[[-66.20625257492065,18.37785325113029],[-66.20654761791229,18.377781979611598]],[[-66.20429456233978,18.376631449591613],[-66.20622038841248,18.377333986533955],[-66.20626330375671,18.37740016740277],[-66.20619893074036,18.377603800686003],[-66.20622038841248,18.377751434665996],[-66.20648860931396,18.37876959660393]],[[-66.20557129383087,18.379482306383792],[-66.20500266551971,18.377517256570002],[-66.20520651340485,18.37696235502966],[-66.20567858219147,18.375827092187265]],[[-66.20619356632233,18.379293947656905],[-66.2060809135437,18.379319401550944],[-66.20559811592102,18.377639436485836],[-66.20560348033905,18.377527438232974],[-66.20611310005188,18.37622927135834],[-66.20608627796173,18.376137635680337],[-66.20567858219147,18.375827092187265],[-66.2054854631424,18.37566927478798],[-66.2053245306015,18.375628547693765],[-66.20518505573273,18.375633638581064],[-66.20510458946228,18.375664183901733],[-66.20442867279053,18.377384894896835],[-66.20442867279053,18.377466348246188],[-66.20489537715912,18.379080134798684]],[[-66.20462715625763,18.381834227757636],[-66.20469689369202,18.38077026730018],[-66.20498657226562,18.380083016624866],[-66.20504558086395,18.379981201477065]],[[-66.2051260471344,18.38270473597585],[-66.20509922504425,18.38353960522572],[-66.20375275611877,18.383473426713195],[-66.2032699584961,18.383432701462112]],[[-66.20619356632233,18.381936041811286],[-66.20622038841248,18.381513513095655],[-66.20628476142883,18.381014622435757],[-66.20634377002716,18.380831356116545],[-66.20653688907623,18.380373189466326]],[[-66.20541036128998,18.381874953386315],[-66.20548009872437,18.380907717106567],[-66.20580732822418,18.380108470402433]],[[-66.20879530906677,18.38178332070825],[-66.20881676673889,18.381905497601508],[-66.2089455127716,18.382098944172085],[-66.20908498764038,18.382256755687308],[-66.20916545391083,18.382317843977034],[-66.2091600894928,18.382389113621002],[-66.20897233486176,18.382440020491487],[-66.20887041091919,18.38251638076909],[-66.20866656303406,18.38269455461858],[-66.20840907096863,18.382730189366384],[-66.20799601078033,18.38286763761036]],[[-66.20636522769928,18.382562196919395],[-66.20649933815002,18.383223984399223]],[[-66.20832324028015,18.384074123049473],[-66.20830714702606,18.384135210695234],[-66.20877385139465,18.38502097912631],[-66.20914399623871,18.385850746573766],[-66.20999157428741,18.387530631631165],[-66.20998084545135,18.387550993773857],[-66.20994329452515,18.387571355914147],[-66.20939612388611,18.387780067713408],[-66.20880603790283,18.38804477499771],[-66.2075936794281,18.385550401762572],[-66.20712161064148,18.384644273568128],[-66.2071430683136,18.384588276725694]],[[-66.20809257030487,18.383982491540237],[-66.20797455310822,18.383748321906495],[-66.2079530954361,18.383595602408775],[-66.2080067396164,18.383529423917764],[-66.20831787586212,18.38341233883294]],[[-66.20401561260223,18.384231932756762],[-66.2037742137909,18.383590511756523],[-66.20375275611877,18.383473426713195],[-66.20378494262695,18.38263346646235],[-66.20383322238922,18.381793502119336],[-66.20389223098755,18.38076517656451],[-66.20394051074982,18.380490276614964],[-66.20438575744629,18.379441580190004]],[[-66.20376884937286,18.38500061668475],[-66.20360791683197,18.384863170141315],[-66.2032699584961,18.384944619958063]],[[-66.2043696641922,18.38659397046696],[-66.20416045188904,18.3867212345109],[-66.20399415493011,18.38676704954372],[-66.2032699584961,18.38679759289215]],[[-66.2045305967331,18.38685867957281],[-66.2043696641922,18.38659397046696],[-66.20409607887268,18.38626817408634],[-66.20398879051208,18.38620199662128],[-66.20385468006134,18.386176543743332],[-66.2032699584961,18.38620199662128]],[[-66.20631158351898,18.38708266388332],[-66.20623111724854,18.38708266388332],[-66.20544254779816,18.385489314618297]],[[-66.20562493801117,18.387108116627473],[-66.20555520057678,18.387118297724072],[-66.20484709739685,18.385667485395288]],[[-66.20463788509369,18.38736264386216],[-66.2032699584961,18.387418639803357]],[[-66.20460033416748,18.38715393155745],[-66.20463788509369,18.38736264386216],[-66.20469152927399,18.38813640434755]],[[-66.20471835136414,18.388553826324895],[-66.2032699584961,18.388609821879086]],[[-66.20418190956116,18.389729729142644],[-66.20410680770874,18.388971247291266]],[[-66.20626330375671,18.39020823275446],[-66.20623111724854,18.389821357596688],[-66.20615065097809,18.389200319343175],[-66.20611846446991,18.38847746872166],[-66.20612382888794,18.388085499159217]],[[-66.20686411857605,18.389750091025533],[-66.20679438114166,18.389434481570447],[-66.20676755905151,18.389067966639217],[-66.20676219463348,18.388049865518425],[-66.20668172836304,18.387408458724494]],[[-66.20875775814056,18.389271586141675],[-66.20922982692719,18.389200319343175],[-66.21009349822998,18.38923086226042],[-66.211718916893,18.389322490979694],[-66.21252357959747,18.3893428529107]],[[-66.20833396911621,18.388767627433964],[-66.20715379714966,18.389113781048238]],[[-66.20777070522308,18.387260833013386],[-66.2077385187149,18.387255742469364],[-66.20704114437103,18.387265923557237]],[[-66.20791554450989,18.38766807604766],[-66.20706796646118,18.387917511930993]],[[-66.20811939239502,18.388217852617643],[-66.20704114437103,18.388533464300664],[-66.20676755905151,18.38860473137491]],[[-66.20676219463348,18.388049865518425],[-66.20556056499481,18.388116042274035],[-66.20551764965057,18.388151675901128],[-66.20550155639648,18.38818221900422],[-66.20549082756042,18.388222943133243],[-66.2055766582489,18.389190138369557],[-66.20564103126526,18.38975518149587],[-66.20565176010132,18.389780633845348],[-66.20574295520782,18.389826448064923],[-66.20623111724854,18.389821357596688],[-66.20649933815002,18.389795905253237],[-66.2070894241333,18.389719548200304],[-66.20727717876434,18.389678824424905],[-66.20846271514893,18.389337762428184]],[[-66.20669782161713,18.387510269486057],[-66.206134557724,18.3875255410951],[-66.20517432689667,18.38756626537929]],[[-66.20767414569855,18.387001215076822],[-66.2075936794281,18.38701139617973],[-66.20702505111694,18.3858049312974],[-66.20655834674835,18.384919166894463],[-66.20657444000244,18.384837717065693]],[[-66.20699286460876,18.387041939484874],[-66.20691239833832,18.38704703003522],[-66.20601654052734,18.385234784617438]],[[-66.2098628282547,18.38600855465468],[-66.20999157428741,18.386283445805432]],[[-66.20994865894318,18.38618163431923],[-66.21040463447571,18.385967830002457],[-66.21064603328705,18.38587619949982],[-66.21093571186066,18.3858049312974],[-66.21116638183594,18.385784568948438],[-66.21138632297516,18.385784568948438],[-66.21188521385193,18.3858049312974],[-66.2139880657196,18.38585583715927],[-66.21402025222778,18.385845655988106],[-66.21415436267853,18.38575911600887],[-66.2141865491867,18.385733663065537],[-66.2142026424408,18.385692938348384],[-66.2141865491867,18.385295871851923]],[[-66.21029198169708,18.3868026834497],[-66.21014177799225,18.38653288369251]],[[-66.20939612388611,18.387780067713408],[-66.20843052864075,18.385845655988106],[-66.20817840099335,18.385285690647677],[-66.20771706104279,18.384389742319584],[-66.20772778987885,18.38433883602478]],[[-66.21054947376251,18.387194655929434],[-66.21102154254913,18.386970671764445],[-66.21120929718018,18.386924856785754],[-66.21135413646698,18.386919766231827],[-66.21189057826996,18.38694521900001]],[[-66.21061384677887,18.387301557360118],[-66.21045291423798,18.387036848934386]],[[-66.21358036994934,18.386420891216446],[-66.21187448501587,18.386380166661638],[-66.2112307548523,18.386359804380632],[-66.21094107627869,18.386400528940243],[-66.21079623699188,18.386451434626224],[-66.21057629585266,18.386543064823087],[-66.21023297309875,18.386695781709633]],[[-66.21271133422852,18.388151675901128],[-66.210458278656,18.388054956038985]],[[-66.21282935142517,18.38754081270281],[-66.21186375617981,18.3875255410951],[-66.21066749095917,18.387479726263905]],[[-66.21266841888428,18.388757446434795],[-66.21017396450043,18.388655636409908],[-66.21013104915619,18.388681088921757],[-66.21010422706604,18.388721812932914],[-66.21009349822998,18.38923086226042]],[[-66.21166527271271,18.390518750344924],[-66.20916545391083,18.390432212712014]],[[-66.21171355247498,18.38970427678565],[-66.211718916893,18.389322490979694],[-66.21186375617981,18.3875255410951],[-66.21189057826996,18.38694521900001],[-66.21187448501587,18.386380166661638],[-66.21188521385193,18.3858049312974],[-66.21193885803223,18.384603548593617]],[[-66.20915472507477,18.39280434621226],[-66.20912253856659,18.393522088325497]],[[-66.21165454387665,18.39361371476305],[-66.20917081832886,18.394295821155524]],[[-66.21150434017181,18.39170991099381],[-66.2102061510086,18.391659006861005],[-66.20909035205841,18.391653916446884]],[[-66.21133804321289,18.39229530744045],[-66.20910108089447,18.392218951494968]],[[-66.21163845062256,18.391109241268367],[-66.20914936065674,18.391022703931966]],[[-66.21437966823578,18.393466094367454],[-66.21336579322815,18.393145401348093],[-66.21323704719543,18.393175943566135],[-66.21306002140045,18.393384648577822]],[[-66.21332287788391,18.394647053990937],[-66.21290981769562,18.394825215300386]],[[-66.2133926153183,18.39539533025261],[-66.21343553066254,18.395807644354974]],[[-66.21412217617035,18.39619450607225],[-66.21449768543243,18.39621995747055],[-66.2146908044815,18.396204686632018],[-66.21504485607147,18.39615887410828],[-66.21521651744843,18.396184325511854],[-66.2156617641449,18.39635739495644],[-66.21588170528412,18.396408297701186],[-66.2164556980133,18.396326853302398],[-66.2166702747345,18.396286131088573],[-66.21713697910309,18.396179235231457],[-66.21731400489807,18.396225047749766],[-66.21780753135681,18.39641847824832],[-66.21853172779083,18.396408297701186],[-66.2187784910202,18.396494832332706],[-66.21888041496277,18.396555915575846]],[[-66.21410608291626,18.396555915575846],[-66.2140953540802,18.396459200430883],[-66.21412217617035,18.39619450607225],[-66.21410071849823,18.39577710260346],[-66.21408998966217,18.395329156292433]],[[-66.21360182762146,18.395909450154264],[-66.21354281902313,18.39538005934098]],[[-66.21306538581848,18.395436052677],[-66.21306538581848,18.395685477316405]],[[-66.21188521385193,18.396555915575846],[-66.21185839176178,18.396479561518547]],[[-66.21183693408966,18.396555915575846],[-66.21187448501587,18.396535554497206]],[[-66.21139705181122,18.396123242136966],[-66.20993793010712,18.39652537395699]],[[-66.21139705181122,18.395517497496925],[-66.20950877666473,18.396041797603402]],[[-66.21155798435211,18.39486593785955],[-66.21062457561493,18.395110273012335],[-66.20912790298462,18.395532768396365]],[[-66.21165454387665,18.394224556434878],[-66.20912253856659,18.39492193136266]],[[-66.2084037065506,18.396041797603402],[-66.20828568935394,18.395481865392952],[-66.20830178260803,18.39518662767651],[-66.2077921628952,18.39515608581489],[-66.20735228061676,18.395150995504096],[-66.20702505111694,18.395120453636167],[-66.20619893074036,18.395018647370634],[-66.20586097240448,18.395095002075422],[-66.2055766582489,18.39523753076716]],[[-66.2074327468872,18.39626067970002],[-66.20798528194427,18.39625558942187]],[[-66.20747566223145,18.395995985036365],[-66.2071430683136,18.396041797603402],[-66.20691776275635,18.396046887887877],[-66.20679974555969,18.396062158740406],[-66.20672464370728,18.396113061572365],[-66.20671391487122,18.396148693545797]],[[-66.20738446712494,18.396555915575846],[-66.20747566223145,18.395995985036365],[-66.2075024843216,18.395680387021258]],[[-66.20813548564911,18.393705341151886],[-66.20813548564911,18.393628985831256]],[[-66.20831787586212,18.393715521858752],[-66.20831251144409,18.393634076187013]],[[-66.20896697044373,18.392799255832003],[-66.21021687984467,18.39286034038537],[-66.2113219499588,18.39289088265393]],[[-66.20741128921509,18.393562811192666],[-66.20749175548553,18.393562811192666]],[[-66.20457351207733,18.39172009181857],[-66.20432138442993,18.392697448194923],[-66.20361328125,18.395624393764635]],[[-66.20462715625763,18.39131285835903],[-66.20472371578217,18.390676554151867],[-66.20469689369202,18.39061037837945],[-66.20348453521729,18.390488207655906],[-66.20339870452881,18.39052893124004]],[[-66.20389759540558,18.39227494585829],[-66.2040263414383,18.391664097274955],[-66.20457351207733,18.39172009181857],[-66.20479881763458,18.39172518223073]],[[-66.20432138442993,18.392697448194923],[-66.2032699584961,18.392458200011035]],[[-66.20398879051208,18.394087117247523],[-66.20436429977417,18.394163472365136]],[[-66.20613992214203,18.394300911491584],[-66.20604336261749,18.394331453504805],[-66.20592534542084,18.39435181484393],[-66.20479881763458,18.39432636316964]],[[-66.20561420917511,18.394764131443623],[-66.20549082756042,18.394748860476042],[-66.20536208152771,18.394764131443623],[-66.20529234409332,18.394764131443623]],[[-66.20631694793701,18.39537496903681],[-66.20624721050262,18.39539533025261],[-66.20612382888794,18.395456413885597],[-66.20605945587158,18.39550731689654],[-66.2059736251831,18.39559894227834],[-66.20570003986359,18.395619303467683],[-66.20556592941284,18.395654935543234],[-66.2054693698883,18.3956345743581],[-66.20543718338013,18.39556840048982],[-66.20500266551971,18.395466594488994],[-66.20489001274109,18.395405510859604]],[[-66.20464324951172,18.396555915575846],[-66.20489537715912,18.396240318586493],[-66.20511531829834,18.395868727841773],[-66.20543718338013,18.39556840048982],[-66.2055766582489,18.39523753076716],[-66.20559275150299,18.39484557658116],[-66.20567858219147,18.394468892497244],[-66.20566248893738,18.394346724509376]],[[-66.20405316352844,18.396535554497206],[-66.20404779911041,18.396555915575846]],[[-66.2032699584961,18.395039008628572],[-66.20373129844666,18.39514081488204]],[[-66.2032699584961,18.391552108133126],[-66.20351672172546,18.391608102713136],[-66.2032699584961,18.392239313083735]],[[-66.2032699584961,18.38964319111352],[-66.20355427265167,18.389678824424905],[-66.2047827243805,18.389775543375762],[-66.20474517345428,18.389200319343175],[-66.2047129869461,18.38842656363404]],[[-66.20355427265167,18.389678824424905],[-66.20352745056152,18.38900688074156]],[[-66.2032699584961,18.388014231870272],[-66.2046754360199,18.38795823612257]],[[-66.20345771312714,18.386191815470553],[-66.20343089103699,18.385504586406398]],[[-66.2032699584961,18.382567287602015],[-66.20337724685669,18.382597831694554],[-66.20378494262695,18.38263346646235],[-66.2051260471344,18.38270473597585],[-66.2055230140686,18.38270982665425],[-66.20737910270691,18.382389113621002]],[[-66.2032699584961,18.38168150656442],[-66.20343625545502,18.381742595057943],[-66.20383322238922,18.381793502119336],[-66.20541036128998,18.381874953386315],[-66.20699286460876,18.382002220913932]],[[-66.2032699584961,18.38024592073633],[-66.20394051074982,18.380490276614964]],[[-66.2034684419632,18.379487397157334],[-66.20423555374146,18.37978775253059]],[[-66.20335578918457,18.377059081114723],[-66.2032699584961,18.377023445194965]],[[-66.2032699584961,18.37728307815604],[-66.20349526405334,18.376692539874114],[-66.20350062847137,18.376595813583478],[-66.20347917079926,18.376499087238614],[-66.20333433151245,18.376132544807902],[-66.2032699584961,18.376045999953632]],[[-66.20349526405334,18.375053276460633],[-66.20350062847137,18.37509909459378]],[[-66.2032699584961,18.37512964000912],[-66.20373129844666,18.375053276460633]],[[-66.20482563972473,18.37526709431114],[-66.20405316352844,18.377242351442902]],[[-66.21828496456146,18.375053276460633],[-66.21833860874176,18.375598002366786]],[[-66.21925055980682,18.375053276460633],[-66.21905207633972,18.375231458021148],[-66.21873557567596,18.375822001305664],[-66.2185800075531,18.376239453097313]],[[-66.21982991695404,18.375318003284107],[-66.21970653533936,18.375053276460633]],[[-66.22060775756836,18.37535873045165],[-66.22068285942078,18.375282367004615],[-66.2207418680191,18.375236548920157],[-66.22076332569122,18.375190730823547],[-66.2207579612732,18.37512964000912],[-66.2207043170929,18.375078730980547],[-66.22065603733063,18.375053276460633]],[[-66.22156798839569,18.375053276460633],[-66.221262216568,18.375465639220707],[-66.22120320796967,18.375582729701264],[-66.2211924791336,18.375633638581064],[-66.22113347053528,18.376600904442242],[-66.22108519077301,18.378662689882887],[-66.22104227542877,18.37936012777358]],[[-66.22278034687042,18.375063458269054],[-66.22278034687042,18.375053276460633]],[[-66.22544646263123,18.375185639923174],[-66.22495293617249,18.375424912078415],[-66.22505486011505,18.375913637151356]]]},"properties":{"class":"minor","id":"14/5178/7340/14","source":"OpenFreeMap / OpenStreetMap","exposureHigh":false,"exposureModerate":false,"zoneLabels":"X"},"id":216557840},{"type":"Feature","geometry":{"type":"MultiLineString","coordinates":[[[-66.22052192687988,18.396555915575846],[-66.2205058336258,18.396113061572365]],[[-66.22000694274902,18.396555915575846],[-66.22002303600311,18.396474471246847],[-66.22002303600311,18.395990894750383],[-66.22000694274902,18.395934901594686],[-66.21996402740479,18.395894179288206],[-66.21976017951965,18.395889088999212]],[[-66.2187784910202,18.396494832332706],[-66.21880531311035,18.39607742959157],[-66.21888041496277,18.39542587207181],[-66.21904134750366,18.394199104741787],[-66.21904671192169,18.394051484847722],[-66.21901988983154,18.3938173288943],[-66.21895551681519,18.393552630476776],[-66.21886968612671,18.393099588010884],[-66.21884286403656,18.392712719344317],[-66.21882140636444,18.392580369337935],[-66.21851027011871,18.39207132990444],[-66.21849954128265,18.39192370818745],[-66.21859073638916,18.391002342199457],[-66.21857464313507,18.39091580480938],[-66.21817231178284,18.390498388552857],[-66.21783971786499,18.38975518149587],[-66.21765196323395,18.38956683399296],[-66.21750175952911,18.389505748272114]],[[-66.21646106243134,18.395145905193147],[-66.21646642684937,18.39569056761141],[-66.2164556980133,18.396326853302398]],[[-66.21790945529938,18.38833493443846],[-66.2179845571518,18.388207671585988],[-66.21813476085663,18.387780067713408],[-66.21815085411072,18.38760698965386],[-66.21805429458618,18.386970671764445],[-66.21821522712708,18.3863190798114]],[[-66.22265696525574,18.381223342173186],[-66.2228661775589,18.380943352223667],[-66.22303247451782,18.38092808003151]],[[-66.20440721511841,18.38544349924588],[-66.20414972305298,18.385524948788415]],[[-66.20752930641174,18.39068673503769],[-66.20750784873962,18.391221230697994]],[[-66.20846271514893,18.389337762428184],[-66.20850026607513,18.389322490979694],[-66.20851635932922,18.38928685759467],[-66.2085109949112,18.389241043231635],[-66.20841979980469,18.388955975810305],[-66.20833396911621,18.388767627433964],[-66.20811939239502,18.388217852617643],[-66.20777070522308,18.387260833013386]],[[-66.21332287788391,18.394647053990937],[-66.21358036994934,18.394535066787824],[-66.21385931968689,18.394438350508395],[-66.21408998966217,18.394392537514975],[-66.2147444486618,18.394438350508395],[-66.21525943279266,18.394417989179487],[-66.21532917022705,18.39458597007099],[-66.21527016162872,18.39529352414951]],[[-66.2080067396164,18.394417989179487],[-66.20798528194427,18.394361995512597],[-66.20801746845245,18.3938173288943]],[[-66.20858073234558,18.393007961299944],[-66.20829641819,18.393007961299944],[-66.20631694793701,18.392936696046633]],[[-66.2078458070755,18.392992690176712],[-66.20781898498535,18.393501726888317]],[[-66.20838224887848,18.393002870925685],[-66.20836615562439,18.393527178684423]],[[-66.20864510536194,18.39242765766579],[-66.20633840560913,18.392351301778945]],[[-66.20868265628815,18.39184226166877],[-66.20634913444519,18.391760815111596]],[[-66.20860755443573,18.391251773257082],[-66.20631158351898,18.391175416849208]],[[-66.20856463909149,18.391251773257082],[-66.20859146118164,18.390366036845762]],[[-66.20802283287048,18.39123141155163],[-66.20804965496063,18.390518750344924]],[[-66.20699286460876,18.391200868988932],[-66.20700895786285,18.39080890562049]],[[-66.20752930641174,18.393603534050172],[-66.20749175548553,18.39366461831841],[-66.20747029781342,18.393730792917907],[-66.20744347572327,18.394361995512597],[-66.20746493339539,18.39440271818124],[-66.2075400352478,18.394428169844247],[-66.20792627334595,18.39444344084025],[-66.2081515789032,18.394361995512597],[-66.2082427740097,18.39435181484393],[-66.20844662189484,18.394356905178327],[-66.2084949016571,18.394336543839813],[-66.20851635932922,18.394280550146433],[-66.20853245258331,18.393847870993213]],[[-66.20741128921509,18.393562811192666],[-66.20660662651062,18.39356790155037],[-66.20646178722382,18.393552630476776]],[[-66.20713233947754,18.393557720834792],[-66.20710551738739,18.39444344084025]],[[-66.20660662651062,18.39356790155037],[-66.20656907558441,18.394397627848164]],[[-66.2040263414383,18.391664097274955],[-66.20351672172546,18.391608102713136],[-66.20367765426636,18.391190688133506],[-66.20369911193848,18.39114487427659],[-66.20374739170074,18.391093969976865],[-66.20465397834778,18.39116523599229]],[[-66.20385468006134,18.394626692686685],[-66.2032699584961,18.394509615140606]],[[-66.2034523487091,18.394005671751444],[-66.20380103588104,18.392575278951043]],[[-66.20357036590576,18.394041304160723],[-66.2034523487091,18.394005671751444],[-66.2032699584961,18.393970039334803]],[[-66.20329678058624,18.379299038436017],[-66.2032699584961,18.37936521855073]],[[-66.2067461013794,18.375053276460633],[-66.2067836523056,18.375536911696614],[-66.20668172836304,18.375679456560036],[-66.20655298233032,18.375745638063734],[-66.20648860931396,18.375766001598222]]]},"properties":{"surface":"paved","class":"minor","id":"14/5178/7340/15","source":"OpenFreeMap / OpenStreetMap","exposureHigh":false,"exposureModerate":false,"zoneLabels":"X"},"id":222324910},{"type":"Feature","geometry":{"type":"LineString","coordinates":[[-66.20912253856659,18.393985310371406],[-66.2089616060257,18.393827509594516],[-66.20877921581268,18.393695160444423],[-66.20865046977997,18.3936493472534],[-66.20850026607513,18.393639166542627],[-66.20760440826416,18.393618805119274],[-66.20752930641174,18.393603534050172],[-66.20749175548553,18.393562811192666],[-66.2074863910675,18.39345591364585],[-66.20757222175598,18.391221230697994]]},"properties":{"surface":"paved","class":"minor","oneway":1,"id":"14/5178/7340/19","source":"OpenFreeMap / OpenStreetMap","exposureHigh":false,"exposureModerate":false,"zoneLabels":"X"},"id":4145174812},{"type":"Feature","geometry":{"type":"LineString","coordinates":[[-66.20750784873962,18.391221230697994],[-66.20741128921509,18.393562811192666],[-66.20749175548553,18.39366461831841],[-66.20761513710022,18.393690070090457],[-66.20862901210785,18.393730792917907],[-66.20875775814056,18.39379187714104],[-66.20886504650116,18.39388350343512],[-66.20904743671417,18.39406675587712]]},"properties":{"surface":"paved","class":"minor","oneway":1,"id":"14/5178/7340/20","source":"OpenFreeMap / OpenStreetMap","exposureHigh":false,"exposureModerate":false,"zoneLabels":"X"},"id":4145174962},{"type":"Feature","geometry":{"type":"LineString","coordinates":[[-66.21029734611511,18.39359844369352],[-66.21064066886902,18.394713228213092],[-66.21064603328705,18.394855757220654],[-66.21046900749207,18.39542587207181],[-66.210458278656,18.395542948995242],[-66.21049582958221,18.395700748200966],[-66.21068358421326,18.396316672749833]]},"properties":{"class":"minor","oneway":1,"id":"14/5178/7340/21","source":"OpenFreeMap / OpenStreetMap","exposureHigh":false,"exposureModerate":false,"zoneLabels":"X"},"id":4145174982},{"type":"Feature","geometry":{"type":"LineString","coordinates":[[-66.21074259281158,18.396301401919885],[-66.21054410934448,18.395649845247178],[-66.21052265167236,18.395532768396365],[-66.21052265167236,18.395436052677],[-66.21054410934448,18.395339336903348],[-66.21068358421326,18.394937202314892],[-66.21069967746735,18.394830305620815],[-66.21069431304932,18.39470813788921],[-66.21049046516418,18.39401585244056],[-66.21047973632812,18.393873322738187],[-66.21038317680359,18.39356790155037]]},"properties":{"class":"minor","oneway":1,"id":"14/5178/7340/22","source":"OpenFreeMap / OpenStreetMap","exposureHigh":false,"exposureModerate":false,"zoneLabels":"X"},"id":4145174992},{"type":"Feature","geometry":{"type":"MultiLineString","coordinates":[[[-66.2189769744873,18.383814500313505],[-66.21925055980682,18.383402157517466],[-66.22022151947021,18.382526562136874],[-66.22064530849457,18.382236392919282],[-66.22083306312561,18.382027674408178],[-66.22102618217468,18.38156442022469],[-66.22122466564178,18.380963715144404],[-66.22135877609253,18.380693906249306],[-66.22155725955963,18.380444459914102],[-66.2216591835022,18.380296828239608],[-66.22173964977264,18.380154287192568],[-66.22181475162506,18.379940475401085],[-66.22184157371521,18.379813206351727],[-66.2218576669693,18.37966048336851],[-66.22186839580536,18.379375400104593],[-66.22186303138733,18.379248130638175],[-66.22156798839569,18.378642326690425],[-66.22155725955963,18.37856596469723],[-66.22157335281372,18.378331787707282],[-66.2216591835022,18.37799579407931],[-66.22174501419067,18.377619073172553],[-66.22175574302673,18.377537619895335],[-66.22175574302673,18.37742562157632],[-66.22159481048584,18.376402360839492],[-66.22158408164978,18.37628527091536],[-66.22159481048584,18.376132544807902],[-66.22162163257599,18.376000182072033],[-66.22182011604309,18.375557275255744],[-66.22199177742004,18.375241639819038],[-66.22207760810852,18.375053276460633]],[[-66.20376884937286,18.38500061668475],[-66.20469152927399,18.38626817408634],[-66.2049275636673,18.386690691148942],[-66.2050187587738,18.38699612452514],[-66.20504021644592,18.387118297724072],[-66.20510458946228,18.38833493443846],[-66.20519578456879,18.389062876148557],[-66.205233335495,18.390238775493103],[-66.20490610599518,18.391857532893965],[-66.20455741882324,18.3933744678514],[-66.20398879051208,18.395731289966022],[-66.20379567146301,18.39615887410828],[-66.20377957820892,18.396270860255882],[-66.20376884937286,18.396555915575846]],[[-66.21260941028595,18.389826448064923],[-66.21254503726959,18.389745000555024],[-66.21246457099915,18.389734819613594],[-66.20926201343536,18.38959737684523],[-66.20895087718964,18.389617738743766],[-66.2086933851242,18.389673733952293],[-66.20727717876434,18.39011151404644],[-66.20713233947754,18.390147147260976],[-66.20700895786285,18.39016750909454],[-66.20626330375671,18.39020823275446],[-66.205233335495,18.390238775493103],[-66.20342552661896,18.390055518980148],[-66.2032699584961,18.390024976209048]],[[-66.21251821517944,18.396555915575846],[-66.21258795261383,18.3959298113069],[-66.21282935142517,18.395436052677],[-66.21287763118744,18.395252801691413],[-66.21296346187592,18.394087117247523],[-66.21306002140045,18.393384648577822],[-66.21313512325287,18.39294178642284],[-66.21329069137573,18.3924683807916],[-66.21370911598206,18.39184226166877],[-66.21393978595734,18.39141466681413],[-66.21413290500641,18.39103288479734],[-66.2143474817276,18.390416941360513],[-66.21438503265381,18.39004533805705],[-66.21438503265381,18.38938866724665],[-66.21449768543243,18.389190138369557],[-66.2146908044815,18.388996699756518],[-66.2149965763092,18.388620002886995],[-66.21517360210419,18.38826366725266],[-66.21597290039062,18.38694521900001],[-66.21621966362,18.38666014778154],[-66.21641278266907,18.3865176119955],[-66.21684193611145,18.38639034780124],[-66.21712625026703,18.386395438370812],[-66.21755540370941,18.386548155388155],[-66.21770560741425,18.386558336517822],[-66.21809720993042,18.386380166661638],[-66.21821522712708,18.3863190798114],[-66.2184888124466,18.384730814107044],[-66.21870338916779,18.384287929714944],[-66.21883749961853,18.384058851134654]],[[-66.2032699584961,18.39560912287331],[-66.20366156101227,18.39602143646401],[-66.20370984077454,18.396143603264335],[-66.20388150215149,18.39644901988615],[-66.20409071445465,18.396555915575846]],[[-66.20595216751099,18.375195821723764],[-66.2057214975357,18.375211094423534],[-66.20534062385559,18.375180549022645],[-66.2032699584961,18.375542002586613]]]},"properties":{"class":"tertiary","id":"14/5178/7340/29","source":"OpenFreeMap / OpenStreetMap","exposureHigh":false,"exposureModerate":false,"zoneLabels":"X"},"id":222342830},{"type":"Feature","geometry":{"type":"LineString","coordinates":[[-66.20976626873016,18.396555915575846],[-66.2097018957138,18.39646938097502],[-66.20926201343536,18.396082519874994],[-66.20914936065674,18.395950172457134],[-66.20904743671417,18.395782192895737],[-66.2089616060257,18.39551240719682],[-66.20895087718964,18.394484163489622],[-66.20897233486176,18.394250008124203],[-66.20904743671417,18.39406675587712],[-66.20908498764038,18.39403621381699],[-66.20912253856659,18.393985310371406],[-66.20924055576324,18.39389877447941],[-66.20932638645172,18.393858051691666],[-66.21029734611511,18.39359844369352],[-66.21059238910675,18.393511907607206],[-66.21109664440155,18.393384648577822],[-66.21133804321289,18.393308293115055],[-66.21150434017181,18.393231937618467],[-66.21160626411438,18.39311485912465],[-66.21169209480286,18.39295196717481],[-66.211718916893,18.392753442402764],[-66.21170818805695,18.392361482565818],[-66.21171355247498,18.392249493877216],[-66.21176183223724,18.392066239502512],[-66.21184766292572,18.391938979405424],[-66.21194958686829,18.39168445892929],[-66.2119710445404,18.39154701771585],[-66.2119871377945,18.390849629128837],[-66.21201395988464,18.39068673503769],[-66.21206760406494,18.390559473921826],[-66.21212661266327,18.390478026758373],[-66.21226608753204,18.390330403676487],[-66.21242165565491,18.39020314229751],[-66.21256113052368,18.390050428518677],[-66.21262550354004,18.38993334786325],[-66.21260941028595,18.389826448064923]]},"properties":{"surface":"paved","class":"tertiary","id":"14/5178/7340/30","source":"OpenFreeMap / OpenStreetMap","exposureHigh":false,"exposureModerate":false,"zoneLabels":"X"},"id":3775066462},{"type":"Feature","geometry":{"type":"MultiLineString","coordinates":[[[-66.20325922966003,18.439405559385165],[-66.2033611536026,18.439909369826893]],[[-66.1980128288269,18.4380620576527],[-66.19763731956482,18.438708364721393],[-66.1974710226059,18.438667652536836],[-66.19642496109009,18.438118037101262],[-66.19639277458191,18.43807732477684],[-66.19638741016388,18.438041701485076],[-66.19663953781128,18.43759895424256]],[[-66.19576513767242,18.438978082700515],[-66.19552910327911,18.438942459595452]],[[-66.1957436800003,18.439125664057073],[-66.19579195976257,18.438799967101403],[-66.19543254375458,18.43873380983186],[-66.19535744190216,18.438754165917516],[-66.19515359401703,18.438682919607174],[-66.19513750076294,18.438637118392094],[-66.1950945854187,18.438601495216346],[-66.19505167007446,18.43859131716478],[-66.19500875473022,18.438601495216346],[-66.19499266147614,18.438637118392094],[-66.19499802589417,18.43867274156044],[-66.19502484798431,18.438698186676177],[-66.19508922100067,18.438718542766026],[-66.19513213634491,18.438718542766026],[-66.19515359401703,18.438682919607174]],[[-66.19559347629547,18.439105308015414],[-66.19556665420532,18.43925288926272]],[[-66.19570076465607,18.439120575046886],[-66.19563639163971,18.439573496363195]],[[-66.19547545909882,18.43904423987601],[-66.19536280632019,18.439110397026056],[-66.19535744190216,18.439166376133116]],[[-66.19499266147614,18.439955170702902],[-66.19506776332855,18.439492072394344]],[[-66.19535744190216,18.438754165917516],[-66.1954915523529,18.439074773948434],[-66.19555056095123,18.439100219004644],[-66.19653224945068,18.439227444229118]],[[-66.19445621967316,18.438459002439572],[-66.19443476200104,18.438199461721155],[-66.19431674480438,18.438148571338232],[-66.19396269321442,18.438148571338232],[-66.19393587112427,18.438133304220415],[-66.19392514228821,18.438092591899633],[-66.19393587112427,18.438072235735603],[-66.19411826133728,18.43779742728543],[-66.19415581226349,18.437782160136422],[-66.19423627853394,18.43779742728543],[-66.19432210922241,18.437827961579373],[-66.19472444057465,18.438041701485076],[-66.19463860988617,18.43821472883309]],[[-66.19447767734528,18.43900352777102],[-66.19441330432892,18.439400470383262],[-66.19588851928711,18.439609119337433],[-66.19728326797485,18.439787234097864]],[[-66.18238091468811,18.4560305238562],[-66.1820375919342,18.4557811867209]],[[-66.18212878704071,18.455984727266653],[-66.1820536851883,18.456106851478282]],[[-66.18233263492584,18.456305303136872],[-66.18182301521301,18.455944019176812]],[[-66.18504166603088,18.437700735318828],[-66.18504703044891,18.43759895424256]],[[-66.18892550468445,18.43759895424256],[-66.18896305561066,18.437690557213898],[-66.18897914886475,18.437945009655905]]]},"properties":{"class":"service","id":"14/5179/7337/0","source":"OpenFreeMap / OpenStreetMap","exposureHigh":true,"exposureModerate":true,"zoneLabels":"AE, X"},"id":222339520},{"type":"Feature","geometry":{"type":"MultiLineString","coordinates":[[[-66.1880511045456,18.450911407216893],[-66.18797600269318,18.45133376555893]],[[-66.1882495880127,18.45094193918007],[-66.18770241737366,18.450855431936986]],[[-66.189204454422,18.450066687416566],[-66.1891508102417,18.450183727154936],[-66.18881285190582,18.450489047836115]],[[-66.18957459926605,18.449654503355035],[-66.1894941329956,18.450112485584555]],[[-66.1890435218811,18.44958326156511],[-66.18898451328278,18.450000534485667],[-66.18903815746307,18.45004124398463],[-66.18956387042999,18.45012775163785],[-66.18968188762665,18.450244791334597]],[[-66.18785798549652,18.452178479126545],[-66.1874932050705,18.45212250425965]],[[-66.18793845176697,18.45168488194406],[-66.1877989768982,18.452575391295625]],[[-66.18762731552124,18.452890884929403],[-66.18760585784912,18.453170757829014],[-66.18768095970154,18.453201289390464],[-66.18771851062775,18.453257263905698],[-66.18769705295563,18.453476073199226],[-66.18767023086548,18.453506604706376],[-66.18753612041473,18.453496427537928],[-66.18749856948853,18.45346589602896],[-66.18752002716064,18.453231820946485],[-66.18755757808685,18.45318093501676],[-66.18760585784912,18.453170757829014]]]},"properties":{"surface":"paved","class":"service","id":"14/5179/7337/1","source":"OpenFreeMap / OpenStreetMap","exposureHigh":true,"exposureModerate":true,"zoneLabels":"AE, X"},"id":222352300},{"type":"Feature","geometry":{"type":"LineString","coordinates":[[-66.18881821632385,18.445369766005243],[-66.18863582611084,18.445639473527393]]},"properties":{"class":"service","oneway":1,"id":"14/5179/7337/2","source":"OpenFreeMap / OpenStreetMap","exposureHigh":true,"exposureModerate":false,"zoneLabels":"AE"},"id":4364545262},{"type":"Feature","geometry":{"type":"LineString","coordinates":[[-66.1887001991272,18.445680184059995],[-66.18888795375824,18.445415565425648]]},"properties":{"class":"service","oneway":1,"id":"14/5179/7337/3","source":"OpenFreeMap / OpenStreetMap","exposureHigh":true,"exposureModerate":false,"zoneLabels":"AE"},"id":4364545272},{"type":"Feature","geometry":{"type":"MultiLineString","coordinates":[[[-66.2039566040039,18.439629475319407],[-66.20389759540558,18.43964474230431],[-66.20384931564331,18.439476805395884],[-66.2039566040039,18.439446271394914]],[[-66.19788408279419,18.438285975337507],[-66.19736909866333,18.43800607818592],[-66.19726717472076,18.43818419460787],[-66.19778752326965,18.438448824379563]],[[-66.19743347167969,18.43844373534934],[-66.19770169258118,18.43859131716478]],[[-66.19718670845032,18.43828088630245],[-66.19699895381927,18.438611673267303]],[[-66.19735300540924,18.43833686567973],[-66.19723498821259,18.438545515925284]],[[-66.19693994522095,18.438387756006875],[-66.19686484336853,18.43851498175883],[-66.19654297828674,18.438331776646194],[-66.19654297828674,18.43831650954465],[-66.19659662246704,18.438209639795915]],[[-66.19617819786072,18.43918164315916],[-66.19623184204102,18.43881523415999],[-66.19655907154083,18.438891569432585],[-66.19653224945068,18.439227444229118]],[[-66.19639277458191,18.438850857291413],[-66.19634449481964,18.439201999191766]],[[-66.19441330432892,18.439690543250833],[-66.19564175605774,18.439858479950345],[-66.19565784931183,18.439731255193053],[-66.19504630565643,18.43964983129895],[-66.19442939758301,18.4395531403746],[-66.1943918466568,18.43986865792685],[-66.19499266147614,18.439955170702902],[-66.19551837444305,18.440016238518567],[-66.19555592536926,18.439715988215852]],[[-66.19649469852448,18.43761422140784],[-66.19638204574585,18.43780760538401],[-66.19638741016388,18.437853406820196],[-66.19646787643433,18.437899208244147]],[[-66.19659125804901,18.43767529005541],[-66.19646787643433,18.43759895424256]]]},"properties":{"class":"service","service":"parking_aisle","id":"14/5179/7337/5","source":"OpenFreeMap / OpenStreetMap","exposureHigh":true,"exposureModerate":false,"zoneLabels":"AE, X"},"id":12306280910},{"type":"Feature","geometry":{"type":"LineString","coordinates":[[-66.18212878704071,18.455984727266653],[-66.18225753307343,18.4559389306649]]},"properties":{"class":"service","oneway":1,"id":"14/5179/7337/6","source":"OpenFreeMap / OpenStreetMap","exposureHigh":false,"exposureModerate":true,"zoneLabels":"X"},"id":14348741352},{"type":"Feature","geometry":{"type":"LineString","coordinates":[[-66.1820375919342,18.4557811867209],[-66.1819839477539,18.455832071879954],[-66.18196249008179,18.455872779996355],[-66.18212878704071,18.455984727266653]]},"properties":{"class":"service","oneway":1,"id":"14/5179/7337/7","source":"OpenFreeMap / OpenStreetMap","exposureHigh":false,"exposureModerate":true,"zoneLabels":"X"},"id":14348741372},{"type":"Feature","geometry":{"type":"MultiLineString","coordinates":[[[-66.19038462638855,18.44674883208998],[-66.19044363498688,18.446759009658294],[-66.19050800800323,18.44678445357647],[-66.19064748287201,18.446860785308374],[-66.1907708644867,18.446982916008878],[-66.19085133075714,18.4470846915263],[-66.19101762771606,18.44743581659847],[-66.19131803512573,18.448117709615616],[-66.19165062904358,18.447975224731294]],[[-66.19204223155975,18.437970454879377],[-66.19068503379822,18.437965365834984],[-66.1896014213562,18.43793992061076]],[[-66.18947803974152,18.438082413817938],[-66.1894565820694,18.43759895424256]],[[-66.18399560451508,18.441975486086918],[-66.18398487567902,18.44214342055325]],[[-66.18271887302399,18.442270643524537],[-66.18276715278625,18.442255376772962],[-66.18297636508942,18.44200601963847],[-66.18305683135986,18.44197039716113],[-66.18316948413849,18.441950041456494],[-66.18344843387604,18.44196530823521]],[[-66.18266522884369,18.444535196650506],[-66.18311583995819,18.444850705053952],[-66.18341088294983,18.445262900643485],[-66.18343234062195,18.44533414422537],[-66.1834055185318,18.445395210129192],[-66.18246138095856,18.446580902125547],[-66.18240237236023,18.446621612435024],[-66.18232727050781,18.4466012572815],[-66.1819463968277,18.446326462472683],[-66.1815869808197,18.446077111247206],[-66.18154406547546,18.446005867973454],[-66.18156015872955,18.445934624670144],[-66.18266522884369,18.444535196650506],[-66.18280470371246,18.44437235337685]],[[-66.18355572223663,18.444504663548457],[-66.18311583995819,18.444850705053952],[-66.1819463968277,18.446326462472683]],[[-66.18521869182587,18.447669899581143],[-66.18554592132568,18.448138064589443],[-66.18585705757141,18.44855025229039],[-66.18586242198944,18.448601139592284],[-66.18583023548126,18.448667293062186],[-66.18534207344055,18.449288116692045],[-66.18527233600616,18.449344092482818],[-66.18520796298981,18.44933391506767],[-66.18443012237549,18.448789422478157],[-66.18440330028534,18.448738535232053],[-66.18440330028534,18.448697825424333],[-66.18521869182587,18.447669899581143],[-66.18568003177643,18.44736457388825]],[[-66.18196785449982,18.447089780300587],[-66.18146359920502,18.44673865452104]],[[-66.18191957473755,18.447150845580282],[-66.18205904960632,18.44696764967607]],[[-66.18314266204834,18.451074244291092],[-66.18336260318756,18.450784190645265],[-66.18439257144928,18.449506931043118],[-66.1847734451294,18.449796986846195],[-66.18480026721954,18.44984278508612],[-66.18478417396545,18.4498987606961],[-66.18387222290039,18.45105388966526],[-66.18382394313812,18.451084421603085],[-66.18375957012177,18.451079332947174],[-66.18336260318756,18.450784190645265],[-66.18298709392548,18.450529757219257],[-66.18296563625336,18.450483959162526],[-66.18296563625336,18.450433072418534],[-66.18389368057251,18.449252495724807],[-66.18393659591675,18.449232140883055],[-66.18398487567902,18.449232140883055],[-66.18439257144928,18.449506931043118]],[[-66.18444085121155,18.45204617486631],[-66.18468761444092,18.451761211498024],[-66.18550300598145,18.450758747319625],[-66.18588387966156,18.45102844637958],[-66.18591070175171,18.451084421603085],[-66.18589997291565,18.451135308154107],[-66.18543863296509,18.451695059219887],[-66.18519186973572,18.452056352120707],[-66.18513822555542,18.452066529374505],[-66.18508994579315,18.452056352120707],[-66.18468761444092,18.451761211498024],[-66.18431746959686,18.45149151358889],[-66.18430137634277,18.451466070368042],[-66.18430137634277,18.45141518391506],[-66.1850094795227,18.450504313855916],[-66.185063123703,18.45047887048881],[-66.1851167678833,18.450489047836115],[-66.18550300598145,18.450758747319625]],[[-66.1859267950058,18.450285500775635],[-66.18655979633331,18.449481487528246]],[[-66.18673145771027,18.448748712682487],[-66.18626475334167,18.449064213346574],[-66.18614673614502,18.449135455351794],[-66.18552446365356,18.44991402676837],[-66.18554592132568,18.45002088923634],[-66.18631839752197,18.450565377921592],[-66.18639886379242,18.45056028925029],[-66.18689775466919,18.449939470219164]],[[-66.18739664554596,18.450682417320095],[-66.1871337890625,18.450494136509533],[-66.18718206882477,18.450438161093615],[-66.1871874332428,18.450377096982706],[-66.18689775466919,18.449939470219164],[-66.18626475334167,18.449064213346574]],[[-66.18854999542236,18.45031094417139],[-66.1887001991272,18.44940006825533]],[[-66.1893492937088,18.450550111907205],[-66.18988037109375,18.450066687416566],[-66.19004130363464,18.450005623173567],[-66.1902505159378,18.450000534485667],[-66.19058310985565,18.450092130844737],[-66.19098007678986,18.450316032850097],[-66.19124829769135,18.450621353296043],[-66.19134485721588,18.450794367974467],[-66.19133412837982,18.45087069792423],[-66.19098007678986,18.451008091748335],[-66.19084060192108,18.451033535037013],[-66.19077622890472,18.45091649587782],[-66.19061529636383,18.450768924650333],[-66.19040608406067,18.450641707973148],[-66.19022369384766,18.450590821275867],[-66.19014322757721,18.450616264626404],[-66.1897623538971,18.450962293819174]],[[-66.18908107280731,18.449456044009608],[-66.18916690349579,18.449079479493037],[-66.18930101394653,18.4486164057799],[-66.18939757347107,18.448545163559373],[-66.19059920310974,18.448723269055293],[-66.19104444980621,18.448850487153592],[-66.19150578975677,18.44902859233288],[-66.19181156158447,18.44922196346127],[-66.19190812110901,18.449344092482818],[-66.19212806224823,18.4499292928393]],[[-66.19098007678986,18.44987331723928],[-66.19072258472443,18.449751188594078],[-66.19016468524933,18.449618882463753],[-66.1887001991272,18.44940006825533],[-66.18811547756195,18.44931356023558],[-66.1878365278244,18.44916598763072],[-66.18661880493164,18.447573213170443]],[[-66.19058310985565,18.450092130844737],[-66.19072258472443,18.449751188594078]],[[-66.19103908538818,18.451613640996428],[-66.19067430496216,18.45176630013374],[-66.19059920310974,18.451761211498024],[-66.1905187368393,18.45171541376972],[-66.1893492937088,18.450550111907205],[-66.18927955627441,18.45047887048881]],[[-66.18795990943909,18.454473432958423],[-66.18785262107849,18.45464644375555],[-66.18768632411957,18.45476856891915],[-66.18756294250488,18.454824542923433]],[[-66.18865728378296,18.455521672175067],[-66.18806719779968,18.455577645933815],[-66.18784725666046,18.455577645933815]],[[-66.18680119514465,18.453608376357707],[-66.18636131286621,18.453196200797265],[-66.18594288825989,18.452834910294754],[-66.1855673789978,18.452478707646648],[-66.1858195066452,18.452102149758076],[-66.18637204170227,18.451420272561037],[-66.18645787239075,18.451425361206873],[-66.18683874607086,18.451689970582052],[-66.18696212768555,18.45175103422612],[-66.18754148483276,18.451837541018037]],[[-66.18343234062195,18.454885605452745],[-66.18518114089966,18.452656809063072]],[[-66.1812973022461,18.45563870819528],[-66.18234872817993,18.454295333426316],[-66.18242919445038,18.454269890620935],[-66.18281543254852,18.45453958416614],[-66.18282616138458,18.45463626665466],[-66.18207514286041,18.45559800002337],[-66.18182301521301,18.455944019176812],[-66.18176400661469,18.455999992797857],[-66.18168890476227,18.4560101698179]],[[-66.1812973022461,18.44451484124974],[-66.18186593055725,18.443817667317575],[-66.18220388889313,18.443349490534374]],[[-66.1812973022461,18.443609023473968],[-66.1813348531723,18.443558134693177],[-66.18139922618866,18.443517423657696],[-66.18148505687714,18.443527601417458],[-66.18186593055725,18.443817667317575],[-66.18221461772919,18.444072110686378],[-66.18226289749146,18.444138265900534],[-66.1822360754013,18.44420442108921],[-66.1812973022461,18.445400298953544]],[[-66.19060456752777,18.43759895424256],[-66.19069039821625,18.437863584915448],[-66.19067966938019,18.438341954713138]]]},"properties":{"surface":"paved","class":"minor","id":"14/5179/7337/8","source":"OpenFreeMap / OpenStreetMap","exposureHigh":true,"exposureModerate":true,"zoneLabels":"AE, X"},"id":222338490},{"type":"Feature","geometry":{"type":"MultiLineString","coordinates":[[[-66.19645714759827,18.459093779106],[-66.19623720645905,18.459047983333676],[-66.19618356227875,18.45905307175343],[-66.19608163833618,18.459093779106]],[[-66.19272887706757,18.45376103372159],[-66.1929327249527,18.454203739309307]],[[-66.19282007217407,18.45209197250638],[-66.19342088699341,18.451837541018037]],[[-66.19271278381348,18.45031094417139],[-66.19213879108429,18.450524668546905],[-66.1928790807724,18.45222427673133]],[[-66.19961142539978,18.43927833429254],[-66.19874238967896,18.438438646318957],[-66.19712769985199,18.43759895424256]],[[-66.19603872299194,18.43859640619064],[-66.19583487510681,18.439970437658843]],[[-66.19333505630493,18.438464091469342],[-66.19333505630493,18.438331776646194],[-66.19328677654266,18.4378025163348],[-66.19325995445251,18.43764475573434],[-66.19326531887054,18.43759895424256]],[[-66.19022905826569,18.446204331305424],[-66.18948340415955,18.447313686219985],[-66.18919909000397,18.44782256222406],[-66.18887722492218,18.4486164057799],[-66.1887001991272,18.44940006825533]],[[-66.18988573551178,18.44599569036052],[-66.18924736976624,18.446962560898157],[-66.1889523267746,18.4474561716531],[-66.18870556354523,18.44797013598324],[-66.18840515613556,18.448840309709183],[-66.1883407831192,18.44890646308697],[-66.1882334947586,18.448926817967333],[-66.18809401988983,18.448870842040563],[-66.1872786283493,18.447792029706335]],[[-66.19038462638855,18.44674883208998],[-66.19034707546234,18.44677427600965],[-66.1900520324707,18.447176289440407],[-66.18971943855286,18.447685165851553]],[[-66.19057774543762,18.448143153332524],[-66.19059383869171,18.44797013598324],[-66.19057774543762,18.447883627243243],[-66.19034171104431,18.447374751420085],[-66.1900520324707,18.447176289440407]],[[-66.18919909000397,18.44782256222406],[-66.18966042995453,18.44800575721645],[-66.19098544120789,18.448209306978825],[-66.19117856025696,18.44822966194181],[-66.19123220443726,18.448219484460623],[-66.19128584861755,18.44817877452985],[-66.19131803512573,18.448117709615616]],[[-66.1889523267746,18.4474561716531],[-66.18776679039001,18.446769187226025],[-66.18755221366882,18.44670812181063],[-66.18692457675934,18.446636878798586]],[[-66.18870556354523,18.44797013598324],[-66.18820667266846,18.447685165851553],[-66.18769705295563,18.447384928951323],[-66.18737518787384,18.447262798536656],[-66.18685483932495,18.447257709767513]],[[-66.18769705295563,18.447384928951323],[-66.18736445903778,18.447909070994825]],[[-66.18820667266846,18.447685165851553],[-66.18792235851288,18.448132975846207]],[[-66.18792772293091,18.445863381337304],[-66.18811547756195,18.445929535861637],[-66.18911862373352,18.446535103015833],[-66.18914544582367,18.446535103015833],[-66.18916690349579,18.446524925434247],[-66.18939757347107,18.446163620897053],[-66.18939757347107,18.446102555266393],[-66.18838369846344,18.445491897765848],[-66.18813693523407,18.445390121304712],[-66.18796527385712,18.44535958835459],[-66.18744492530823,18.445303611265317],[-66.18740200996399,18.445318877746033],[-66.18735373020172,18.445797226787477]],[[-66.18924736976624,18.446962560898157],[-66.18791162967682,18.446199242504917],[-66.18698358535767,18.446066933638477]],[[-66.18750393390656,18.443481801493746],[-66.18655443191528,18.441960219309124],[-66.18644177913666,18.441939863603253],[-66.18610382080078,18.44214850947391],[-66.18609309196472,18.442250287855458],[-66.18695676326752,18.443593756841295],[-66.18703186511993,18.443614112351213],[-66.18750393390656,18.443481801493746],[-66.1880886554718,18.44333931276404],[-66.18862509727478,18.443166290576258],[-66.18916690349579,18.44295764594159],[-66.18967652320862,18.442723556537644],[-66.18756830692291,18.439451360395452],[-66.18727326393127,18.43897299368595],[-66.18725180625916,18.438713453743787],[-66.18566930294037,18.438677830583885],[-66.18549764156342,18.438647296440948],[-66.18532598018646,18.438565872033237],[-66.18471443653107,18.437990811055442],[-66.18456959724426,18.437950098700895],[-66.18167817592621,18.437894119197637],[-66.1814957857132,18.437934831565457],[-66.1812973022461,18.438097680940245]],[[-66.1880886554718,18.44333931276404],[-66.1873322725296,18.442158687314787],[-66.18735909461975,18.442051819955594],[-66.18769705295563,18.441863529684838],[-66.18782043457031,18.441878796471244],[-66.18862509727478,18.443166290576258]],[[-66.19058847427368,18.442316443771134],[-66.19014859199524,18.442352066176724],[-66.19011104106903,18.442346977262076],[-66.19005739688873,18.442301177023623],[-66.18995547294617,18.44213833163245],[-66.18993401527405,18.4420619978022],[-66.18992328643799,18.44192459682229],[-66.18989109992981,18.441843173967527],[-66.18892550468445,18.440285954444903],[-66.18873238563538,18.440021327502222],[-66.18849098682404,18.439797412078605],[-66.1877292394638,18.438621851317677]],[[-66.19072794914246,18.441782106801156],[-66.18989109992981,18.441843173967527]],[[-66.1923748254776,18.438097680940245],[-66.19234263896942,18.43759895424256]],[[-66.18892550468445,18.440285954444903],[-66.19171500205994,18.440082395294397],[-66.19179010391235,18.44012819612429],[-66.19184374809265,18.44055566994787],[-66.19176864624023,18.44062691548173],[-66.18924736976624,18.440810118147482]],[[-66.18756830692291,18.439451360395452],[-66.18674755096436,18.43988392489051],[-66.1861252784729,18.44025033161097],[-66.18601262569427,18.44027577649311],[-66.18584632873535,18.440280865469063]],[[-66.18813157081604,18.440331755220527],[-66.18766486644745,18.440637093412732],[-66.18670463562012,18.441161256044182],[-66.18647396564484,18.440810118147482],[-66.18646323680878,18.440708338912856],[-66.18717670440674,18.440265598540705],[-66.18734836578369,18.44018926387848],[-66.18747174739838,18.440311399321757],[-66.18766486644745,18.440637093412732],[-66.18792235851288,18.441044210158353],[-66.1878901720047,18.44112563339172],[-66.18709087371826,18.441593816234814],[-66.18701577186584,18.441609083045165],[-66.18695139884949,18.44154801579559],[-66.18670463562012,18.441161256044182]],[[-66.18955314159393,18.44129865763452],[-66.19131803512573,18.441171433943524]],[[-66.18916690349579,18.44295764594159],[-66.1882871389389,18.441609083045165],[-66.18831932544708,18.44150730428379],[-66.1887377500534,18.441268123957272]],[[-66.1847734451294,18.44286095687862],[-66.18458569049835,18.44260651171608],[-66.18448376655579,18.44252508918447],[-66.18405997753143,18.442489466814777],[-66.18329286575317,18.442499644635447],[-66.18318557739258,18.44257597827125],[-66.18281543254852,18.443054334950133]],[[-66.18505775928497,18.441532748979796],[-66.18508458137512,18.441481859584044],[-66.18510067462921,18.440911897321826],[-66.18406534194946,18.44090171940711],[-66.18402242660522,18.440978053752815],[-66.18401169776917,18.441420792289236],[-66.18399560451508,18.441975486086918],[-66.18477880954742,18.441995841788554],[-66.18483781814575,18.44203146426061],[-66.18521869182587,18.442535267003052]],[[-66.18657052516937,18.439990793598],[-66.18647933006287,18.439802501068755],[-66.18649542331696,18.439329224340895],[-66.18655443191528,18.43927833429254],[-66.18684411048889,18.43928851230342]],[[-66.18488073348999,18.43892210353212],[-66.18482172489166,18.438978082700515],[-66.1847573518753,18.439146020096302],[-66.18473052978516,18.44030122137147]],[[-66.18417263031006,18.440285954444903],[-66.18521332740784,18.440311399321757],[-66.18529379367828,18.44020961979173],[-66.18530452251434,18.439227444229118],[-66.18525624275208,18.439156198115015],[-66.18500411510468,18.43902897283779],[-66.18488073348999,18.43892210353212],[-66.18452668190002,18.43856078300648],[-66.1843603849411,18.438484447586944],[-66.18421018123627,18.438479358557785]],[[-66.18305146694183,18.44026050956427],[-66.1835503578186,18.440265598540705],[-66.18361473083496,18.440163818983535],[-66.18364691734314,18.438530248842724],[-66.18357181549072,18.438474269528456],[-66.18309438228607,18.438459002439572],[-66.18260622024536,18.438453913409646],[-66.182541847229,18.43850480370213],[-66.18249356746674,18.440107840201406],[-66.18249893188477,18.440199441835404],[-66.18254721164703,18.440245242634077],[-66.18305146694183,18.44026050956427],[-66.18310511112213,18.437919564428654]],[[-66.18422091007233,18.43793992061076],[-66.18416726589203,18.440408089819442]],[[-66.18401169776917,18.441420792289236],[-66.18477880954742,18.441441148056583],[-66.18505775928497,18.441532748979796],[-66.18532061576843,18.441746484277388],[-66.18563175201416,18.442184131914317],[-66.18561029434204,18.442270643524537],[-66.18521869182587,18.442535267003052],[-66.1847734451294,18.44286095687862],[-66.18395805358887,18.44340546826038],[-66.18363082408905,18.443720978738625]],[[-66.18344843387604,18.441425881231297],[-66.1827403306961,18.441420792289236],[-66.18263304233551,18.441497126404343],[-66.18226826190948,18.44196530823521]],[[-66.18344306945801,18.442128153790364],[-66.18344843387604,18.441425881231297],[-66.1834591627121,18.44096787584202],[-66.18340015411377,18.44088645253389],[-66.18248283863068,18.44087118565932],[-66.18238091468811,18.440932253149455],[-66.18147432804108,18.44209253133836]],[[-66.18405997753143,18.442489466814777],[-66.18404924869537,18.44262177843646],[-66.18398487567902,18.442718467634023],[-66.18375420570374,18.44286095687862],[-66.18363618850708,18.442886401374153]],[[-66.18271887302399,18.442270643524537],[-66.18226826190948,18.44196530823521],[-66.1812973022461,18.44127830185029]],[[-66.1842691898346,18.445430831896402],[-66.18368983268738,18.445965157518046],[-66.18235409259796,18.447669899581143]],[[-66.18431210517883,18.44448430814407],[-66.18602871894836,18.443324046107435],[-66.18578732013702,18.44294237925105],[-66.18571758270264,18.442906756967858],[-66.18564784526825,18.44292711255916],[-66.18452668190002,18.443685356616868],[-66.18449985980988,18.443736245359972],[-66.18451058864594,18.4437973118318],[-66.18479490280151,18.444158621345906],[-66.185063123703,18.444545374349985],[-66.18511140346527,18.44456572974714],[-66.18515968322754,18.444555552048868],[-66.18624866008759,18.443838022800946],[-66.1862862110138,18.44379222295997],[-66.18628084659576,18.443710800990303],[-66.18602871894836,18.443324046107435]],[[-66.18644177913666,18.4452832559556],[-66.1862862110138,18.445257811815083],[-66.18626475334167,18.445206923522704],[-66.18630766868591,18.44518147937086],[-66.18645250797272,18.445196745862404]],[[-66.18633985519409,18.44600077916705],[-66.18618965148926,18.4459702463255],[-66.18607699871063,18.445899003007426],[-66.18546545505524,18.445079702725792]],[[-66.18594825267792,18.446672500308324],[-66.18620574474335,18.446509659060737],[-66.18627548217773,18.446418060791117],[-66.18657052516937,18.444433419622555],[-66.18654370307922,18.444397797648534],[-66.18649542331696,18.444392708794496],[-66.1864310503006,18.44442324191644],[-66.18546545505524,18.445079702725792],[-66.18498802185059,18.445390121304712]],[[-66.18346452713013,18.448082088405627],[-66.184521317482,18.446733565736352]],[[-66.18420481681824,18.446301018486665],[-66.18482172489166,18.44714066803516],[-66.18481636047363,18.4472526209982],[-66.18394196033478,18.44834670293207],[-66.18384540081024,18.44835179166897],[-66.18309438228607,18.44781747347149],[-66.1830621957779,18.447715698388265],[-66.18411362171173,18.44636208404677],[-66.18467688560486,18.445985512746958]],[[-66.18180692195892,18.45012266295356],[-66.18202686309814,18.44984278508612],[-66.18299782276154,18.448580784673325],[-66.18305146694183,18.448560429751964],[-66.18311047554016,18.44858587340329],[-66.18342161178589,18.448804688649062],[-66.18343770503998,18.448916640527457],[-66.18252038955688,18.450081953473912],[-66.18242383003235,18.450107396899824],[-66.18202686309814,18.44984278508612]],[[-66.18224143981934,18.450433072418534],[-66.18186056613922,18.450926673199177],[-66.18151724338531,18.451399917976232],[-66.1812973022461,18.451659438751875]],[[-66.18480563163757,18.453124960476657],[-66.18344306945801,18.452163213255574]],[[-66.18636131286621,18.453196200797265],[-66.18701040744781,18.452361669472424],[-66.18712306022644,18.452320960523565],[-66.18745565414429,18.452371846708147]],[[-66.18683874607086,18.451689970582052],[-66.18594288825989,18.452834910294754]],[[-66.18482708930969,18.449064213346574],[-66.18554592132568,18.448138064589443]],[[-66.18845880031586,18.450921584538577],[-66.18812620639801,18.45295194814642],[-66.18795990943909,18.454244447811803],[-66.18795990943909,18.454473432958423]],[[-66.18916690349579,18.449079479493037],[-66.19042754173279,18.449272850564128],[-66.19087278842926,18.44940006825533],[-66.19098544120789,18.449440777896626],[-66.19102835655212,18.449466221417524],[-66.19138240814209,18.449705390329726],[-66.19182229042053,18.45003615529778],[-66.19185984134674,18.45003615529778],[-66.19247138500214,18.44980207554012]],[[-66.19098007678986,18.44987331723928],[-66.19135022163391,18.45012775163785],[-66.19150578975677,18.45027023473638],[-66.1916720867157,18.450463604466748],[-66.19182765483856,18.450753658654037],[-66.1927181482315,18.452789112852813],[-66.19294881820679,18.45328779545177],[-66.19195640087128,18.45370505937059]],[[-66.19072258472443,18.449751188594078],[-66.19087278842926,18.44940006825533]],[[-66.1920315027237,18.451206549300167],[-66.19103908538818,18.451613640996428],[-66.19195640087128,18.45370505937059],[-66.19219243526459,18.454229182124507]],[[-66.19188666343689,18.451903693241277],[-66.19128048419952,18.45215812463161]],[[-66.19241237640381,18.45305880872391],[-66.19188666343689,18.451903693241277],[-66.19183838367462,18.451771388769302]],[[-66.19171500205994,18.4531504034517],[-66.19234263896942,18.452901062133762]],[[-66.18764340877533,18.451242169862113],[-66.18715524673462,18.451155662770276]],[[-66.18812620639801,18.45295194814642],[-66.18762731552124,18.452890884929403],[-66.18738055229187,18.452824733086487]],[[-66.19212806224823,18.4542546249359],[-66.19283080101013,18.453979842373116]],[[-66.18868410587311,18.457297557988767],[-66.18788480758667,18.457317911874426],[-66.18750929832458,18.457343354228087],[-66.18611454963684,18.45747056593987],[-66.1861789226532,18.458030296351737],[-66.18753612041473,18.45789290814693]],[[-66.18748247623444,18.456763267627338],[-66.18659198284149,18.45684977189393]],[[-66.1874771118164,18.456198444579982],[-66.18707478046417,18.45624424111253]],[[-66.18802964687347,18.458981833863206],[-66.18765413761139,18.459017452812006],[-66.18690848350525,18.459093779106]],[[-66.18765413761139,18.459017452812006],[-66.187584400177,18.458457725619056],[-66.18753612041473,18.45789290814693],[-66.18748247623444,18.456763267627338],[-66.18747174739838,18.455944019176812],[-66.18742346763611,18.455862602968153]],[[-66.1861252784729,18.459093779106],[-66.1860716342926,18.45861037867087],[-66.187584400177,18.458457725619056]],[[-66.18443548679352,18.459093779106],[-66.18361473083496,18.45798958874697],[-66.18250966072083,18.456809064009192],[-66.18248283863068,18.456732736699323],[-66.18250966072083,18.456646232373785],[-66.18253648281097,18.456610612932934],[-66.18358254432678,18.455297776957565]],[[-66.18660807609558,18.456936276116906],[-66.1865758895874,18.456753090651944]],[[-66.1870801448822,18.456320568639583],[-66.18706941604614,18.456178090561608]],[[-66.18654370307922,18.454330953347522],[-66.18550837039948,18.45565397375725]],[[-66.18610382080078,18.45394422237908],[-66.18504166603088,18.45531304254986],[-66.18550837039948,18.45565397375725],[-66.18559956550598,18.45571503599156]],[[-66.1845588684082,18.454977199205985],[-66.18588924407959,18.45327252967941]],[[-66.18463933467865,18.455033173142255],[-66.1845588684082,18.454977199205985],[-66.18408143520355,18.45463626665466],[-66.1840009689331,18.454575204036658]],[[-66.18513286113739,18.45613738251761],[-66.18488609790802,18.456473223591914],[-66.18418335914612,18.457373885047517],[-66.18403315544128,18.45754180445728]],[[-66.1846661567688,18.455806629302316],[-66.18365228176117,18.45708893052172]],[[-66.18365228176117,18.455343573730346],[-66.18353426456451,18.455262157236945]],[[-66.18418872356415,18.45545552134574],[-66.18319630622864,18.4567378251877]],[[-66.18408143520355,18.45463626665466],[-66.18515431880951,18.45327252967941],[-66.18530988693237,18.453257263905698],[-66.1869889497757,18.454722771992977],[-66.18715524673462,18.454895782538856],[-66.18730545043945,18.45513494388871],[-66.18731617927551,18.455180740704947],[-66.18731617927551,18.455246891640144],[-66.1872947216034,18.455302865488477],[-66.18647396564484,18.456351099640912],[-66.18600726127625,18.456020346837363],[-66.18721425533295,18.45442763595352]],[[-66.1837488412857,18.454483610068948],[-66.18238627910614,18.453516781874228]],[[-66.18409752845764,18.454035816634544],[-66.18278324604034,18.453099517497847],[-66.18277251720428,18.452992656945682],[-66.18289589881897,18.452829821690685],[-66.1830461025238,18.45265172045373],[-66.18312656879425,18.452641543234606],[-66.18445694446564,18.453577844868647]],[[-66.18168890476227,18.4560101698179],[-66.1812973022461,18.45564888523674]],[[-66.18200540542603,18.456727648210787],[-66.18209660053253,18.456600435948488],[-66.18343234062195,18.454885605452745],[-66.1837112903595,18.455089147060278],[-66.18418872356415,18.45545552134574],[-66.18490219116211,18.45597963875595],[-66.18561565876007,18.45644778110929],[-66.18600189685822,18.456727648210787],[-66.18602335453033,18.45688030280114],[-66.18490755558014,18.45830507243147],[-66.18482708930969,18.458345779961434],[-66.18471443653107,18.458320337756348],[-66.18447840213776,18.45805065015051],[-66.18447840213776,18.45791326196199],[-66.18561565876007,18.45644778110929]],[[-66.18288516998291,18.456173002056644],[-66.18207514286041,18.45559800002337]],[[-66.18356108665466,18.45697189549017],[-66.18403315544128,18.45754180445728],[-66.18408143520355,18.457597777557382]],[[-66.1812973022461,18.454692240702073],[-66.18188202381134,18.453918779521686],[-66.18185520172119,18.453842450926828],[-66.1814796924591,18.453588022032264],[-66.18139386177063,18.453623642100197],[-66.1812973022461,18.453745767991308]],[[-66.1812973022461,18.451939313658613],[-66.18222534656525,18.452611011573637],[-66.18223071098328,18.452748404005305],[-66.18199467658997,18.453033365735294],[-66.18187665939331,18.453063897321186],[-66.1812973022461,18.45265172045373]],[[-66.1812973022461,18.450524668546905],[-66.18186056613922,18.450926673199177],[-66.18291735649109,18.45167470466764],[-66.18296563625336,18.45176630013374],[-66.18292808532715,18.451847718284796],[-66.18269205093384,18.452132681509525],[-66.18261158466339,18.452153036007488],[-66.18151724338531,18.451399917976232],[-66.1812973022461,18.451242169862113]],[[-66.1812973022461,18.44695238334191],[-66.18146359920502,18.44673865452104],[-66.1812973022461,18.44662670122304]],[[-66.1812973022461,18.44197039716113],[-66.18281543254852,18.443054334950133],[-66.18316948413849,18.443334223878665],[-66.18363082408905,18.443720978738625],[-66.18397414684296,18.444072110686378],[-66.18431210517883,18.44448430814407],[-66.18482708930969,18.445161124046663],[-66.18498802185059,18.445390121304712],[-66.18661880493164,18.447573213170443],[-66.18682265281677,18.44743581659847],[-66.18685483932495,18.447257709767513],[-66.18698358535767,18.446066933638477],[-66.18712306022644,18.444911771129625],[-66.1881959438324,18.44504408088578],[-66.18834614753723,18.445105146892715],[-66.18953168392181,18.445776871536253],[-66.19022905826569,18.446204331305424],[-66.19033098220825,18.446260308101202],[-66.19097471237183,18.446682677881157],[-66.19124293327332,18.446993093563336],[-66.19165062904358,18.447975224731294],[-66.19247138500214,18.44980207554012],[-66.19339406490326,18.451781566039998],[-66.19363009929657,18.452407467028365],[-66.1927181482315,18.452789112852813]],[[-66.18136703968048,18.44055058098003],[-66.18140459060669,18.439054417900763],[-66.1812973022461,18.438855946309587]],[[-66.1812973022461,18.438845768273083],[-66.18169963359833,18.438484447586944],[-66.18181765079498,18.438438646318957],[-66.18197858333588,18.438433557288434]],[[-66.18198931217194,18.437899208244147],[-66.18192493915558,18.44048951335425],[-66.18186056613922,18.440560758915566],[-66.1812973022461,18.440545492012035]],[[-66.18283689022064,18.43762439951729],[-66.18284225463867,18.43759895424256]],[[-66.18591606616974,18.437894119197637],[-66.18587851524353,18.43759895424256]],[[-66.19179546833038,18.43759895424256],[-66.19180083274841,18.437690557213898]],[[-66.19291663169861,18.43759895424256],[-66.19294881820679,18.43810276998073]]]},"properties":{"class":"minor","id":"14/5179/7337/9","source":"OpenFreeMap / OpenStreetMap","exposureHigh":true,"exposureModerate":true,"zoneLabels":"AE, X"},"id":222338520},{"type":"Feature","geometry":{"type":"LineString","coordinates":[[-66.18595361709595,18.440789762305386],[-66.18592143058777,18.440698160986074],[-66.18591070175171,18.440637093412732],[-66.18597507476807,18.437975543923613],[-66.18591606616974,18.437894119197637]]},"properties":{"class":"minor","oneway":1,"id":"14/5179/7337/10","source":"OpenFreeMap / OpenStreetMap","exposureHigh":false,"exposureModerate":true,"zoneLabels":"X"},"id":222364812},{"type":"Feature","geometry":{"type":"LineString","coordinates":[[-66.18784725666046,18.455577645933815],[-66.18791699409485,18.455338485200656],[-66.18795990943909,18.454473432958423]]},"properties":{"surface":"paved","class":"minor","oneway":1,"id":"14/5179/7337/11","source":"OpenFreeMap / OpenStreetMap","exposureHigh":true,"exposureModerate":true,"zoneLabels":"AE, X"},"id":604681982},{"type":"Feature","geometry":{"type":"LineString","coordinates":[[-66.1877292394638,18.438621851317677],[-66.18767559528351,18.43850480370213],[-66.18756830692291,18.43842337922692],[-66.18741810321808,18.438199461721155],[-66.18740737438202,18.43810785902106],[-66.18744492530823,18.43803152340034],[-66.18754148483276,18.437878852057224]]},"properties":{"class":"minor","oneway":1,"id":"14/5179/7337/12","source":"OpenFreeMap / OpenStreetMap","exposureHigh":false,"exposureModerate":true,"zoneLabels":"X"},"id":5356377402},{"type":"Feature","geometry":{"type":"LineString","coordinates":[[-66.18739664554596,18.437812694433077],[-66.1872786283493,18.438072235735603],[-66.1872786283493,18.43818928364577],[-66.1874771118164,18.438489536615975],[-66.1877292394638,18.438621851317677]]},"properties":{"class":"minor","oneway":1,"id":"14/5179/7337/13","source":"OpenFreeMap / OpenStreetMap","exposureHigh":false,"exposureModerate":true,"zoneLabels":"X"},"id":10579886402},{"type":"Feature","geometry":{"type":"LineString","coordinates":[[-66.19016468524933,18.438474269528456],[-66.19022905826569,18.438438646318957],[-66.19060456752777,18.438428468257754],[-66.19066894054413,18.438382666974846],[-66.19067966938019,18.438341954713138]]},"properties":{"class":"tertiary","oneway":1,"ramp":1,"id":"14/5179/7337/14","source":"OpenFreeMap / OpenStreetMap","exposureHigh":true,"exposureModerate":false,"zoneLabels":"AE, X"},"id":10716949982},{"type":"Feature","geometry":{"type":"LineString","coordinates":[[-66.18591606616974,18.437894119197637],[-66.18587851524353,18.43798572201166],[-66.18583559989929,18.440621826516008],[-66.18583023548126,18.440682894094763],[-66.18579268455505,18.440764317499358]]},"properties":{"class":"minor","oneway":1,"id":"14/5179/7337/15","source":"OpenFreeMap / OpenStreetMap","exposureHigh":false,"exposureModerate":true,"zoneLabels":"X"},"id":11684181732},{"type":"Feature","geometry":{"type":"LineString","coordinates":[[-66.185964345932,18.44089154149178],[-66.18597507476807,18.440855918783384],[-66.18596971035004,18.440820296067628],[-66.18593215942383,18.440764317499358],[-66.18586242198944,18.440738872689565],[-66.18582487106323,18.44074396165182],[-66.18577122688293,18.44078467334448],[-66.18574976921082,18.440850829824456],[-66.18577659130096,18.440916986278964],[-66.18580877780914,18.440937342105997],[-66.18584096431732,18.440952608974683],[-66.18587851524353,18.440952608974683],[-66.18594288825989,18.440922075235946],[-66.185964345932,18.44089154149178]]},"properties":{"class":"minor","oneway":1,"id":"14/5179/7337/16","source":"OpenFreeMap / OpenStreetMap","exposureHigh":false,"exposureModerate":true,"zoneLabels":"X"},"id":11684181742},{"type":"Feature","geometry":{"type":"LineString","coordinates":[[-66.19067966938019,18.438341954713138],[-66.19072258472443,18.438413201164806],[-66.1907708644867,18.438433557288434],[-66.1909693479538,18.438433557288434],[-66.19103372097015,18.43844373534934],[-66.1911141872406,18.438474269528456]]},"properties":{"class":"tertiary","oneway":1,"ramp":1,"id":"14/5179/7337/17","source":"OpenFreeMap / OpenStreetMap","exposureHigh":true,"exposureModerate":false,"zoneLabels":"AE"},"id":12487489602},{"type":"Feature","geometry":{"type":"MultiLineString","coordinates":[[[-66.18655443191528,18.45385262807477],[-66.18705868721008,18.453353947116284],[-66.18717670440674,18.453201289390464],[-66.18726789951324,18.453063897321186],[-66.18738055229187,18.452824733086487],[-66.18770241737366,18.450855431936986],[-66.18777751922607,18.450346564919116],[-66.18771314620972,18.45009721952991],[-66.18673145771027,18.448748712682487],[-66.18568003177643,18.44736457388825],[-66.1842691898346,18.445430831896402],[-66.18355572223663,18.444504663548457],[-66.18292272090912,18.443878733760457],[-66.18220388889313,18.443349490534374],[-66.1812973022461,18.44270320092224]],[[-66.1812973022461,18.449761365984486],[-66.18314266204834,18.451074244291092],[-66.18444085121155,18.45204617486631],[-66.18518114089966,18.452656809063072],[-66.18721425533295,18.45442763595352],[-66.18748247623444,18.454712594896606],[-66.18765413761139,18.454961933583846],[-66.18772387504578,18.455114589744255],[-66.1877828836441,18.45528251136392],[-66.18784725666046,18.455577645933815]]]},"properties":{"surface":"paved","class":"tertiary","id":"14/5179/7337/18","source":"OpenFreeMap / OpenStreetMap","exposureHigh":true,"exposureModerate":true,"zoneLabels":"AE, X"},"id":222364000},{"type":"Feature","geometry":{"type":"MultiLineString","coordinates":[[[-66.2039566040039,18.439201999191766],[-66.20324313640594,18.439405559385165],[-66.20213270187378,18.439670187276093],[-66.20189130306244,18.439715988215852],[-66.20158016681671,18.439710899223144],[-66.20056629180908,18.439548051377074]],[[-66.19603872299194,18.43859640619064],[-66.19625866413116,18.43759895424256]],[[-66.18784725666046,18.455577645933815],[-66.18785798549652,18.455684504877127],[-66.18788480758667,18.457317911874426],[-66.18802964687347,18.458981833863206],[-66.18804574012756,18.459093779106]]]},"properties":{"class":"tertiary","id":"14/5179/7337/19","source":"OpenFreeMap / OpenStreetMap","exposureHigh":true,"exposureModerate":true,"zoneLabels":"AE, X"},"id":222376890},{"type":"Feature","geometry":{"type":"LineString","coordinates":[[-66.20056629180908,18.439548051377074],[-66.19996011257172,18.439451360395452],[-66.19961678981781,18.439364847365766],[-66.19835078716278,18.43901879481153],[-66.19644105434418,18.43857605008631],[-66.19606554508209,18.438479358557785]]},"properties":{"surface":"paved","class":"tertiary","oneway":1,"id":"14/5179/7337/20","source":"OpenFreeMap / OpenStreetMap","exposureHigh":true,"exposureModerate":false,"zoneLabels":"AE, X"},"id":222376922},{"type":"Feature","geometry":{"type":"LineString","coordinates":[[-66.19606554508209,18.438479358557785],[-66.19590997695923,18.438433557288434],[-66.19548618793488,18.438352132779457],[-66.19518578052521,18.438326687612488],[-66.18863046169281,18.438352132779457],[-66.18849635124207,18.438326687612488],[-66.18822276592255,18.438224906906953],[-66.18752002716064,18.437863584915448],[-66.18739664554596,18.437812694433077],[-66.18705332279205,18.437766892986062],[-66.18589997291565,18.437736358681263],[-66.18283689022064,18.43762439951729],[-66.18167281150818,18.43759895424256]]},"properties":{"class":"tertiary","oneway":1,"id":"14/5179/7337/21","source":"OpenFreeMap / OpenStreetMap","exposureHigh":true,"exposureModerate":true,"zoneLabels":"AE, X"},"id":604491812},{"type":"Feature","geometry":{"type":"LineString","coordinates":[[-66.19603872299194,18.43859640619064],[-66.1987155675888,18.439227444229118],[-66.19935929775238,18.4394157373885],[-66.19963824748993,18.439476805395884],[-66.19985282421112,18.439512428390174],[-66.20026051998138,18.439542962379406],[-66.20056629180908,18.439548051377074]]},"properties":{"surface":"paved","class":"tertiary","oneway":1,"id":"14/5179/7337/22","source":"OpenFreeMap / OpenStreetMap","exposureHigh":true,"exposureModerate":false,"zoneLabels":"AE, X"},"id":2972812862},{"type":"Feature","geometry":{"type":"LineString","coordinates":[[-66.1812973022461,18.43779742728543],[-66.18734836578369,18.43792465347441],[-66.1876380443573,18.438056968611022],[-66.18835151195526,18.438413201164806],[-66.18853390216827,18.43846918049897],[-66.18872702121735,18.438484447586944],[-66.19513750076294,18.438453913409646],[-66.19542181491852,18.43846918049897],[-66.19564175605774,18.43849971467357],[-66.1957973241806,18.438530248842724],[-66.19603872299194,18.43859640619064]]},"properties":{"class":"tertiary","oneway":1,"id":"14/5179/7337/23","source":"OpenFreeMap / OpenStreetMap","exposureHigh":true,"exposureModerate":true,"zoneLabels":"AE, X"},"id":13964537032},{"type":"Feature","geometry":{"type":"LineString","coordinates":[[-66.18209660053253,18.456600435948488],[-66.1812973022461,18.45582698336473]]},"properties":{"surface":"paved","class":"secondary","oneway":1,"id":"14/5179/7337/24","source":"OpenFreeMap / OpenStreetMap","exposureHigh":false,"exposureModerate":true,"zoneLabels":"X"},"id":604683412},{"type":"Feature","geometry":{"type":"LineString","coordinates":[[-66.1842691898346,18.459093779106],[-66.1835503578186,18.458111711532325],[-66.18309438228607,18.457582512168244],[-66.18209660053253,18.456600435948488]]},"properties":{"surface":"paved","class":"secondary","oneway":1,"id":"14/5179/7337/25","source":"OpenFreeMap / OpenStreetMap","exposureHigh":true,"exposureModerate":true,"zoneLabels":"AE, X"},"id":604683562},{"type":"Feature","geometry":{"type":"LineString","coordinates":[[-66.18200540542603,18.456727648210787],[-66.18298172950745,18.457648662177988],[-66.18319630622864,18.4578827312385],[-66.18342161178589,18.458147330661703],[-66.18411898612976,18.459093779106]]},"properties":{"surface":"paved","class":"secondary","oneway":1,"id":"14/5179/7337/26","source":"OpenFreeMap / OpenStreetMap","exposureHigh":true,"exposureModerate":true,"zoneLabels":"VE, AE, X"},"id":13945099322},{"type":"Feature","geometry":{"type":"LineString","coordinates":[[-66.1812973022461,18.456035612365397],[-66.18200540542603,18.456727648210787]]},"properties":{"surface":"paved","class":"secondary","oneway":1,"id":"14/5179/7337/27","source":"OpenFreeMap / OpenStreetMap","exposureHigh":false,"exposureModerate":true,"zoneLabels":"X"},"id":13945448222},{"type":"Feature","geometry":{"type":"LineString","coordinates":[[-66.18845880031586,18.450921584538577],[-66.18854999542236,18.45031094417139]]},"properties":{"brunnel":"bridge","surface":"paved","class":"minor","layer":1,"id":"14/5179/7337/29","source":"OpenFreeMap / OpenStreetMap","exposureHigh":true,"exposureModerate":true,"zoneLabels":"AE, X"},"id":604682072},{"type":"Feature","geometry":{"type":"MultiLineString","coordinates":[[[-66.2039566040039,18.414935897352677],[-66.20368838310242,18.414946076804398]],[[-66.19886577129364,18.414060462252536],[-66.19938611984253,18.4139993852189],[-66.19935929775238,18.41374998710657]],[[-66.19913399219513,18.414029923738426],[-66.19912326335907,18.413882320843825]],[[-66.19919836521149,18.416238862278007],[-66.19917154312134,18.41609126127807],[-66.19912326335907,18.41600982618941],[-66.19904279708862,18.415373613232717],[-66.1989837884903,18.41510385822899],[-66.19890868663788,18.414482911141732],[-66.19883358478546,18.41373471782265]],[[-66.19917154312134,18.41609126127807],[-66.1995416879654,18.41604545404543],[-66.19951486587524,18.415836776498068]],[[-66.19538426399231,18.409388006585544],[-66.19545936584473,18.41037544242721],[-66.19400024414062,18.410517958472695],[-66.19400560855865,18.41094550590114]],[[-66.19315266609192,18.408965545191265],[-66.19334578514099,18.40900117450552],[-66.19391441345215,18.409067343212413]],[[-66.19394659996033,18.408482003768768],[-66.19344770908356,18.40820205811393]],[[-66.19899988174438,18.407219699760006],[-66.19888722896576,18.407117900646313],[-66.19883894920349,18.407107720731645],[-66.19876384735107,18.407000831591162],[-66.19866192340851,18.40674633337059],[-66.1985331773758,18.40631877551307],[-66.19861364364624,18.406181345976265],[-66.20011031627655,18.405967566478722]],[[-66.20081841945648,18.40767270508597],[-66.20095252990723,18.407479287227446],[-66.20099544525146,18.407331678715522],[-66.20100617408752,18.407199339942096],[-66.20090961456299,18.406863402598773],[-66.2008398771286,18.406751423338676],[-66.20081305503845,18.406512194675358],[-66.20080769062042,18.40620679589877],[-66.2008935213089,18.406115176160156],[-66.201993227005,18.405952296504466]],[[-66.20189130306244,18.40958651218385],[-66.20193421840668,18.409673040193525],[-66.20185375213623,18.40999879231046],[-66.20197176933289,18.410253285722902]],[[-66.20101690292358,18.410182027605345],[-66.20120465755463,18.410156578270502],[-66.20137631893158,18.410085320112913],[-66.20141386985779,18.41001406192582],[-66.2015426158905,18.409632321135575],[-66.20168745517731,18.40956615264585],[-66.20189130306244,18.40958651218385],[-66.20202004909515,18.40943381559009]],[[-66.20090961456299,18.406863402598773],[-66.20101690292358,18.406893942384343],[-66.20117247104645,18.40687867249224],[-66.20223999023438,18.406685253741657]],[[-66.20081305503845,18.406512194675358],[-66.20054483413696,18.406522374625254],[-66.20022296905518,18.40631877551307]],[[-66.20054483413696,18.406522374625254],[-66.20038390159607,18.406807412977827]],[[-66.20005130767822,18.405769056707612],[-66.19969725608826,18.405886126600322],[-66.19949877262115,18.405967566478722],[-66.19916617870331,18.40601337639339],[-66.19910180568695,18.40601337639339],[-66.19894087314606,18.405982836451642],[-66.19889795780182,18.405524736675147]],[[-66.19961142539978,18.405789416694674],[-66.19982600212097,18.405723246727945],[-66.19978308677673,18.405585816715785],[-66.19967579841614,18.40559090671819],[-66.19958996772766,18.405570546707665],[-66.199471950531,18.405484016636038],[-66.19913399219513,18.405499286651832],[-66.19889795780182,18.405524736675147],[-66.19861364364624,18.40556036670148]],[[-66.19966506958008,18.405901396580447],[-66.19961142539978,18.405789416694674],[-66.19958996772766,18.405570546707665]],[[-66.19869947433472,18.405153165961238],[-66.19867265224457,18.404883394940498],[-66.1986780166626,18.40478668447166]],[[-66.19321167469025,18.397813207519448],[-66.1928790807724,18.39779793682216],[-66.19290053844452,18.397523064039262],[-66.19324922561646,18.397543425001174]],[[-66.19334578514099,18.39769104190316],[-66.1932760477066,18.397685951667256]],[[-66.19324922561646,18.398734537085176],[-66.1930775642395,18.39870399585257],[-66.19303464889526,18.398744717494836],[-66.19275569915771,18.39869890564661]],[[-66.19317412376404,18.399162113772974],[-66.19283080101013,18.399111211841984],[-66.19280934333801,18.398963596157074]],[[-66.19312584400177,18.401574848046195],[-66.19389295578003,18.401630839368536]],[[-66.19526624679565,18.403356381195792],[-66.19562029838562,18.403356381195792],[-66.19562566280365,18.403463272598685],[-66.19571685791016,18.404053719152486],[-66.19553983211517,18.40408425943643],[-66.19551301002502,18.404089349483215]],[[-66.19744420051575,18.401819173682853],[-66.19746029376984,18.40201768800742],[-66.19743883609772,18.402078769292032],[-66.19712769985199,18.40224674271296],[-66.19706332683563,18.402267103116486]],[[-66.19538962841034,18.403473452728832],[-66.19562566280365,18.403463272598685]],[[-66.19553446769714,18.40404862910465],[-66.19553983211517,18.40408425943643],[-66.19566857814789,18.405142985930382],[-66.19569540023804,18.405168436006377],[-66.19572758674622,18.405183706050153],[-66.19590997695923,18.405158255976417]],[[-66.19541645050049,18.404104619622686],[-66.19534134864807,18.404109709668887],[-66.19522333145142,18.40414024994287],[-66.19503557682037,18.404267501026197],[-66.19497656822205,18.404359121747973],[-66.19488000869751,18.404328581512814],[-66.19481027126312,18.404359121747973],[-66.19463324546814,18.40441002212789]],[[-66.1968594789505,18.405509466661627],[-66.19693994522095,18.405835226656748],[-66.19712233543396,18.40646129491688],[-66.19728326797485,18.406802323011377]],[[-66.19680047035217,18.406181345976265],[-66.19656980037689,18.406201705914555]],[[-66.19683802127838,18.406339135435147],[-66.19658589363098,18.406364585334302],[-66.1965000629425,18.4055450966911]],[[-66.1964464187622,18.40555018669471],[-66.1965161561966,18.40637985527202],[-66.19641959667206,18.406390035229734]],[[-66.19542717933655,18.405906486573528],[-66.1952018737793,18.40593193653666],[-66.19503557682037,18.405947206512735]],[[-66.19544327259064,18.40605918629589],[-66.19531989097595,18.40605918629589],[-66.1952018737793,18.40593193653666],[-66.19518578052521,18.405799596687302],[-66.19517505168915,18.40567743673607]],[[-66.19501948356628,18.40580977667932],[-66.19518578052521,18.405799596687302]],[[-66.19496047496796,18.40569779673396],[-66.19497120380402,18.405758876713193],[-66.19501948356628,18.40580977667932],[-66.19503557682037,18.405947206512735],[-66.19505703449249,18.40604900631861],[-66.19516432285309,18.40616098603556]],[[-66.19445621967316,18.404450742421005],[-66.1942845582962,18.404471102563946]],[[-66.19411289691925,18.40449146270447],[-66.19393587112427,18.404511822842593]],[[-66.19375348091125,18.404527092944605],[-66.19371056556702,18.404511822842593],[-66.19369983673096,18.40449146270447],[-66.19369983673096,18.404196240431133],[-66.19360327720642,18.403834846959214],[-66.19322776794434,18.403916287807803]],[[-66.19234263896942,18.406140626092437],[-66.19224071502686,18.405972656469842],[-66.19219243526459,18.40575378671575]],[[-66.19189739227295,18.406405305165165],[-66.19166672229767,18.406395125208363],[-66.1907547712326,18.406934662089995]],[[-66.1914736032486,18.406512194675358],[-66.19145214557648,18.406486744798002]],[[-66.19143605232239,18.40640021518685],[-66.19169890880585,18.4062526057498],[-66.19175791740417,18.406171166006203],[-66.191725730896,18.406089726224096],[-66.19166672229767,18.40600319641341],[-66.1915272474289,18.405977746460806],[-66.19144141674042,18.40600319641341],[-66.19113564491272,18.40601846638316],[-66.19110882282257,18.406038826340733],[-66.19100689888,18.40658345431197],[-66.19103372097015,18.406608904175044],[-66.19137704372406,18.406425665076995]],[[-66.19154334068298,18.406339135435147],[-66.19161307811737,18.405993016432816]],[[-66.191366314888,18.406328955474407],[-66.19144141674042,18.40600319641341]],[[-66.19190812110901,18.40577923670145],[-66.19202613830566,18.406089726224096],[-66.19213342666626,18.40626278571503]],[[-66.1915272474289,18.405977746460806],[-66.1915111541748,18.4058148666751]],[[-66.19217097759247,18.405886126600322],[-66.19210124015808,18.40586067663041],[-66.19195640087128,18.405921756551862]],[[-66.19224071502686,18.405972656469842],[-66.19202613830566,18.406089726224096]],[[-66.1922138929367,18.40587085661882],[-66.1919778585434,18.405967566478722]],[[-66.1923748254776,18.405937026528832],[-66.19240164756775,18.406008286403463],[-66.19229435920715,18.40605918629589]],[[-66.19117856025696,18.406532554574554],[-66.19128048419952,18.406008286403463]],[[-66.1881959438324,18.403010256197803],[-66.18804037570953,18.403015346276348],[-66.18795454502106,18.40215003076335],[-66.18792235851288,18.4020533187594],[-66.18787944316864,18.40202277811531],[-66.18780434131622,18.402007507791225],[-66.1876916885376,18.402007507791225],[-66.18765950202942,18.40201768800742],[-66.1874771118164,18.40245034663991]],[[-66.19262158870697,18.40150867645994],[-66.19288444519043,18.401549397439098]],[[-66.18936538696289,18.39834768107211],[-66.18827641010284,18.398164433183737],[-66.18824422359467,18.398220425614753]],[[-66.18876457214355,18.39953369741346],[-66.18878066539764,18.399447164308512]],[[-66.1887001991272,18.399890009740517],[-66.18858754634857,18.399854378540965],[-66.18815302848816,18.39977802594572],[-66.18804574012756,18.400180149233748],[-66.18802428245544,18.400297222925957]],[[-66.18841052055359,18.40035830482074],[-66.18849635124207,18.399884919569587]],[[-66.18804574012756,18.400180149233748],[-66.18822276592255,18.400195419719864],[-66.1882871389389,18.399849288369012],[-66.18849635124207,18.399884919569587],[-66.1887001991272,18.399890009740517],[-66.18870556354523,18.399854378540965]],[[-66.18379175662994,18.403122237890926],[-66.18384003639221,18.40287282402035],[-66.18408679962158,18.402358724902584],[-66.18431746959686,18.40194133637121]],[[-66.18352890014648,18.401875164925784],[-66.18367910385132,18.40286773393761]],[[-66.18684411048889,18.40503100555138],[-66.18695676326752,18.404496552739232],[-66.18694603443146,18.404099529576357]],[[-66.18303000926971,18.404567813210022],[-66.1825579404831,18.404598353402776]],[[-66.18258476257324,18.40518879606445],[-66.18245601654053,18.405305866351682],[-66.18240773677826,18.40531604637289],[-66.18208587169647,18.405260056248764],[-66.1821448802948,18.4049902853955]],[[-66.18256866931915,18.404954655251203],[-66.18216633796692,18.404883394940498]],[[-66.18197321891785,18.404745964258012],[-66.1812973022461,18.404567813210022]],[[-66.18199467658997,18.405911576566453],[-66.18190884590149,18.405982836451642]],[[-66.182000041008,18.40565198673532],[-66.18197321891785,18.40562144672947],[-66.18196785449982,18.405585816715785],[-66.18201613426208,18.405372036478823],[-66.18208587169647,18.40533131640359]],[[-66.1825579404831,18.40542802656654],[-66.18245601654053,18.40539748652094],[-66.18245601654053,18.405305866351682]],[[-66.18294954299927,18.405743606720407],[-66.18341624736786,18.405901396580447],[-66.18330359458923,18.406196615930213],[-66.18284225463867,18.40603373635156]],[[-66.18289589881897,18.405891216593858],[-66.18243455886841,18.405738516722522],[-66.18232190608978,18.40577923670145],[-66.18224143981934,18.405789416694674],[-66.1819839477539,18.405723246727945],[-66.182000041008,18.40565198673532],[-66.18204832077026,18.405585816715785],[-66.18208587169647,18.40533131640359],[-66.18210196495056,18.405265146260803]],[[-66.18247747421265,18.406308595551167],[-66.18240773677826,18.40659363425766],[-66.18243455886841,18.406639444005748],[-66.18248283863068,18.406893942384343]],[[-66.18278324604034,18.40620679589877],[-66.18294954299927,18.405743606720407],[-66.1830461025238,18.405458566606697],[-66.18306756019592,18.405361856460914],[-66.18301391601562,18.404262410984686],[-66.1825954914093,18.404211510561126],[-66.1825579404831,18.404598353402776],[-66.18258476257324,18.405326226393512],[-66.18256330490112,18.405407666536746],[-66.18232190608978,18.406043916329736]],[[-66.18243455886841,18.406486744798002],[-66.18224680423737,18.406435845032007]],[[-66.18240773677826,18.40659363425766],[-66.18213951587677,18.406522374625254]],[[-66.18279933929443,18.40774905418084],[-66.18277251720428,18.407708334667788],[-66.1827403306961,18.407591266014123],[-66.18263304233551,18.407489467120143]],[[-66.1827403306961,18.407591266014123],[-66.18285298347473,18.40756072635226],[-66.182901263237,18.407408027961623],[-66.18271350860596,18.40732658876459]],[[-66.1827939748764,18.407362218418044],[-66.1828476190567,18.407219699760006]],[[-66.18321239948273,18.40720951985135],[-66.18330895900726,18.40734185861696],[-66.18333578109741,18.407397848064107],[-66.18324995040894,18.407693064847905],[-66.18297636508942,18.407642165438546],[-66.18283689022064,18.407708334667788],[-66.18276178836823,18.407794863621504],[-66.18268668651581,18.407917022070365]],[[-66.1834055185318,18.407957741534048],[-66.18335723876953,18.4078661227272],[-66.18330895900726,18.40783558311408],[-66.18276178836823,18.407794863621504]],[[-66.18417263031006,18.41063502513606],[-66.18413507938385,18.411072751954535],[-66.18420481681824,18.411398501422596],[-66.18423700332642,18.41149520817723],[-66.1842155456543,18.41169880116732]],[[-66.185063123703,18.411566465751164],[-66.18513822555542,18.411581735227458]],[[-66.18508994579315,18.41180568739071],[-66.18474125862122,18.411739519736443],[-66.18477880954742,18.411612274175965],[-66.18475198745728,18.41158682505258],[-66.1847734451294,18.411479938693276],[-66.185063123703,18.411541016621],[-66.18505239486694,18.41162754364818]],[[-66.18589460849762,18.410833529296326],[-66.18599116802216,18.410080230243395],[-66.18608772754669,18.409851185958857],[-66.18614673614502,18.409744298521787],[-66.18622183799744,18.409662860429947],[-66.1862862110138,18.409555972875935],[-66.18647396564484,18.40916914117335]],[[-66.1862862110138,18.409555972875935],[-66.18667781352997,18.409499984130676]],[[-66.18700504302979,18.40989190496505],[-66.18684411048889,18.409912264464523],[-66.18630230426788,18.4100089720542],[-66.18624866008759,18.409678130075108],[-66.18622183799744,18.409662860429947]],[[-66.18684411048889,18.409469444807414],[-66.18781507015228,18.409311658217547]],[[-66.18628084659576,18.408212237963895],[-66.18632376194,18.408069720009536],[-66.18631303310394,18.407983191193964],[-66.18637204170227,18.407820313305507],[-66.18665099143982,18.407901752268984]],[[-66.18632376194,18.408069720009536],[-66.18658125400543,18.408146068928332]],[[-66.18578732013702,18.408059540151143],[-66.1857658624649,18.40814097900146],[-66.18606626987457,18.408787398509418]],[[-66.18616282939911,18.40902662401116],[-66.18632376194,18.409062253312783],[-66.18635594844818,18.40910297250558],[-66.18647396564484,18.40916914117335],[-66.1865222454071,18.40916914117335]],[[-66.18636131286621,18.407850852921314],[-66.18629157543182,18.407825403241844],[-66.18624866008759,18.407794863621504],[-66.18588387966156,18.40767270508597]],[[-66.18731617927551,18.408655060854983],[-66.18732154369354,18.40873140951419],[-66.18742346763611,18.409296388539886],[-66.1874395608902,18.409372736914648]],[[-66.18812620639801,18.408543082760232],[-66.18807256221771,18.40828349689683],[-66.18818521499634,18.4082631372047],[-66.18822276592255,18.40828349689683],[-66.18825495243073,18.40832421627384],[-66.18829786777496,18.408512543267207],[-66.18784725666046,18.40859907181671],[-66.18749856948853,18.408665240678175],[-66.18732154369354,18.40873140951419],[-66.18682265281677,18.40880775813953],[-66.18660807609558,18.408858657204277],[-66.1865222454071,18.40916914117335],[-66.18658661842346,18.409515253790275]],[[-66.18784725666046,18.40859907181671],[-66.18813157081604,18.410039511281752],[-66.18796527385712,18.41006496063389]],[[-66.19058310985565,18.407861032792056],[-66.19139313697815,18.407703244727983]],[[-66.19100153446198,18.40679214307805],[-66.1910605430603,18.406893942384343]],[[-66.19104444980621,18.409067343212413],[-66.19085133075714,18.409097882607014]],[[-66.19098007678986,18.408767038876903],[-66.19078695774078,18.408802668232212]],[[-66.19109272956848,18.409296388539886],[-66.19079768657684,18.407901752268984],[-66.19084596633911,18.40781013343235]],[[-66.18794918060303,18.409963163202704],[-66.18710696697235,18.410126039063712],[-66.18705868721008,18.41009040998229],[-66.18702113628387,18.409927534087558],[-66.18700504302979,18.40989190496505],[-66.1867743730545,18.40850236343499],[-66.18679583072662,18.408303856586542],[-66.18690848350525,18.408146068928332],[-66.1873859167099,18.40820205811393],[-66.18749856948853,18.408665240678175]],[[-66.18809938430786,18.410044601152478],[-66.18818521499634,18.41043652074687],[-66.18824422359467,18.410640114989192],[-66.18827641010284,18.410685923660523],[-66.18842124938965,18.4107520917198]],[[-66.18762195110321,18.409342197568805],[-66.18760585784912,18.409265849180485],[-66.18742346763611,18.409296388539886]],[[-66.18739128112793,18.410070050503876],[-66.18715524673462,18.408756859059736],[-66.18714988231659,18.408629611294387],[-66.18705332279205,18.40816642863429],[-66.18707478046417,18.407993371056875]],[[-66.18831932544708,18.410858978531095],[-66.18842124938965,18.4107520917198],[-66.18880212306976,18.410680833808755],[-66.18888795375824,18.41103712306908]],[[-66.18963360786438,18.416554422611796],[-66.18933320045471,18.416549332933585],[-66.1887913942337,18.416539153576707]],[[-66.18933320045471,18.41667657484372],[-66.18933320045471,18.416549332933585]],[[-66.18528306484222,18.41392303889637],[-66.18582487106323,18.414050282748434],[-66.18595898151398,18.414060462252536],[-66.18607699871063,18.414050282748434],[-66.1861252784729,18.414024833985536],[-66.1862701177597,18.413678730436672],[-66.18617355823517,18.413383523918498],[-66.1864310503006,18.413113765795316]],[[-66.18417263031006,18.414289500935624],[-66.18409216403961,18.413928128652245]],[[-66.1835128068924,18.411968561508246],[-66.1837649345398,18.412940713191773],[-66.18386685848236,18.413088316893933],[-66.18405997753143,18.413744897345424],[-66.1840546131134,18.413816153987923],[-66.18402242660522,18.413841602781673],[-66.1840170621872,18.413887410600935],[-66.18404388427734,18.41392303889637],[-66.18409216403961,18.413928128652245],[-66.18412971496582,18.413897590114672],[-66.18413507938385,18.4138568720561],[-66.18410289287567,18.41382124374698],[-66.1840546131134,18.413816153987923]],[[-66.18144750595093,18.405041185588843],[-66.18135094642639,18.40542802656654],[-66.18134558200836,18.405524736675147],[-66.18135631084442,18.405595996720436]],[[-66.1812973022461,18.40500046543538],[-66.18191957473755,18.40516334599147]],[[-66.1812973022461,18.403743225958493],[-66.18177473545074,18.403870477335218],[-66.18207514286041,18.403977368418992],[-66.18195712566376,18.404934295165447],[-66.18191957473755,18.40516334599147],[-66.18195176124573,18.40529059631872],[-66.18187129497528,18.405631626732017],[-66.18185520172119,18.405657076735764],[-66.18182301521301,18.405672346736225],[-66.18149042129517,18.405524736675147],[-66.18161380290985,18.405081905732672]]]},"properties":{"class":"service","id":"14/5179/7339/1","source":"OpenFreeMap / OpenStreetMap","exposureHigh":false,"exposureModerate":false,"zoneLabels":"X"},"id":221150260},{"type":"Feature","geometry":{"type":"MultiLineString","coordinates":[[[-66.19958460330963,18.398510567920354],[-66.19967579841614,18.39798118510042]],[[-66.192267537117,18.40202786822303],[-66.19243383407593,18.402058408866225]],[[-66.18298709392548,18.39841894408717],[-66.18322312831879,18.39844439515683]]]},"properties":{"class":"service","service":"driveway","id":"14/5179/7339/2","source":"OpenFreeMap / OpenStreetMap","exposureHigh":false,"exposureModerate":false,"zoneLabels":"X"},"id":221171150},{"type":"Feature","geometry":{"type":"LineString","coordinates":[[-66.19923055171967,18.397232920070365],[-66.19930565357208,18.397054761250814]]},"properties":{"surface":"paved","class":"service","service":"alley","id":"14/5179/7339/6","source":"OpenFreeMap / OpenStreetMap","exposureHigh":false,"exposureModerate":false,"zoneLabels":"X"},"id":5372136442},{"type":"Feature","geometry":{"type":"MultiLineString","coordinates":[[[-66.20328068733215,18.39673916517532],[-66.20377957820892,18.396270860255882]],[[-66.19964897632599,18.399650771545083],[-66.19974553585052,18.399330090038504],[-66.19970798492432,18.398943235363006]]]},"properties":{"surface":"paved","class":"service","service":"driveway","id":"14/5179/7339/7","source":"OpenFreeMap / OpenStreetMap","exposureHigh":false,"exposureModerate":false,"zoneLabels":"X"},"id":5372344420},{"type":"Feature","geometry":{"type":"LineString","coordinates":[[-66.1999386548996,18.405361856460914],[-66.19979918003082,18.40541784655194],[-66.19971871376038,18.40543311657359],[-66.19964361190796,18.405412756544422],[-66.19955778121948,18.40532113638328],[-66.19949340820312,18.405295686329865],[-66.19926273822784,18.40531604637289],[-66.19916081428528,18.405341496423304],[-66.19913935661316,18.40541784655194],[-66.19913399219513,18.405499286651832]]},"properties":{"class":"service","oneway":1,"id":"14/5179/7339/33","source":"OpenFreeMap / OpenStreetMap","exposureHigh":false,"exposureModerate":false,"zoneLabels":"X"},"id":14366480342},{"type":"Feature","geometry":{"type":"LineString","coordinates":[[-66.1985331773758,18.405254966236583],[-66.19881212711334,18.40535676645173],[-66.19897842407227,18.405341496423304],[-66.19909644126892,18.405351676442407],[-66.19913399219513,18.405499286651832]]},"properties":{"class":"service","oneway":1,"id":"14/5179/7339/34","source":"OpenFreeMap / OpenStreetMap","exposureHigh":false,"exposureModerate":false,"zoneLabels":"X"},"id":14366480362},{"type":"Feature","geometry":{"type":"LineString","coordinates":[[-66.19904816150665,18.405509466661627],[-66.19908034801483,18.40581995667074]]},"properties":{"class":"service","oneway":1,"id":"14/5179/7339/35","source":"OpenFreeMap / OpenStreetMap","exposureHigh":false,"exposureModerate":false,"zoneLabels":"X"},"id":14366480372},{"type":"Feature","geometry":{"type":"LineString","coordinates":[[-66.19909107685089,18.405911576566453],[-66.19910180568695,18.40601337639339]]},"properties":{"class":"service","oneway":1,"id":"14/5179/7339/36","source":"OpenFreeMap / OpenStreetMap","exposureHigh":false,"exposureModerate":false,"zoneLabels":"X"},"id":14366480392},{"type":"Feature","geometry":{"type":"LineString","coordinates":[[-66.19908034801483,18.40581995667074],[-66.19909107685089,18.405911576566453]]},"properties":{"class":"service","oneway":1,"id":"14/5179/7339/37","source":"OpenFreeMap / OpenStreetMap","exposureHigh":false,"exposureModerate":false,"zoneLabels":"X"},"id":14366480402},{"type":"Feature","geometry":{"type":"MultiLineString","coordinates":[[[-66.20362937450409,18.416264310713473],[-66.20287835597992,18.416294848831072],[-66.20287835597992,18.41657478132315]],[[-66.2033075094223,18.415908032274416],[-66.20330214500427,18.416406821882546]],[[-66.20237946510315,18.415958929239437],[-66.202352643013,18.416635857442714],[-66.20242238044739,18.41680381665975]],[[-66.20151042938232,18.417043031019176],[-66.2017947435379,18.416946327382007]],[[-66.20090425014496,18.417404396761228],[-66.20158016681671,18.417216079497393],[-66.20151042938232,18.417043031019176],[-66.20141923427582,18.416732561254378],[-66.20141386985779,18.416544243255217],[-66.20124220848083,18.41601491588358]],[[-66.20141923427582,18.416732561254378],[-66.20192885398865,18.416666395494374],[-66.20194494724274,18.415964018935114]],[[-66.20132267475128,18.416264310713473],[-66.20116174221039,18.416320297258252],[-66.20086133480072,18.416534063898055],[-66.2007486820221,18.41672238190833],[-66.20066821575165,18.416936148048606],[-66.20066285133362,18.41718554154329],[-66.20060384273529,18.41732296229405],[-66.20061457157135,18.417404396761228]],[[-66.20101153850555,18.41642718061135],[-66.20107054710388,18.41690561004482]],[[-66.20299100875854,18.412976341683205],[-66.20225071907043,18.412207782588936],[-66.20147287845612,18.411434130233246]],[[-66.20174646377563,18.412935623406682],[-66.20166599750519,18.41283891746137]],[[-66.20210587978363,18.41249790132578],[-66.20225071907043,18.412207782588936],[-66.20250284671783,18.41166826223416],[-66.20264232158661,18.41141886074388],[-66.2032699584961,18.41082843944892],[-66.2039566040039,18.410202387070527]],[[-66.2013977766037,18.413052688425694],[-66.20146751403809,18.413144304471984]],[[-66.20115101337433,18.41325118979769],[-66.20121002197266,18.41321556136316]],[[-66.20049118995667,18.41610144066142],[-66.20055019855499,18.416544243255217],[-66.20056629180908,18.416712202561698]],[[-66.20086133480072,18.416534063898055],[-66.20055019855499,18.416544243255217]],[[-66.19734764099121,18.41681908567135],[-66.19599044322968,18.417404396761228]],[[-66.19688630104065,18.41551103543054],[-66.19677364826202,18.415541573681807],[-66.19639813899994,18.41570953396696],[-66.196049451828,18.415770610393636],[-66.1957597732544,18.415892763181958],[-66.19535207748413,18.415974198326012]],[[-66.19581341743469,18.41684962369048],[-66.19580268859863,18.416228682902755],[-66.1957597732544,18.415892763181958]],[[-66.19545936584473,18.417404396761228],[-66.19540572166443,18.417078658661254],[-66.19535207748413,18.415974198326012],[-66.19534134864807,18.41485446171727],[-66.19537889957428,18.41417243675791],[-66.19543790817261,18.41406555200436],[-66.19558811187744,18.413963756939268],[-66.19567930698395,18.413872141329193],[-66.19573295116425,18.41364310209066],[-66.19576513767242,18.41333262619176],[-66.19571149349213,18.41275239104317],[-66.19567394256592,18.41265568499489],[-66.19543790817261,18.412472452333333],[-66.1941933631897,18.411734429915825],[-66.19398415088654,18.411541016621],[-66.19389832019806,18.411408681083543],[-66.19380712509155,18.410996404333787],[-66.19382321834564,18.41025837558732],[-66.19387149810791,18.409510163903903],[-66.19391441345215,18.409067343212413],[-66.1939948797226,18.40781013343235],[-66.19408071041107,18.407728694425515],[-66.19420945644379,18.407703244727983],[-66.19559347629547,18.407570906240153]],[[-66.1944454908371,18.417048120682765],[-66.19393050670624,18.417043031019176]],[[-66.19336724281311,18.416696933540592],[-66.19336187839508,18.417404396761228]],[[-66.19280934333801,18.4166918438666],[-66.19280397891998,18.417404396761228]],[[-66.19393587112427,18.41621341383876],[-66.19433283805847,18.41621341383876]],[[-66.1939412355423,18.415694264856896],[-66.19392514228821,18.417404396761228]],[[-66.19362473487854,18.41530744695018],[-66.19361937046051,18.41570953396696]],[[-66.19337797164917,18.415704444263753],[-66.19336724281311,18.41652388454027]],[[-66.19281470775604,18.415699354560402],[-66.19280934333801,18.41651879486116]],[[-66.19298100471497,18.415302357235092],[-66.19297564029694,18.415704444263753]],[[-66.1936354637146,18.414080821258935],[-66.1936354637146,18.41443201374014],[-66.19363009929657,18.414991884329666]],[[-66.192986369133,18.414421834258036],[-66.19298100471497,18.41498679460524]],[[-66.1959046125412,18.409352377351354],[-66.19387149810791,18.409510163903903]],[[-66.19589924812317,18.410777540966606],[-66.1939948797226,18.41094550590114],[-66.19380712509155,18.410996404333787]],[[-66.19382321834564,18.41025837558732],[-66.19311511516571,18.41024310599363],[-66.18893086910248,18.41103712306908],[-66.18871092796326,18.411032033227684],[-66.1883944272995,18.410925146523866],[-66.18817448616028,18.410721552618696],[-66.18804574012756,18.410451790323393],[-66.18768095970154,18.408624521381824],[-66.18756294250488,18.408090079724516]],[[-66.20085597038269,18.409306568325135],[-66.20036780834198,18.409474534694994],[-66.19942903518677,18.409739208642165],[-66.19935929775238,18.40998352269375],[-66.19932174682617,18.410075140373706],[-66.1992198228836,18.410100589720585],[-66.19908571243286,18.410100589720585],[-66.1990213394165,18.40996825307569],[-66.19899988174438,18.409851185958857],[-66.19942903518677,18.409739208642165]],[[-66.20092034339905,18.409443995367212],[-66.20068967342377,18.40968321995652],[-66.19972944259644,18.410120949195388]],[[-66.20279788970947,18.411790417934284],[-66.20254039764404,18.41159191487756]],[[-66.20310366153717,18.41149011834939],[-66.20392978191376,18.412309578692643]],[[-66.20351135730743,18.41110838083263],[-66.2039566040039,18.411541016621]],[[-66.20302319526672,18.410589216451186],[-66.20353281497955,18.411082931634738]],[[-66.2039566040039,18.41070119321492],[-66.20353281497955,18.411082931634738],[-66.20310366153717,18.41149011834939],[-66.20279788970947,18.411790417934284],[-66.20274424552917,18.411856585568998],[-66.20275497436523,18.41192784299332],[-66.20335042476654,18.412518260517018],[-66.20354890823364,18.412767660414247]],[[-66.20360791683197,18.410049691023048],[-66.20302319526672,18.410589216451186],[-66.2024599313736,18.411077841794707],[-66.20212733745575,18.411276345444307],[-66.20250284671783,18.41166826223416]],[[-66.20302855968475,18.409464354919677],[-66.20384931564331,18.408716139785056],[-66.20384395122528,18.408629611294387]],[[-66.2039566040039,18.409881725214404],[-66.20330214500427,18.409220040131245]],[[-66.20388150215149,18.409214950236134],[-66.2039566040039,18.409296388539886]],[[-66.20100617408752,18.40408425943643],[-66.20056092739105,18.40411988976082]],[[-66.2015426158905,18.404980105355023],[-66.2015050649643,18.404761234339247],[-66.20136559009552,18.403315660643912],[-66.20116710662842,18.40151885670565]],[[-66.2008398771286,18.40409443952987],[-66.2007486820221,18.403254579798016],[-66.20068967342377,18.402689580946472],[-66.20061993598938,18.401931156150496]],[[-66.19951486587524,18.403162958488565],[-66.1996328830719,18.401513766582866]],[[-66.19861364364624,18.403122237890926],[-66.19875311851501,18.40343273220462],[-66.19879066944122,18.40369232538147],[-66.19883894920349,18.403722865729492],[-66.19889795780182,18.403524353370543],[-66.19875311851501,18.40343273220462]],[[-66.19850099086761,18.402206021898706],[-66.19854390621185,18.401722461493137]],[[-66.1984795331955,18.401717371376364],[-66.1986243724823,18.401732641726184]],[[-66.20068967342377,18.402689580946472],[-66.19790017604828,18.40250633767762]],[[-66.20063602924347,18.40212967034597],[-66.19852244853973,18.40199223746579]],[[-66.20122611522675,18.402048228652433],[-66.2015050649643,18.402007507791225],[-66.20171427726746,18.401920975929173],[-66.20216488838196,18.401630839368536],[-66.20267987251282,18.401320341806084],[-66.20320558547974,18.40097930285468],[-66.20323240756989,18.40092840146073],[-66.20328605175018,18.399355540973545]],[[-66.20128512382507,18.402592869245552],[-66.20161235332489,18.40254705842088],[-66.20188057422638,18.40246052682994],[-66.202352643013,18.40217548128166],[-66.2037581205368,18.401259260252488]],[[-66.20221853256226,18.403203679076555],[-66.20216488838196,18.402745571906408]],[[-66.20233654975891,18.403193498930463],[-66.20136559009552,18.403315660643912],[-66.2007486820221,18.403254579798016],[-66.19951486587524,18.403162958488565],[-66.19861364364624,18.403122237890926],[-66.19846880435944,18.40316804856259],[-66.1977231502533,18.403605794366]],[[-66.20250821113586,18.402384175390054],[-66.202352643013,18.40217548128166]],[[-66.2039566040039,18.401152367481586],[-66.20389759540558,18.401182908280035]],[[-66.2039566040039,18.400465198084476],[-66.20361328125,18.40048046854531]],[[-66.20324850082397,18.400388845760006],[-66.20309829711914,18.400388845760006],[-66.2030553817749,18.400404116227605],[-66.2015962600708,18.401355972702333],[-66.20141386985779,18.40144759497315],[-66.20116710662842,18.40151885670565],[-66.20066821575165,18.40157993816716],[-66.1996328830719,18.401513766582866],[-66.19872629642487,18.40147304559528],[-66.19862973690033,18.401437414723247],[-66.19854927062988,18.401371243084185],[-66.19849562644958,18.40128471090246],[-66.19836688041687,18.400892770476034],[-66.198211312294,18.40034812450645],[-66.19810402393341,18.399828927679636],[-66.19810938835144,18.399788206293707],[-66.1981201171875,18.399772935771495],[-66.19815766811371,18.39975257507311],[-66.19938611984253,18.399487885775088],[-66.19937002658844,18.399401352647118]],[[-66.20267987251282,18.401320341806084],[-66.20299100875854,18.401763182421732]],[[-66.20176792144775,18.401243989860703],[-66.20160162448883,18.40102511409637],[-66.20144069194794,18.400790967621944],[-66.20110809803009,18.400332854033877],[-66.20095789432526,18.400093616453574],[-66.20092034339905,18.399884919569587],[-66.2009471654892,18.398861792162734],[-66.20099008083344,18.398312049553525]],[[-66.20108664035797,18.40102002395902],[-66.20144069194794,18.400790967621944],[-66.20307147502899,18.39973221437232],[-66.20314657688141,18.399701673316628],[-66.20327532291412,18.399701673316628]],[[-66.20221853256226,18.39961514029605],[-66.20213270187378,18.399487885775088],[-66.20212197303772,18.39941662320227],[-66.20222389698029,18.39709039302946],[-66.20229363441467,18.39683078990197]],[[-66.20157480239868,18.400032534464927],[-66.20151579380035,18.399935821271924],[-66.20149433612823,18.399869649055958],[-66.20155870914459,18.398439304943196],[-66.20159089565277,18.397864109834003]],[[-66.20364010334015,18.399925640932665],[-66.2039566040039,18.39990019008188]],[[-66.2035596370697,18.399070490286377],[-66.20320558547974,18.399045039309215],[-66.2031090259552,18.399060309895958],[-66.20302319526672,18.399101031453995],[-66.20221853256226,18.39961514029605],[-66.20110809803009,18.400332854033877],[-66.200732588768,18.400592451883384],[-66.20070040225983,18.400607722332936],[-66.20066285133362,18.40061281248248],[-66.20059311389923,18.400587361733244],[-66.20046973228455,18.400414296538585],[-66.20039999485016,18.400251411490657],[-66.20035707950592,18.400093616453574],[-66.20033025741577,18.399890009740517],[-66.20036244392395,18.39885670196142],[-66.20038390159607,18.39880070973723],[-66.20042681694031,18.39876507831235],[-66.20045900344849,18.398759988108196],[-66.2009471654892,18.398861792162734]],[[-66.20277106761932,18.39858183086801],[-66.20273888111115,18.398474936435463],[-66.2028032541275,18.39716674681604],[-66.20285153388977,18.397034400231135]],[[-66.20360791683197,18.397314364040795],[-66.20339334011078,18.39725328106657],[-66.20285153388977,18.397034400231135],[-66.20229363441467,18.39683078990197],[-66.20182156562805,18.39664245013323],[-66.20169818401337,18.39662208906482]],[[-66.2039566040039,18.39679006780726],[-66.20388686656952,18.39696822690057],[-66.2038654088974,18.397405988461486]],[[-66.2022078037262,18.397339815273654],[-66.20211660861969,18.39733472502739],[-66.20205760002136,18.39731945428767],[-66.20169818401337,18.397202378571535]],[[-66.20164453983307,18.396291221365814],[-66.20071113109589,18.395945082169803]],[[-66.20218098163605,18.397960824190235],[-66.20197713375092,18.397935373049137],[-66.20159089565277,18.397864109834003],[-66.20039999485016,18.39760959811082]],[[-66.20155870914459,18.398439304943196],[-66.20037853717804,18.39817970384854]],[[-66.20214879512787,18.398770168516364],[-66.2022989988327,18.39876507831235],[-66.20243847370148,18.398744717494836],[-66.20253503322601,18.398709086058375],[-66.20277106761932,18.39858183086801],[-66.20295882225037,18.39852074834326],[-66.20309829711914,18.39849020707274],[-66.20326459407806,18.39849020707274],[-66.20331287384033,18.39845966579682],[-66.20333433151245,18.398408763658253],[-66.20339334011078,18.39725328106657]],[[-66.19991183280945,18.398515658131885],[-66.19989573955536,18.398861792162734],[-66.19985818862915,18.398917784367057],[-66.19982600212097,18.398933054965084],[-66.19945049285889,18.398958505958774],[-66.19885504245758,18.399101031453995],[-66.19799137115479,18.39919265492435],[-66.19784116744995,18.399279188157166],[-66.1977231502533,18.399431893756073],[-66.19769096374512,18.39959477957902],[-66.19774460792542,18.401009843683823],[-66.1977607011795,18.4011676378815],[-66.19792699813843,18.401707191142407],[-66.19793236255646,18.40201768800742],[-66.19790017604828,18.40250633767762],[-66.19787335395813,18.403035706588994],[-66.19809865951538,18.4033869216034],[-66.19818449020386,18.403534533497094],[-66.19822204113007,18.403697415439837],[-66.19818985462189,18.40394682811612],[-66.19811475276947,18.404130069852144],[-66.19793772697449,18.40432349147308],[-66.19746565818787,18.404501642773823],[-66.19714915752411,18.404705244034716],[-66.19709551334381,18.404847764774104],[-66.19709014892578,18.405305866351682]],[[-66.19849026203156,18.396627179332143],[-66.19803965091705,18.39722782982095],[-66.19790554046631,18.397395807972728],[-66.19759976863861,18.3976299590625],[-66.19729936122894,18.398108440734518],[-66.19673609733582,18.39804735804188],[-66.19621574878693,18.397971004645626],[-66.19614601135254,18.397915012133538],[-66.19632840156555,18.39636248523159],[-66.19658052921295,18.395904359865725]],[[-66.19898915290833,18.397864109834003],[-66.1987853050232,18.397752124722132],[-66.19874775409698,18.39774194425381],[-66.1986780166626,18.397757214956073]],[[-66.19883358478546,18.398495297284867],[-66.19898915290833,18.397864109834003],[-66.19917690753937,18.39725837131526],[-66.19919300079346,18.397243100568772],[-66.19923055171967,18.397232920070365],[-66.19945049285889,18.397273642060384],[-66.19982600212097,18.397395807972728]],[[-66.19905352592468,18.398500387496853],[-66.1991286277771,18.398159342961833],[-66.19929492473602,18.39767068095867],[-66.1992734670639,18.397640139537458],[-66.19906425476074,18.397619778586957]],[[-66.198211312294,18.40034812450645],[-66.1995792388916,18.400063075461944]],[[-66.19836688041687,18.400892770476034],[-66.19946122169495,18.400694254854812]],[[-66.1962640285492,18.400902950758123],[-66.19603335857391,18.40063317307917],[-66.1957061290741,18.399940911441348],[-66.19571149349213,18.399803476814554],[-66.19587779045105,18.399727124196744],[-66.19637131690979,18.39959477957902],[-66.1965161561966,18.399671132255506],[-66.19661808013916,18.40002235413138],[-66.19688630104065,18.400439747313413],[-66.1970043182373,18.40070443514864],[-66.19718134403229,18.40133561219109],[-66.19726181030273,18.40186498470115]],[[-66.19587779045105,18.399727124196744],[-66.19569540023804,18.39924864702114],[-66.19555056095123,18.39869890564661]],[[-66.19733691215515,18.398861792162734],[-66.196768283844,18.39878543912748],[-66.19652688503265,18.398744717494836]],[[-66.19696140289307,18.39881598034563],[-66.19689702987671,18.3993657213465],[-66.19663953781128,18.39953369741346],[-66.1965161561966,18.399671132255506]],[[-66.19759976863861,18.3976299590625],[-66.19683802127838,18.397238010319654]],[[-66.196950674057,18.396535554497206],[-66.19687557220459,18.39695804638589],[-66.19673609733582,18.39804735804188]],[[-66.19492292404175,18.398245876713744],[-66.19493365287781,18.39852074834326],[-66.19500875473022,18.40138142333801]],[[-66.19493365287781,18.39852074834326],[-66.19326531887054,18.398556379818658]],[[-66.19342625141144,18.39637775605614],[-66.19314730167389,18.396387936605095]],[[-66.19344234466553,18.396601727993982],[-66.1945903301239,18.396545735036824]],[[-66.1932760477066,18.398429124515488],[-66.19241774082184,18.398352771288458]],[[-66.19348526000977,18.39963041083226],[-66.19436502456665,18.399604959937847]],[[-66.19434893131256,18.39907558048135],[-66.19356572628021,18.39909085106538]],[[-66.19381248950958,18.401070925325882],[-66.19398951530457,18.4002005098816],[-66.19497656822205,18.400164878746295]],[[-66.1928254365921,18.40095385215959],[-66.1932384967804,18.401014933821486],[-66.19381248950958,18.401070925325882],[-66.19407534599304,18.401096376003665]],[[-66.1932384967804,18.401014933821486],[-66.19348526000977,18.39963041083226],[-66.19368374347687,18.39829677890046]],[[-66.19301855564117,18.40213985055496],[-66.19241774082184,18.40210930992619]],[[-66.19291663169861,18.402134760450537],[-66.19276106357574,18.403112057740003]],[[-66.19445085525513,18.402816833101795],[-66.19276106357574,18.403112057740003],[-66.19266450405121,18.403132418041253]],[[-66.19526088237762,18.403056066899254],[-66.19527161121368,18.40359052418229],[-66.19550228118896,18.40537712648755]],[[-66.19686484336853,18.40194133637121],[-66.19726181030273,18.40186498470115],[-66.19792699813843,18.401707191142407]],[[-66.19793236255646,18.40201768800742],[-66.1977767944336,18.4020533187594],[-66.19751930236816,18.40222129220517],[-66.19719743728638,18.402597959336433]],[[-66.19612991809845,18.403921377859575],[-66.19715988636017,18.403794126520467],[-66.19723498821259,18.40381448674104],[-66.1972564458847,18.40388065744129]],[[-66.19657516479492,18.40528550630745],[-66.19664490222931,18.40460853346582],[-66.19662344455719,18.40443038227565]],[[-66.19724571704865,18.40434385163107],[-66.19620501995087,18.404486372669567],[-66.19612991809845,18.403921377859575],[-66.19610846042633,18.40360070430492],[-66.19636058807373,18.402312914015624],[-66.19644105434418,18.40233327441132]],[[-66.1954003572464,18.405657076735764],[-66.19589924812317,18.410777540966606],[-66.19596362113953,18.41152065731417]],[[-66.19286835193634,18.404257320943003],[-66.19257867336273,18.403809396686114],[-66.19231045246124,18.40343273220462],[-66.19184911251068,18.40362106454836]],[[-66.19233191013336,18.405738516722522],[-66.19210124015808,18.404949565229998],[-66.19184911251068,18.40362106454836],[-66.19174718856812,18.403122237890926]],[[-66.191725730896,18.40453727301187],[-66.19200468063354,18.40454236304528],[-66.19243919849396,18.404277681108823]],[[-66.19194030761719,18.404089349483215],[-66.19209587574005,18.40404862910465],[-66.19257867336273,18.403809396686114]],[[-66.19045972824097,18.40424205081706],[-66.19000911712646,18.402312914015624],[-66.1900144815445,18.402170391178302],[-66.1900520324707,18.401651199844892]],[[-66.18917763233185,18.40535676645173],[-66.18914008140564,18.405234606186326],[-66.18907034397125,18.404837584725186],[-66.18891477584839,18.404756144312316],[-66.18881285190582,18.404593263371027],[-66.18882894515991,18.40408425943643],[-66.18873238563538,18.40355998381081],[-66.18858754634857,18.40326985001151],[-66.18850708007812,18.402119490136386],[-66.18846952915192,18.40199223746579],[-66.18843197822571,18.401920975929173],[-66.18810474872589,18.40149340609028]],[[-66.18842661380768,18.405407666536746],[-66.18828177452087,18.40355998381081],[-66.1881959438324,18.403010256197803],[-66.1881422996521,18.40210930992619],[-66.18812084197998,18.40204313854531],[-66.18800818920135,18.401936246260917],[-66.18770778179169,18.401763182421732],[-66.18748784065247,18.401585028287982],[-66.18731081485748,18.40126944051292],[-66.1872786283493,18.400653533673463],[-66.1872786283493,18.40027686228956],[-66.18725717067719,18.399890009740517]],[[-66.18973016738892,18.404883394940498],[-66.18963360786438,18.40478159444548],[-66.18956923484802,18.40441002212789],[-66.18955850601196,18.40428277114988],[-66.18962824344635,18.403982458468946],[-66.18962287902832,18.403875567388326]],[[-66.18961751461029,18.404715424091435],[-66.18957459926605,18.404679793890267],[-66.18952095508575,18.404659433771997],[-66.18937611579895,18.404527092944605]],[[-66.18966042995453,18.40220093179623],[-66.18954241275787,18.401320341806084],[-66.18957996368408,18.400938581740732]],[[-66.1902666091919,18.40209912971541],[-66.1900144815445,18.402170391178302]],[[-66.19019687175751,18.403122237890926],[-66.18998229503632,18.403096787512524]],[[-66.19169354438782,18.401585028287982],[-66.19198858737946,18.399946001610587],[-66.1921763420105,18.3987548979039],[-66.19210660457611,18.398714176264036],[-66.18938148021698,18.398266237590235]],[[-66.19221925735474,18.401600298649512],[-66.19229972362518,18.401111646408552]],[[-66.19225144386292,18.401376333211175],[-66.18843197822571,18.400750246463446]],[[-66.19249284267426,18.400628082930226],[-66.19269132614136,18.39951333668681]],[[-66.1914199590683,18.39925373721084],[-66.19133412837982,18.399207925498004],[-66.18933856487274,18.398882152966408],[-66.18928492069244,18.398810890142983],[-66.18952631950378,18.397451800653585],[-66.18958532810211,18.397187107820073],[-66.18994474411011,18.396637359866347],[-66.19008421897888,18.396520283686655],[-66.19027197360992,18.395904359865725]],[[-66.19259476661682,18.400042714797877],[-66.19135022163391,18.399834017852214],[-66.189204454422,18.39949806614024],[-66.1891508102417,18.399559148318417],[-66.1889898777008,18.40044992762229]],[[-66.19202077388763,18.398250966933105],[-66.19212806224823,18.398266237590235]],[[-66.19198858737946,18.398403673443568],[-66.19202077388763,18.398250966933105],[-66.19209051132202,18.39783865867861],[-66.19205832481384,18.397752124722132],[-66.19195640087128,18.397711402845218],[-66.19044363498688,18.39792010236266],[-66.19014859199524,18.397899741445244]],[[-66.19205832481384,18.397752124722132],[-66.1921226978302,18.397685951667256]],[[-66.19174182415009,18.397370356748127],[-66.1917096376419,18.396952956128345],[-66.19166672229767,18.39661699879734]],[[-66.19092643260956,18.396637359866347],[-66.19093179702759,18.39711075404253],[-66.19110882282257,18.39726855181216]],[[-66.1908620595932,18.39660681826193],[-66.19088888168335,18.396189415792122],[-66.19093179702759,18.396138512982716],[-66.19105517864227,18.39613342270094],[-66.1914736032486,18.396189415792122]],[[-66.19040608406067,18.396545735036824],[-66.19044899940491,18.39639811715344]],[[-66.19042754173279,18.396464290703022],[-66.1908620595932,18.39660681826193],[-66.19105517864227,18.396698443058952],[-66.19222462177277,18.396545735036824],[-66.19224071502686,18.396291221365814],[-66.19228899478912,18.396250499143562],[-66.19341015815735,18.39619450607225]],[[-66.19125366210938,18.39857674065844],[-66.191366314888,18.397950643734248],[-66.19135558605194,18.39779793682216]],[[-66.19006812572479,18.398378222367896],[-66.19019687175751,18.3976299590625],[-66.19017541408539,18.39753324452053],[-66.19017541408539,18.397344905519773],[-66.19019150733948,18.39731945428767],[-66.19060456752777,18.39726855181216]],[[-66.18931174278259,18.39865309378621],[-66.18898451328278,18.398586921077438],[-66.18830859661102,18.398474936435463]],[[-66.18898451328278,18.398586921077438],[-66.18888258934021,18.399106121648074]],[[-66.18952631950378,18.397451800653585],[-66.18971943855286,18.397472161623924]],[[-66.18871092796326,18.39715147606144],[-66.18804037570953,18.39705985150536],[-66.18723571300507,18.39708021252204],[-66.18615210056305,18.397115844295413],[-66.18565320968628,18.39715147606144],[-66.1848109960556,18.39809826028724]],[[-66.18723571300507,18.39708021252204],[-66.187224984169,18.39658136692077],[-66.18728399276733,18.396515193416164],[-66.18809938430786,18.396489742061476],[-66.18881821632385,18.39659663772592]],[[-66.18733763694763,18.398200064732862],[-66.18732154369354,18.397640139537458]],[[-66.1881422996521,18.39898395694871],[-66.18900060653687,18.399126482422858]],[[-66.18902742862701,18.40045501777651],[-66.18896305561066,18.400836778913728]],[[-66.18963360786438,18.400185239395924],[-66.19117856025696,18.40042956700394],[-66.19123220443726,18.400393935916014],[-66.19135022163391,18.399834017852214],[-66.1914199590683,18.39925373721084],[-66.1914736032486,18.39922319607031]],[[-66.18959069252014,18.400439747313413],[-66.18963360786438,18.400185239395924],[-66.18968188762665,18.399910370422646]],[[-66.1883944272995,18.400964032438083],[-66.18848025798798,18.400495739004796]],[[-66.18784725666046,18.400388845760006],[-66.18777751922607,18.400836778913728]],[[-66.18780434131622,18.400643353376623],[-66.1867368221283,18.4006688041176],[-66.1847573518753,18.40073497602654]],[[-66.1867368221283,18.4006688041176],[-66.18675827980042,18.401233809598764]],[[-66.18617355823517,18.40068916470767],[-66.18620038032532,18.401228719467568]],[[-66.18591606616974,18.400337944191563],[-66.18586778640747,18.399375901718855],[-66.18582487106323,18.398256057152295]],[[-66.18485927581787,18.40035830482074],[-66.18485927581787,18.399966362286108]],[[-66.18586778640747,18.399375901718855],[-66.18492364883423,18.399401352647118],[-66.18457496166229,18.3993657213465],[-66.18432283401489,18.3992995489115]],[[-66.18589460849762,18.399930731102373],[-66.18485927581787,18.399966362286108],[-66.18443012237549,18.399910370422646],[-66.18409216403961,18.39982383750693],[-66.18372201919556,18.399691492963527]],[[-66.18647396564484,18.399910370422646],[-66.18725717067719,18.399890009740517],[-66.18796527385712,18.399849288369012],[-66.18800282478333,18.39979329646748],[-66.18807256221771,18.399401352647118],[-66.18802964687347,18.39930972928778],[-66.18645787239075,18.399355540973545]],[[-66.18647933006287,18.400119067275796],[-66.18645787239075,18.399355540973545],[-66.18640959262848,18.39823060605481]],[[-66.18643641471863,18.398795619534127],[-66.18815839290619,18.398749807699446],[-66.18820130825043,18.398683635027837],[-66.18827104568481,18.398281508246015],[-66.18824422359467,18.398220425614753],[-66.18798673152924,18.39817970384854],[-66.18535280227661,18.398271327808985],[-66.18507921695709,18.398250966933105],[-66.1848109960556,18.39809826028724],[-66.18439257144928,18.397772485656986],[-66.18409752845764,18.397685951667256]],[[-66.18584632873535,18.39881598034563],[-66.18496119976044,18.398846521558383],[-66.18476808071136,18.398826160750474],[-66.18466079235077,18.39877525872022]],[[-66.18659198284149,18.396667901465364],[-66.18709623813629,18.395904359865725]],[[-66.18615210056305,18.397115844295413],[-66.18616819381714,18.397680861431212]],[[-66.18543326854706,18.396576276652084],[-66.18511140346527,18.3969427756128],[-66.18470907211304,18.397370356748127],[-66.18464469909668,18.397355086011558],[-66.18430137634277,18.39710566378949]],[[-66.18448376655579,18.39688169250681],[-66.18416726589203,18.396515193416164],[-66.18417799472809,18.396454110158572],[-66.1843603849411,18.396250499143562]],[[-66.18535280227661,18.398271327808985],[-66.18535816669464,18.39800154600819],[-66.18557810783386,18.397731763784876],[-66.18565857410431,18.39769613213889],[-66.18800282478333,18.397619778586957],[-66.18856072425842,18.397685951667256],[-66.18862509727478,18.39762486882482],[-66.18892014026642,18.396062158740406]],[[-66.1844676733017,18.39855128960835],[-66.18406534194946,18.398200064732862],[-66.18409752845764,18.397685951667256],[-66.18430137634277,18.39710566378949],[-66.18443012237549,18.3969427756128],[-66.18477880954742,18.396540644767086],[-66.18484318256378,18.396515193416164],[-66.18522942066193,18.396805338593907]],[[-66.18288516998291,18.3973907177281],[-66.18217170238495,18.397405988461486]],[[-66.18297100067139,18.397869200064633],[-66.183260679245,18.39792519259163]],[[-66.18289053440094,18.398790529330867],[-66.18355572223663,18.399014498131677]],[[-66.18261158466339,18.39925373721084],[-66.18297100067139,18.399523517050426],[-66.18297100067139,18.399691492963527]],[[-66.18278324604034,18.398994137343635],[-66.18262231349945,18.398917784367057],[-66.18253648281097,18.398810890142983],[-66.1824882030487,18.398668364407683],[-66.18249356746674,18.398515658131885]],[[-66.18312656879425,18.399380991904806],[-66.18303537368774,18.39949806614024],[-66.18297100067139,18.399523517050426]],[[-66.18409216403961,18.39982383750693],[-66.18432283401489,18.3992995489115],[-66.18446230888367,18.399034858917318],[-66.18466079235077,18.39877525872022],[-66.18485391139984,18.39855128960835]],[[-66.18354499340057,18.400083436123637],[-66.18354499340057,18.399742394723035],[-66.18341088294983,18.399701673316628],[-66.18303537368774,18.39949806614024]],[[-66.18230044841766,18.400414296538585],[-66.18210196495056,18.400164878746295],[-66.18207514286041,18.400017263964372],[-66.18219316005707,18.39979329646748],[-66.18261158466339,18.39925373721084],[-66.18278324604034,18.398994137343635],[-66.18289053440094,18.398790529330867],[-66.18298709392548,18.39841894408717],[-66.18297100067139,18.397869200064633],[-66.1829549074173,18.397614688348952],[-66.18288516998291,18.3973907177281],[-66.18281543254852,18.39693768535477],[-66.18276178836823,18.396489742061476],[-66.18273496627808,18.39636248523159]],[[-66.1818391084671,18.40375849612866],[-66.18189811706543,18.40347854279368],[-66.18210196495056,18.402715031385057],[-66.18213951587677,18.40249106739641]],[[-66.18391513824463,18.40361088442694],[-66.18341624736786,18.40355998381081],[-66.18316948413849,18.403239309583157],[-66.18289053440094,18.403122237890926]],[[-66.18633985519409,18.404908845054848],[-66.18635058403015,18.40401299876551]],[[-66.18375420570374,18.40425223090118],[-66.18391513824463,18.40361088442694],[-66.18390440940857,18.403442912336587],[-66.18379175662994,18.403122237890926],[-66.18370592594147,18.40294917524359],[-66.18367910385132,18.40286773393761]],[[-66.18198931217194,18.407779593809295],[-66.18208050727844,18.40714335043039],[-66.18210732936859,18.407107720731645],[-66.18212342262268,18.406873582527894]],[[-66.18362545967102,18.408212237963895],[-66.18368983268738,18.408390385240935],[-66.18382394313812,18.408639791119086],[-66.18389368057251,18.408802668232212],[-66.18392586708069,18.408909556253974]],[[-66.18292272090912,18.41174969937721],[-66.18318557739258,18.413861961813964],[-66.1832445859909,18.41451853931389],[-66.1831533908844,18.4155670222204],[-66.18302464485168,18.41664603679388]],[[-66.18359327316284,18.411724250274162],[-66.18220388889313,18.411770058656955]],[[-66.18352353572845,18.410120949195388],[-66.18359863758087,18.411876944836095]],[[-66.18438720703125,18.409489804356866],[-66.18433356285095,18.408970635093752],[-66.18430137634277,18.408935005773188],[-66.18424773216248,18.408924825965954],[-66.18366301059723,18.408904466349682],[-66.18272423744202,18.408914646158124]],[[-66.18452668190002,18.409489804356866],[-66.18242919445038,18.409545793105423]],[[-66.18447303771973,18.41009040998229],[-66.18328750133514,18.410126039063712]],[[-66.18449449539185,18.410624845429368],[-66.18446230888367,18.409815556820547]],[[-66.18489682674408,18.41059939615998],[-66.18449449539185,18.410624845429368],[-66.1835503578186,18.41066047440016]],[[-66.18467688560486,18.408176608486357],[-66.18559956550598,18.408176608486357]],[[-66.18513822555542,18.408176608486357],[-66.18515431880951,18.407855942856756]],[[-66.18464469909668,18.407906842202934],[-66.1847198009491,18.407881392531735],[-66.18527233600616,18.407850852921314],[-66.18529915809631,18.407825403241844],[-66.18540644645691,18.407494557066272]],[[-66.18455350399017,18.406909212275096],[-66.18459641933441,18.40596247648746],[-66.18452668190002,18.405127715882998],[-66.1845588684082,18.40446092249276]],[[-66.1911678314209,18.410614665722065],[-66.19049727916718,18.4074487475457],[-66.19044363498688,18.407265509341514]],[[-66.18967652320862,18.410894607453443],[-66.18907570838928,18.40796283146632]],[[-66.18982672691345,18.41439638555009],[-66.1897999048233,18.416513705181885],[-66.18977844715118,18.41667657484372],[-66.18976771831512,18.417404396761228]],[[-66.19234263896942,18.414416744516743],[-66.19234263896942,18.414976615155922]],[[-66.19169890880585,18.414411654775307],[-66.19169354438782,18.414971525431056]],[[-66.19131803512573,18.414411654775307],[-66.19129121303558,18.416783457975498],[-66.19130730628967,18.417404396761228]],[[-66.19039535522461,18.41440147529198],[-66.19038999080658,18.41503769184274]],[[-66.19038462638855,18.415332895523406],[-66.19037389755249,18.4164984361432]],[[-66.19094252586365,18.415337985237613],[-66.19093179702759,18.416503525822918]],[[-66.19094789028168,18.41504278156566],[-66.1909532546997,18.414406565033715]],[[-66.19233727455139,18.415302357235092],[-66.19233727455139,18.415694264856896]],[[-66.19225144386292,18.415694264856896],[-66.19224071502686,18.417404396761228]],[[-66.19169354438782,18.415287088088917],[-66.19168817996979,18.415689175153247]],[[-66.19175791740417,18.416681664518165],[-66.19158089160919,18.416681664518165]],[[-66.19167745113373,18.416681664518165],[-66.19167745113373,18.417404396761228]],[[-66.19089961051941,18.41667657484372],[-66.19089424610138,18.417404396761228]],[[-66.19101762771606,18.416503525822918],[-66.19084596633911,18.416503525822918]],[[-66.19098544120789,18.41667657484372],[-66.19081914424896,18.41667657484372]],[[-66.19045972824097,18.4164984361432],[-66.19028270244598,18.4164984361432]],[[-66.19042754173279,18.41667148516912],[-66.1902505159378,18.41667148516912]],[[-66.19034171104431,18.41667148516912],[-66.19033634662628,18.417404396761228]],[[-66.18977308273315,18.417216079497393],[-66.18927419185638,18.41721098983875]],[[-66.18977844715118,18.41667657484372],[-66.188485622406,18.416681664518165],[-66.18841588497162,18.41664603679388],[-66.18813157081604,18.41633047662806],[-66.18811011314392,18.41628466945913],[-66.18813693523407,18.414437103480992],[-66.18814766407013,18.414406565033715],[-66.18817985057831,18.414386206065842],[-66.1887001991272,18.414386206065842],[-66.1936354637146,18.41443201374014]],[[-66.188845038414,18.41667657484372],[-66.18883430957794,18.417012493034363]],[[-66.18981063365936,18.41567899574548],[-66.19361937046051,18.41570953396696],[-66.1939412355423,18.415694264856896],[-66.19434893131256,18.415684085449442]],[[-66.18924736976624,18.415653547223457],[-66.1892580986023,18.41439638555009]],[[-66.18932247161865,18.415653547223457],[-66.18916690349579,18.4156484575186]],[[-66.18868410587311,18.4156484575186],[-66.1887001991272,18.414386206065842]],[[-66.18876993656158,18.4156484575186],[-66.18860900402069,18.4156484575186]],[[-66.18748247623444,18.41547031775373],[-66.18755221366882,18.415480497173846],[-66.18762195110321,18.41547540746386]],[[-66.18755221366882,18.415480497173846],[-66.1875468492508,18.415826597099056],[-66.1875468492508,18.416167606638666]],[[-66.18669927120209,18.417404396761228],[-66.18667244911194,18.417384038148057],[-66.18659198284149,18.417078658661254]],[[-66.18667244911194,18.417384038148057],[-66.1864310503006,18.417378948494388],[-66.18620038032532,18.417236438130445],[-66.18610918521881,18.417226258814225],[-66.18613600730896,18.417404396761228]],[[-66.1857283115387,18.417404396761228],[-66.18559420108795,18.417073568998546],[-66.1853688955307,18.416483167103138]],[[-66.18574440479279,18.41650861550248],[-66.1853688955307,18.416483167103138],[-66.18418335914612,18.41635592505]],[[-66.18473589420319,18.41641700124724],[-66.18480026721954,18.415908032274416]],[[-66.18488073348999,18.41601491588358],[-66.18478953838348,18.416004736495097]],[[-66.18536353111267,18.415480497173846],[-66.18583559989929,18.415551753097702],[-66.18638813495636,18.4156484575186],[-66.18732690811157,18.415816417699432],[-66.1875468492508,18.415826597099056],[-66.18811547756195,18.41583168679864]],[[-66.18583559989929,18.415551753097702],[-66.18591606616974,18.41513439655253]],[[-66.18638813495636,18.4156484575186],[-66.18646323680878,18.41523619092517]],[[-66.1869353055954,18.415745161885155],[-66.18701040744781,18.415332895523406]],[[-66.18528842926025,18.413984115957092],[-66.18417263031006,18.414289500935624],[-66.1832445859909,18.41451853931389],[-66.18267059326172,18.414569436689888],[-66.18153870105743,18.414447282962215],[-66.1812973022461,18.414411654775307]],[[-66.1853152513504,18.4142131547418],[-66.18689239025116,18.414696680064026]],[[-66.18318557739258,18.413861961813964],[-66.18276715278625,18.413917949140327],[-66.18266522884369,18.41397393644847],[-66.18259012699127,18.414055372500556]],[[-66.18311583995819,18.41334280573831],[-66.18256866931915,18.413408972776196],[-66.1823970079422,18.41346496024994],[-66.1822521686554,18.4135514863099],[-66.1820912361145,18.413724538299277]],[[-66.18305683135986,18.412808378730503],[-66.18249356746674,18.41287454597385],[-66.18216633796692,18.412971251899165],[-66.18191957473755,18.413123945354798],[-66.18163526058197,18.41342424208902]],[[-66.18298709392548,18.412279039867855],[-66.1819839477539,18.41231466849625]],[[-66.18210732936859,18.412416464536733],[-66.18209660053253,18.412309578692643]],[[-66.18238091468811,18.413917949140327],[-66.18281543254852,18.414197885498965]],[[-66.18212342262268,18.414808654155422],[-66.18211269378662,18.414890089812516],[-66.18181228637695,18.417404396761228]],[[-66.18370592594147,18.415628098697667],[-66.18358254432678,18.416707112888147]],[[-66.18406534194946,18.417404396761228],[-66.18418335914612,18.41635592505],[-66.18423700332642,18.415714623670013],[-66.18412435054779,18.415673906041377],[-66.1825954914093,18.41551103543054]],[[-66.18411362171173,18.416951417048466],[-66.18545472621918,18.417088837986228],[-66.18559420108795,18.417073568998546]],[[-66.18350744247437,18.417287334702536],[-66.1834967136383,18.417404396761228]],[[-66.18312656879425,18.416656216144418],[-66.18302464485168,18.41664603679388],[-66.18246674537659,18.41658496067791],[-66.1823433637619,18.41656969164552]],[[-66.18293344974518,18.417404396761228],[-66.1829549074173,18.4172313484724]],[[-66.18237555027008,18.417404396761228],[-66.18240237236023,18.41717027256422]],[[-66.18246674537659,18.41658496067791],[-66.1825954914093,18.41551103543054],[-66.18262767791748,18.415073319900046],[-66.18211269378662,18.414890089812516]],[[-66.18227899074554,18.417155003583773],[-66.18240237236023,18.41717027256422],[-66.1829549074173,18.4172313484724],[-66.18305146694183,18.417241527788335]],[[-66.18184447288513,18.417109196634343],[-66.1812973022461,18.417053210346225]],[[-66.1812973022461,18.415628098697667],[-66.18140459060669,18.415643367813587],[-66.18201076984406,18.41570953396696]],[[-66.18153870105743,18.414447282962215],[-66.18140459060669,18.415643367813587]],[[-66.18143677711487,18.413296997774097],[-66.18227362632751,18.413836513023213]],[[-66.1812973022461,18.41082334960136],[-66.18184983730316,18.410889517607842],[-66.1819839477539,18.410976044962524],[-66.18204295635223,18.411199997913855],[-66.18210732936859,18.41125089627127],[-66.18356645107269,18.411189818240587]],[[-66.1812973022461,18.409912264464523],[-66.18227362632751,18.41030927422314]],[[-66.1812973022461,18.409296388539886],[-66.18239164352417,18.409739208642165]],[[-66.1812973022461,18.408675420500757],[-66.18258476257324,18.409199680549904]],[[-66.1815333366394,18.40813588907443],[-66.18268668651581,18.408624521381824],[-66.18271350860596,18.408655060854983],[-66.18272960186005,18.408705959964877],[-66.18272423744202,18.408914646158124],[-66.18248283863068,18.409408366144618],[-66.18242919445038,18.409545793105423],[-66.18238627910614,18.40979010743152],[-66.18225753307343,18.410380532288016],[-66.18226826190948,18.410441610605858],[-66.1823433637619,18.410696103363605]],[[-66.1812973022461,18.406802323011377],[-66.18152260780334,18.406822682876268],[-66.1817854642868,18.406893942384343],[-66.18186593055725,18.407046641230934],[-66.18208050727844,18.40714335043039]],[[-66.18132412433624,18.40361597448772],[-66.18171036243439,18.401920975929173]],[[-66.18154406547546,18.397986275327597],[-66.18156015872955,18.397803027054735],[-66.18143141269684,18.397339815273654],[-66.1812973022461,18.397248190817763]],[[-66.18590533733368,18.395904359865725],[-66.18585705757141,18.395904359865725]],[[-66.18647396564484,18.395904359865725],[-66.18625402450562,18.39621995747055],[-66.18610382080078,18.396326853302398],[-66.1859267950058,18.39635739495644],[-66.18581414222717,18.396347214405708],[-66.18535816669464,18.39617414495089],[-66.18526697158813,18.39610797128985],[-66.18513822555542,18.39598580446426],[-66.18506848812103,18.395955262744323],[-66.18496119976044,18.3959298113069],[-66.18487000465393,18.39592472101897]],[[-66.19553446769714,18.395904359865725],[-66.19548618793488,18.396163964389302],[-66.19547545909882,18.396301401919885]],[[-66.19548618793488,18.396163964389302],[-66.19541645050049,18.396153783827117]],[[-66.19603335857391,18.395904359865725],[-66.19645714759827,18.396138512982716],[-66.19726181030273,18.396795158069622],[-66.19803965091705,18.39722782982095]],[[-66.1960119009018,18.395904359865725],[-66.19594216346741,18.39612833241904],[-66.19577586650848,18.39746707138157]],[[-66.19756758213043,18.396057068456386],[-66.19756758213043,18.39619450607225],[-66.19769096374512,18.396347214405708]],[[-66.19796991348267,18.395904359865725],[-66.19756758213043,18.396057068456386],[-66.19733154773712,18.396092700441386]],[[-66.20168209075928,18.396225047749766],[-66.2022078037262,18.396438839340817],[-66.2022453546524,18.396438839340817],[-66.20231509208679,18.39641847824832]],[[-66.20198249816895,18.395904359865725],[-66.20168209075928,18.396225047749766],[-66.20161771774292,18.396331943578446],[-66.20160698890686,18.396382846330695],[-66.20163381099701,18.39661699879734],[-66.20161235332489,18.39679006780726],[-66.20158553123474,18.39686642172694],[-66.20153725147247,18.39693259509663],[-66.20147287845612,18.396978407414608],[-66.20139241218567,18.397003858697104],[-66.20113492012024,18.397008948953143],[-66.20095789432526,18.396983497671414],[-66.20051264762878,18.396876602247005],[-66.20040535926819,18.396896963285343],[-66.20035707950592,18.39692750483833],[-66.20032489299774,18.39696822690057],[-66.20029807090759,18.397085302775835],[-66.2002819776535,18.397212559071747],[-66.20029807090759,18.39841894408717],[-66.20027661323547,18.398464756009858],[-66.20019614696503,18.398495297284867],[-66.19991183280945,18.398515658131885],[-66.19823813438416,18.39848511686047],[-66.19820594787598,18.398464756009858],[-66.19818449020386,18.398429124515488],[-66.19820058345795,18.39820515495356],[-66.19819521903992,18.398189884291],[-66.19816839694977,18.398164433183737],[-66.19798600673676,18.398123711404295]]]},"properties":{"class":"minor","id":"14/5179/7339/46","source":"OpenFreeMap / OpenStreetMap","exposureHigh":false,"exposureModerate":false,"zoneLabels":"X"},"id":221120320},{"type":"Feature","geometry":{"type":"MultiLineString","coordinates":[[[-66.20236337184906,18.416305028202387],[-66.20287835597992,18.416294848831072]],[[-66.20290517807007,18.409342197568805],[-66.20331287384033,18.409739208642165]],[[-66.20319485664368,18.409632321135575],[-66.20268523693085,18.410095499851508]],[[-66.20338261127472,18.409820646697895],[-66.20373129844666,18.41016675800489]],[[-66.2039566040039,18.409148781585984],[-66.20357573032379,18.409499984130676]],[[-66.19434356689453,18.398912694167407],[-66.19437038898468,18.399798386641095]],[[-66.19445085525513,18.402816833101795],[-66.19437575340271,18.40246561692473],[-66.19438648223877,18.402379085292864],[-66.19542717933655,18.40180899345492],[-66.19568467140198,18.401732641726184],[-66.19598507881165,18.401686830672688],[-66.19617819786072,18.401676650436926],[-66.19637131690979,18.401707191142407]],[[-66.19616746902466,18.40326985001151],[-66.19636058807373,18.403290210294088],[-66.19656443595886,18.403300390434467],[-66.19751930236816,18.40318331878376],[-66.19755148887634,18.403157868414382],[-66.19755685329437,18.403132418041253],[-66.1975246667862,18.40310187758851],[-66.19744956493378,18.403112057740003],[-66.1973637342453,18.403203679076555]],[[-66.18196785449982,18.403239309583157],[-66.18254721164703,18.403463272598685]],[[-66.18696749210358,18.40797301133044],[-66.18756294250488,18.408090079724516],[-66.18829786777496,18.408084989795995],[-66.18867874145508,18.408039180432525],[-66.18907570838928,18.40796283146632],[-66.18950486183167,18.4078661227272],[-66.18995547294617,18.407708334667788],[-66.19049727916718,18.4074487475457],[-66.19250357151031,18.406303505569966]],[[-66.18471443653107,18.395904359865725],[-66.18487000465393,18.39592472101897]]]},"properties":{"surface":"paved","class":"minor","id":"14/5179/7339/48","source":"OpenFreeMap / OpenStreetMap","exposureHigh":false,"exposureModerate":false,"zoneLabels":"X"},"id":221163910},{"type":"Feature","geometry":{"type":"LineString","coordinates":[[-66.20272815227509,18.4046645238018],[-66.2015050649643,18.404761234339247]]},"properties":{"surface":"paved","class":"minor","oneway":1,"id":"14/5179/7339/50","source":"OpenFreeMap / OpenStreetMap","exposureHigh":false,"exposureModerate":false,"zoneLabels":"X"},"id":222339382},{"type":"Feature","geometry":{"type":"LineString","coordinates":[[-66.2039566040039,18.40454745307852],[-66.20272815227509,18.4046645238018]]},"properties":{"class":"minor","oneway":1,"id":"14/5179/7339/51","source":"OpenFreeMap / OpenStreetMap","exposureHigh":false,"exposureModerate":false,"zoneLabels":"X"},"id":222344802},{"type":"Feature","geometry":{"type":"LineString","coordinates":[[-66.20278179645538,18.40478159444548],[-66.20246529579163,18.404689973948507]]},"properties":{"surface":"paved","class":"minor","oneway":1,"id":"14/5179/7339/52","source":"OpenFreeMap / OpenStreetMap","exposureHigh":false,"exposureModerate":false,"zoneLabels":"X"},"id":222375402},{"type":"Feature","geometry":{"type":"LineString","coordinates":[[-66.1968594789505,18.405509466661627],[-66.19704186916351,18.40539748652094]]},"properties":{"class":"minor","oneway":1,"id":"14/5179/7339/54","source":"OpenFreeMap / OpenStreetMap","exposureHigh":false,"exposureModerate":false,"zoneLabels":"X"},"id":4144765382},{"type":"Feature","geometry":{"type":"LineString","coordinates":[[-66.19709014892578,18.405305866351682],[-66.19689166545868,18.405260056248764],[-66.19564712047577,18.40535676645173],[-66.19550228118896,18.40537712648755],[-66.19518041610718,18.405478926630465]]},"properties":{"class":"minor","oneway":1,"id":"14/5179/7339/56","source":"OpenFreeMap / OpenStreetMap","exposureHigh":false,"exposureModerate":false,"zoneLabels":"X"},"id":4144765412},{"type":"Feature","geometry":{"type":"LineString","coordinates":[[-66.19748175144196,18.417404396761228],[-66.1975246667862,18.417328051949397],[-66.19763731956482,18.41706338967269],[-66.19774997234344,18.41689543070902],[-66.19794309139252,18.416640947118367],[-66.19822204113007,18.41644753933774]]},"properties":{"class":"tertiary","oneway":1,"ramp":1,"id":"14/5179/7339/59","source":"OpenFreeMap / OpenStreetMap","exposureHigh":false,"exposureModerate":false,"zoneLabels":"X"},"id":8288372582},{"type":"Feature","geometry":{"type":"LineString","coordinates":[[-66.2015050649643,18.404761234339247],[-66.20005667209625,18.404908845054848],[-66.19996547698975,18.404934295165447],[-66.19990646839142,18.404964835293185],[-66.19985282421112,18.40502591553242]]},"properties":{"surface":"paved","class":"minor","oneway":1,"id":"14/5179/7339/62","source":"OpenFreeMap / OpenStreetMap","exposureHigh":false,"exposureModerate":false,"zoneLabels":"X"},"id":14097369282},{"type":"Feature","geometry":{"type":"LineString","coordinates":[[-66.20121002197266,18.41321556136316],[-66.20136022567749,18.413200292031817],[-66.20160162448883,18.413073047551322],[-66.2020468711853,18.412665864581484],[-66.20210587978363,18.41249790132578]]},"properties":{"class":"minor","oneway":1,"id":"14/5179/7339/63","source":"OpenFreeMap / OpenStreetMap","exposureHigh":false,"exposureModerate":false,"zoneLabels":"X"},"id":14118738432},{"type":"Feature","geometry":{"type":"LineString","coordinates":[[-66.20210587978363,18.41249790132578],[-66.20195031166077,18.4125895176674],[-66.20166599750519,18.41283891746137],[-66.20156407356262,18.41287963576076],[-66.20147287845612,18.412945802976722],[-66.2013977766037,18.413052688425694],[-66.20124757289886,18.41313921469292],[-66.20121002197266,18.41321556136316]]},"properties":{"class":"minor","oneway":1,"id":"14/5179/7339/64","source":"OpenFreeMap / OpenStreetMap","exposureHigh":false,"exposureModerate":false,"zoneLabels":"X"},"id":14118738452},{"type":"Feature","geometry":{"type":"LineString","coordinates":[[-66.20174646377563,18.412935623406682],[-66.2017571926117,18.412859276612267],[-66.20206832885742,18.412594607462722]]},"properties":{"class":"minor","oneway":1,"id":"14/5179/7339/65","source":"OpenFreeMap / OpenStreetMap","exposureHigh":false,"exposureModerate":false,"zoneLabels":"X"},"id":14118738482},{"type":"Feature","geometry":{"type":"MultiLineString","coordinates":[[[-66.2039566040039,18.415882583786242],[-66.2033075094223,18.415908032274416],[-66.20237946510315,18.415958929239437],[-66.20188593864441,18.415964018935114],[-66.20181083679199,18.41559247075523],[-66.20126366615295,18.413688909962758],[-66.20115101337433,18.41325118979769],[-66.20090961456299,18.412482631930757],[-66.20068967342377,18.411729340095064],[-66.20064675807953,18.41141886074388],[-66.20070040225983,18.411093111314344],[-66.20101690292358,18.410182027605345],[-66.20104372501373,18.409856275835153],[-66.20102226734161,18.40960687171946],[-66.20092034339905,18.409443995367212],[-66.20085597038269,18.409306568325135],[-66.2007862329483,18.40907752301122],[-66.20083451271057,18.408914646158124],[-66.20093643665314,18.40847691385183],[-66.20097398757935,18.408278406974034],[-66.20088815689087,18.408059540151143],[-66.20081841945648,18.40767270508597],[-66.20056092739105,18.40729604905576],[-66.20051264762878,18.40720951985135],[-66.20011031627655,18.405967566478722],[-66.19985282421112,18.40502591553242]],[[-66.19734764099121,18.41681908567135],[-66.19689702987671,18.415643367813587],[-66.19687557220459,18.415388882371246],[-66.19690775871277,18.41525146007588],[-66.19696140289307,18.415149665712264],[-66.19729399681091,18.41474757738733],[-66.19739592075348,18.414523629052155],[-66.19766414165497,18.41362783279726],[-66.19768559932709,18.413383523918498],[-66.19765877723694,18.41318502269914],[-66.19748711585999,18.412777839994206],[-66.19727790355682,18.412416464536733],[-66.19717061519623,18.412304488888893],[-66.19693994522095,18.412207782588936],[-66.19648933410645,18.412187423360976],[-66.19623720645905,18.41204490869778],[-66.19616210460663,18.411892214284848],[-66.19609773159027,18.411413770913768],[-66.1959046125412,18.409352377351354],[-66.19550228118896,18.40537712648755]],[[-66.20272815227509,18.4046645238018],[-66.20256721973419,18.403005166119115],[-66.20271742343903,18.40280665293284],[-66.20373666286469,18.40213985055496],[-66.20388686656952,18.401987147357005],[-66.2039566040039,18.4018242637966]],[[-66.2039566040039,18.401620659129463],[-66.2037581205368,18.401259260252488],[-66.20361328125,18.40092840146073],[-66.20361328125,18.40048046854531],[-66.2037205696106,18.39731945428767],[-66.2037581205368,18.39696822690057],[-66.20377957820892,18.396270860255882],[-66.20379567146301,18.39615887410828],[-66.20391368865967,18.395904359865725]],[[-66.18900060653687,18.4055450966911],[-66.18917763233185,18.40535676645173],[-66.19174718856812,18.403122237890926],[-66.19213342666626,18.40275575207899],[-66.1922299861908,18.40251142777106],[-66.19241774082184,18.40210930992619],[-66.19259476661682,18.401574848046195],[-66.1928254365921,18.40095385215959],[-66.19300246238708,18.40023105084883],[-66.19324922561646,18.398734537085176],[-66.19341552257538,18.396952956128345],[-66.19344234466553,18.396601727993982],[-66.19341015815735,18.39619450607225],[-66.19336724281311,18.395904359865725]],[[-66.18268668651581,18.407917022070365],[-66.18261694908142,18.408334396116587],[-66.18263304233551,18.408390385240935],[-66.1826491355896,18.408410744918],[-66.18280470371246,18.40843619451094],[-66.18381857872009,18.408161338708027],[-66.1845052242279,18.407820313305507],[-66.18456423282623,18.407825403241844],[-66.18461787700653,18.4078712126622],[-66.18464469909668,18.407906842202934],[-66.18476271629333,18.409067343212413],[-66.18489682674408,18.41059939615998],[-66.18495047092438,18.410894607453443],[-66.18514358997345,18.411556286099554],[-66.18505239486694,18.411994010575185],[-66.18504166603088,18.412212872395557],[-66.18528306484222,18.41392303889637],[-66.18533670902252,18.414442193221674],[-66.18533134460449,18.414630513521203],[-66.18507921695709,18.415643367813587],[-66.18514895439148,18.415724803075662],[-66.18525087833405,18.415780789795974],[-66.18649542331696,18.415999646800614]],[[-66.18610918521881,18.417226258814225],[-66.185964345932,18.416992134374794],[-66.18591606616974,18.416752919944628],[-66.18605554103851,18.41592330136551]],[[-66.1812973022461,18.40361088442694],[-66.1818391084671,18.40375849612866],[-66.1857122182846,18.404761234339247],[-66.18900060653687,18.4055450966911],[-66.19040071964264,18.405865766624686],[-66.19069576263428,18.405891216593858],[-66.19233191013336,18.405738516722522],[-66.19296491146088,18.405692706734712],[-66.1930775642395,18.405937026528832]],[[-66.20354890823364,18.395904359865725],[-66.20366156101227,18.39602143646401],[-66.20370984077454,18.396143603264335],[-66.20388150215149,18.39644901988615],[-66.2039566040039,18.396489742061476]]]},"properties":{"class":"tertiary","id":"14/5179/7339/66","source":"OpenFreeMap / OpenStreetMap","exposureHigh":false,"exposureModerate":false,"zoneLabels":"X"},"id":221160970},{"type":"Feature","geometry":{"type":"MultiLineString","coordinates":[[[-66.19742274284363,18.417404396761228],[-66.19743347167969,18.417180451883752],[-66.19740664958954,18.416997224039903],[-66.19734764099121,18.41681908567135],[-66.19820058345795,18.416457718700045],[-66.19864583015442,18.416305028202387],[-66.19948267936707,18.416203234462017],[-66.20049118995667,18.41610144066142],[-66.20124220848083,18.41601491588358],[-66.20188593864441,18.415964018935114]],[[-66.1812973022461,18.40125417012206],[-66.18137240409851,18.401213449073083],[-66.18230044841766,18.400414296538585],[-66.18253648281097,18.400236141009515],[-66.18264377117157,18.400185239395924],[-66.1827403306961,18.400159788583494],[-66.18354499340057,18.400083436123637],[-66.18368983268738,18.400098706618323],[-66.18405997753143,18.400236141009515],[-66.18438184261322,18.40030231308468],[-66.18485927581787,18.40035830482074],[-66.18591606616974,18.400337944191563],[-66.18649005889893,18.400317583559968],[-66.1872786283493,18.40027686228956],[-66.18787944316864,18.40027686228956],[-66.1889898777008,18.40044992762229],[-66.1918169260025,18.40092840146073],[-66.19278252124786,18.40107601546174]]]},"properties":{"surface":"paved","class":"tertiary","id":"14/5179/7339/67","source":"OpenFreeMap / OpenStreetMap","exposureHigh":false,"exposureModerate":false,"zoneLabels":"X"},"id":221228000},{"type":"Feature","geometry":{"type":"LineString","coordinates":[[-66.19987964630127,18.40513789591475],[-66.2015426158905,18.404980105355023]]},"properties":{"surface":"paved","class":"primary","oneway":1,"id":"14/5179/7339/73","source":"OpenFreeMap / OpenStreetMap","exposureHigh":false,"exposureModerate":false,"zoneLabels":"X"},"id":4144620822},{"type":"Feature","geometry":{"type":"LineString","coordinates":[[-66.19956851005554,18.40516334599147],[-66.19987964630127,18.40513789591475]]},"properties":{"surface":"paved","class":"primary","oneway":1,"id":"14/5179/7339/75","source":"OpenFreeMap / OpenStreetMap","exposureHigh":false,"exposureModerate":false,"zoneLabels":"X"},"id":4144765252},{"type":"Feature","geometry":{"type":"LineString","coordinates":[[-66.20015323162079,18.40499537541551],[-66.19985282421112,18.40502591553242]]},"properties":{"class":"primary","oneway":1,"id":"14/5179/7339/76","source":"OpenFreeMap / OpenStreetMap","exposureHigh":false,"exposureModerate":false,"zoneLabels":"X"},"id":4144765282},{"type":"Feature","geometry":{"type":"LineString","coordinates":[[-66.20152115821838,18.40486812487009],[-66.20079159736633,18.40492920514363],[-66.20015323162079,18.40499537541551]]},"properties":{"class":"primary","oneway":1,"id":"14/5179/7339/77","source":"OpenFreeMap / OpenStreetMap","exposureHigh":false,"exposureModerate":false,"zoneLabels":"X"},"id":4144765292},{"type":"Feature","geometry":{"type":"LineString","coordinates":[[-66.19551837444305,18.405540006687346],[-66.19956851005554,18.40516334599147]]},"properties":{"surface":"paved","class":"primary","oneway":1,"id":"14/5179/7339/79","source":"OpenFreeMap / OpenStreetMap","exposureHigh":false,"exposureModerate":false,"zoneLabels":"X"},"id":4144765322},{"type":"Feature","geometry":{"type":"LineString","coordinates":[[-66.19985282421112,18.40502591553242],[-66.19913935661316,18.405107355817705],[-66.19827032089233,18.405193886078592]]},"properties":{"class":"primary","oneway":1,"id":"14/5179/7339/80","source":"OpenFreeMap / OpenStreetMap","exposureHigh":false,"exposureModerate":false,"zoneLabels":"X"},"id":4144765332},{"type":"Feature","geometry":{"type":"LineString","coordinates":[[-66.2039566040039,18.404659433771997],[-66.20331823825836,18.404720514119575],[-66.20278179645538,18.40478159444548],[-66.2024599313736,18.404796864523576],[-66.20152115821838,18.40486812487009]]},"properties":{"class":"primary","oneway":1,"id":"14/5179/7339/81","source":"OpenFreeMap / OpenStreetMap","exposureHigh":false,"exposureModerate":false,"zoneLabels":"X"},"id":5371840442},{"type":"Feature","geometry":{"type":"LineString","coordinates":[[-66.19709014892578,18.405305866351682],[-66.19551301002502,18.405448386593903]]},"properties":{"class":"primary","oneway":1,"id":"14/5179/7339/92","source":"OpenFreeMap / OpenStreetMap","exposureHigh":false,"exposureModerate":false,"zoneLabels":"X"},"id":10466002462},{"type":"Feature","geometry":{"type":"LineString","coordinates":[[-66.19827032089233,18.405193886078592],[-66.19709014892578,18.405305866351682]]},"properties":{"class":"primary","oneway":1,"id":"14/5179/7339/93","source":"OpenFreeMap / OpenStreetMap","exposureHigh":false,"exposureModerate":false,"zoneLabels":"X"},"id":10466002472},{"type":"Feature","geometry":{"type":"LineString","coordinates":[[-66.2015426158905,18.404980105355023],[-66.2039566040039,18.404751054285228]]},"properties":{"surface":"paved","class":"primary","oneway":1,"id":"14/5179/7339/94","source":"OpenFreeMap / OpenStreetMap","exposureHigh":false,"exposureModerate":false,"zoneLabels":"X"},"id":14097369262},{"type":"Feature","geometry":{"type":"LineString","coordinates":[[-66.2039566040039,18.4166104090622],[-66.20203077793121,18.417404396761228]]},"properties":{"surface":"paved","class":"motorway","oneway":1,"id":"14/5179/7339/96","source":"OpenFreeMap / OpenStreetMap","exposureHigh":false,"exposureModerate":false,"zoneLabels":"X"},"id":221224572},{"type":"Feature","geometry":{"type":"LineString","coordinates":[[-66.20261549949646,18.417404396761228],[-66.2039566040039,18.41685471335981]]},"properties":{"surface":"paved","class":"motorway","toll":1,"oneway":1,"id":"14/5179/7339/97","source":"OpenFreeMap / OpenStreetMap","exposureHigh":false,"exposureModerate":false,"zoneLabels":"X"},"id":603403842},{"type":"Feature","geometry":{"type":"LineString","coordinates":[[-66.2039566040039,18.416727471581424],[-66.20232045650482,18.417404396761228]]},"properties":{"class":"motorway","id":"14/5179/7339/98","source":"OpenFreeMap / OpenStreetMap","exposureHigh":false,"exposureModerate":false,"zoneLabels":"X"},"id":10567131802},{"type":"Feature","geometry":{"type":"MultiLineString","coordinates":[[[-66.1980128288269,18.4380620576527],[-66.19790554046631,18.438250352088986]],[[-66.19667708873749,18.438250352088986],[-66.19642496109009,18.438118037101262],[-66.19639277458191,18.43807732477684],[-66.19638741016388,18.438041701485076],[-66.19674682617188,18.43740048097048]],[[-66.19444012641907,18.438250352088986],[-66.19443476200104,18.438199461721155],[-66.19431674480438,18.438148571338232],[-66.19396269321442,18.438148571338232],[-66.19393587112427,18.438133304220415],[-66.19392514228821,18.438092591899633],[-66.19393587112427,18.438072235735603],[-66.19411826133728,18.43779742728543],[-66.19415581226349,18.437782160136422],[-66.19423627853394,18.43779742728543],[-66.19432210922241,18.437827961579373],[-66.19472444057465,18.438041701485076],[-66.19463860988617,18.43821472883309]],[[-66.19523406028748,18.43005171951242],[-66.19529843330383,18.429858326810773],[-66.1958509683609,18.42637722098611],[-66.19593143463135,18.426138019606583],[-66.19613528251648,18.4258682814816],[-66.1963015794754,18.4256290793942],[-66.19647324085236,18.425282999189477],[-66.19673073291779,18.42356276666186],[-66.19696140289307,18.42290113418541],[-66.19703650474548,18.422514332481867],[-66.19701504707336,18.422376915877805],[-66.19638204574585,18.421221594161622],[-66.19627475738525,18.421053639257337],[-66.19628012180328,18.42098747515911],[-66.19631767272949,18.420926400584307]],[[-66.19872093200684,18.427909119804795],[-66.20062530040741,18.42776152881831],[-66.20071113109589,18.42763429510761],[-66.20067894458771,18.427038840090262]],[[-66.188485622406,18.427257682772165],[-66.18836760520935,18.427359469971194]],[[-66.18807792663574,18.427176252969574],[-66.1882495880127,18.427013393248714]],[[-66.18640959262848,18.420183324854165],[-66.18649005889893,18.420142608283058],[-66.1865758895874,18.420183324854165],[-66.18664562702179,18.420458161457148]],[[-66.18166744709015,18.42933412970976],[-66.18165671825409,18.42875394853087],[-66.18162453174591,18.428713233988674],[-66.18157625198364,18.428687787394892]],[[-66.18921518325806,18.430036451675463],[-66.19030952453613,18.429965201751727],[-66.19040608406067,18.430016094557402]],[[-66.18953704833984,18.428199212064214],[-66.18928492069244,18.42873359126098],[-66.18926346302032,18.429161093422678],[-66.18916690349579,18.429349397609087],[-66.18933320045471,18.431797333265592],[-66.18939757347107,18.431975456121407],[-66.18947267532349,18.43204670521206],[-66.18962287902832,18.432087418964898],[-66.19004130363464,18.432051794431686],[-66.19014322757721,18.431939831565003],[-66.19036853313446,18.430519932520866],[-66.19037389755249,18.430153505057504],[-66.19040608406067,18.430016094557402],[-66.19042754173279,18.429726005363236],[-66.19035243988037,18.429532612295233],[-66.19036853313446,18.429379933403666],[-66.19040071964264,18.42927814740065],[-66.19050800800323,18.429074575213832],[-66.19073867797852,18.428876092099642]],[[-66.19109809398651,18.43004663023359],[-66.19148433208466,18.430168772884073]],[[-66.19088351726532,18.429970291032973],[-66.19107663631439,18.430066987348027]],[[-66.19036853313446,18.430519932520866],[-66.19081377983093,18.430275647632072],[-66.19109809398651,18.43004663023359],[-66.19133949279785,18.429787076813213],[-66.19151651859283,18.429313772508564]],[[-66.19211196899414,18.430290915447785],[-66.1924821138382,18.43039779011984],[-66.19249284267426,18.43045377206441]],[[-66.19239628314972,18.430759127804833],[-66.19235873222351,18.430820198887844],[-66.19233727455139,18.430825288143765],[-66.19213342666626,18.43078457409206],[-66.19198858737946,18.4307235029964]],[[-66.19221925735474,18.43123751737444],[-66.19229435920715,18.430921983977967],[-66.19211196899414,18.430860912931124],[-66.19213342666626,18.43078457409206]],[[-66.19175791740417,18.431359659178895],[-66.19194030761719,18.431430908524746]],[[-66.19153797626495,18.43161921022522],[-66.19099617004395,18.431634477921648],[-66.19019687175751,18.431624299457525]],[[-66.19229972362518,18.431547960957417],[-66.1923748254776,18.431303677529286],[-66.19204759597778,18.43117135719413],[-66.19194030761719,18.431430908524746],[-66.19184374809265,18.431787154811104]],[[-66.19063675403595,18.432016169891114],[-66.19069039821625,18.432224827809492],[-66.19072258472443,18.43308999208614],[-66.19042217731476,18.43369051531809],[-66.19040608406067,18.43379229870881],[-66.19051337242126,18.433960241171732],[-66.19100153446198,18.434224877447008],[-66.19360864162445,18.435568409175005],[-66.19409680366516,18.435588765635586],[-66.1946976184845,18.43575161723335],[-66.1952018737793,18.435817775650875],[-66.19625866413116,18.435756706343298],[-66.19677364826202,18.435614211207906],[-66.19735300540924,18.435263061977153],[-66.19802355766296,18.434743970495887],[-66.19915544986725,18.433710872001043],[-66.19956314563751,18.4333953431442],[-66.19970262050629,18.43323248931405],[-66.19980454444885,18.433049278570735],[-66.19989037513733,18.432810086473083],[-66.19992792606354,18.432535269609645],[-66.19990646839142,18.432051794431686],[-66.19983673095703,18.431685370233197],[-66.19939684867859,18.430112790846692],[-66.19872093200684,18.427909119804795],[-66.19869947433472,18.427756439471693],[-66.19876384735107,18.42739000611914],[-66.19873702526093,18.42722714660073],[-66.19874775409698,18.426071857464137],[-66.1988228559494,18.42588354968865],[-66.19908034801483,18.425344072217385],[-66.19931638240814,18.424763877576623],[-66.19950413703918,18.424407616739614],[-66.1997401714325,18.424209128238886],[-66.20006740093231,18.424107339175293],[-66.20017468929291,18.424000460593675],[-66.20072722434998,18.423837597865443],[-66.20049118995667,18.423639108706894],[-66.20039463043213,18.423486424582904],[-66.20036780834198,18.423354098232508]],[[-66.18922054767609,18.430138237229585],[-66.18939220905304,18.430209487081598],[-66.19037389755249,18.430153505057504]],[[-66.18902742862701,18.430647164096314],[-66.18889331817627,18.430616628526806],[-66.18872165679932,18.43059627147744],[-66.18851244449615,18.430748949288898],[-66.18835151195526,18.430743860030702],[-66.18824422359467,18.430779484834915],[-66.18799209594727,18.43078457409206]],[[-66.18721425533295,18.434662544238947],[-66.18687629699707,18.434611652808755],[-66.18688702583313,18.434499691609332]],[[-66.18922591209412,18.43385336871431],[-66.18863046169281,18.433787209540696]],[[-66.18889331817627,18.436779614383042],[-66.18892550468445,18.4370646026033],[-66.188845038414,18.437405570031615],[-66.18896305561066,18.437690557213898],[-66.18897914886475,18.437945009655905]],[[-66.18504166603088,18.437700735318828],[-66.18504703044891,18.437542974624932],[-66.18519186973572,18.43751752933815]],[[-66.18512213230133,18.43714093865347],[-66.18520796298981,18.43758877613162],[-66.18530988693237,18.437593865187182],[-66.18565320968628,18.437558241795188],[-66.18570685386658,18.437527707453313],[-66.1857283115387,18.437486994989058],[-66.18573904037476,18.437436104395175],[-66.18569076061249,18.437186740267308],[-66.18566930294037,18.437151116790943],[-66.18563711643219,18.43713584958452],[-66.18559420108795,18.4371307605154],[-66.18514358997345,18.43726307626325]],[[-66.18570685386658,18.437273254393475],[-66.1858195066452,18.437247809066776]],[[-66.18365228176117,18.433344451338854],[-66.18381321430206,18.433471680823956],[-66.18392050266266,18.43353275094337]],[[-66.18162989616394,18.424977633724623],[-66.18213951587677,18.424972544295628]]]},"properties":{"class":"service","id":"14/5179/7338/1","source":"OpenFreeMap / OpenStreetMap","exposureHigh":true,"exposureModerate":false,"zoneLabels":"AE, X"},"id":221217320},{"type":"Feature","geometry":{"type":"MultiLineString","coordinates":[[[-66.19246065616608,18.424692625468268],[-66.19232654571533,18.42459592613112],[-66.19215488433838,18.424397437847702],[-66.19199395179749,18.424244754396895],[-66.19164526462555,18.423985192219476],[-66.19155943393707,18.42368491391767]],[[-66.18437647819519,18.433919527862443],[-66.18416726589203,18.433715961171416]]]},"properties":{"class":"service","service":"driveway","id":"14/5179/7338/2","source":"OpenFreeMap / OpenStreetMap","exposureHigh":false,"exposureModerate":false,"zoneLabels":"X"},"id":222347040},{"type":"Feature","geometry":{"type":"LineString","coordinates":[[-66.19252502918243,18.431827868625405],[-66.19238555431366,18.431939831565003],[-66.1923211812973,18.431944920787814],[-66.1922299861908,18.431924563895734],[-66.19184374809265,18.431787154811104],[-66.19170427322388,18.431573407127885],[-66.19173645973206,18.431430908524746],[-66.19211733341217,18.430341808157053],[-66.19210124015808,18.429843058956635],[-66.19216024875641,18.429547880176926]]},"properties":{"surface":"paved","class":"service","id":"14/5179/7338/3","source":"OpenFreeMap / OpenStreetMap","exposureHigh":false,"exposureModerate":false,"zoneLabels":"X"},"id":222348212},{"type":"Feature","geometry":{"type":"LineString","coordinates":[[-66.18899524211884,18.430184040709264],[-66.1887913942337,18.430173862159293],[-66.1887538433075,18.430143326505714],[-66.18849635124207,18.430087344460063]]},"properties":{"class":"service","service":"alley","id":"14/5179/7338/5","source":"OpenFreeMap / OpenStreetMap","exposureHigh":false,"exposureModerate":false,"zoneLabels":"X"},"id":5334565842},{"type":"Feature","geometry":{"type":"MultiLineString","coordinates":[[[-66.1978143453598,18.438250352088986],[-66.19736909866333,18.43800607818592],[-66.19726717472076,18.43818419460787],[-66.19740128517151,18.438250352088986]],[[-66.19649469852448,18.43761422140784],[-66.19638204574585,18.43780760538401],[-66.19638741016388,18.437853406820196],[-66.19646787643433,18.437899208244147]],[[-66.19657516479492,18.438250352088986],[-66.19659662246704,18.438209639795915]],[[-66.19659125804901,18.43767529005541],[-66.196408867836,18.437558241795188]],[[-66.18515431880951,18.437313966908377],[-66.18455350399017,18.437502262164287],[-66.18504703044891,18.437542974624932]]]},"properties":{"class":"service","service":"parking_aisle","id":"14/5179/7338/6","source":"OpenFreeMap / OpenStreetMap","exposureHigh":false,"exposureModerate":false,"zoneLabels":"X"},"id":12306280950},{"type":"Feature","geometry":{"type":"MultiLineString","coordinates":[[[-66.2021541595459,18.42235655785305],[-66.20210587978363,18.422178425033678],[-66.20208442211151,18.422163156497703],[-66.20202541351318,18.422158066985432],[-66.20193421840668,18.422183514545353]],[[-66.202352643013,18.4209976542528],[-66.202352643013,18.42106890789178],[-66.20242774486542,18.421552413948078],[-66.20242238044739,18.421638935941104]],[[-66.20208442211151,18.422163156497703],[-66.20207369327545,18.42184251692953],[-66.20205760002136,18.421710189314453]]]},"properties":{"surface":"unpaved","class":"service","id":"14/5179/7338/7","source":"OpenFreeMap / OpenStreetMap","exposureHigh":false,"exposureModerate":false,"zoneLabels":"X"},"id":13302393290},{"type":"Feature","geometry":{"type":"MultiLineString","coordinates":[[[-66.19837760925293,18.438250352088986],[-66.19662880897522,18.43733941222527],[-66.19634985923767,18.43720200746921]],[[-66.19402706623077,18.437527707453313],[-66.19290053844452,18.43694246485248],[-66.19276106357574,18.43691193040121],[-66.19229972362518,18.436927197627526]],[[-66.1933296918869,18.438250352088986],[-66.19328677654266,18.4378025163348],[-66.19325995445251,18.43764475573434],[-66.1932760477066,18.43754806368183],[-66.19344234466553,18.437227452802688]],[[-66.19314193725586,18.437069691674367],[-66.19292199611664,18.43746663875332],[-66.19291126728058,18.437507351222393],[-66.19294881820679,18.43810276998073]],[[-66.19316339492798,18.436479358425473],[-66.19444012641907,18.43714093865347]],[[-66.19276106357574,18.436347042074274],[-66.19205832481384,18.435985716134823]],[[-66.19470834732056,18.429970291032973],[-66.19477808475494,18.429583505228962],[-66.19477272033691,18.429140736200992],[-66.19469225406647,18.42871832330698],[-66.19442939758301,18.42782260096601],[-66.19440793991089,18.42755795483599],[-66.19445085525513,18.427140627418808]],[[-66.19401633739471,18.429837969671624],[-66.19407534599304,18.429456272866403],[-66.19406461715698,18.42921198646637],[-66.1937266588211,18.427924387830657],[-66.19369983673096,18.42757322289303],[-66.19374811649323,18.427064286928044]],[[-66.19331896305084,18.429715826786136],[-66.19336187839508,18.42948171934644],[-66.19334578514099,18.429181450641963],[-66.19305610656738,18.428158497390655],[-66.19299709796906,18.42780224358586],[-66.19304537773132,18.426982857033877]],[[-66.2039566040039,18.428860824158292],[-66.20393514633179,18.428865913472222],[-66.20222926139832,18.429746362515644],[-66.20065748691559,18.429960112470326],[-66.19939684867859,18.430112790846692],[-66.19645714759827,18.430163683608697],[-66.19523406028748,18.43005171951242]],[[-66.19605481624603,18.42057522135842],[-66.19611382484436,18.420483609268558],[-66.19614601135254,18.420285116239796],[-66.19616210460663,18.420117160421213],[-66.19615137577057,18.42004590638804],[-66.19610846042633,18.419969562748292]],[[-66.19391977787018,18.418091498543575],[-66.19428992271423,18.418091498543575]],[[-66.19393050670624,18.41755199663477],[-66.19428992271423,18.417557086283324]],[[-66.19276106357574,18.42424984384745],[-66.19291126728058,18.424229486044368],[-66.19304537773132,18.424244754396895],[-66.19315803050995,18.424316006690816],[-66.19324922561646,18.424412706185336],[-66.19330286979675,18.4245094056255],[-66.19336187839508,18.42466717827955],[-66.19341552257538,18.42477914588173],[-66.19354963302612,18.424977633724623],[-66.1936354637146,18.425043796288023],[-66.19437575340271,18.425512022932296],[-66.1946976184845,18.42565452644058],[-66.19477808475494,18.42572068874358],[-66.19496583938599,18.42601587409297]],[[-66.19519650936127,18.42722714660073],[-66.19304537773132,18.426982857033877],[-66.19215488433838,18.42689633772906],[-66.19151651859283,18.42689124835684],[-66.19101226329803,18.427008303879944],[-66.19064748287201,18.427140627418808],[-66.19018614292145,18.427405274191088],[-66.18981063365936,18.42773608208371],[-66.18947267532349,18.428158497390655]],[[-66.1922299861908,18.426300880156447],[-66.192986369133,18.426443383011062]],[[-66.19229435920715,18.425776672210844],[-66.19136095046997,18.425456039378886],[-66.19101762771606,18.42542550288752],[-66.19067430496216,18.425471307622544],[-66.18977844715118,18.425858102676145],[-66.1892420053482,18.426132930211907],[-66.18905425071716,18.42632632710344],[-66.18891477584839,18.426560438839033],[-66.18883430957794,18.426977767664198],[-66.18897914886475,18.42787858374902]],[[-66.18815839290619,18.425618900574577],[-66.18699967861176,18.425293178028966]],[[-66.18791162967682,18.42617873475851],[-66.18681192398071,18.426005695296254],[-66.18605017662048,18.426061678670735]],[[-66.18866264820099,18.424763877576623],[-66.18808329105377,18.42467226771761],[-66.187943816185,18.424621373330382],[-66.18791162967682,18.424565389487043]],[[-66.1902505159378,18.41790318203175],[-66.19033634662628,18.41790318203175]],[[-66.18976771831512,18.417480741539222],[-66.19130730628967,18.417501100140967],[-66.19392514228821,18.41751636909069]],[[-66.18977308273315,18.417216079497393],[-66.18927419185638,18.41721098983875]],[[-66.18734300136566,18.418692074150385],[-66.18672609329224,18.417424755372025],[-66.18667244911194,18.417384038148057],[-66.18659198284149,18.417078658661254]],[[-66.18499875068665,18.42203591864535],[-66.18447303771973,18.42206136622336]],[[-66.18472516536713,18.42088568418906],[-66.18541717529297,18.421053639257337],[-66.18544936180115,18.4210994451566]],[[-66.18640959262848,18.419877950335902],[-66.18640959262848,18.420183324854165],[-66.18630766868591,18.420336011910038],[-66.1855673789978,18.420834788681447],[-66.18549764156342,18.42093657968161],[-66.18544936180115,18.4210994451566],[-66.18459105491638,18.42136919076033]],[[-66.18640422821045,18.419974652325322],[-66.18503630161285,18.419842323273457],[-66.1812973022461,18.419445335507135]],[[-66.18678510189056,18.41859537144005],[-66.18642568588257,18.41864117799382]],[[-66.18667244911194,18.417384038148057],[-66.1864310503006,18.417378948494388],[-66.18620038032532,18.417236438130445],[-66.18610918521881,18.417226258814225],[-66.18621110916138,18.417893002754965],[-66.18639349937439,18.418345979988857],[-66.18642568588257,18.41864117799382],[-66.18642568588257,18.419195945287996]],[[-66.18583023548126,18.41765887922277],[-66.18559420108795,18.417073568998546],[-66.18547081947327,18.416752919944628]],[[-66.18393123149872,18.418564833730755],[-66.18414044380188,18.416752919944628]],[[-66.18408143520355,18.418580102586077],[-66.18393123149872,18.418564833730755],[-66.1812973022461,18.41828490447631]],[[-66.18404388427734,18.417541817337224],[-66.18513822555542,18.417648699931533],[-66.18546545505524,18.41766396886817],[-66.18597507476807,18.41765378957723]],[[-66.18350744247437,18.417287334702536],[-66.18337333202362,18.418503758295913]],[[-66.18227899074554,18.417155003583773],[-66.18240237236023,18.41717027256422],[-66.1829549074173,18.4172313484724],[-66.18305146694183,18.417241527788335]],[[-66.18184447288513,18.417109196634343],[-66.1812973022461,18.417053210346225]],[[-66.18225753307343,18.418381607361155],[-66.18240237236023,18.41717027256422]],[[-66.18281543254852,18.41844268283937],[-66.1829549074173,18.4172313484724]],[[-66.18309438228607,18.42320141385551],[-66.18253648281097,18.42333882980091],[-66.18181765079498,18.423639108706894],[-66.18142604827881,18.423679824450403],[-66.1812973022461,18.42391393978852]],[[-66.18478953838348,18.423975013302567],[-66.18431210517883,18.423893581945663]],[[-66.18473052978516,18.424575568369008],[-66.18431210517883,18.424590836690825],[-66.18409752845764,18.424616283890828],[-66.18384540081024,18.424621373330382]],[[-66.18466079235077,18.42523210498298],[-66.18453741073608,18.425216836718107],[-66.18409752845764,18.425242283825483]],[[-66.18448913097382,18.427013393248714],[-66.18459105491638,18.425853013273212],[-66.18499875068665,18.42203591864535],[-66.18506848812103,18.4218985016591]],[[-66.18394732475281,18.42642811485372],[-66.18345379829407,18.426367042210785],[-66.1825042963028,18.426382310373555],[-66.18171036243439,18.4263466846583]],[[-66.18164598941803,18.425664705258086],[-66.18284225463867,18.42567488407498]],[[-66.18168890476227,18.42603623168459],[-66.1812973022461,18.426051499876735]],[[-66.18172645568848,18.426718209611522],[-66.1812973022461,18.426738567119997]],[[-66.18260622024536,18.428336624016282],[-66.18260085582733,18.42784804768783]],[[-66.18233799934387,18.428336624016282],[-66.18237555027008,18.429685291051214],[-66.1823433637619,18.429792166099745]],[[-66.1840546131134,18.42783277965519],[-66.18400633335114,18.427054108193374],[-66.18393659591675,18.426321237714333],[-66.18393123149872,18.425853013273212],[-66.18389904499054,18.42526264150868]],[[-66.18352890014648,18.42862162623348],[-66.18322849273682,18.428626715554472],[-66.18312120437622,18.42865216215729]],[[-66.18354499340057,18.429247611587996],[-66.1840009689331,18.429206897162686]],[[-66.18354499340057,18.42965984460129],[-66.18395805358887,18.429670023181714]],[[-66.18354499340057,18.429496987232653],[-66.18302464485168,18.42948171934644]],[[-66.18236482143402,18.42920180785883],[-66.18265450000763,18.42919671855485]],[[-66.18236482143402,18.42930868320788],[-66.18166744709015,18.42933412970976],[-66.18157088756561,18.42939520129893]],[[-66.18300318717957,18.431283320561278],[-66.18320167064667,18.43101359050756]],[[-66.1831533908844,18.431380016137865],[-66.18284225463867,18.431787154811104],[-66.18235409259796,18.4322706307333],[-66.1823433637619,18.43237750417471]],[[-66.18350744247437,18.430402879388282],[-66.18354499340057,18.430245111996555],[-66.18354499340057,18.42965984460129],[-66.18353962898254,18.42888627072645],[-66.18348598480225,18.427079555028897]],[[-66.18499875068665,18.430194219258667],[-66.1842530965805,18.430189129984043]],[[-66.18499338626862,18.43117644643968],[-66.1850255727768,18.43107466150019],[-66.18498265743256,18.4296751124717],[-66.18492901325226,18.42912037897689],[-66.18475198745728,18.42699303577274]],[[-66.18488609790802,18.432662499693635],[-66.18551909923553,18.431863493205014],[-66.18572294712067,18.431583585595007]],[[-66.185964345932,18.4317057271536],[-66.18586778640747,18.43007716590435]],[[-66.18632912635803,18.431853314754463],[-66.18635058403015,18.431746440987183],[-66.18625402450562,18.43007207662626]],[[-66.18599116802216,18.43230625522115],[-66.18630230426788,18.432514912787454],[-66.18637204170227,18.43257598324675],[-66.18654370307922,18.43260142926505],[-66.18664026260376,18.43266758889503],[-66.18732690811157,18.433049278570735]],[[-66.18701040744781,18.430133147953313],[-66.18625402450562,18.43007207662626],[-66.18586778640747,18.43007716590435],[-66.18499338626862,18.430143326505714]],[[-66.1866295337677,18.42902368212947],[-66.1864686012268,18.428988056961458],[-66.18492901325226,18.42912037897689]],[[-66.18585705757141,18.429038950056366],[-66.1858195066452,18.42807706801463],[-66.18579268455505,18.427888762434876],[-66.18555128574371,18.42782769031068],[-66.1855298280716,18.42709991249461]],[[-66.18638813495636,18.43007716590435],[-66.18638813495636,18.42998046959501],[-66.18658125400543,18.429156004117473],[-66.1866295337677,18.42902368212947],[-66.186683177948,18.428830288271527],[-66.18680655956268,18.428031263973665],[-66.18691921234131,18.427379827403755]],[[-66.18498265743256,18.4296751124717],[-66.18444085121155,18.429680201761528]],[[-66.18491291999817,18.428865913472222],[-66.18353962898254,18.42888627072645]],[[-66.18482172489166,18.427812422276233],[-66.1840546131134,18.42783277965519],[-66.18350744247437,18.427837868999546]],[[-66.1858195066452,18.42807706801463],[-66.18680655956268,18.428031263973665]],[[-66.18890404701233,18.429018592820213],[-66.18860900402069,18.429038950056366],[-66.18826031684875,18.429008414201235],[-66.18785262107849,18.42890662797828],[-66.18768632411957,18.428901538665556],[-66.186683177948,18.428830288271527]],[[-66.18892550468445,18.4292221650733],[-66.18816912174225,18.42917636133737]],[[-66.18894159793854,18.429385022702235],[-66.18868410587311,18.42941046919283],[-66.1885929107666,18.429451183569938],[-66.18846952915192,18.42943591567966]],[[-66.18896305561066,18.429680201761528],[-66.18872165679932,18.429685291051214],[-66.18866264820099,18.429766719665636],[-66.18819057941437,18.42988377323131],[-66.18780434131622,18.42988377323131],[-66.18726253509521,18.429781987526553],[-66.1870801448822,18.429726005363236],[-66.18701040744781,18.430133147953313],[-66.18708550930023,18.432092508183317],[-66.18705332279205,18.432199381735458]],[[-66.18909180164337,18.427944745196356],[-66.18918299674988,18.42756813354083],[-66.18933856487274,18.427237325325137],[-66.18973553180695,18.426738567119997],[-66.19014859199524,18.426458651167053],[-66.19045972824097,18.426316148325085],[-66.19101226329803,18.426143109001103],[-66.19155943393707,18.426061678670735],[-66.19226217269897,18.426071857464137]],[[-66.19206368923187,18.42770045664892],[-66.19154870510101,18.427725903388804],[-66.19125366210938,18.427792064894874],[-66.19101226329803,18.427888762434876],[-66.19059383869171,18.428153408055792],[-66.19022369384766,18.428580911659935]],[[-66.19182765483856,18.429471540754875],[-66.19206368923187,18.42770045664892],[-66.19229435920715,18.425776672210844],[-66.19246065616608,18.424692625468268],[-66.19256258010864,18.42449413729645],[-66.19282007217407,18.424173502073486]],[[-66.19088351726532,18.429970291032973],[-66.19042754173279,18.429726005363236]],[[-66.19148433208466,18.430168772884073],[-66.19211733341217,18.430341808157053]],[[-66.18765950202942,18.43252509119884],[-66.18744492530823,18.432957673125856],[-66.18732690811157,18.433049278570735],[-66.1872786283493,18.43324266768296],[-66.18710696697235,18.43688648502102]],[[-66.18802428245544,18.432733748499544],[-66.18806719779968,18.43256071563397],[-66.18799209594727,18.430759127804833],[-66.18799209594727,18.43037234377539],[-66.1876916885376,18.43035707596688]],[[-66.18831932544708,18.435268151101553],[-66.18759512901306,18.435212170724768],[-66.1862325668335,18.435151101202024],[-66.18569612503052,18.4351002099165],[-66.1852240562439,18.434743970495887],[-66.184521317482,18.434235055757142],[-66.1842691898346,18.434036578600626]],[[-66.18928492069244,18.434764327054097],[-66.18813693523407,18.43472870307565]],[[-66.1892580986023,18.434341927977258],[-66.18821203708649,18.434270679837894],[-66.18826568126678,18.433965330334715],[-66.18822813034058,18.433899171204203],[-66.18813157081604,18.43385845788046]],[[-66.19022369384766,18.43401622195624],[-66.19006276130676,18.434291036452166],[-66.19007349014282,18.43490682289405]],[[-66.1914575099945,18.43488137721701],[-66.19161307811737,18.43491191202901],[-66.19179010391235,18.434983159902586],[-66.19200468063354,18.435095120787096],[-66.1920154094696,18.435130744689616],[-66.19201004505157,18.43517654683913],[-66.19198322296143,18.43527324022581],[-66.19198858737946,18.435329220582716],[-66.19199931621552,18.43534448794962],[-66.19330823421478,18.43604169625968],[-66.19334042072296,18.43610276546599],[-66.19334042072296,18.43613838915968],[-66.19291663169861,18.43695264300169]],[[-66.19087278842926,18.435059496877216],[-66.19086742401123,18.434947535969485],[-66.19087815284729,18.434764327054097],[-66.19085133075714,18.434703257372234],[-66.19006276130676,18.434291036452166],[-66.18971943855286,18.434123094312426],[-66.18961215019226,18.43415362925913],[-66.18957459926605,18.434250323221235],[-66.18962287902832,18.434866109808965],[-66.19007349014282,18.43490682289405],[-66.19086742401123,18.434947535969485]],[[-66.19169890880585,18.43604169625968],[-66.19029343128204,18.435975537928357],[-66.18968725204468,18.43592973599175]],[[-66.19175791740417,18.437090047957128],[-66.18975162506104,18.437003533738732]],[[-66.1923748254776,18.438097680940245],[-66.19229972362518,18.436927197627526],[-66.19226217269897,18.436092587266444]],[[-66.18978381156921,18.437542974624932],[-66.18975162506104,18.437003533738732],[-66.1896550655365,18.435390290042193],[-66.19157552719116,18.4355022506615],[-66.19164526462555,18.43552260712991],[-66.19169890880585,18.43604169625968],[-66.19175791740417,18.437090047957128],[-66.19180083274841,18.437690557213898]],[[-66.18939220905304,18.436479358425473],[-66.18971943855286,18.436464091159394],[-66.191725730896,18.436555694735603]],[[-66.18750393390656,18.436906841325467],[-66.1875468492508,18.43633177479643],[-66.187584400177,18.43615874555273],[-66.18770241737366,18.43606714176495],[-66.1877989768982,18.435868666723948]],[[-66.18804037570953,18.436881395944525],[-66.18805646896362,18.43666256551282],[-66.1879974603653,18.436525160215623],[-66.18777751922607,18.436392843899682],[-66.1875468492508,18.43633177479643]],[[-66.18615746498108,18.436861039637037],[-66.18630230426788,18.433502215886392],[-66.18637204170227,18.43257598324675]],[[-66.18591606616974,18.437894119197637],[-66.18589997291565,18.437736358681263],[-66.185781955719,18.437028979101598],[-66.18576049804688,18.43695773207608],[-66.18561565876007,18.436632031011825],[-66.18496119976044,18.435715993459524],[-66.18477880954742,18.43555314182801],[-66.18371665477753,18.434840664125915],[-66.18289589881897,18.43433683882543],[-66.18226826190948,18.433924617026648],[-66.18220388889313,18.43381265537971],[-66.18220388889313,18.43369560448906],[-66.18231654167175,18.433537840119],[-66.18301928043365,18.432723570100492],[-66.1837112903595,18.431797333265592]],[[-66.18577122688293,18.43331391624841],[-66.18537962436676,18.433960241171732]],[[-66.18630230426788,18.433502215886392],[-66.18605017662048,18.433471680823956],[-66.18577122688293,18.43331391624841],[-66.1831533908844,18.431380016137865],[-66.18250966072083,18.430962697997145],[-66.18176937103271,18.43078457409206],[-66.1812973022461,18.430692967440436]],[[-66.18187129497528,18.432927137966715],[-66.1812973022461,18.43291695957913]],[[-66.18180692195892,18.433461502468617],[-66.1812973022461,18.43345132411268]],[[-66.18174254894257,18.43399077614737],[-66.1812973022461,18.43398568698514]],[[-66.18172109127045,18.434245234066694],[-66.18193030357361,18.432499645169244],[-66.18187665939331,18.43240803943148],[-66.1812973022461,18.432392771803777]],[[-66.18250966072083,18.43490173375895],[-66.18204295635223,18.434616741952453]],[[-66.18177473545074,18.43533430970517],[-66.1812973022461,18.43532413146012]],[[-66.18388831615448,18.436616763759275],[-66.18438720703125,18.436637120095696],[-66.18454277515411,18.436576051079243],[-66.18473589420319,18.43643355662313]],[[-66.18407070636749,18.437441193455243],[-66.18392050266266,18.436932286702657],[-66.18388831615448,18.436616763759275],[-66.18388831615448,18.435766884562724],[-66.18364691734314,18.43559894386496],[-66.18322849273682,18.435420824763767]],[[-66.18422091007233,18.43793992061076],[-66.18421018123627,18.438250352088986]],[[-66.18309438228607,18.438250352088986],[-66.18310511112213,18.437919564428654]],[[-66.18283689022064,18.43762439951729],[-66.18311047554016,18.43574652812326],[-66.18322849273682,18.435420824763767],[-66.18338406085968,18.435115477303725],[-66.18362009525299,18.434972981636747],[-66.18371665477753,18.434840664125915],[-66.18400633335114,18.434367373734176],[-66.1842691898346,18.434036578600626],[-66.18437647819519,18.433919527862443],[-66.1844676733017,18.43377703120403],[-66.18518114089966,18.43288133521783]],[[-66.18198931217194,18.43751752933815],[-66.1822897195816,18.435385200921388],[-66.18235409259796,18.43516127945732],[-66.18250966072083,18.43490173375895],[-66.18289589881897,18.43433683882543],[-66.18342697620392,18.43361926690872],[-66.18365228176117,18.433344451338854],[-66.18449985980988,18.43237750417471]],[[-66.18198931217194,18.437899208244147],[-66.1819839477539,18.438250352088986]],[[-66.18140459060669,18.437507351222393],[-66.18151187896729,18.435914468676827],[-66.18143141269684,18.43586357761731],[-66.1812973022461,18.43586357761731]],[[-66.1812973022461,18.437512440280344],[-66.18198931217194,18.43751752933815],[-66.18285834789276,18.437476816871495],[-66.18350207805634,18.437593865187182],[-66.18407070636749,18.437441193455243],[-66.18576049804688,18.43695773207608],[-66.18615746498108,18.436861039637037],[-66.18750393390656,18.436906841325467],[-66.18804037570953,18.436881395944525],[-66.18821203708649,18.43687121779108],[-66.18916690349579,18.436738901741563],[-66.18941366672516,18.436754168983242],[-66.18928492069244,18.434764327054097],[-66.18920981884003,18.43363962360013],[-66.18920981884003,18.433466591646365],[-66.1882334947586,18.432850800045145],[-66.18765950202942,18.43252509119884],[-66.18705332279205,18.432199381735458],[-66.18632912635803,18.431853314754463],[-66.185964345932,18.4317057271536],[-66.18572294712067,18.431583585595007],[-66.18499338626862,18.43117644643968],[-66.1812973022461,18.429252700890487]],[[-66.1812973022461,18.438097680940245],[-66.1814957857132,18.437934831565457],[-66.18167817592621,18.437894119197637],[-66.18456959724426,18.437950098700895],[-66.18471443653107,18.437990811055442],[-66.18498802185059,18.438250352088986]],[[-66.1812973022461,18.431797333265592],[-66.18195176124573,18.431812600946174]],[[-66.18149042129517,18.431156089456593],[-66.18182301521301,18.430718413737438],[-66.18254721164703,18.429904130365017]],[[-66.1812973022461,18.42988377323131],[-66.18131875991821,18.429858326810773],[-66.1812973022461,18.42980234467231]],[[-66.18162989616394,18.425496754692276],[-66.18154406547546,18.425415324055862],[-66.1812973022461,18.42539496639074]],[[-66.18162989616394,18.424799503619752],[-66.18162989616394,18.425496754692276],[-66.18168890476227,18.42603623168459],[-66.18175864219666,18.42724750404895],[-66.18172109127045,18.427400184833928],[-66.18171036243439,18.4275172400106],[-66.1817318201065,18.428351892004187],[-66.18233799934387,18.428336624016282],[-66.18320167064667,18.428331534686677]],[[-66.1818927526474,18.416752919944628],[-66.18170499801636,18.418325621487085]],[[-66.18411362171173,18.416951417048466],[-66.18545472621918,18.417088837986228],[-66.18559420108795,18.417073568998546]],[[-66.18883967399597,18.416752919944628],[-66.18883430957794,18.417012493034363]],[[-66.18977844715118,18.416752919944628],[-66.1897623538971,18.417607982760586]],[[-66.19034171104431,18.416752919944628],[-66.19033634662628,18.417959168043282]],[[-66.19089961051941,18.416752919944628],[-66.19088351726532,18.418259456339683]],[[-66.19129121303558,18.416752919944628],[-66.19130730628967,18.417501100140967]],[[-66.19167745113373,18.416752919944628],[-66.19167745113373,18.41803042294069]],[[-66.19224607944489,18.416752919944628],[-66.19223535060883,18.41833071111276]],[[-66.19280934333801,18.416752919944628],[-66.19279325008392,18.41827472522212]],[[-66.19336724281311,18.416752919944628],[-66.19335114955902,18.4185088479163]],[[-66.19393050670624,18.416752919944628],[-66.19391441345215,18.418493579054655]],[[-66.1944454908371,18.417048120682765],[-66.19393050670624,18.417043031019176]],[[-66.19581341743469,18.41684962369048],[-66.19580805301666,18.416752919944628]],[[-66.19734764099121,18.41681908567135],[-66.19585633277893,18.417460382935076],[-66.19567394256592,18.417501100140967],[-66.19553983211517,18.417506189791027],[-66.19545936584473,18.417404396761228],[-66.19540572166443,18.417078658661254],[-66.19538962841034,18.416752919944628]],[[-66.20073795318604,18.416752919944628],[-66.20066821575165,18.416936148048606],[-66.20066285133362,18.41718554154329],[-66.20060384273529,18.41732296229405],[-66.20063066482544,18.417480741539222],[-66.20158016681671,18.417216079497393],[-66.20151042938232,18.417043031019176],[-66.20142459869385,18.416752919944628]],[[-66.20104908943176,18.416752919944628],[-66.20107054710388,18.41690561004482]],[[-66.20151042938232,18.417043031019176],[-66.2017947435379,18.416946327382007]],[[-66.20240092277527,18.416752919944628],[-66.20242238044739,18.41680381665975]]]},"properties":{"class":"minor","id":"14/5179/7338/8","source":"OpenFreeMap / OpenStreetMap","exposureHigh":false,"exposureModerate":true,"zoneLabels":"X"},"id":221120320},{"type":"Feature","geometry":{"type":"MultiLineString","coordinates":[[[-66.19523406028748,18.43005171951242],[-66.19470834732056,18.429970291032973],[-66.19331896305084,18.429715826786136],[-66.19216024875641,18.429547880176926],[-66.19182765483856,18.429471540754875],[-66.19151651859283,18.429313772508564],[-66.18897914886475,18.42787858374902],[-66.18887186050415,18.427797154240437],[-66.1887377500534,18.427624116406676],[-66.188485622406,18.427257682772165],[-66.1882495880127,18.427013393248714],[-66.18811011314392,18.426881069611923],[-66.18800282478333,18.426819997129854],[-66.18777751922607,18.42675892462607]],[[-66.20328605175018,18.418941465099905],[-66.20321094989777,18.418870210579783],[-66.20285153388977,18.418773507969576],[-66.20275497436523,18.41876332874429],[-66.2026959657669,18.41879386641834],[-66.2026584148407,18.418829493697913],[-66.20261013507843,18.41895164431466],[-66.20258331298828,18.41905852603317],[-66.20256185531616,18.419246841280454],[-66.20257258415222,18.41934354362462],[-66.2026047706604,18.419455514692075],[-66.20275497436523,18.419811785785498],[-66.20277643203735,18.41990339823313],[-66.20278716087341,18.420071354260415],[-66.20269060134888,18.420274937103954],[-66.20247066020966,18.420565042239744],[-66.20232582092285,18.420794072264528],[-66.20231509208679,18.42087041553836],[-66.20232582092285,18.42093657968161],[-66.20237946510315,18.42104346016697],[-66.20242774486542,18.421119803330114],[-66.2025511264801,18.421277579093285],[-66.20266377925873,18.421506608169437],[-66.2026959657669,18.42167456263148],[-66.20269060134888,18.421745815990064],[-66.20267450809479,18.421811979796615],[-66.20257258415222,18.421923949257433],[-66.20243310928345,18.422020650096755],[-66.20231509208679,18.422127529908536],[-66.20225608348846,18.422229320143757],[-66.2021541595459,18.42235655785305],[-66.20192885398865,18.422672106965976],[-66.20181620121002,18.423033460884284],[-66.20175182819366,18.42317596644618],[-66.20164453983307,18.423354098232508],[-66.20160162448883,18.423399903519154],[-66.20153725147247,18.423440619319294],[-66.20133876800537,18.42352205089064],[-66.20117783546448,18.423542408777436],[-66.20109736919403,18.423542408777436],[-66.20070040225983,18.423476245636493],[-66.20053946971893,18.42342535089537],[-66.20036780834198,18.423354098232508],[-66.20023369789124,18.42317087696385],[-66.20018541812897,18.423069087285825],[-66.20007276535034,18.422890955204352],[-66.20001375675201,18.42281461282724],[-66.19978845119476,18.422585585492612],[-66.19962751865387,18.422493974473383],[-66.19942903518677,18.42240745291042],[-66.19933247566223,18.422376915877805],[-66.1988228559494,18.42235655785305],[-66.19868874549866,18.422336199825878],[-66.19864583015442,18.422305662780616],[-66.19861900806427,18.422275125729954],[-66.19858145713806,18.422183514545353],[-66.19854390621185,18.422056276708062],[-66.19853854179382,18.4219748444428],[-66.19856536388397,18.421811979796615],[-66.19871020317078,18.421430265177932],[-66.19873702526093,18.42120632554075],[-66.19864583015442,18.420916221486394],[-66.19852244853973,18.420738087175508],[-66.1981737613678,18.42050905707619],[-66.19798064231873,18.420463251019726],[-66.19783580303192,18.42045307189443],[-66.19771242141724,18.420463251019726],[-66.19749784469604,18.420514146637274],[-66.19731545448303,18.42061593782715],[-66.196950674057,18.420916221486394],[-66.19688630104065,18.420956937874422],[-66.19670391082764,18.421012922892203],[-66.19659662246704,18.421012922892203],[-66.19649469852448,18.4209976542528],[-66.19640350341797,18.42096711696992],[-66.19631767272949,18.420926400584307],[-66.19612991809845,18.420794072264528],[-66.19608163833618,18.420717728956802],[-66.19606018066406,18.420641385615212],[-66.19605481624603,18.42057522135842],[-66.19603335857391,18.420478519706577],[-66.19608163833618,18.42004590638804],[-66.19610846042633,18.419969562748292],[-66.19607627391815,18.419664187850586],[-66.19584023952484,18.41879895603016],[-66.19576513767242,18.418666626073986]],[[-66.18726253509521,18.429781987526553],[-66.18731617927551,18.429573326643407],[-66.18734836578369,18.429237432982575],[-66.18733763694763,18.429191629250695],[-66.18723571300507,18.42910511105721],[-66.18724644184113,18.42887100278601]],[[-66.19204223155975,18.437970454879377],[-66.19068503379822,18.437965365834984],[-66.1896014213562,18.43793992061076]],[[-66.19058847427368,18.437354679413602],[-66.19059383869171,18.437558241795188],[-66.19069039821625,18.437863584915448],[-66.19068503379822,18.438250352088986]],[[-66.18947803974152,18.438082413817938],[-66.18941366672516,18.436754168983242]]]},"properties":{"surface":"paved","class":"minor","id":"14/5179/7338/10","source":"OpenFreeMap / OpenStreetMap","exposureHigh":true,"exposureModerate":false,"zoneLabels":"AE, X"},"id":222339700},{"type":"Feature","geometry":{"type":"LineString","coordinates":[[-66.19130730628967,18.41892110666859],[-66.1910229921341,18.4189821819553],[-66.18966042995453,18.419414797948704],[-66.18942975997925,18.419470783468356],[-66.18905961513519,18.419542037739745],[-66.18876457214355,18.419577664864363],[-66.18864119052887,18.41958275445299],[-66.18782579898834,18.419511500198468],[-66.18746101856232,18.41953694814991]]},"properties":{"class":"motorway","oneway":1,"ramp":1,"id":"14/5179/7338/11","source":"OpenFreeMap / OpenStreetMap","exposureHigh":false,"exposureModerate":false,"zoneLabels":"X"},"id":222342102},{"type":"Feature","geometry":{"type":"LineString","coordinates":[[-66.19059920310974,18.42145571284553],[-66.19081914424896,18.421399727971846],[-66.19099617004395,18.421328474469888],[-66.1912751197815,18.42128775816981],[-66.19168817996979,18.421303026783477],[-66.19179010391235,18.421333564006716],[-66.19204759597778,18.421364101224555],[-66.19213342666626,18.421359011688637],[-66.19220316410065,18.421343743079944],[-66.19230508804321,18.421303026783477],[-66.19257867336273,18.421124892873124],[-66.19322776794434,18.42050905707619],[-66.19338870048523,18.42037672843537],[-66.19357645511627,18.42024948926168],[-66.19381785392761,18.420106981275424],[-66.19409143924713,18.419984831478956],[-66.1943382024765,18.41990339823313],[-66.19461715221405,18.41982705453016],[-66.19478344917297,18.41975071079331]]},"properties":{"surface":"paved","class":"motorway","oneway":1,"ramp":1,"id":"14/5179/7338/12","source":"OpenFreeMap / OpenStreetMap","exposureHigh":false,"exposureModerate":false,"zoneLabels":"X"},"id":222356222},{"type":"Feature","geometry":{"type":"LineString","coordinates":[[-66.19166135787964,18.421191056918488],[-66.19112491607666,18.42095184832644]]},"properties":{"surface":"paved","class":"motorway","oneway":1,"ramp":1,"id":"14/5179/7338/14","source":"OpenFreeMap / OpenStreetMap","exposureHigh":false,"exposureModerate":false,"zoneLabels":"X"},"id":222362772},{"type":"Feature","geometry":{"type":"LineString","coordinates":[[-66.19107127189636,18.421033281075978],[-66.19168817996979,18.421303026783477]]},"properties":{"surface":"paved","class":"motorway","oneway":1,"ramp":1,"id":"14/5179/7338/15","source":"OpenFreeMap / OpenStreetMap","exposureHigh":false,"exposureModerate":false,"zoneLabels":"X"},"id":222362782},{"type":"Feature","geometry":{"type":"LineString","coordinates":[[-66.18596971035004,18.438250352088986],[-66.18597507476807,18.437975543923613],[-66.18591606616974,18.437894119197637]]},"properties":{"class":"minor","oneway":1,"id":"14/5179/7338/16","source":"OpenFreeMap / OpenStreetMap","exposureHigh":false,"exposureModerate":true,"zoneLabels":"X"},"id":222364812},{"type":"Feature","geometry":{"type":"LineString","coordinates":[[-66.19936466217041,18.41841723472608],[-66.19906961917877,18.418432503594502],[-66.19759440422058,18.418727701451033],[-66.1959046125412,18.4190279884061]]},"properties":{"surface":"paved","class":"motorway","oneway":1,"ramp":1,"id":"14/5179/7338/17","source":"OpenFreeMap / OpenStreetMap","exposureHigh":false,"exposureModerate":false,"zoneLabels":"X"},"id":407849022},{"type":"Feature","geometry":{"type":"LineString","coordinates":[[-66.19128584861755,18.41947587306015],[-66.19152188301086,18.419165407685313],[-66.19166135787964,18.419078884448226],[-66.1919617652893,18.419022898801046],[-66.19231045246124,18.41899236116764]]},"properties":{"surface":"paved","class":"tertiary","oneway":1,"ramp":1,"id":"14/5179/7338/18","source":"OpenFreeMap / OpenStreetMap","exposureHigh":false,"exposureModerate":false,"zoneLabels":"X"},"id":2175060422},{"type":"Feature","geometry":{"type":"LineString","coordinates":[[-66.19170427322388,18.4200408168131],[-66.19201004505157,18.420101891702302],[-66.19215488433838,18.42012224999388],[-66.19225144386292,18.420157876998346],[-66.19234800338745,18.420213862276185],[-66.1924821138382,18.420341101476225],[-66.1925357580185,18.4204276240785],[-66.19258940219879,18.420580310917543],[-66.19260549545288,18.420661743842942],[-66.19261085987091,18.420763534945493],[-66.19258940219879,18.420850057335315],[-66.19255721569061,18.42093149013303],[-66.1924660205841,18.42106890789178],[-66.19239091873169,18.421140161501242],[-66.19231045246124,18.421191056918488],[-66.19223535060883,18.421226683701633],[-66.19205832481384,18.421267400016163],[-66.1919242143631,18.421267400016163],[-66.1917632818222,18.421231773241473],[-66.19166135787964,18.421191056918488]]},"properties":{"surface":"paved","class":"motorway","oneway":1,"ramp":1,"id":"14/5179/7338/19","source":"OpenFreeMap / OpenStreetMap","exposureHigh":false,"exposureModerate":false,"zoneLabels":"X"},"id":4195648412},{"type":"Feature","geometry":{"type":"LineString","coordinates":[[-66.1912751197815,18.41861064029267],[-66.1912751197815,18.41880404564182],[-66.19130730628967,18.41892110666859]]},"properties":{"surface":"paved","class":"minor","oneway":1,"id":"14/5179/7338/20","source":"OpenFreeMap / OpenStreetMap","exposureHigh":false,"exposureModerate":false,"zoneLabels":"X"},"id":5263618542},{"type":"Feature","geometry":{"type":"LineString","coordinates":[[-66.19130730628967,18.41892110666859],[-66.19137167930603,18.41879386641834],[-66.19137167930603,18.418564833730755]]},"properties":{"surface":"paved","class":"minor","oneway":1,"id":"14/5179/7338/21","source":"OpenFreeMap / OpenStreetMap","exposureHigh":false,"exposureModerate":false,"zoneLabels":"X"},"id":5263618572},{"type":"Feature","geometry":{"type":"LineString","coordinates":[[-66.18745565414429,18.438250352088986],[-66.18741810321808,18.438199461721155],[-66.18740737438202,18.43810785902106],[-66.18744492530823,18.43803152340034],[-66.18754148483276,18.437878852057224]]},"properties":{"class":"minor","oneway":1,"id":"14/5179/7338/22","source":"OpenFreeMap / OpenStreetMap","exposureHigh":false,"exposureModerate":false,"zoneLabels":"X"},"id":5356377402},{"type":"Feature","geometry":{"type":"LineString","coordinates":[[-66.19735300540924,18.41763343099356],[-66.1975246667862,18.417328051949397],[-66.19763731956482,18.41706338967269],[-66.19774997234344,18.41689543070902],[-66.19786262512207,18.416752919944628]]},"properties":{"class":"tertiary","oneway":1,"ramp":1,"id":"14/5179/7338/23","source":"OpenFreeMap / OpenStreetMap","exposureHigh":false,"exposureModerate":false,"zoneLabels":"X"},"id":8288372582},{"type":"Feature","geometry":{"type":"LineString","coordinates":[[-66.19166135787964,18.421191056918488],[-66.19152188301086,18.421028191530255],[-66.19143068790436,18.420844967784177],[-66.19139850139618,18.420722818511706],[-66.19138240814209,18.420473430144455],[-66.19129121303558,18.420290205807504]]},"properties":{"surface":"paved","class":"motorway","oneway":1,"ramp":1,"id":"14/5179/7338/24","source":"OpenFreeMap / OpenStreetMap","exposureHigh":false,"exposureModerate":false,"zoneLabels":"X"},"id":10567131832},{"type":"Feature","geometry":{"type":"LineString","coordinates":[[-66.18739664554596,18.437812694433077],[-66.1872786283493,18.438072235735603],[-66.1872786283493,18.43818928364577],[-66.18731617927551,18.438250352088986]]},"properties":{"class":"minor","oneway":1,"id":"14/5179/7338/25","source":"OpenFreeMap / OpenStreetMap","exposureHigh":false,"exposureModerate":false,"zoneLabels":"X"},"id":10579886402},{"type":"Feature","geometry":{"type":"LineString","coordinates":[[-66.18591606616974,18.437894119197637],[-66.18587851524353,18.43798572201166],[-66.1858731508255,18.438250352088986]]},"properties":{"class":"minor","oneway":1,"id":"14/5179/7338/26","source":"OpenFreeMap / OpenStreetMap","exposureHigh":false,"exposureModerate":true,"zoneLabels":"X"},"id":11684181732},{"type":"Feature","geometry":{"type":"LineString","coordinates":[[-66.18770241737366,18.4275172400106],[-66.18777751922607,18.42675892462607],[-66.18791162967682,18.42617873475851],[-66.1880350112915,18.425858102676145],[-66.18815839290619,18.425618900574577],[-66.18858218193054,18.424947097148333],[-66.18866264820099,18.424763877576623],[-66.18887186050415,18.424173502073486],[-66.18943512439728,18.42366964551543],[-66.18957459926605,18.423476245636493],[-66.18964433670044,18.42331338241189],[-66.18967115879059,18.42302328191107],[-66.18973553180695,18.422733180920986],[-66.18997693061829,18.42215297747299],[-66.19027197360992,18.421755995038893],[-66.19059920310974,18.42145571284553],[-66.1910229921341,18.42110453470019],[-66.19112491607666,18.42095184832644],[-66.19121611118317,18.42077371405246],[-66.19126439094543,18.420590490035323],[-66.19129121303558,18.420290205807504],[-66.19128584861755,18.41947587306015],[-66.19130730628967,18.41892110666859],[-66.19188666343689,18.418931285884554],[-66.19254648685455,18.4190279884061],[-66.19401097297668,18.4192061244877],[-66.19456350803375,18.4192061244877],[-66.19501411914825,18.419078884448226],[-66.19576513767242,18.418666626073986],[-66.19674146175385,18.418178022277203],[-66.19707942008972,18.41797952658841],[-66.19728326797485,18.417760672102006],[-66.19735300540924,18.41763343099356],[-66.19742810726166,18.41739421745494],[-66.19743347167969,18.417180451883752],[-66.19740664958954,18.416997224039903],[-66.19734764099121,18.41681908567135],[-66.19749784469604,18.416752919944628]]},"properties":{"surface":"paved","class":"tertiary","id":"14/5179/7338/29","source":"OpenFreeMap / OpenStreetMap","exposureHigh":false,"exposureModerate":false,"zoneLabels":"X"},"id":222369390},{"type":"Feature","geometry":{"type":"MultiLineString","coordinates":[[[-66.19611918926239,18.438250352088986],[-66.19634985923767,18.43720200746921],[-66.19510531425476,18.436540427476288],[-66.19022369384766,18.43401622195624],[-66.18920981884003,18.433466591646365],[-66.18917763233185,18.433151062341125],[-66.18902742862701,18.430647164096314],[-66.18892550468445,18.4292221650733],[-66.1888074874878,18.428097425362267],[-66.18867337703705,18.427771707511113],[-66.18845343589783,18.427649563157857],[-66.18691921234131,18.427379827403755],[-66.18502020835876,18.426998125141964],[-66.18475198745728,18.42699303577274],[-66.18394732475281,18.427059197560794],[-66.18212342262268,18.42712535932337],[-66.18175864219666,18.42724750404895],[-66.1812973022461,18.427522329364308]],[[-66.18610918521881,18.417226258814225],[-66.185964345932,18.416992134374794],[-66.18591606616974,18.416752919944628]],[[-66.19734764099121,18.41681908567135],[-66.19732081890106,18.416752919944628]]]},"properties":{"class":"tertiary","id":"14/5179/7338/30","source":"OpenFreeMap / OpenStreetMap","exposureHigh":false,"exposureModerate":false,"zoneLabels":"X"},"id":222369550},{"type":"Feature","geometry":{"type":"LineString","coordinates":[[-66.18829250335693,18.438250352088986],[-66.18822276592255,18.438224906906953],[-66.18752002716064,18.437863584915448],[-66.18739664554596,18.437812694433077],[-66.18705332279205,18.437766892986062],[-66.18589997291565,18.437736358681263],[-66.18283689022064,18.43762439951729],[-66.1812973022461,18.437593865187182]]},"properties":{"class":"tertiary","oneway":1,"id":"14/5179/7338/31","source":"OpenFreeMap / OpenStreetMap","exposureHigh":false,"exposureModerate":true,"zoneLabels":"X"},"id":604491812},{"type":"Feature","geometry":{"type":"LineString","coordinates":[[-66.1812973022461,18.43779742728543],[-66.18734836578369,18.43792465347441],[-66.1876380443573,18.438056968611022],[-66.18802428245544,18.438250352088986]]},"properties":{"class":"tertiary","oneway":1,"id":"14/5179/7338/32","source":"OpenFreeMap / OpenStreetMap","exposureHigh":false,"exposureModerate":true,"zoneLabels":"X"},"id":13964537032},{"type":"Feature","geometry":{"type":"LineString","coordinates":[[-66.20361864566803,18.416752919944628],[-66.20234191417694,18.41727715538933],[-66.20034635066986,18.418081319277945],[-66.19936466217041,18.41841723472608]]},"properties":{"surface":"paved","class":"motorway","oneway":1,"id":"14/5179/7338/33","source":"OpenFreeMap / OpenStreetMap","exposureHigh":false,"exposureModerate":false,"zoneLabels":"X"},"id":221224572},{"type":"Feature","geometry":{"type":"LineString","coordinates":[[-66.19625329971313,18.41948096265179],[-66.19714915752411,18.4192773788687],[-66.19798064231873,18.419068705241003],[-66.19888186454773,18.41880404564182],[-66.19991183280945,18.418468130948895],[-66.20042145252228,18.4182798148493],[-66.20138704776764,18.41790318203175],[-66.2039566040039,18.41685471335981]]},"properties":{"surface":"paved","class":"motorway","toll":1,"oneway":1,"id":"14/5179/7338/34","source":"OpenFreeMap / OpenStreetMap","exposureHigh":false,"exposureModerate":false,"zoneLabels":"X"},"id":603403842},{"type":"Feature","geometry":{"type":"LineString","coordinates":[[-66.1909693479538,18.419816875367204],[-66.19058310985565,18.419811785785498],[-66.19013249874115,18.419791427457184],[-66.18914008140564,18.419715083704517],[-66.18581414222717,18.41936390200594],[-66.1812973022461,18.418870210579783]]},"properties":{"class":"motorway","oneway":1,"id":"14/5179/7338/35","source":"OpenFreeMap / OpenStreetMap","exposureHigh":false,"exposureModerate":false,"zoneLabels":"X"},"id":603403912},{"type":"Feature","geometry":{"type":"LineString","coordinates":[[-66.19170427322388,18.4200408168131],[-66.19238555431366,18.42001027936037],[-66.19300246238708,18.419969562748292],[-66.19428992271423,18.41982705453016],[-66.19495511054993,18.4197252628735],[-66.19581341743469,18.419567485686642]]},"properties":{"surface":"paved","class":"motorway","toll":1,"oneway":1,"id":"14/5179/7338/36","source":"OpenFreeMap / OpenStreetMap","exposureHigh":false,"exposureModerate":false,"zoneLabels":"X"},"id":603403942},{"type":"Feature","geometry":{"type":"LineString","coordinates":[[-66.1957597732544,18.419358812410835],[-66.1946976184845,18.419542037739745],[-66.1939412355423,18.419648919091472],[-66.19319558143616,18.41973544204187],[-66.19250357151031,18.41978124829211],[-66.1916184425354,18.419821964948753]]},"properties":{"surface":"paved","class":"motorway","oneway":1,"id":"14/5179/7338/37","source":"OpenFreeMap / OpenStreetMap","exposureHigh":false,"exposureModerate":false,"zoneLabels":"X"},"id":603403972},{"type":"Feature","geometry":{"type":"LineString","coordinates":[[-66.1812973022461,18.419099242860867],[-66.18802964687347,18.41983723369252],[-66.18968725204468,18.42000518978439],[-66.19058847427368,18.4200408168131],[-66.19097471237183,18.4200408168131]]},"properties":{"class":"motorway","oneway":1,"id":"14/5179/7338/38","source":"OpenFreeMap / OpenStreetMap","exposureHigh":false,"exposureModerate":false,"zoneLabels":"X"},"id":2022867522},{"type":"Feature","geometry":{"type":"MultiLineString","coordinates":[[[-66.19579195976257,18.419460604284325],[-66.19491755962372,18.419623471156612],[-66.19402706623077,18.41975071079331],[-66.19348526000977,18.419816875367204],[-66.19235336780548,18.41990339823313],[-66.1916184425354,18.419933935704833]],[[-66.1909693479538,18.419933935704833],[-66.19057238101959,18.419928846126595],[-66.18966042995453,18.41988812949525],[-66.18916690349579,18.41983723369252],[-66.18889331817627,18.419791427457184],[-66.18833005428314,18.41972017328908],[-66.18532061576843,18.41938426038486],[-66.18319630622864,18.419190855687916],[-66.1830085515976,18.419185766087708],[-66.1812973022461,18.418997450773574]],[[-66.18916690349579,18.41983723369252],[-66.18887186050415,18.41982705453016],[-66.18651688098907,18.41958275445299],[-66.1848109960556,18.41938426038486],[-66.18320167064667,18.41922648288528],[-66.1830085515976,18.419185766087708]],[[-66.20389223098755,18.416752919944628],[-66.20133876800537,18.417811568519028],[-66.20037853717804,18.41818820153712],[-66.19986891746521,18.41837142811268],[-66.19935929775238,18.418544475254876],[-66.19824886322021,18.41888547940802],[-66.1971116065979,18.41917558688681],[-66.19622111320496,18.4193740811957]]]},"properties":{"class":"motorway","id":"14/5179/7338/39","source":"OpenFreeMap / OpenStreetMap","exposureHigh":false,"exposureModerate":false,"zoneLabels":"X"},"id":10567131800},{"type":"Feature","geometry":{"type":"LineString","coordinates":[[-66.1916184425354,18.4200408168131],[-66.19170427322388,18.4200408168131]]},"properties":{"surface":"paved","class":"motorway","oneway":1,"id":"14/5179/7338/40","source":"OpenFreeMap / OpenStreetMap","exposureHigh":false,"exposureModerate":false,"zoneLabels":"X"},"id":10871218792},{"type":"Feature","geometry":{"type":"LineString","coordinates":[[-66.19936466217041,18.41841723472608],[-66.19870483875275,18.418620819526993],[-66.19776606559753,18.418890569017123],[-66.19706332683563,18.419073794844678],[-66.19661808013916,18.41917558688681],[-66.19619965553284,18.419257020477133]]},"properties":{"surface":"paved","class":"motorway","oneway":1,"id":"14/5179/7338/41","source":"OpenFreeMap / OpenStreetMap","exposureHigh":false,"exposureModerate":false,"zoneLabels":"X"},"id":14158429742},{"type":"Feature","geometry":{"type":"LineString","coordinates":[[-66.1912751197815,18.41827472522212],[-66.1912751197815,18.41861064029267]]},"properties":{"brunnel":"bridge","surface":"paved","class":"minor","layer":1,"oneway":1,"id":"14/5179/7338/43","source":"OpenFreeMap / OpenStreetMap","exposureHigh":false,"exposureModerate":false,"zoneLabels":"X"},"id":5263618552},{"type":"Feature","geometry":{"type":"LineString","coordinates":[[-66.19137167930603,18.418564833730755],[-66.19137167930603,18.418234008199306]]},"properties":{"brunnel":"bridge","surface":"paved","class":"minor","layer":1,"oneway":1,"id":"14/5179/7338/44","source":"OpenFreeMap / OpenStreetMap","exposureHigh":false,"exposureModerate":false,"zoneLabels":"X"},"id":5263618562},{"type":"Feature","geometry":{"type":"LineString","coordinates":[[-66.19097471237183,18.4200408168131],[-66.1916184425354,18.4200408168131]]},"properties":{"brunnel":"bridge","surface":"paved","class":"motorway","layer":1,"oneway":1,"id":"14/5179/7338/45","source":"OpenFreeMap / OpenStreetMap","exposureHigh":false,"exposureModerate":false,"zoneLabels":"X"},"id":408794912},{"type":"Feature","geometry":{"type":"LineString","coordinates":[[-66.19581341743469,18.419567485686642],[-66.19625329971313,18.41948096265179]]},"properties":{"brunnel":"bridge","class":"motorway","toll":1,"layer":1,"oneway":1,"id":"14/5179/7338/46","source":"OpenFreeMap / OpenStreetMap","exposureHigh":false,"exposureModerate":false,"zoneLabels":"X"},"id":603403862},{"type":"Feature","geometry":{"type":"LineString","coordinates":[[-66.1916184425354,18.419821964948753],[-66.1909693479538,18.419816875367204]]},"properties":{"brunnel":"bridge","surface":"paved","class":"motorway","layer":1,"oneway":1,"id":"14/5179/7338/47","source":"OpenFreeMap / OpenStreetMap","exposureHigh":false,"exposureModerate":false,"zoneLabels":"X"},"id":603403892},{"type":"Feature","geometry":{"type":"LineString","coordinates":[[-66.19619965553284,18.419257020477133],[-66.1957597732544,18.419358812410835]]},"properties":{"brunnel":"bridge","class":"motorway","layer":1,"oneway":1,"id":"14/5179/7338/48","source":"OpenFreeMap / OpenStreetMap","exposureHigh":false,"exposureModerate":false,"zoneLabels":"X"},"id":603403962},{"type":"Feature","geometry":{"type":"MultiLineString","coordinates":[[[-66.19622111320496,18.4193740811957],[-66.19579195976257,18.419460604284325]],[[-66.1916184425354,18.419933935704833],[-66.1909693479538,18.419933935704833]]]},"properties":{"class":"motorway","layer":1,"brunnel":"bridge","id":"14/5179/7338/49","source":"OpenFreeMap / OpenStreetMap","exposureHigh":false,"exposureModerate":false,"zoneLabels":"X"},"id":10567131810},{"type":"Feature","geometry":{"type":"MultiLineString","coordinates":[[[-66.19824886322021,18.393415190753444],[-66.19793772697449,18.393496636528653]],[[-66.19976699352264,18.394361995512597],[-66.19967579841614,18.394153291684745],[-66.19962215423584,18.394076936562612],[-66.1995792388916,18.394041304160723],[-66.19941294193268,18.394031123473113],[-66.1991286277771,18.394127839981138]],[[-66.19583487510681,18.392463290401395],[-66.195507645607,18.39243783844813]],[[-66.19578659534454,18.39335410639677],[-66.19547545909882,18.3933744678514],[-66.19541108608246,18.39343046183923]],[[-66.1957973241806,18.393170853196835],[-66.19546473026276,18.393196305041812]],[[-66.2002444267273,18.38455264236194],[-66.20030879974365,18.384715542250376],[-66.20035171508789,18.385036250955892],[-66.2003356218338,18.385153334937797],[-66.20022296905518,18.385280600045334],[-66.19987428188324,18.385514767597712],[-66.19982063770294,18.385667485395288]],[[-66.19558811187744,18.37674853928074],[-66.19553983211517,18.376931809938895]],[[-66.19614064693451,18.376865628890343],[-66.19613528251648,18.376977627573012],[-66.19614601135254,18.377084535338625]],[[-66.19558811187744,18.37739507656761],[-66.19614601135254,18.377084535338625],[-66.19623184204102,18.3770387177329]],[[-66.1948961019516,18.376717994152088],[-66.19495511054993,18.376789266110492],[-66.19537353515625,18.377410349072647]],[[-66.1953467130661,18.376875810591784],[-66.19553983211517,18.376931809938895],[-66.19573831558228,18.376982718420493]],[[-66.19501411914825,18.376600904442242],[-66.19499266147614,18.376712903296806],[-66.19495511054993,18.376789266110492]],[[-66.19443476200104,18.3760307273278],[-66.19418799877167,18.37596963681088]],[[-66.19431674480438,18.37938049088129],[-66.1947512626648,18.37964521106275]],[[-66.19451522827148,18.379986292235856],[-66.19499266147614,18.379293947656905],[-66.19500875473022,18.379202313607266],[-66.19466006755829,18.37896304669256],[-66.19456350803375,18.379024136149155],[-66.19431674480438,18.37938049088129],[-66.19422018527985,18.379528123340293],[-66.19464933872223,18.379792843295107]],[[-66.19337260723114,18.381162253495688],[-66.19314193725586,18.381503331668057],[-66.19263768196106,18.381528785235943]],[[-66.19287371635437,18.38151860380924],[-66.19286835193634,18.38144224308978],[-66.19269132614136,18.381269158667095],[-66.19264304637909,18.381269158667095]],[[-66.19286835193634,18.38144224308978],[-66.19295418262482,18.38135061018177],[-66.19295418262482,18.381299702989608],[-66.19279325008392,18.3811418905984],[-66.19269132614136,18.38105025753076],[-66.19239628314972,18.38105534825803]],[[-66.19295418262482,18.38135061018177],[-66.19307219982147,18.381345519463224],[-66.1931848526001,18.381289521549363],[-66.19320094585419,18.38124879578241],[-66.19298100471497,18.381019713164065],[-66.19292736053467,18.381024803892217],[-66.19279325008392,18.3811418905984]],[[-66.19264304637909,18.381701869398015],[-66.19263768196106,18.381528785235943],[-66.19264841079712,18.380902626374933],[-66.19275569915771,18.38082626538268],[-66.19292736053467,18.381024803892217]],[[-66.19608163833618,18.384720632869417],[-66.19551837444305,18.385285690647677]],[[-66.19612991809845,18.384761357816274],[-66.19590997695923,18.38497516362942],[-66.19566321372986,18.385306053055572]],[[-66.1910605430603,18.383758503201534],[-66.19034707546234,18.383885769338775],[-66.19019150733948,18.383880678695093]],[[-66.18958532810211,18.380933170762376],[-66.18928492069244,18.38065318034168]],[[-66.19112491607666,18.382877818957397],[-66.19126439094543,18.382964360383014],[-66.19115710258484,18.383127261772216],[-66.19135022163391,18.383274891023234],[-66.19140386581421,18.3832087124091],[-66.19176864624023,18.383183259089208],[-66.19174718856812,18.38263855714287],[-66.19174718856812,18.382404385683714],[-66.19213342666626,18.382404385683714]],[[-66.19174718856812,18.38263855714287],[-66.19165599346161,18.382648738503434],[-66.19162917137146,18.38266910122279],[-66.19161307811737,18.38270982665425],[-66.19162917137146,18.38280654951545],[-66.19166135787964,18.38282691221616],[-66.19175255298615,18.38282691221616]],[[-66.19140386581421,18.379604484907432],[-66.19146287441254,18.37955866797121],[-66.19166672229767,18.3794364894151],[-66.19173645973206,18.37936012777358],[-66.1917632818222,18.379299038436017],[-66.19177401065826,18.37919722282531]],[[-66.19058847427368,18.37694708248496],[-66.19038999080658,18.376819811226483]],[[-66.18519186973572,18.38938866724665],[-66.18523478507996,18.389877352739077],[-66.1857283115387,18.389846809936387]],[[-66.18520796298981,18.38955665304097],[-66.1857122182846,18.389515929227088]],[[-66.18521869182587,18.3897144577289],[-66.18570685386658,18.389678824424905]],[[-66.18447840213776,18.392936696046633],[-66.18445158004761,18.392631273198575],[-66.184161901474,18.392666905892085],[-66.183802485466,18.392697448194923],[-66.1836040019989,18.392692357811498]]]},"properties":{"class":"service","id":"14/5179/7340/0","source":"OpenFreeMap / OpenStreetMap","exposureHigh":false,"exposureModerate":false,"zoneLabels":"X"},"id":221166880},{"type":"Feature","geometry":{"type":"MultiLineString","coordinates":[[[-66.19865119457245,18.393674799027693],[-66.19868338108063,18.393771515735736],[-66.19866192340851,18.393939497257534]],[[-66.19831323623657,18.39547677509178],[-66.19840443134308,18.395492045994843],[-66.19861364364624,18.395430962374476],[-66.19882822036743,18.39542587207181],[-66.19899988174438,18.395456413885597],[-66.19909107685089,18.395573490788294],[-66.19914472103119,18.395593851980635],[-66.19924128055573,18.395573490788294]],[[-66.2039566040039,18.3847817202861],[-66.20385468006134,18.38492934812035],[-66.20376884937286,18.38500061668475]],[[-66.20034635066986,18.383422520147832],[-66.19987428188324,18.383427610805043],[-66.1994880437851,18.38330543499042],[-66.19942903518677,18.383264709699645],[-66.199289560318,18.383025448422003],[-66.19914472103119,18.382872728283957]],[[-66.19919836521149,18.382068399991155],[-66.19915008544922,18.38217530460072],[-66.19897305965424,18.38233311604607],[-66.1987692117691,18.382496018031688]],[[-66.19548082351685,18.383880678695093],[-66.195148229599,18.383911222554943],[-66.1950409412384,18.3839570383346]],[[-66.19030952453613,18.379833569405946],[-66.19050800800323,18.379955747680697]]]},"properties":{"class":"service","service":"driveway","id":"14/5179/7340/1","source":"OpenFreeMap / OpenStreetMap","exposureHigh":false,"exposureModerate":false,"zoneLabels":"X"},"id":221205510},{"type":"Feature","geometry":{"type":"MultiLineString","coordinates":[[[-66.20347917079926,18.396555915575846],[-66.20377957820892,18.396270860255882]],[[-66.19960069656372,18.380077925868903],[-66.19958996772766,18.38035791722369]],[[-66.19964897632599,18.38016446869983],[-66.19989573955536,18.38009319813635]],[[-66.19933784008026,18.379752117174675],[-66.19953632354736,18.379446670964754]],[[-66.1983722448349,18.380098288891844],[-66.19803428649902,18.380021927543382],[-66.19800746440887,18.38000665526964],[-66.19799137115479,18.379960838440283],[-66.19799137115479,18.379915021598734]]]},"properties":{"surface":"paved","class":"service","service":"driveway","id":"14/5179/7340/5","source":"OpenFreeMap / OpenStreetMap","exposureHigh":false,"exposureModerate":false,"zoneLabels":"X"},"id":5369378120},{"type":"Feature","geometry":{"type":"MultiLineString","coordinates":[[[-66.20261013507843,18.39520698891458],[-66.20256721973419,18.395288433842765],[-66.20168209075928,18.396225047749766],[-66.20161771774292,18.396331943578446],[-66.20160698890686,18.396382846330695],[-66.20162308216095,18.396555915575846]],[[-66.20168209075928,18.396225047749766],[-66.2022078037262,18.396438839340817],[-66.2022453546524,18.396438839340817],[-66.20231509208679,18.39641847824832]],[[-66.20164453983307,18.396291221365814],[-66.20071113109589,18.395945082169803]],[[-66.20101690292358,18.394361995512597],[-66.20090425014496,18.394438350508395],[-66.20064675807953,18.39449434415046],[-66.20024979114532,18.39447398282819],[-66.19998157024384,18.394417989179487],[-66.19976699352264,18.394361995512597],[-66.19964897632599,18.39434163417465],[-66.19953095912933,18.394346724509376],[-66.19946122169495,18.394367085846696],[-66.19938611984253,18.39441289884688],[-66.19890332221985,18.39477940240984],[-66.19854390621185,18.39494738294897],[-66.19825959205627,18.39507464082412],[-66.19813084602356,18.39529352414951],[-66.1980128288269,18.395553129593537],[-66.19791090488434,18.395665116134893],[-66.19751393795013,18.395828005519647]],[[-66.2039566040039,18.394224556434878],[-66.20361328125,18.395624393764635]],[[-66.20264232158661,18.39294178642284],[-66.20234191417694,18.393496636528653],[-66.2022614479065,18.39388350343512],[-66.20168745517731,18.39470813788921]],[[-66.2039566040039,18.39261091165612],[-66.20318949222565,18.39244292883909]],[[-66.2039566040039,18.391994973859724],[-66.20389759540558,18.39227494585829]],[[-66.20318412780762,18.391058336958096],[-66.20311975479126,18.3912670445346],[-66.20307147502899,18.39151138479076],[-66.20351672172546,18.391608102713136],[-66.20318949222565,18.39244292883909],[-66.20300710201263,18.393924226216853],[-66.20299100875854,18.394448531171946],[-66.20295345783234,18.394886299135507],[-66.20297491550446,18.39494229263201],[-66.20303928852081,18.394988105479243],[-66.20373129844666,18.39514081488204]],[[-66.19998693466187,18.391623373959064],[-66.20056629180908,18.39189825615449],[-66.20064675807953,18.391801538395],[-66.20092034339905,18.39133322005486]],[[-66.20009422302246,18.39145539017933],[-66.19978845119476,18.391149964705747]],[[-66.1990213394165,18.392906153786186],[-66.19904816150665,18.39302323242181],[-66.19905352592468,18.393099588010884],[-66.19859755039215,18.393206485778762],[-66.19824349880219,18.393308293115055],[-66.19823276996613,18.393384648577822],[-66.19832932949066,18.393588262979733],[-66.19842052459717,18.393654437608546],[-66.1985331773758,18.393674799027693],[-66.19865119457245,18.393674799027693],[-66.19915008544922,18.39354754011859],[-66.19932174682617,18.393405010028843],[-66.1995792388916,18.393303202749678],[-66.20031416416168,18.393364287124385]],[[-66.19890868663788,18.39291633454026],[-66.1992734670639,18.392875611520324],[-66.19937002658844,18.392824707731876],[-66.19934856891632,18.392514194296623],[-66.19927883148193,18.392198589903785]],[[-66.20064675807953,18.39449434415046],[-66.20052874088287,18.395054279570417],[-66.20046436786652,18.395247711383476],[-66.20040535926819,18.39548695569397]],[[-66.19854390621185,18.39494738294897],[-66.19844198226929,18.395100092387878],[-66.19824349880219,18.395665116134893],[-66.1981201171875,18.395848366681903],[-66.19756758213043,18.396057068456386],[-66.19733154773712,18.396092700441386]],[[-66.19813084602356,18.39529352414951],[-66.19793772697449,18.394998286110308],[-66.1977607011795,18.394809944338235],[-66.1972725391388,18.39467759594278],[-66.19688093662262,18.394692866916685],[-66.19683802127838,18.39463178301297],[-66.19686484336853,18.394550337774348],[-66.19685411453247,18.394479073158976],[-66.19652688503265,18.394306001827502]],[[-66.19756758213043,18.396057068456386],[-66.19756758213043,18.39619450607225],[-66.19769096374512,18.396347214405708]],[[-66.196950674057,18.396535554497206],[-66.19694530963898,18.396555915575846]],[[-66.1977607011795,18.394809944338235],[-66.1977607011795,18.394713228213092],[-66.19791090488434,18.39427545980979],[-66.1979591846466,18.394255098461628],[-66.19816839694977,18.394300911491584]],[[-66.19588315486908,18.395196808295836],[-66.1950409412384,18.39456560875952],[-66.19461715221405,18.39424491778665]],[[-66.19645178318024,18.394993195794854],[-66.19607090950012,18.395700748200966],[-66.19594216346741,18.39612833241904],[-66.19588851928711,18.396555915575846]],[[-66.19630694389343,18.396555915575846],[-66.19632840156555,18.39636248523159],[-66.19691848754883,18.395278253228867]],[[-66.19547545909882,18.396301401919885],[-66.19548618793488,18.396163964389302],[-66.19557201862335,18.395670206430495],[-66.19562566280365,18.39553785869589],[-66.19588315486908,18.395196808295836],[-66.19608700275421,18.39481503465909]],[[-66.19548618793488,18.396163964389302],[-66.19541645050049,18.396153783827117]],[[-66.19439721107483,18.396555915575846],[-66.1945903301239,18.396545735036824]],[[-66.19334042072296,18.395751651139705],[-66.19261622428894,18.39584327639156],[-66.1924284696579,18.395766922018396]],[[-66.19335651397705,18.395807644354974],[-66.19391977787018,18.395761831725665],[-66.19420945644379,18.395665116134893]],[[-66.19342625141144,18.39637775605614],[-66.19314730167389,18.396387936605095]],[[-66.19339406490326,18.394759041121247],[-66.19366765022278,18.395451323583686]],[[-66.19300246238708,18.394896479772598],[-66.19339406490326,18.394759041121247],[-66.19394659996033,18.39458087974336],[-66.19408071041107,18.394596150725818],[-66.19423627853394,18.394697957241007],[-66.19557201862335,18.395670206430495],[-66.19600117206573,18.395889088999212],[-66.19645714759827,18.396138512982716],[-66.19697213172913,18.396555915575846]],[[-66.1927342414856,18.393858051691666],[-66.19154334068298,18.39354754011859],[-66.19136095046997,18.39342537147745],[-66.1910605430603,18.393089407267638],[-66.1909157037735,18.39297741905213],[-66.1907708644867,18.39294178642284],[-66.19052410125732,18.392946876798902],[-66.19012176990509,18.39293160567027],[-66.18986427783966,18.39295196717481],[-66.18961751461029,18.392992690176712],[-66.18932783603668,18.393104678382286],[-66.1892580986023,18.39311485912465],[-66.18881285190582,18.393018142048007],[-66.1885553598404,18.393002870925685],[-66.18838369846344,18.392946876798902],[-66.18829250335693,18.392875611520324],[-66.18804574012756,18.392381844137745],[-66.18753612041473,18.39240220570727],[-66.18702113628387,18.392463290401395]],[[-66.19373738765717,18.393735883270665],[-66.19391441345215,18.39375115432803],[-66.19464933872223,18.394087117247523],[-66.19468152523041,18.394153291684745],[-66.19461715221405,18.39424491778665],[-66.19423627853394,18.394697957241007]],[[-66.19530916213989,18.394250008124203],[-66.1950409412384,18.39456560875952]],[[-66.19497120380402,18.392758532784384],[-66.19491219520569,18.392091691510657]],[[-66.19633913040161,18.391979702646722],[-66.19692385196686,18.392218951494968],[-66.19728863239288,18.39233603059752],[-66.1981737613678,18.392483651961285],[-66.1983722448349,18.392504013518774],[-66.19854390621185,18.39249383274033],[-66.1987316608429,18.392432748057033],[-66.19965970516205,18.392035697087792],[-66.19973480701447,18.392010245071376],[-66.19978308677673,18.391949160216654],[-66.20009422302246,18.39145539017933],[-66.20046436786652,18.390824176937244],[-66.20087206363678,18.390880171753793],[-66.20136559009552,18.390534021687387],[-66.20180010795593,18.390676554151867]],[[-66.19618356227875,18.39207132990444],[-66.19610846042633,18.392025516281677],[-66.19568467140198,18.391994973859724],[-66.19542181491852,18.391938979405424],[-66.19536280632019,18.391979702646722],[-66.19533598423004,18.392101872312864]],[[-66.19688630104065,18.39132812963112],[-66.19648933410645,18.390976890030416],[-66.19647324085236,18.39088526219075],[-66.19681656360626,18.390534021687387],[-66.1972028017044,18.389806086191072],[-66.19743347167969,18.389546472088398]],[[-66.19779825210571,18.389816267128296],[-66.19763731956482,18.3907783629829]],[[-66.19634985923767,18.38877271793332],[-66.19610846042633,18.387001215076822]],[[-66.19567394256592,18.388660726912576],[-66.19545936584473,18.387087754432457]],[[-66.19460642337799,18.390269318226302],[-66.19488000869751,18.390676554151867],[-66.19495511054993,18.390681644594864],[-66.19510531425476,18.390625649713797],[-66.19519650936127,18.39076309166208],[-66.19531989097595,18.390844538690814]],[[-66.1945366859436,18.3902998609541],[-66.19441866874695,18.390019885746653],[-66.1943006515503,18.389587195895075],[-66.19425773620605,18.38955665304097],[-66.1940485239029,18.38955665304097],[-66.19398415088654,18.389531200658425]],[[-66.19343161582947,18.389444662529627],[-66.19239628314972,18.39009624266653]],[[-66.19331359863281,18.389526110181464],[-66.19382858276367,18.390523840792554]],[[-66.19294881820679,18.38715393155745],[-66.19295418262482,18.38767825711119],[-66.19288980960846,18.387764796126902],[-66.18915617465973,18.387754615068488],[-66.18841588497162,18.387474635726363],[-66.18766486644745,18.38715393155745],[-66.1875468492508,18.38715393155745],[-66.18690311908722,18.38850292125983],[-66.18646323680878,18.389459933967274],[-66.18620038032532,18.389821357596688]],[[-66.19305610656738,18.387148841010273],[-66.19051337242126,18.38715902210447]],[[-66.19432747364044,18.38594746767275],[-66.19124829769135,18.385942377089947]],[[-66.19616746902466,18.38586601832985],[-66.19627475738525,18.385738753654508],[-66.19640350341797,18.385550401762572],[-66.19653761386871,18.385336596662896],[-66.19664490222931,18.385132972511883],[-66.19668781757355,18.385031160346173],[-66.19672000408173,18.38480208275351],[-66.19697749614716,18.38480717336998],[-66.1970204114914,18.384751176580465]],[[-66.1975085735321,18.38782588246478],[-66.19736909866333,18.386848498460893],[-66.19757831096649,18.386135819130814],[-66.19755685329437,18.38607473219399],[-66.19684875011444,18.38564203243841]],[[-66.19748711585999,18.38792260245546],[-66.19748711585999,18.388095680198077],[-66.19730472564697,18.388340024950594],[-66.19692385196686,18.388406201594805]],[[-66.19803428649902,18.387764796126902],[-66.1975085735321,18.38782588246478],[-66.19710624217987,18.38788187825547],[-66.19682192802429,18.38791242140637]],[[-66.19986355304718,18.387388096564962],[-66.19994401931763,18.38813640434755],[-66.19997084140778,18.38845710668842]],[[-66.20059847831726,18.388105861236355],[-66.20060920715332,18.38845201617974],[-66.20055019855499,18.388645455404102]],[[-66.19994401931763,18.38813640434755],[-66.2018483877182,18.388049865518425],[-66.2022989988327,18.388054956038985],[-66.2039566040039,18.387988779259928]],[[-66.19892477989197,18.388411292104834],[-66.19881749153137,18.387596808586125],[-66.19868874549866,18.386405619509503],[-66.19861364364624,18.38623763064409]],[[-66.19881749153137,18.387596808586125],[-66.19803965091705,18.387673166579503]],[[-66.19836688041687,18.38861491238312],[-66.19892477989197,18.388411292104834],[-66.19920909404755,18.388385839553138]],[[-66.19885504245758,18.390849629128837],[-66.19875848293304,18.390875081316665],[-66.19763731956482,18.3907783629829],[-66.19741201400757,18.390819086498468],[-66.19688630104065,18.39132812963112],[-66.1965161561966,18.39171500140627],[-66.19633913040161,18.391979702646722],[-66.19593143463135,18.392218951494968],[-66.19583487510681,18.392463290401395],[-66.19578659534454,18.39335410639677],[-66.19593143463135,18.393608624406696],[-66.19600653648376,18.3939293165639],[-66.19580805301666,18.394346724509376]],[[-66.2039566040039,18.390534021687387],[-66.20348453521729,18.390488207655906],[-66.20339870452881,18.39052893124004]],[[-66.20355427265167,18.389678824424905],[-66.20352745056152,18.38900688074156]],[[-66.2039566040039,18.38858945986148],[-66.20336651802063,18.38860473137491],[-66.20273351669312,18.388635274397714]],[[-66.2039566040039,18.387388096564962],[-66.1998850107193,18.387545903238404]],[[-66.20272278785706,18.388039684476837],[-66.20273351669312,18.388635274397714],[-66.20270669460297,18.388961066304105],[-66.2026584148407,18.389174866908007],[-66.20261013507843,18.389327581462666],[-66.20262086391449,18.389434481570447],[-66.20283544063568,18.389531200658425],[-66.20314657688141,18.389627919692117],[-66.20355427265167,18.389678824424905],[-66.2039566040039,18.389709367257353]],[[-66.2018483877182,18.388049865518425],[-66.20186984539032,18.388777808432536],[-66.20176255702972,18.389169776420502]],[[-66.20122611522675,18.388080408639553],[-66.2012529373169,18.38871163193103],[-66.20119392871857,18.388920342349493]],[[-66.20216488838196,18.385922014757227],[-66.20221316814423,18.386843407904692],[-66.2022989988327,18.388054956038985],[-66.20228290557861,18.38888979937721],[-66.20221853256226,18.389169776420502],[-66.20203614234924,18.389592286370245]],[[-66.2039566040039,18.38676704954372],[-66.19982600212097,18.386950309553214]],[[-66.20345771312714,18.386191815470553],[-66.20343089103699,18.385504586406398]],[[-66.2039566040039,18.386196906045996],[-66.20385468006134,18.386176543743332],[-66.19976699352264,18.386354713810007],[-66.19983673095703,18.387123388272144]],[[-66.20376884937286,18.38500061668475],[-66.20360791683197,18.384863170141315],[-66.20321094989777,18.384959891794423],[-66.20284080505371,18.384898804440866],[-66.20271742343903,18.384944619958063],[-66.2025135755539,18.385224603409597],[-66.2024062871933,18.385295871851923],[-66.201993227005,18.385280600045334],[-66.20158016681671,18.38538750266305],[-66.20124757289886,18.38527550944285],[-66.20097398757935,18.385204240992095],[-66.200732588768,18.385244965824683],[-66.1996328830719,18.385743844243322],[-66.19933247566223,18.385901652422106],[-66.19922518730164,18.385942377089947],[-66.19913935661316,18.38595255825541],[-66.19891941547394,18.385886380669177],[-66.19867265224457,18.385784568948438],[-66.19789481163025,18.3854129556575],[-66.19765341281891,18.38536204966485],[-66.19758367538452,18.38536204966485]],[[-66.2039566040039,18.384074123049473],[-66.2037742137909,18.383590511756523],[-66.20375275611877,18.383473426713195],[-66.20378494262695,18.38263346646235],[-66.20383322238922,18.381793502119336],[-66.20389223098755,18.38076517656451],[-66.20394051074982,18.380490276614964],[-66.2039566040039,18.380449550659236]],[[-66.2039566040039,18.383483608024477],[-66.20375275611877,18.383473426713195],[-66.2031626701355,18.383427610805043],[-66.20284080505371,18.383351250931057],[-66.2024974822998,18.383223984399223],[-66.20199859142303,18.382979632394807],[-66.20192885398865,18.38289818164968],[-66.2019556760788,18.382796368164207],[-66.20239019393921,18.382185485988643]],[[-66.20196640491486,18.38502097912631],[-66.20124757289886,18.38527550944285]],[[-66.19889795780182,18.3833817948847],[-66.19911789894104,18.383875588051254],[-66.19932174682617,18.384074123049473],[-66.19939684867859,18.383834862895156],[-66.19958460330963,18.38357523979886],[-66.20037317276001,18.38358033045158],[-66.20005667209625,18.381930951110036],[-66.19979918003082,18.38050045810239],[-66.19965970516205,18.380189922465362],[-66.19960069656372,18.380077925868903],[-66.19953095912933,18.379981201477065],[-66.19933784008026,18.379752117174675],[-66.19891941547394,18.379405944762553],[-66.19871020317078,18.379268493759113],[-66.19849562644958,18.379146314997428],[-66.19814157485962,18.378983409847166],[-66.1975246667862,18.37873396103761],[-66.1966609954834,18.378306333667467],[-66.19606554508209,18.377955067534472]],[[-66.19919836521149,18.382068399991155],[-66.20005667209625,18.381930951110036],[-66.20106518268585,18.38178332070825],[-66.20111346244812,18.38174768576475],[-66.20112955570221,18.38167132514674],[-66.20076477527618,18.379599394137344]],[[-66.20096862316132,18.380754995092715],[-66.20163381099701,18.380658271080648],[-66.20197713375092,18.38071935993669],[-66.20227754116058,18.380856809783637],[-66.20256185531616,18.38109607407067],[-66.20270133018494,18.381345519463224],[-66.20302855968475,18.3815847830721],[-66.20343625545502,18.381742595057943],[-66.20383322238922,18.381793502119336],[-66.2039566040039,18.38180368352981]],[[-66.2039566040039,18.382643647823215],[-66.20378494262695,18.38263346646235],[-66.20337724685669,18.382597831694554],[-66.20304465293884,18.38251129008495],[-66.20264768600464,18.382348388113755],[-66.20239019393921,18.382185485988643],[-66.20225608348846,18.3820785813854]],[[-66.20316803455353,18.38020519472289],[-66.20394051074982,18.380490276614964]],[[-66.2034684419632,18.379487397157334],[-66.2039566040039,18.37968084644075]],[[-66.20161771774292,18.378061974694162],[-66.20153188705444,18.37769543558501]],[[-66.20295882225037,18.37809251958477],[-66.2024974822998,18.377960158353105],[-66.20241701602936,18.377949976715684],[-66.20214343070984,18.377944885896753],[-66.20161771774292,18.378061974694162],[-66.20117247104645,18.37814851853682],[-66.20115101337433,18.378179063412077],[-66.20112955570221,18.3781841542241],[-66.201092004776,18.3781841542241],[-66.20107591152191,18.37817397259991],[-66.20105445384979,18.378143427723742],[-66.20105445384979,18.378107792028032],[-66.20099544525146,18.37785325113029],[-66.20095789432526,18.37777179796366],[-66.20066821575165,18.37737980406122],[-66.20032489299774,18.37697253672539]],[[-66.20315730571747,18.3775834373685],[-66.2028568983078,18.377471439079258],[-66.20275497436523,18.377415439907367],[-66.2026584148407,18.377344168207742],[-66.20257794857025,18.377257623961455],[-66.20251893997192,18.377165988829816],[-66.2021541595459,18.376356543052566],[-66.20211660861969,18.376234362227905],[-66.20210587978363,18.376112181316685]],[[-66.20335578918457,18.377059081114723],[-66.20318949222565,18.376987809267817],[-66.20310366153717,18.37693690078774],[-66.20303392410278,18.376880901442277],[-66.20297491550446,18.376804538669177],[-66.20293200016022,18.37672817586224],[-66.20289981365204,18.376641631306867],[-66.20288372039795,18.376555086708052]],[[-66.20267450809479,18.376015454700592],[-66.20261549949646,18.375648911242067]],[[-66.20156407356262,18.37539436671537],[-66.20149970054626,18.375053276460633]],[[-66.20107591152191,18.375893273634304],[-66.20099544525146,18.37536891224204],[-66.20093107223511,18.375053276460633]],[[-66.20214343070984,18.377944885896753],[-66.20206296443939,18.37756816487878]],[[-66.20066821575165,18.37737980406122],[-66.20058238506317,18.377435803244694],[-66.20050191879272,18.37747652991216],[-66.20039463043213,18.37750707490646],[-66.20014250278473,18.377542710726274],[-66.19956314563751,18.37759361902755],[-66.1992734670639,18.37761398234386]],[[-66.19956314563751,18.37759361902755],[-66.19923055171967,18.376595813583478]],[[-66.20014250278473,18.377542710726274],[-66.20016396045685,18.377644527313805],[-66.20018541812897,18.377690344758562],[-66.20042681694031,18.378026338981627],[-66.20060384273529,18.37867796227566],[-66.20063066482544,18.37873396103761],[-66.20067358016968,18.37877468739852],[-66.20072722434998,18.378805232162875],[-66.2007862329483,18.37881541374979],[-66.20084524154663,18.378810322956397],[-66.20225071907043,18.378515056682986],[-66.20232045650482,18.378509965880724],[-66.20239555835724,18.378520147485077],[-66.20270669460297,18.378596509498564],[-66.20275497436523,18.37859141869872],[-66.20277106761932,18.378576146298286],[-66.20349526405334,18.376692539874114],[-66.20350062847137,18.376595813583478],[-66.20347917079926,18.376499087238614],[-66.20333433151245,18.376132544807902],[-66.20328068733215,18.376056181703447],[-66.20320558547974,18.37599509119555],[-66.20311439037323,18.3759645459335],[-66.2030178308487,18.37595945505595],[-66.20185375213623,18.376152908296717],[-66.20178401470184,18.376183453525414]],[[-66.2005341053009,18.37641763343244],[-66.20044827461243,18.375939091544296],[-66.20039999485016,18.37559291147842]],[[-66.19891405105591,18.376631449591613],[-66.1990213394165,18.376992900115013],[-66.19920909404755,18.377542710726274],[-66.19946122169495,18.378138336910524],[-66.19960606098175,18.378433603828924],[-66.19965970516205,18.37857105549783],[-66.19964897632599,18.378647417488764],[-66.19958996772766,18.37882050454303]],[[-66.19844198226929,18.37583218306871],[-66.19765341281891,18.375608184143047]],[[-66.1966609954834,18.379838660169113],[-66.19615137577057,18.380154287192568]],[[-66.19680047035217,18.378922320376148],[-66.19583487510681,18.379589212596713]],[[-66.19705259799957,18.376860538039423],[-66.1964464187622,18.376891083142795],[-66.1960119009018,18.376850356337087],[-66.19501411914825,18.376600904442242],[-66.19452595710754,18.37649399637685],[-66.19375348091125,18.37629545265105],[-66.1935442686081,18.376249634835716],[-66.19303464889526,18.376269998310704],[-66.19249820709229,18.376336179587796],[-66.19233191013336,18.376336179587796],[-66.19182229042053,18.376188544396342],[-66.19092643260956,18.37583727395001],[-66.19000375270844,18.375292548799507],[-66.18962824344635,18.375053276460633]],[[-66.19743347167969,18.37668744901805],[-66.19738519191742,18.37630054351868],[-66.19744956493378,18.376152908296717],[-66.19757831096649,18.375801637777784],[-66.19765341281891,18.375608184143047],[-66.19785189628601,18.375053276460633]],[[-66.19807720184326,18.376697630730007],[-66.19801819324493,18.37725253312209],[-66.19802355766296,18.37739507656761],[-66.19816839694977,18.37789906851961],[-66.19849562644958,18.37803142979817],[-66.19896233081818,18.37837251416316]],[[-66.19810402393341,18.376183453525414],[-66.19773924350739,18.37621908961873],[-66.19758903980255,18.376208907878535],[-66.19744956493378,18.376152908296717]],[[-66.19757831096649,18.375801637777784],[-66.19699358940125,18.375567457034407],[-66.19643568992615,18.375409639397574],[-66.1952930688858,18.37511945820461]],[[-66.19733691215515,18.3766110861593],[-66.19742274284363,18.376600904442242]],[[-66.19653224945068,18.37595436417827],[-66.19628548622131,18.375939091544296],[-66.19513750076294,18.37565400212877]],[[-66.19628548622131,18.375939091544296],[-66.19643568992615,18.375409639397574]],[[-66.19550228118896,18.37672817586224],[-66.1955988407135,18.376356543052566]],[[-66.19660198688507,18.37714053461795],[-66.1966073513031,18.377069262804724],[-66.19659125804901,18.377003081808937],[-66.1964464187622,18.376891083142795]],[[-66.1949872970581,18.376198726137744],[-66.1955988407135,18.376356543052566],[-66.19625329971313,18.376499087238614],[-66.19684338569641,18.37649399637685],[-66.19682729244232,18.376183453525414],[-66.19699358940125,18.375567457034407]],[[-66.19425237178802,18.375435093864894],[-66.19371592998505,18.375318003284107],[-66.1924660205841,18.37525182161633],[-66.19244456291199,18.375053276460633]],[[-66.19410216808319,18.375974727688117],[-66.19365692138672,18.37588309187487]],[[-66.19407534599304,18.376112181316685],[-66.19425237178802,18.375435093864894],[-66.19435966014862,18.375053276460633]],[[-66.19501411914825,18.382317843977034],[-66.194788813591,18.381213160728436],[-66.19596362113953,18.381019713164065],[-66.19726717472076,18.38077535803572],[-66.19793236255646,18.380663361819487]],[[-66.19409143924713,18.381253886503814],[-66.19410753250122,18.38132006586828]],[[-66.19596362113953,18.381019713164065],[-66.19617819786072,18.382093853475624]],[[-66.19537889957428,18.38112152769868],[-66.19559347629547,18.382200758069416]],[[-66.19656443595886,18.380907717106567],[-66.19678974151611,18.381981858115807]],[[-66.19686484336853,18.380851719050526],[-66.1966073513031,18.379589212596713]],[[-66.19717061519623,18.38079063024138],[-66.19738519191742,18.38185968127668]],[[-66.19756758213043,18.38071935993669],[-66.19726181030273,18.379263402979106],[-66.19724035263062,18.379202313607266],[-66.19719743728638,18.379146314997428],[-66.19680047035217,18.378922320376148],[-66.1962479352951,18.378621963495533],[-66.19614601135254,18.378601600298254],[-66.19605481624603,18.378642326690425],[-66.19543790817261,18.37905468086933]],[[-66.19778215885162,18.380688815511363],[-66.19800746440887,18.38176804859053]],[[-66.19763731956482,18.382872728283957],[-66.19761049747467,18.383050901765188],[-66.19761049747467,18.38321380307262],[-66.19756758213043,18.3833817948847],[-66.19751930236816,18.383488698679898],[-66.19740664958954,18.38354469587948],[-66.19553983211517,18.383610874364635]],[[-66.19750320911407,18.38546895223206],[-66.19758367538452,18.38536204966485],[-66.19759976863861,18.385326415461037],[-66.19774997234344,18.38529078124988],[-66.19804501533508,18.385056613393232],[-66.19805574417114,18.38501079790582],[-66.19807720184326,18.38456791423303],[-66.19803965091705,18.383885769338775]],[[-66.19704723358154,18.38576929718515],[-66.19672000408173,18.386736506189862],[-66.1966985464096,18.38691467567773],[-66.19682192802429,18.38791242140637],[-66.1969131231308,18.388340024950594],[-66.196950674057,18.388681088921757],[-66.19686484336853,18.38879817042789],[-66.19677364826202,18.388823622918693],[-66.19634985923767,18.38877271793332],[-66.19567394256592,18.388660726912576],[-66.19501411914825,18.388747265435],[-66.19482636451721,18.387215018111817],[-66.19488000869751,18.387164112651348],[-66.1966985464096,18.38691467567773]],[[-66.19412899017334,18.38545877103803],[-66.19412899017334,18.385346777864115]],[[-66.1936891078949,18.38419120768485],[-66.19418799877167,18.384170845145263]],[[-66.19369447231293,18.383218893736014],[-66.19369447231293,18.38329525366862],[-66.1936891078949,18.38419120768485],[-66.19366228580475,18.384761357816274],[-66.19366765022278,18.386451434626224],[-66.1936354637146,18.386548155388155],[-66.19088351726532,18.386548155388155]],[[-66.19366228580475,18.384761357816274],[-66.19426846504211,18.38476644843395],[-66.19426310062408,18.384873351370516]],[[-66.19366228580475,18.385341687263576],[-66.19419872760773,18.385346777864115]],[[-66.19067966938019,18.385438408648184],[-66.19054555892944,18.384710451631207],[-66.19044899940491,18.384557732985783],[-66.19029343128204,18.38454246111381],[-66.19014859199524,18.384593367348486],[-66.19000375270844,18.38485807952648]],[[-66.1884480714798,18.385489314618297],[-66.18911862373352,18.38549949581052],[-66.18913471698761,18.385524948788415],[-66.18912935256958,18.38596273942025]],[[-66.18714451789856,18.385494405214487],[-66.1865758895874,18.385489314618297],[-66.18595898151398,18.385575854732977],[-66.18590533733368,18.385636941846585],[-66.18589997291565,18.38571839129773],[-66.18589997291565,18.386497249730738]],[[-66.18713915348053,18.38469008915297],[-66.18667781352997,18.384684998533032],[-66.18633449077606,18.384710451631207],[-66.1860179901123,18.38476644843395],[-66.18595898151398,18.384746085962334],[-66.18591606616974,18.384705361011868],[-66.18592143058777,18.384211570222007]],[[-66.18834614753723,18.385076975828184],[-66.18835151195526,18.385132972511883],[-66.18839979171753,18.385178787966822],[-66.18843197822571,18.385188969177378],[-66.18846952915192,18.385188969177378],[-66.1885017156601,18.385178787966822],[-66.18852853775024,18.385153334937797],[-66.18854999542236,18.38509224765282],[-66.18852853775024,18.385031160346173],[-66.1885017156601,18.385005707295363],[-66.18846952915192,18.38499552607398],[-66.18843197822571,18.38499552607398],[-66.18839979171753,18.385005707295363],[-66.18837296962738,18.385026069736313],[-66.18834614753723,18.385076975828184]],[[-66.18845343589783,18.38499552607398],[-66.1884480714798,18.383071264437035]],[[-66.18845343589783,18.384735904725616],[-66.18912398815155,18.384735904725616],[-66.18913471698761,18.383509061300018]],[[-66.1898535490036,18.382760733430075],[-66.18988573551178,18.38267419190224],[-66.18992865085602,18.38244511117773],[-66.18991255760193,18.382358569491473],[-66.18986964225769,18.382282209143995],[-66.1892956495285,18.38196149531531]],[[-66.1902129650116,18.382979632394807],[-66.19016468524933,18.382964360383014],[-66.1898535490036,18.382760733430075],[-66.18961751461029,18.382653829183496],[-66.18914544582367,18.38249092734698],[-66.18902742862701,18.382475655291913]],[[-66.19154870510101,18.380541184046095],[-66.19154870510101,18.38014919643871],[-66.19159698486328,18.379904840076748],[-66.1917096376419,18.37975720794026],[-66.19195103645325,18.379589212596713]],[[-66.19032561779022,18.380429187677763],[-66.19022905826569,18.380688815511363],[-66.1899071931839,18.381111346247934],[-66.18992865085602,18.38120297928309],[-66.19003593921661,18.38124879578241]],[[-66.19011104106903,18.379105588724272],[-66.19029879570007,18.379258312198942],[-66.19039535522461,18.379385581657843],[-66.19052946567535,18.379818297115506],[-66.19050800800323,18.379955747680697],[-66.19056701660156,18.38000665526964],[-66.19056165218353,18.380077925868903],[-66.19018614292145,18.380286646740146],[-66.19012176990509,18.380373189466326]],[[-66.19149506092072,18.377792161258924],[-66.19142532348633,18.378301242859067],[-66.19141459465027,18.379548486428163],[-66.19129121303558,18.380531002561057]],[[-66.1907172203064,18.376152908296717],[-66.18898451328278,18.375053276460633]],[[-66.190465092659,18.376646722164267],[-66.1879974603653,18.375053276460633]],[[-66.19068503379822,18.376779084403964],[-66.19084060192108,18.376875810591784],[-66.19090497493744,18.37690635569247],[-66.19125366210938,18.37682490207864],[-66.19128584861755,18.376779084403964],[-66.19112491607666,18.376346361320486],[-66.19107663631439,18.376320906987658],[-66.19103372097015,18.376325997854522],[-66.19101226329803,18.376346361320486],[-66.19032025337219,18.377328895696834],[-66.19003593921661,18.377155807145513],[-66.18971943855286,18.377598709856855]],[[-66.19006276130676,18.377649618141604],[-66.19018077850342,18.378876503258695],[-66.19011104106903,18.379105588724272],[-66.18995010852814,18.379344855441218],[-66.18964970111847,18.380200103970523],[-66.18928492069244,18.38065318034168],[-66.18911862373352,18.38103498534808],[-66.18911862373352,18.381228432895327],[-66.1891508102417,18.381457515236377],[-66.18930637836456,18.38184440916571],[-66.1892956495285,18.38196149531531],[-66.18889331817627,18.38272509868858]],[[-66.1885553598404,18.376045999953632],[-66.18771314620972,18.377257623961455]],[[-66.18903279304504,18.376346361320486],[-66.18822813034058,18.377522347401566]],[[-66.1882495880127,18.37649399637685],[-66.18726253509521,18.375862728354207],[-66.18723034858704,18.375806728659967],[-66.18762731552124,18.375185639923174]],[[-66.18800282478333,18.375424912078415],[-66.18741810321808,18.375053276460633]],[[-66.18777215480804,18.376183453525414],[-66.18742346763611,18.376692539874114]],[[-66.18721961975098,18.37704889942411],[-66.18680119514465,18.377176170513522],[-66.18662416934967,18.376773993550458]],[[-66.18830859661102,18.37740016740277],[-66.18782579898834,18.37709471702712]],[[-66.18758976459503,18.37845396704607],[-66.18786334991455,18.37847942106407],[-66.18791162967682,18.378433603828924],[-66.1878901720047,18.37837251416316],[-66.18761658668518,18.378316515283842]],[[-66.18748784065247,18.378942683535556],[-66.18768632411957,18.378000884896736],[-66.1877828836441,18.377746343841196]],[[-66.18919909000397,18.378601600298254],[-66.18860363960266,18.378581237098572]],[[-66.18833541870117,18.37977757100107],[-66.18840515613556,18.380261192988883],[-66.18831396102905,18.380693906249306],[-66.18822276592255,18.380943352223667]],[[-66.18844270706177,18.379640120293857],[-66.18885576725006,18.37973175411085],[-66.18894159793854,18.379706300277675],[-66.18919909000397,18.378601600298254],[-66.18907570838928,18.377700526411303]],[[-66.18603944778442,18.379487397157334],[-66.18355572223663,18.377685253931972],[-66.18300318717957,18.377374713225464],[-66.18226826190948,18.377115080402334],[-66.18152260780334,18.377003081808937],[-66.1812973022461,18.377003081808937]],[[-66.18636667728424,18.380424096932018],[-66.18321776390076,18.37813324609715],[-66.18274569511414,18.377868523594742],[-66.18212342262268,18.37765470896923],[-66.18148505687714,18.37755289238774],[-66.1812973022461,18.37755289238774]],[[-66.18629693984985,18.37900377299937],[-66.18454813957214,18.37773107136593],[-66.18379175662994,18.37719144303793],[-66.18338942527771,18.376967445877597],[-66.18293881416321,18.376779084403964],[-66.18220925331116,18.376560177567995],[-66.18156015872955,18.37646854206581],[-66.1812973022461,18.37646854206581]],[[-66.18645787239075,18.378749233424074],[-66.18846952915192,18.379131042646122],[-66.18860363960266,18.378581237098572],[-66.18854999542236,18.37811797365613],[-66.18850708007812,18.37803652061453],[-66.18757903575897,18.37766489062409],[-66.18745565414429,18.377563074048595],[-66.18721961975098,18.37704889942411],[-66.18660807609558,18.375557275255744],[-66.18634521961212,18.37505836736493],[-66.18634521961212,18.375053276460633]],[[-66.18645250797272,18.378296152050495],[-66.18629693984985,18.378296152050495],[-66.1861789226532,18.378250334766662],[-66.18488609790802,18.377308532346873],[-66.18351817131042,18.37630054351868],[-66.18345379829407,18.376188544396342],[-66.18344306945801,18.375939091544296]],[[-66.18631839752197,18.377349259044394],[-66.18611454963684,18.37742053074193],[-66.18594288825989,18.37739507656761],[-66.18513822555542,18.376819811226483],[-66.18447840213776,18.376325997854522],[-66.18441939353943,18.376193635267114],[-66.18442475795746,18.375944182422444]],[[-66.18680655956268,18.376702721585758],[-66.18643641471863,18.376845265485684]],[[-66.18645787239075,18.376356543052566],[-66.18620574474335,18.37575072894758]],[[-66.18534743785858,18.376555086708052],[-66.18513822555542,18.376819811226483]],[[-66.18471443653107,18.37569472921699],[-66.18470907211304,18.375053276460633]],[[-66.18416726589203,18.375689638331494],[-66.18417263031006,18.375053276460633]],[[-66.18362545967102,18.375684547445843],[-66.18363082408905,18.375053276460633]],[[-66.18309438228607,18.375684547445843],[-66.18310511112213,18.375053276460633]],[[-66.18233263492584,18.375679456560036],[-66.18246674537659,18.375053276460633]],[[-66.18173718452454,18.375674365674087],[-66.18175327777863,18.375409639397574],[-66.18188202381134,18.375053276460633]],[[-66.18326604366302,18.38020519472289],[-66.18304073810577,18.380449550659236],[-66.18262767791748,18.38070408772471],[-66.18203222751617,18.38102989462024],[-66.1812973022461,18.381299702989608]],[[-66.18282616138458,18.37988447703094],[-66.18488609790802,18.377308532346873]],[[-66.18292808532715,18.3811775256671],[-66.1823058128357,18.38151860380924],[-66.1812973022461,18.381890225494573]],[[-66.18564248085022,18.38172223222918],[-66.1850094795227,18.381432061657947],[-66.18469297885895,18.38124879578241],[-66.18282616138458,18.37988447703094],[-66.1823058128357,18.379553577199758],[-66.18202686309814,18.379426307864847],[-66.18158161640167,18.379304129214972],[-66.1812973022461,18.379304129214972]],[[-66.1859267950058,18.381238614339168],[-66.18595898151398,18.381620418049266],[-66.18608772754669,18.38192076970708],[-66.18615210056305,18.38257237828448]],[[-66.18458032608032,18.382287299834886],[-66.18425846099854,18.38208876277905],[-66.18402779102325,18.381742595057943],[-66.18352890014648,18.380917898569336],[-66.18353962898254,18.380749904356605],[-66.18370592594147,18.38052591181834]],[[-66.18484318256378,18.382608013057535],[-66.18498802185059,18.38285236558866],[-66.18522942066193,18.383447973432396],[-66.18537425994873,18.383834862895156],[-66.18561029434204,18.38439483294823]],[[-66.18453741073608,18.384374470432718],[-66.18154406547546,18.384959891794423],[-66.18155479431152,18.385041341565454]],[[-66.1865222454071,18.384695179772734],[-66.18651688098907,18.384242114023237]],[[-66.18650615215302,18.38549949581052],[-66.18651151657104,18.386079822772885]],[[-66.1857658624649,18.385285690647677],[-66.18583023548126,18.385306053055572],[-66.18586778640747,18.385295871851923],[-66.18592143058777,18.38525514703133],[-66.18593215942383,18.385224603409597],[-66.18593215942383,18.385188969177378],[-66.18589997291565,18.38512788190502],[-66.18583559989929,18.38510242886848],[-66.18575513362885,18.385132972511883],[-66.18573367595673,18.385158425543906],[-66.18572294712067,18.385229694013603],[-66.18573904037476,18.38526023763444],[-66.1857658624649,18.385285690647677]],[[-66.18440330028534,18.38492934812035],[-66.18473052978516,18.386471796896387],[-66.18422627449036,18.386573608211222],[-66.18414580821991,18.38657869877538],[-66.1836040019989,18.384043579218485],[-66.18195712566376,18.384374470432718],[-66.18183374404907,18.38448137361236]],[[-66.18411362171173,18.383269800361518],[-66.18389904499054,18.38272509868858],[-66.18262767791748,18.38070408772471]],[[-66.18331968784332,18.38409957623783],[-66.18318557739258,18.383595602408775]],[[-66.18215560913086,18.383941766409393],[-66.1812973022461,18.38175277647143]],[[-66.1819839477539,18.38659397046696],[-66.18220388889313,18.386522702561322],[-66.18347525596619,18.386283445805432],[-66.18335723876953,18.38572348188714],[-66.1817479133606,18.386039098137516]],[[-66.18231117725372,18.387118297724072],[-66.18245601654053,18.387057211135428],[-66.1835503578186,18.386848498460893],[-66.18360936641693,18.386899404014557],[-66.18370056152344,18.38733719115561],[-66.18363618850708,18.387408458724494],[-66.18293881416321,18.387550993773857],[-66.18276715278625,18.387550993773857],[-66.1825579404831,18.38744918303634],[-66.18231117725372,18.387118297724072],[-66.1819839477539,18.38659397046696],[-66.1817479133606,18.386039098137516],[-66.18159770965576,18.38548422402195]],[[-66.1817854642868,18.389638100639885],[-66.1812973022461,18.390493298104445]],[[-66.18327677249908,18.389724638671538],[-66.18342161178589,18.389592286370245],[-66.18360936641693,18.389515929227088],[-66.18480563163757,18.389429391090616],[-66.18577659130096,18.389337762428184],[-66.18592143058777,18.38921559080248],[-66.18691384792328,18.387062301685305]],[[-66.1834591627121,18.389887533672095],[-66.18282616138458,18.389322490979694],[-66.18240237236023,18.38893052333904],[-66.18242383003235,18.388823622918693],[-66.18257403373718,18.388681088921757],[-66.18283689022064,18.388508011767016],[-66.18317484855652,18.388370568020306],[-66.18377566337585,18.38828402930875],[-66.18399560451508,18.388278938794954],[-66.18405997753143,18.38830948187548],[-66.18411362171173,18.38878798943051],[-66.18407607078552,18.3888541659027],[-66.18352890014648,18.388915251854485],[-66.18327140808105,18.388986518770864],[-66.18299782276154,18.38914432398083],[-66.18282616138458,18.389322490979694],[-66.18261694908142,18.3895006577944]],[[-66.18324995040894,18.390910714373334],[-66.18244528770447,18.39230548823062],[-66.18308365345001,18.39242765766579],[-66.18367373943329,18.39141466681413],[-66.1837112903595,18.391236501978227],[-66.18367910385132,18.39111433169856],[-66.18334114551544,18.390905623937115],[-66.18324995040894,18.390910714373334]],[[-66.18407070636749,18.389953709722093],[-66.1841082572937,18.390396579556423]],[[-66.18475198745728,18.388823622918693],[-66.185781955719,18.388747265435],[-66.18610918521881,18.388823622918693]],[[-66.18484318256378,18.38990280507049],[-66.1838561296463,18.38996898111462]],[[-66.18559956550598,18.388151675901128],[-66.18556201457977,18.387622261254336],[-66.18562638759613,18.387545903238404],[-66.18615210056305,18.387576446448847],[-66.18661344051361,18.38772407188962]],[[-66.1844676733017,18.38823821467915],[-66.18559956550598,18.388151675901128],[-66.185964345932,18.388151675901128],[-66.18635594844818,18.388273848281003],[-66.18690311908722,18.38850292125983]],[[-66.18470370769501,18.388217852617643],[-66.18484318256378,18.38990280507049],[-66.18496119976044,18.390997251765953],[-66.18511140346527,18.39288070189835],[-66.18514358997345,18.39293160567027],[-66.18570148944855,18.392906153786186],[-66.18574976921082,18.392834888490754],[-66.18559956550598,18.39101252306601],[-66.18551909923553,18.39096161872719],[-66.18496119976044,18.390997251765953],[-66.18440330028534,18.39103797522978],[-66.18433356285095,18.391093969976865],[-66.18441939353943,18.392315669020178],[-66.18445158004761,18.392570188564008],[-66.18508458137512,18.392534555850503]],[[-66.18713915348053,18.386354713810007],[-66.18713915348053,18.384038488579463],[-66.18717670440674,18.38377377514297],[-66.18717670440674,18.38295417904108]],[[-66.1884480714798,18.386476887463573],[-66.18845343589783,18.385188969177378]],[[-66.18776679039001,18.386512521429538],[-66.18775606155396,18.383061083101424]],[[-66.18964970111847,18.38833493443846],[-66.18964970111847,18.39011151404644],[-66.18964970111847,18.390401670007662]],[[-66.18963360786438,18.386242721218167],[-66.18979454040527,18.38586092774463],[-66.19000375270844,18.38485807952648],[-66.1899983882904,18.38448137361236],[-66.19019150733948,18.383880678695093],[-66.1903041601181,18.38346324540133],[-66.19058310985565,18.38335634159037],[-66.19094789028168,18.3831018084403],[-66.19107663631439,18.382969451053754],[-66.19120001792908,18.382750552076118],[-66.19124829769135,18.382496018031688],[-66.19122684001923,18.382205848762695],[-66.19147896766663,18.381910588303512],[-66.19151651859283,18.38053609330366]],[[-66.19088888168335,18.38663469497125],[-66.19088351726532,18.386431072353616]],[[-66.1917793750763,18.385942377089947],[-66.19177401065826,18.383493789335148],[-66.19217097759247,18.383478517368914],[-66.19321703910828,18.383315616311606],[-66.19369447231293,18.38329525366862]],[[-66.19239091873169,18.385942377089947],[-66.19239091873169,18.384114848149054],[-66.19244456291199,18.384053760496073],[-66.1929327249527,18.38397231025843],[-66.19299173355103,18.38399267282145],[-66.19302928447723,18.384074123049473],[-66.19302928447723,18.385942377089947]],[[-66.19233191013336,18.386548155388155],[-66.19233727455139,18.38715902210447]],[[-66.19144141674042,18.388329843926158],[-66.18964970111847,18.38833493443846],[-66.18894159793854,18.388299300849226],[-66.18823885917664,18.388024412913367],[-66.1881959438324,18.38793278350397],[-66.18841588497162,18.387474635726363]],[[-66.19092643260956,18.387759705597773],[-66.19092106819153,18.38715393155745]],[[-66.19144141674042,18.389536291135244],[-66.18912935256958,18.389541381611906],[-66.18866264820099,18.389475205403585],[-66.18831396102905,18.389373395802707],[-66.18765413761139,18.389098509579924]],[[-66.19144678115845,18.390116604506105],[-66.19144141674042,18.387759705597773]],[[-66.19188666343689,18.390116604506105],[-66.19189202785492,18.39004533805705]],[[-66.19244992733002,18.390279499136156],[-66.19288980960846,18.391053246526255],[-66.19255185127258,18.390997251765953],[-66.19235873222351,18.390946347422613],[-66.1918169260025,18.39076309166208]],[[-66.19204759597778,18.39012169496563],[-66.19188666343689,18.390116604506105],[-66.18964970111847,18.39011151404644],[-66.18905425071716,18.39010133312665],[-66.18858754634857,18.390040247595266],[-66.18814766407013,18.389918076467552],[-66.18751466274261,18.389663553006642],[-66.18747174739838,18.389541381611906],[-66.18765413761139,18.389098509579924],[-66.18787407875061,18.388625093390715],[-66.18794918060303,18.38857927885178],[-66.18872702121735,18.388869437392685],[-66.18908643722534,18.38893052333904],[-66.19065284729004,18.38893561383361],[-66.1908084154129,18.388971247291266]],[[-66.19016468524933,18.39096670916176],[-66.18964433670044,18.39096670916176],[-66.18881821632385,18.390941256987446],[-66.1881422996521,18.390813996059563],[-66.18764877319336,18.39068673503769]],[[-66.18742346763611,18.389790814784092],[-66.18734836578369,18.389846809936387],[-66.1868280172348,18.38996898111462],[-66.18674218654633,18.390050428518677],[-66.18666172027588,18.39022350412445],[-66.18675827980042,18.390233685037018],[-66.18681728839874,18.390310041862165],[-66.18702113628387,18.392463290401395],[-66.18712306022644,18.39348645580884],[-66.18708550930023,18.39419401440273],[-66.187042593956,18.394458711834886],[-66.1869353055954,18.394911750727076],[-66.18670463562012,18.395481865392952],[-66.1864686012268,18.3959196307309],[-66.18625402450562,18.39621995747055],[-66.18610382080078,18.396326853302398],[-66.1859267950058,18.39635739495644],[-66.18581414222717,18.396347214405708],[-66.18535816669464,18.39617414495089],[-66.18526697158813,18.39610797128985],[-66.18513822555542,18.39598580446426],[-66.18506848812103,18.395955262744323],[-66.18496119976044,18.3959298113069],[-66.18487000465393,18.39592472101897]],[[-66.18734836578369,18.389846809936387],[-66.18743419647217,18.390335494129687],[-66.18744492530823,18.390773272542773]],[[-66.18734836578369,18.390773272542773],[-66.18754148483276,18.390773272542773]],[[-66.18748247623444,18.39135358174829],[-66.1875307559967,18.391882984932934]],[[-66.18797063827515,18.391404485971336],[-66.1882334947586,18.390493298104445]],[[-66.18767559528351,18.393593353336712],[-66.1882871389389,18.393603534050172],[-66.1887913942337,18.39359844369352],[-66.18888258934021,18.39365952796355],[-66.18887722492218,18.394148201344336],[-66.18878602981567,18.394759041121247],[-66.18860900402069,18.39544114297938]],[[-66.1882871389389,18.393603534050172],[-66.18827104568481,18.394102388273765],[-66.18819057941437,18.39465214431661],[-66.18806183338165,18.395191717986236],[-66.18790090084076,18.395588761682774],[-66.18776679039001,18.395624393764635],[-66.18731617927551,18.395461504187367]],[[-66.18947803974152,18.393308293115055],[-66.18947803974152,18.39401585244056],[-66.18946194648743,18.394178743384614],[-66.18936538696289,18.39486593785955],[-66.18926882743835,18.395288433842765]],[[-66.18963360786438,18.39271780972716],[-66.18959069252014,18.392478561571536],[-66.18960678577423,18.392381844137745],[-66.18963360786438,18.392300397835612],[-66.1897087097168,18.39220368030182],[-66.18978917598724,18.392127324315723],[-66.18984282016754,18.392035697087792],[-66.18991792201996,18.391938979405424],[-66.19001984596252,18.39186771371],[-66.19012176990509,18.39183717126008],[-66.19038999080658,18.39182190003308],[-66.1905026435852,18.391786267164846],[-66.19092643260956,18.391394305127932]],[[-66.19261085987091,18.3915775602172],[-66.19304537773132,18.39168445892929],[-66.19309365749359,18.391760815111596],[-66.19311511516571,18.391918617781172]],[[-66.19255721569061,18.39169973016847],[-66.19128048419952,18.391277225385522]],[[-66.19255721569061,18.392936696046633],[-66.19521260261536,18.392743261639055]],[[-66.19057774543762,18.394697957241007],[-66.19062602519989,18.39420928541948],[-66.19064748287201,18.393440642562325],[-66.19063675403595,18.393145401348093]],[[-66.19213342666626,18.396555915575846],[-66.19222462177277,18.396545735036824],[-66.19224071502686,18.396291221365814],[-66.19228899478912,18.396250499143562],[-66.19341015815735,18.39619450607225]],[[-66.19086742401123,18.396555915575846],[-66.19088888168335,18.396189415792122],[-66.19093179702759,18.396138512982716],[-66.19105517864227,18.39613342270094],[-66.1914736032486,18.396189415792122]],[[-66.18993937969208,18.39495247326579],[-66.19003593921661,18.394183833724128],[-66.19005739688873,18.393878413086725],[-66.19004666805267,18.393170853196835]],[[-66.19040608406067,18.396545735036824],[-66.19044899940491,18.39639811715344]],[[-66.19042754173279,18.396464290703022],[-66.19070649147034,18.396555915575846]],[[-66.19004130363464,18.396555915575846],[-66.19008421897888,18.396520283686655],[-66.19029343128204,18.395833095810445]],[[-66.18882358074188,18.396555915575846],[-66.18892014026642,18.396062158740406]],[[-66.18947803974152,18.393858051691666],[-66.1909693479538,18.393908955174837],[-66.19103372097015,18.393924226216853],[-66.19107663631439,18.393903864827195],[-66.19112491607666,18.393919135869666],[-66.19114100933075,18.393964948988952],[-66.19112491607666,18.394005671751444],[-66.19108200073242,18.39402603312908],[-66.19103372097015,18.394010762096087],[-66.19101762771606,18.393964948988952],[-66.19103372097015,18.393924226216853]],[[-66.18724644184113,18.396555915575846],[-66.18728399276733,18.396515193416164],[-66.18809938430786,18.396489742061476],[-66.18854999542236,18.396555915575846]],[[-66.18666708469391,18.396555915575846],[-66.18712306022644,18.39586363755204],[-66.18731617927551,18.395461504187367],[-66.18758976459503,18.394555428102905],[-66.18765950202942,18.39403621381699],[-66.18767559528351,18.393593353336712],[-66.18753612041473,18.39240220570727]],[[-66.18476808071136,18.396555915575846],[-66.18477880954742,18.396540644767086],[-66.18484318256378,18.396515193416164],[-66.18489682674408,18.396555915575846]],[[-66.18443548679352,18.395873818131363],[-66.18453204631805,18.39504918925661],[-66.18461787700653,18.394346724509376],[-66.18460714817047,18.39420928541948],[-66.18453741073608,18.394153291684745],[-66.18347525596619,18.394041304160723],[-66.18336260318756,18.394000581406658],[-66.18308365345001,18.393934406910788]],[[-66.18453204631805,18.39504918925661],[-66.18344843387604,18.39494229263201],[-66.18301391601562,18.394871028178756],[-66.18297636508942,18.39481503465909],[-66.1830461025238,18.3944332601764],[-66.18307292461395,18.394392537514975],[-66.18312656879425,18.394372176180653],[-66.18443012237549,18.394509615140606]],[[-66.18493437767029,18.394031123473113],[-66.18489682674408,18.39434163417465],[-66.18489682674408,18.39440271818124],[-66.18461787700653,18.394346724509376]],[[-66.18548154830933,18.394117659298644],[-66.18558883666992,18.39417365304493],[-66.18568539619446,18.39420928541948],[-66.18695676326752,18.3944332601764],[-66.187042593956,18.394458711834886],[-66.18819057941437,18.39465214431661],[-66.18936538696289,18.39486593785955]],[[-66.18609845638275,18.394280550146433],[-66.18614137172699,18.393964948988952],[-66.18615746498108,18.39354754011859],[-66.18613064289093,18.39348645580884]],[[-66.18653297424316,18.394927021680232],[-66.18533134460449,18.394713228213092]],[[-66.18676364421844,18.39366970867313],[-66.1867368221283,18.394000581406658],[-66.18669390678406,18.39432636316964],[-66.18661880493164,18.394682686267558],[-66.18645787239075,18.395145905193147],[-66.18622183799744,18.395619303467683],[-66.1860716342926,18.395838186101074],[-66.18599116802216,18.395889088999212],[-66.18589997291565,18.395904359865725],[-66.18580877780914,18.395904359865725],[-66.18547081947327,18.39584327639156],[-66.18539571762085,18.395802554063437],[-66.18533134460449,18.395741470553176],[-66.18528842926025,18.395670206430495],[-66.18527233600616,18.395583671384756],[-66.18535280227661,18.394428169844247],[-66.18537962436676,18.394311092163264],[-66.18554055690765,18.394000581406658],[-66.18556201457977,18.393919135869666],[-66.1855673789978,18.393700250798233]],[[-66.18660807609558,18.39179135757506],[-66.18629693984985,18.39181680962379],[-66.1862325668335,18.39096670916176],[-66.18611454963684,18.390910714373334],[-66.18591606616974,18.390925985681065],[-66.1860716342926,18.392758532784384],[-66.18634521961212,18.392544736626533],[-66.18633985519409,18.39232075941476],[-66.18629693984985,18.39181680962379]],[[-66.18658661842346,18.39157246980068],[-66.18660807609558,18.39179135757506],[-66.1866295337677,18.392081510707854]],[[-66.1862701177597,18.391450299759228],[-66.18748247623444,18.39135358174829],[-66.18773460388184,18.39135358174829],[-66.18863582611084,18.391536836880874],[-66.18957996368408,18.39156737938403],[-66.18964970111847,18.391491023116004],[-66.18964433670044,18.39096670916176]],[[-66.18441939353943,18.392315669020178],[-66.18392050266266,18.392346211385288]],[[-66.18283152580261,18.39163355478894],[-66.1812973022461,18.39083944825265]],[[-66.18176400661469,18.3922596746701],[-66.18262231349945,18.39073763945771]],[[-66.18196249008179,18.39366461831841],[-66.1812973022461,18.393654437608546]],[[-66.18299782276154,18.394692866916685],[-66.18197858333588,18.394168562705133],[-66.18196249008179,18.393639166542627],[-66.18196785449982,18.393226847250816],[-66.18199467658997,18.39318612430428],[-66.18205904960632,18.393160672457782],[-66.18271887302399,18.393272660554203],[-66.18277788162231,18.393308293115055],[-66.18278861045837,18.393384648577822],[-66.18255257606506,18.394468892497244]],[[-66.18336260318756,18.394000581406658],[-66.18341624736786,18.393786786789946],[-66.18339478969574,18.39357299190793],[-66.18342161178589,18.39333374493974]],[[-66.18344843387604,18.39494229263201],[-66.18340015411377,18.39535460781859],[-66.1834055185318,18.39542587207181],[-66.18346452713013,18.395466594488994],[-66.1843067407608,18.395548039294454]],[[-66.18420481681824,18.396555915575846],[-66.18416726589203,18.396515193416164],[-66.18417799472809,18.396454110158572],[-66.1843603849411,18.396250499143562]],[[-66.18277251720428,18.396555915575846],[-66.18273496627808,18.39636248523159]],[[-66.1812973022461,18.393878413086725],[-66.18132948875427,18.393878413086725]],[[-66.1812973022461,18.39183717126008],[-66.1820375919342,18.390534021687387]],[[-66.1812973022461,18.389246133717023],[-66.18135631084442,18.38914432398083]],[[-66.1812973022461,18.38870654142987],[-66.18147432804108,18.388553826324895],[-66.18150651454926,18.38846728770534],[-66.1812973022461,18.388080408639553]],[[-66.1812973022461,18.38369232477305],[-66.18195176124573,18.383417429490464],[-66.18389904499054,18.38272509868858],[-66.18434429168701,18.382567287602015],[-66.18445158004761,18.382485836662113],[-66.18458032608032,18.382287299834886],[-66.18549227714539,18.380480095126927],[-66.18577122688293,18.379991382994547],[-66.18629693984985,18.37900377299937],[-66.18645787239075,18.378749233424074],[-66.18645250797272,18.378296152050495],[-66.1864310503006,18.377675072278322],[-66.18631839752197,18.377349259044394],[-66.18581414222717,18.37610709044351],[-66.18577659130096,18.375923818908987]],[[-66.1812973022461,18.38309162710648],[-66.18174254894257,18.38289818164968],[-66.18286907672882,18.382485836662113],[-66.18352353572845,18.382119306956355]],[[-66.1812973022461,18.382480745977077],[-66.18246674537659,18.382053127898672],[-66.18322312831879,18.381645871599886]],[[-66.1812973022461,18.378642326690425],[-66.18142068386078,18.378642326690425],[-66.18179619312286,18.37869832546393],[-66.1821448802948,18.378810322956397],[-66.1824506521225,18.37895795590353],[-66.18316411972046,18.379461943288106],[-66.18503093719482,18.38082626538268],[-66.18525087833405,18.380953533684334]],[[-66.1812973022461,18.378112882842146],[-66.18191957473755,18.378179063412077],[-66.18260622024536,18.378428513024275],[-66.18293344974518,18.378627054294483],[-66.18549227714539,18.380480095126927]],[[-66.18148505687714,18.37755289238774],[-66.18159770965576,18.375928909787575]],[[-66.1812973022461,18.375674365674087],[-66.18487000465393,18.37569472921699]],[[-66.18551909923553,18.375053276460633],[-66.1855298280716,18.37539436671537],[-66.18560492992401,18.375414730291325],[-66.18634521961212,18.37505836736493],[-66.18635058403015,18.375053276460633]],[[-66.18706405162811,18.375053276460633],[-66.1867904663086,18.375440184757892],[-66.18660807609558,18.375557275255744],[-66.18620574474335,18.37575072894758],[-66.18577659130096,18.375923818908987],[-66.18551909923553,18.37595436417827],[-66.18159770965576,18.375928909787575],[-66.1812973022461,18.375934000666007]],[[-66.19017004966736,18.375053276460633],[-66.19000375270844,18.375292548799507]],[[-66.19168281555176,18.375241639819038],[-66.19143605232239,18.375246730717762],[-66.19128048419952,18.375292548799507],[-66.19108736515045,18.375531820806444],[-66.19092643260956,18.37583727395001],[-66.19017004966736,18.37695726418157],[-66.19006812572479,18.376992900115013],[-66.18792772293091,18.375643820355208],[-66.18791162967682,18.375567457034407],[-66.18826031684875,18.375053276460633]],[[-66.19530916213989,18.375053276460633],[-66.19513750076294,18.37565400212877],[-66.1949872970581,18.376198726137744],[-66.19494438171387,18.376331088721244]],[[-66.1986243724823,18.375323094180573],[-66.1986780166626,18.375200912623853],[-66.19874238967896,18.375053276460633]],[[-66.1986780166626,18.375200912623853],[-66.1983186006546,18.375053276460633]],[[-66.19951486587524,18.375053276460633],[-66.19947731494904,18.37536891224204],[-66.19943976402283,18.37559291147842],[-66.19943976402283,18.375628547693765],[-66.19945585727692,18.375664183901733],[-66.19948267936707,18.37569472921699],[-66.1995255947113,18.37571509275749],[-66.19955778121948,18.37572018364223],[-66.20039999485016,18.37559291147842],[-66.20101153850555,18.375475821004784],[-66.20173573493958,18.37536891224204]],[[-66.20009422302246,18.375053276460633],[-66.19984209537506,18.375088912787476]],[[-66.20182693004608,18.37535873045165],[-66.20214879512787,18.375297639696726],[-66.20234727859497,18.375282367004615]],[[-66.20210587978363,18.375053276460633],[-66.20214879512787,18.375297639696726]],[[-66.20272815227509,18.375206003523758],[-66.20293200016022,18.375190730823547],[-66.20373129844666,18.375053276460633]],[[-66.20293200016022,18.375190730823547],[-66.20290517807007,18.375053276460633]],[[-66.20349526405334,18.375053276460633],[-66.20350062847137,18.37509909459378]]]},"properties":{"class":"minor","id":"14/5179/7340/13","source":"OpenFreeMap / OpenStreetMap","exposureHigh":false,"exposureModerate":false,"zoneLabels":"X"},"id":216557490},{"type":"Feature","geometry":{"type":"MultiLineString","coordinates":[[[-66.20385468006134,18.394626692686685],[-66.20299100875854,18.394448531171946]],[[-66.20357036590576,18.394041304160723],[-66.2034523487091,18.394005671751444],[-66.2031090259552,18.393934406910788],[-66.20300710201263,18.393924226216853]],[[-66.2034523487091,18.394005671751444],[-66.20380103588104,18.392575278951043]],[[-66.2039566040039,18.391659006861005],[-66.20351672172546,18.391608102713136],[-66.20369911193848,18.39114487427659],[-66.20374739170074,18.391093969976865],[-66.2039566040039,18.391109241268367]],[[-66.19453132152557,18.388803260926352],[-66.19501411914825,18.388747265435]],[[-66.19305610656738,18.387148841010273],[-66.19342625141144,18.38714375046294]],[[-66.20126903057098,18.389994433432534],[-66.20075941085815,18.39047293630938],[-66.20052337646484,18.390707096807503],[-66.20046436786652,18.390824176937244]],[[-66.200732588768,18.385244965824683],[-66.20046436786652,18.38465954543109],[-66.20037317276001,18.384379561061834],[-66.20036244392395,18.384130120058927],[-66.20037317276001,18.38358033045158]],[[-66.20197713375092,18.38071935993669],[-66.20200395584106,18.38063790812383],[-66.20200395584106,18.380581909980165],[-66.20178401470184,18.379395763210496]],[[-66.20329678058624,18.379299038436017],[-66.20256185531616,18.38109607407067],[-66.20206296443939,18.38192586040863],[-66.20178401470184,18.382256755687308]],[[-66.20309829711914,18.376519450684142],[-66.20261549949646,18.376595813583478]],[[-66.19891941547394,18.379405944762553],[-66.19834542274475,18.380133924176235]],[[-66.19811475276947,18.377700526411303],[-66.19876384735107,18.37759361902755],[-66.19884431362152,18.377588528198103],[-66.19892477989197,18.377598709856855],[-66.19920372962952,18.377603800686003]],[[-66.19686484336853,18.37663654044931],[-66.19684338569641,18.37649399637685]],[[-66.19453132152557,18.377924522619523],[-66.19501948356628,18.37760889151501]],[[-66.19493901729584,18.378601600298254],[-66.19483172893524,18.37837251416316],[-66.19453132152557,18.377924522619523],[-66.19441866874695,18.37777179796366],[-66.19435966014862,18.377746343841196],[-66.1942845582962,18.377756525490625],[-66.19365692138672,18.378275788814747]],[[-66.19483172893524,18.37837251416316],[-66.19533061981201,18.37806706550964]],[[-66.19426846504211,18.38476644843395],[-66.19440793991089,18.38477153905147],[-66.19482636451721,18.38484280768111],[-66.19499802589417,18.384863170141315],[-66.19503557682037,18.38487844198488],[-66.1950409412384,18.384919166894463]],[[-66.19094789028168,18.3831018084403],[-66.19133949279785,18.383447973432396],[-66.19142532348633,18.383473426713195],[-66.19177401065826,18.383493789335148],[-66.19176864624023,18.383183259089208]],[[-66.18627548217773,18.37641763343244],[-66.18659734725952,18.37631072525346]],[[-66.18293881416321,18.376779084403964],[-66.1829924583435,18.37663654044931]],[[-66.18402779102325,18.381742595057943],[-66.18415653705597,18.38166623443766]],[[-66.18466079235077,18.384883532599105],[-66.18159770965576,18.38548422402195],[-66.18137240409851,18.385514767597712],[-66.1812973022461,18.385514767597712]],[[-66.18333041667938,18.385616579477784],[-66.18335723876953,18.38572348188714]],[[-66.18412435054779,18.38393667576736],[-66.18409752845764,18.38381959095915],[-66.18407070636749,18.38378395643649],[-66.1840009689331,18.38377377514297],[-66.18397414684296,18.383799228375665],[-66.18400633335114,18.383962128976023]],[[-66.18437111377716,18.383885769338775],[-66.1836040019989,18.384043579218485]],[[-66.18347525596619,18.386283445805432],[-66.18350207805634,18.386400528940243]],[[-66.18368446826935,18.390330403676487],[-66.18365228176117,18.390065699902635],[-66.1834591627121,18.389887533672095]],[[-66.18630766868591,18.39544114297938],[-66.18529379367828,18.395257891999208]],[[-66.18443548679352,18.395873818131363],[-66.18487000465393,18.39592472101897]],[[-66.18445158004761,18.392570188564008],[-66.18445158004761,18.392631273198575]],[[-66.1812973022461,18.38766807604766],[-66.1818015575409,18.38763753285346],[-66.18184447288513,18.387693528705356],[-66.18193030357361,18.388146585383424]],[[-66.19225144386292,18.375241639819038],[-66.1924660205841,18.37525182161633]]]},"properties":{"surface":"paved","class":"minor","id":"14/5179/7340/14","source":"OpenFreeMap / OpenStreetMap","exposureHigh":false,"exposureModerate":false,"zoneLabels":"X"},"id":221128730},{"type":"Feature","geometry":{"type":"MultiLineString","coordinates":[[[-66.20376884937286,18.396555915575846],[-66.20377957820892,18.396270860255882],[-66.20379567146301,18.39615887410828],[-66.2039566040039,18.395802554063437]],[[-66.1934369802475,18.396555915575846],[-66.19341015815735,18.39619450607225],[-66.19334042072296,18.395751651139705],[-66.19300246238708,18.394896479772598],[-66.19287371635437,18.394529976458685],[-66.1927342414856,18.393858051691666],[-66.19255721569061,18.392936696046633],[-66.19240701198578,18.392086601109327],[-66.19261085987091,18.3915775602172],[-66.19288980960846,18.391053246526255],[-66.19382858276367,18.390523840792554],[-66.1945366859436,18.3902998609541],[-66.1949497461319,18.390126785424997],[-66.19508922100067,18.390024976209048],[-66.1957061290741,18.38930721952987],[-66.19586706161499,18.389200319343175],[-66.1960119009018,18.389179957395342],[-66.1970579624176,18.389312310013295],[-66.19710087776184,18.389312310013295],[-66.19717061519623,18.38929703856256],[-66.19733154773712,18.389062876148557],[-66.19780361652374,18.38847746872166],[-66.19788944721222,18.38833493443846],[-66.19795382022858,18.388161856936094],[-66.19800209999084,18.387963326645846],[-66.19803965091705,18.387673166579503],[-66.19784653186798,18.387062301685305],[-66.19785189628601,18.386929947339553],[-66.19807720184326,18.386476887463573],[-66.19812548160553,18.38623763064409],[-66.1981201171875,18.385993282911215],[-66.19803965091705,18.385830384230218],[-66.19791090488434,18.38570311952857],[-66.19750320911407,18.38546895223206],[-66.19734227657318,18.38536204966485],[-66.19722962379456,18.38526532823738],[-66.19693458080292,18.385076975828184],[-66.19668781757355,18.385031160346173],[-66.19628548622131,18.384898804440866],[-66.19608163833618,18.384720632869417],[-66.19553983211517,18.38408430432527],[-66.19548082351685,18.383880678695093],[-66.19558811187744,18.383391976201395],[-66.19555592536926,18.383218893736014],[-66.19476735591888,18.38250110871627],[-66.19426846504211,18.381956404614797],[-66.19363009929657,18.381426970941817],[-66.19320094585419,18.38098916879197],[-66.19311511516571,18.38086699124942],[-66.19297564029694,18.380576819238925],[-66.19292736053467,18.38043427842335]],[[-66.19717061519623,18.38929703856256],[-66.19724571704865,18.389393757727674],[-66.19743347167969,18.389546472088398],[-66.19779825210571,18.389816267128296],[-66.19851171970367,18.39020823275446],[-66.19885504245758,18.390849629128837],[-66.19965970516205,18.392035697087792],[-66.19996547698975,18.392753442402764],[-66.20031416416168,18.393364287124385],[-66.20081305503845,18.394143111003757],[-66.20101690292358,18.394361995512597],[-66.20168745517731,18.39470813788921],[-66.20223462581635,18.39503391831431],[-66.20261013507843,18.39520698891458],[-66.20295882225037,18.39535460781859],[-66.20308756828308,18.395436052677],[-66.20316803455353,18.39549713629556],[-66.20366156101227,18.39602143646401],[-66.20370984077454,18.396143603264335],[-66.20388150215149,18.39644901988615],[-66.2039566040039,18.396489742061476]],[[-66.2039566040039,18.39011151404644],[-66.20342552661896,18.390055518980148],[-66.2030553817749,18.389974071578507],[-66.2026047706604,18.389831538533016],[-66.20153188705444,18.389373395802707],[-66.20047509670258,18.389052695166825],[-66.19973480701447,18.3887319939342],[-66.199471950531,18.38842656363404],[-66.19922518730164,18.385942377089947]],[[-66.20376884937286,18.38500061668475],[-66.2039566040039,18.38526023763444]],[[-66.2039566040039,18.375424912078415],[-66.20168209075928,18.375796546895444],[-66.20160162448883,18.375822001305664],[-66.20146214962006,18.375898364513787],[-66.20107054710388,18.37626490744219],[-66.2009471654892,18.376331088721244],[-66.20081305503845,18.376371815649563],[-66.19989573955536,18.376509268961684],[-66.19923055171967,18.376595813583478],[-66.19891405105591,18.376631449591613],[-66.19807720184326,18.376697630730007],[-66.19756758213043,18.376758720989073],[-66.19705259799957,18.376860538039423],[-66.19660198688507,18.37714053461795],[-66.19606554508209,18.377955067534472],[-66.19582414627075,18.378143427723742],[-66.19556128978729,18.378321606091802],[-66.19533598423004,18.378459057849952],[-66.1950409412384,18.37857105549783],[-66.19474053382874,18.37867287147823]],[[-66.20261549949646,18.375648911242067],[-66.20250821113586,18.375053276460633]],[[-66.1812973022461,18.384639182946856],[-66.18150115013123,18.384496645489747],[-66.18188738822937,18.38408430432527],[-66.18215560913086,18.383941766409393],[-66.18424773216248,18.383229075062303],[-66.18439257144928,18.38315271510038],[-66.18448376655579,18.383066173769294],[-66.18476808071136,18.38267928258155],[-66.18484854698181,18.382602922376122],[-66.18499338626862,18.382485836662113],[-66.18514895439148,18.382389113621002],[-66.18526697158813,18.38227711845296],[-66.18564248085022,18.38172223222918],[-66.1859267950058,18.381238614339168],[-66.18636667728424,18.380424096932018],[-66.18670463562012,18.380113561157486],[-66.18725717067719,18.379894658554136],[-66.18788480758667,18.379752117174675],[-66.18833541870117,18.37977757100107],[-66.18865728378296,18.379828478642622],[-66.19012176990509,18.380373189466326],[-66.19032561779022,18.380429187677763],[-66.19107663631439,18.380515730332405],[-66.19154870510101,18.380541184046095],[-66.19229972362518,18.380632817384253]]]},"properties":{"class":"tertiary","id":"14/5179/7340/35","source":"OpenFreeMap / OpenStreetMap","exposureHigh":false,"exposureModerate":false,"zoneLabels":"X"},"id":221234140},{"type":"Feature","geometry":{"type":"MultiLineString","coordinates":[[[-66.18011713027954,18.474643281392304],[-66.1792802810669,18.474434675015374]],[[-66.1819839477539,18.47360024697015],[-66.18034243583679,18.47354936707997],[-66.18017077445984,18.47365112684524],[-66.18009030818939,18.473936053866765],[-66.17962896823883,18.473930965888385],[-66.17958605289459,18.474114133014837],[-66.17940366268158,18.4740988690951],[-66.1793178319931,18.474109045041757],[-66.17926955223083,18.474526258334066],[-66.17915153503418,18.47478065618489],[-66.17927491664886,18.475050317494734],[-66.17937684059143,18.47507575721906],[-66.179478764534,18.47508593310772],[-66.17979526519775,18.475060493384916],[-66.17988646030426,18.475014701874343],[-66.17997765541077,18.474918030867414],[-66.18014395236969,18.474597489770332],[-66.18019223213196,18.474475378718594],[-66.18020296096802,18.47434817961394],[-66.18016541004181,18.474170100708903],[-66.18009030818939,18.473936053866765]]]},"properties":{"class":"service","id":"14/5180/7336/0","source":"OpenFreeMap / OpenStreetMap","exposureHigh":true,"exposureModerate":false,"zoneLabels":"VE, X"},"id":222340180},{"type":"Feature","geometry":{"type":"MultiLineString","coordinates":[[[-66.1819839477539,18.4560610549091],[-66.18182301521301,18.455944019176812]],[[-66.1793714761734,18.453684705056617],[-66.17896914482117,18.453384478645162]],[[-66.17114782333374,18.449567995463426],[-66.17107272148132,18.449476398824828],[-66.1710673570633,18.449384802137374],[-66.17112636566162,18.449328826359874],[-66.17120683193207,18.44933900377532]],[[-66.18029952049255,18.43860658424191],[-66.17995083332062,18.43861676229257],[-66.17862582206726,18.438586228138774]],[[-66.18010640144348,18.438611673267303],[-66.18006885051727,18.438372488910304],[-66.17998838424683,18.438275797267252],[-66.18000447750092,18.4379093863367],[-66.17894232273102,18.43788394110419],[-66.17892622947693,18.438260530160747]],[[-66.17914080619812,18.439247800256297],[-66.17891550064087,18.439848301973228]],[[-66.18024051189423,18.440173996941965],[-66.18013322353363,18.440173996941965]],[[-66.17877066135406,18.43859131716478],[-66.17879211902618,18.4383114205105],[-66.17880821228027,18.43828088630245],[-66.17885649204254,18.4382656191964],[-66.17892622947693,18.438260530160747],[-66.17929637432098,18.4382656191964],[-66.1793714761734,18.438321598578653],[-66.1800366640091,18.438341954713138]],[[-66.17808938026428,18.438693097653314],[-66.1782556772232,18.438647296440948],[-66.17829322814941,18.43861676229257],[-66.17832005023956,18.43856078300648],[-66.17837369441986,18.438250352088986],[-66.17838978767395,18.437970454879377],[-66.1776065826416,18.437929742519998],[-66.17759048938751,18.438199461721155],[-66.17763876914978,18.438331776646194],[-66.17767632007599,18.43836231084518],[-66.17783188819885,18.438413201164806],[-66.17798209190369,18.438448824379563],[-66.17802500724792,18.438484447586944],[-66.17804646492004,18.438525159814915],[-66.1781108379364,18.43877452200074],[-66.17814302444458,18.438855946309587],[-66.17816984653473,18.438886480415448],[-66.17820203304291,18.438906836483028],[-66.17849171161652,18.43900352777102]],[[-66.17648005485535,18.43818928364577],[-66.17612063884735,18.438174016531576]],[[-66.17648541927338,18.43803152340034],[-66.17648005485535,18.438275797267252]],[[-66.17652833461761,18.43937502537152],[-66.17638885974884,18.43963965330947]],[[-66.17721498012543,18.439914458813718],[-66.17696285247803,18.44025033161097],[-66.17695748806,18.44027577649311],[-66.17684483528137,18.440428445706758]],[[-66.17695748806,18.44027577649311],[-66.17709696292877,18.44037246701083],[-66.1774080991745,18.440586203751707]],[[-66.17477416992188,18.440698160986074],[-66.1742752790451,18.440586203751707],[-66.17430746555328,18.440031505469094],[-66.17431819438934,18.439863568938662],[-66.17441475391388,18.439344491352472]],[[-66.1752998828888,18.441227412379163],[-66.17551982402802,18.441247768169433],[-66.1757344007492,18.441395347576673],[-66.17580950260162,18.441593816234814]],[[-66.17582023143768,18.439237622243013],[-66.17570221424103,18.439685454257372]],[[-66.17430210113525,18.43919182117577],[-66.1743289232254,18.439166376133116],[-66.17439329624176,18.439151109105737],[-66.17443084716797,18.439161287124136],[-66.17445766925812,18.43918164315916],[-66.17448449134827,18.439237622243013],[-66.17448449134827,18.43926815628106],[-66.1744737625122,18.43929869031369],[-66.17441475391388,18.439344491352472],[-66.17437720298767,18.43934958035601],[-66.17431282997131,18.43931904633243],[-66.17428064346313,18.439257978268984],[-66.17428600788116,18.439222355221958],[-66.17430210113525,18.43919182117577],[-66.17426991462708,18.439095129993703],[-66.1742752790451,18.438285975337507],[-66.17445230484009,18.43828088630245],[-66.174436211586,18.43861676229257],[-66.1742752790451,18.43861676229257]],[[-66.174436211586,18.438545515925284],[-66.17452204227448,18.438545515925284],[-66.17461860179901,18.43862694034263]],[[-66.17431282997131,18.43931904633243],[-66.1742377281189,18.439405559385165],[-66.17423236370087,18.439771967125637],[-66.17431819438934,18.439863568938662]],[[-66.17448449134827,18.439257978268984],[-66.17458641529083,18.439263067275107],[-66.17502093315125,18.43942591539124],[-66.17527842521667,18.43950733939144],[-66.17538034915924,18.4394717163961],[-66.17582023143768,18.439237622243013],[-66.17607235908508,18.43925288926272],[-66.17638349533081,18.43930886832335],[-66.17652833461761,18.43937502537152],[-66.17683947086334,18.439604030341556],[-66.17721498012543,18.439914458813718],[-66.17736518383026,18.440021327502222],[-66.17709696292877,18.44037246701083],[-66.17697358131409,18.440520047169855]],[[-66.17411971092224,18.439848301973228],[-66.17383003234863,18.439858479950345],[-66.17380857467651,18.44037246701083]],[[-66.17430746555328,18.440031505469094],[-66.17497265338898,18.440199441835404],[-66.17470443248749,18.44088645253389],[-66.17440938949585,18.44141061440466]],[[-66.17355108261108,18.44026050956427],[-66.17355644702911,18.43952769538545],[-66.17282152175903,18.43951751738875]],[[-66.17295026779175,18.43951751738875],[-66.17294490337372,18.439700721237287],[-66.17298781871796,18.439797412078605],[-66.17298245429993,18.44021979774743]],[[-66.17311656475067,18.44296782373452],[-66.17270886898041,18.44285077907935],[-66.17263376712799,18.442840601279485],[-66.17257475852966,18.44286095687862],[-66.17240309715271,18.44298817931859]],[[-66.17312729358673,18.442922023661552],[-66.17304682731628,18.44324262391588],[-66.17296636104584,18.44355304581427]],[[-66.17308974266052,18.44308995720273],[-66.17322385311127,18.443115401664343],[-66.17334723472595,18.44317137946662],[-66.17338478565216,18.443227357250677],[-66.17339551448822,18.44329351279012],[-66.17340087890625,18.443471623731256]],[[-66.17248892784119,18.442749001053528],[-66.17221534252167,18.442682845304404],[-66.17216169834137,18.442677756399576],[-66.17210805416107,18.442708289826314],[-66.17207050323486,18.442749001053528],[-66.17201149463654,18.4429322014566],[-66.17201149463654,18.442983090422786],[-66.17203831672668,18.443033979373908],[-66.17208123207092,18.443074690523943],[-66.17248892784119,18.443186646136795],[-66.17251574993134,18.443059423843806],[-66.1725103855133,18.443049246056304],[-66.17240309715271,18.44298817931859],[-66.17226898670197,18.44295764594159]],[[-66.17188274860382,18.443181557246902],[-66.17194712162018,18.44317646835684]],[[-66.17195785045624,18.443695534366697],[-66.17218852043152,18.443665001115406],[-66.1726176738739,18.443715889864535],[-66.17304682731628,18.44385328941189]],[[-66.17218852043152,18.443665001115406],[-66.17219388484955,18.443491979255626]],[[-66.17246747016907,18.443344401649284],[-66.17246747016907,18.443298601676716]],[[-66.17302536964417,18.44323753502762],[-66.17304682731628,18.44324262391588]],[[-66.17551982402802,18.445476631300508],[-66.17524087429047,18.445395210129192]],[[-66.1754983663559,18.44556823007214],[-66.17574512958527,18.44568527287589]],[[-66.17541790008545,18.445736161026574],[-66.1754983663559,18.44556823007214],[-66.17549300193787,18.445532608333423],[-66.17557346820831,18.445349410703358]],[[-66.17517113685608,18.445644562344512],[-66.17525160312653,18.44544100954282],[-66.17522478103638,18.445349410703358],[-66.17517113685608,18.445298522438122],[-66.17502629756927,18.44525272298651]],[[-66.17521941661835,18.445527519513007],[-66.17536962032318,18.445583496529323],[-66.17546617984772,18.445629295892743]],[[-66.17523550987244,18.445481720122444],[-66.17548763751984,18.445588585348077]],[[-66.17517113685608,18.445298522438122],[-66.17526769638062,18.445079702725792]],[[-66.1739319562912,18.44690149555153],[-66.17291271686554,18.44690149555153],[-66.17283225059509,18.446926939448602],[-66.17283225059509,18.447003271117183],[-66.17286443710327,18.447049070102068]],[[-66.17410361766815,18.446550369387097],[-66.17440402507782,18.4466012572815]],[[-66.17437720298767,18.446753920874215],[-66.17446839809418,18.446265396899918]],[[-66.17542862892151,18.44697273845381],[-66.17519795894623,18.44690149555153],[-66.1742377281189,18.446728476951506]],[[-66.17519795894623,18.44690149555153],[-66.17531061172485,18.446336640066036]],[[-66.16555273532867,18.443446179322393],[-66.16554737091064,18.443196823916168]],[[-66.16570830345154,18.44319173502656],[-66.16512894630432,18.443212090584097],[-66.16507530212402,18.44330369056314],[-66.16509139537811,18.443430912675268],[-66.16518795490265,18.443456357086376],[-66.16571366786957,18.443441090440174]],[[-66.16671681404114,18.438275797267252],[-66.1667275428772,18.43759895424256]],[[-66.16596579551697,18.437955187745743],[-66.1663681268692,18.437965365834984],[-66.16637349128723,18.43759895424256]],[[-66.165971159935,18.438128215180853],[-66.16608917713165,18.438133304220415],[-66.16620719432831,18.43808750285885],[-66.16652369499207,18.43808750285885]],[[-66.16556346416473,18.438978082700515],[-66.16520941257477,18.438978082700515]],[[-66.16556346416473,18.439039150863437],[-66.1652147769928,18.439039150863437]],[[-66.16567611694336,18.439095129993703],[-66.16556346416473,18.439095129993703],[-66.1652147769928,18.439095129993703],[-66.16520941257477,18.43891192549954],[-66.16567611694336,18.43890174746636]],[[-66.16556346416473,18.439095129993703],[-66.16556346416473,18.438906836483028]],[[-66.1655044555664,18.439665098282035],[-66.16476953029633,18.439675276269995],[-66.16470515727997,18.439751611160546],[-66.16468906402588,18.440077306312546]],[[-66.16550981998444,18.43935975836267],[-66.1655044555664,18.440611648584095],[-66.16518795490265,18.440621826516008],[-66.16454422473907,18.44062691548173],[-66.16446375846863,18.44060655961792],[-66.16449058055878,18.44048442438445],[-66.16465151309967,18.440077306312546],[-66.1655044555664,18.440062039366097]],[[-66.16567611694336,18.440056950383635],[-66.16563856601715,18.44005186140103]],[[-66.1655044555664,18.44056584788308],[-66.165252327919,18.440576025817705],[-66.16518795490265,18.440621826516008]],[[-66.16568684577942,18.441171433943524],[-66.16503238677979,18.441171433943524],[-66.16504311561584,18.441883885399733],[-66.16569221019745,18.44188897432808]],[[-66.1655044555664,18.441171433943524],[-66.16551518440247,18.44221466542878],[-66.16534888744354,18.44221466542878],[-66.16520941257477,18.44220957651008],[-66.16518795490265,18.44188897432808],[-66.16518259048462,18.441171433943524]],[[-66.16534888744354,18.44221466542878],[-66.16534352302551,18.441171433943524]],[[-66.16466224193573,18.440443712620677],[-66.16461932659149,18.44062691548173]],[[-66.16356253623962,18.450728215323878],[-66.16349816322327,18.450463604466748],[-66.16363227367401,18.45044324976854],[-66.1638468503952,18.450463604466748],[-66.16399705410004,18.450407629040868],[-66.1638468503952,18.44730350868454],[-66.16386294364929,18.44578196034928],[-66.16392195224762,18.44568527287589],[-66.16402924060822,18.445619118257483],[-66.16431891918182,18.445593674166687],[-66.16549372673035,18.445558052433256]],[[-66.1700052022934,18.44883013226419],[-66.17036461830139,18.448835220986766]],[[-66.1693400144577,18.450000534485667],[-66.1703109741211,18.449995445797626],[-66.17031633853912,18.450305855492545]],[[-66.16947948932648,18.450219347929036],[-66.16947948932648,18.450000534485667]],[[-66.16965651512146,18.450214259247474],[-66.16965651512146,18.450000534485667]],[[-66.16983890533447,18.45020408188391],[-66.16983354091644,18.450000534485667]],[[-66.17019295692444,18.450193904519722],[-66.17018759250641,18.450000534485667]],[[-66.17001056671143,18.45020408188391],[-66.1700052022934,18.450000534485667]],[[-66.16618573665619,18.43759895424256],[-66.16612136363983,18.437634577626113],[-66.16611063480377,18.437955187745743]],[[-66.1665290594101,18.43759895424256],[-66.1665290594101,18.438179105569787]],[[-66.17654979228973,18.437853406820196],[-66.17654979228973,18.43803152340034],[-66.17629766464233,18.438026434357752]],[[-66.17690920829773,18.437710913423132],[-66.17691457271576,18.4380620576527]],[[-66.17690920829773,18.437858495867886],[-66.17627620697021,18.43784831777232]]]},"properties":{"class":"service","id":"14/5180/7337/0","source":"OpenFreeMap / OpenStreetMap","exposureHigh":true,"exposureModerate":true,"zoneLabels":"VE, X"},"id":222350570},{"type":"Feature","geometry":{"type":"MultiLineString","coordinates":[[[-66.17929637432098,18.4382656191964],[-66.17930173873901,18.437894119197637]],[[-66.17909252643585,18.439380114374174],[-66.1786687374115,18.43923253323615],[-66.17849171161652,18.439705810230294],[-66.17891550064087,18.439848301973228]],[[-66.17903351783752,18.439532784383587],[-66.1786150932312,18.439390292379017]],[[-66.17896914482117,18.439700721237287],[-66.17855072021484,18.439548051377074]],[[-66.18013322353363,18.440173996941965],[-66.17940902709961,18.44015364102451]],[[-66.17833077907562,18.438525159814915],[-66.17822885513306,18.43852007078695],[-66.17826640605927,18.437965365834984]],[[-66.17551982402802,18.44183808503783],[-66.1758953332901,18.442107798104402],[-66.1760026216507,18.442224843265734]],[[-66.17447912693024,18.441288479742695],[-66.17438793182373,18.44123759027461],[-66.1742752790451,18.441191789740415]],[[-66.17457568645477,18.44111036653841],[-66.1744737625122,18.441064565970294],[-66.1743289232254,18.441013676435887]],[[-66.17573976516724,18.44154801579559],[-66.17545008659363,18.44192459682229],[-66.17571294307709,18.442087442416053],[-66.17571830749512,18.44226046569031],[-66.17578268051147,18.4422909991912],[-66.1758953332901,18.442107798104402],[-66.1760401725769,18.441914418967556]],[[-66.17428600788116,18.440408089819442],[-66.17483854293823,18.440545492012035]],[[-66.17429673671722,18.440224886725076],[-66.17490828037262,18.440362289064154]],[[-66.17599189281464,18.444000866581092],[-66.17604553699493,18.443832933930324]],[[-66.17527842521667,18.444341820245853],[-66.1755895614624,18.444413064209726],[-66.17538571357727,18.445161124046663],[-66.17523550987244,18.445059347389545],[-66.17554128170013,18.443944889049078],[-66.17561101913452,18.443894000367777],[-66.17631912231445,18.444097555002514],[-66.17623329162598,18.444438508475386]],[[-66.17286443710327,18.447049070102068],[-66.17390513420105,18.447054158877393],[-66.17401778697968,18.44640788320261],[-66.17404997348785,18.44625521930233]],[[-66.17296099662781,18.446224686506],[-66.17295563220978,18.446387528023735],[-66.17401778697968,18.44640788320261]],[[-66.16562783718109,18.438632029367426],[-66.16517722606659,18.438647296440948],[-66.16508066654205,18.43861676229257],[-66.1650538444519,18.43857096105984],[-66.1654132604599,18.43759895424256]],[[-66.16533815860748,18.440062039366097],[-66.16533815860748,18.43936993636872]],[[-66.16517722606659,18.44006712834839],[-66.16516649723053,18.43937502537152]],[[-66.16488218307495,18.440072217330552],[-66.16487145423889,18.439385203376673]],[[-66.16501092910767,18.439364847365766],[-66.16502165794373,18.440072217330552]],[[-66.16557955741882,18.437889030150984],[-66.16559028625488,18.438357221812396],[-66.16554737091064,18.438428468257754],[-66.16554737091064,18.438632029367426]],[[-66.17913544178009,18.437889030150984],[-66.17912471294403,18.438260530160747]]]},"properties":{"class":"service","service":"parking_aisle","id":"14/5180/7337/3","source":"OpenFreeMap / OpenStreetMap","exposureHigh":false,"exposureModerate":true,"zoneLabels":"X"},"id":5360847980},{"type":"Feature","geometry":{"type":"LineString","coordinates":[[-66.1772096157074,18.437716002475057],[-66.17738664150238,18.437827961579373],[-66.17751002311707,18.437919564428654],[-66.17755830287933,18.437934831565457],[-66.1776065826416,18.437929742519998]]},"properties":{"class":"service","oneway":1,"id":"14/5180/7337/5","source":"OpenFreeMap / OpenStreetMap","exposureHigh":false,"exposureModerate":true,"zoneLabels":"X"},"id":12307148442},{"type":"Feature","geometry":{"type":"LineString","coordinates":[[-66.16671681404114,18.43810785902106],[-66.16682946681976,18.4381638384547],[-66.16696894168854,18.438148571338232],[-66.16700649261475,18.438082413817938],[-66.16700649261475,18.437670201002277],[-66.16694211959839,18.437619310462637],[-66.16672217845917,18.43762439951729]]},"properties":{"class":"service","oneway":1,"id":"14/5180/7337/7","source":"OpenFreeMap / OpenStreetMap","exposureHigh":false,"exposureModerate":true,"zoneLabels":"X"},"id":13964522162},{"type":"Feature","geometry":{"type":"LineString","coordinates":[[-66.16671681404114,18.43810785902106],[-66.16682946681976,18.438092591899633],[-66.16693139076233,18.438051879569173],[-66.16700649261475,18.437950098700895]]},"properties":{"class":"service","oneway":1,"id":"14/5180/7337/8","source":"OpenFreeMap / OpenStreetMap","exposureHigh":false,"exposureModerate":true,"zoneLabels":"X"},"id":13964522172},{"type":"Feature","geometry":{"type":"LineString","coordinates":[[-66.1760401725769,18.441914418967556],[-66.17583096027374,18.441751573209814],[-66.17579340934753,18.441746484277388],[-66.17576658725739,18.441761751074182],[-66.17571830749512,18.44183808503783],[-66.17572903633118,18.441883885399733],[-66.1759489774704,18.44203146426061]]},"properties":{"class":"service","oneway":1,"id":"14/5180/7337/9","source":"OpenFreeMap / OpenStreetMap","exposureHigh":false,"exposureModerate":true,"zoneLabels":"X"},"id":13964536932},{"type":"Feature","geometry":{"type":"LineString","coordinates":[[-66.17194712162018,18.44317646835684],[-66.17197394371033,18.443207001694944],[-66.17246747016907,18.443344401649284],[-66.17254793643951,18.44333931276404],[-66.17288053035736,18.443252801691926],[-66.17291808128357,18.44324771280398],[-66.17298781871796,18.443257890579744],[-66.17302536964417,18.44323753502762]]},"properties":{"class":"service","oneway":1,"id":"14/5180/7337/10","source":"OpenFreeMap / OpenStreetMap","exposureHigh":false,"exposureModerate":true,"zoneLabels":"X"},"id":14119460892},{"type":"Feature","geometry":{"type":"LineString","coordinates":[[-66.17302536964417,18.44323753502762],[-66.17300927639008,18.44319173502656],[-66.17293417453766,18.443181557246902]]},"properties":{"class":"service","oneway":1,"id":"14/5180/7337/11","source":"OpenFreeMap / OpenStreetMap","exposureHigh":false,"exposureModerate":true,"zoneLabels":"X"},"id":14119460942},{"type":"Feature","geometry":{"type":"LineString","coordinates":[[-66.17293417453766,18.443181557246902],[-66.1725640296936,18.44329351279012],[-66.17246747016907,18.443298601676716],[-66.17240846157074,18.44328842390337],[-66.17199003696442,18.44316120168574],[-66.17194712162018,18.44317646835684]]},"properties":{"class":"service","oneway":1,"id":"14/5180/7337/12","source":"OpenFreeMap / OpenStreetMap","exposureHigh":false,"exposureModerate":true,"zoneLabels":"X"},"id":14119460952},{"type":"Feature","geometry":{"type":"LineString","coordinates":[[-66.17853462696075,18.453959488091726],[-66.17896914482117,18.453384478645162],[-66.17904961109161,18.453262352497077],[-66.17893695831299,18.453175846422965],[-66.17839515209198,18.45387298236885]]},"properties":{"class":"service","oneway":1,"id":"14/5180/7337/13","source":"OpenFreeMap / OpenStreetMap","exposureHigh":false,"exposureModerate":true,"zoneLabels":"X"},"id":14121553462},{"type":"Feature","geometry":{"type":"LineString","coordinates":[[-66.1819839477539,18.455832071879954],[-66.18196249008179,18.455872779996355],[-66.1819839477539,18.455888045537506]]},"properties":{"class":"service","oneway":1,"id":"14/5180/7337/14","source":"OpenFreeMap / OpenStreetMap","exposureHigh":false,"exposureModerate":true,"zoneLabels":"X"},"id":14348741372},{"type":"Feature","geometry":{"type":"LineString","coordinates":[[-66.17574512958527,18.44568527287589],[-66.17583096027374,18.4455427859738],[-66.1758416891098,18.445471542478444],[-66.17582559585571,18.445451187188638],[-66.17557346820831,18.445349410703358]]},"properties":{"class":"service","oneway":1,"id":"14/5180/7337/15","source":"OpenFreeMap / OpenStreetMap","exposureHigh":false,"exposureModerate":true,"zoneLabels":"X"},"id":14636324282},{"type":"Feature","geometry":{"type":"LineString","coordinates":[[-66.1655044555664,18.440062039366097],[-66.16554200649261,18.440077306312546],[-66.16559565067291,18.440077306312546],[-66.16563856601715,18.44005186140103]]},"properties":{"class":"service","oneway":1,"id":"14/5180/7337/16","source":"OpenFreeMap / OpenStreetMap","exposureHigh":false,"exposureModerate":true,"zoneLabels":"X"},"id":14897738762},{"type":"Feature","geometry":{"type":"LineString","coordinates":[[-66.16563856601715,18.44005186140103],[-66.16559028625488,18.440031505469094],[-66.16554200649261,18.440031505469094],[-66.1655044555664,18.440062039366097]]},"properties":{"class":"service","oneway":1,"id":"14/5180/7337/17","source":"OpenFreeMap / OpenStreetMap","exposureHigh":false,"exposureModerate":true,"zoneLabels":"X"},"id":14897738772},{"type":"Feature","geometry":{"type":"LineString","coordinates":[[-66.17465615272522,18.43928851230342],[-66.17464542388916,18.439186732167542],[-66.17462396621704,18.439156198115015],[-66.17451131343842,18.43906459592489],[-66.17443084716797,18.439054417900763],[-66.17426991462708,18.439095129993703]]},"properties":{"class":"service","service":"driveway","id":"14/5180/7337/18","source":"OpenFreeMap / OpenStreetMap","exposureHigh":false,"exposureModerate":true,"zoneLabels":"X"},"id":15468846030},{"type":"Feature","geometry":{"type":"MultiLineString","coordinates":[[[-66.18168890476227,18.4560101698179],[-66.18086814880371,18.455246891640144],[-66.18039608001709,18.454900871081676],[-66.17985427379608,18.454585381141186],[-66.17903888225555,18.454219004998876],[-66.1786687374115,18.454045993771032],[-66.17810547351837,18.45369997079233],[-66.17668926715851,18.452616100184173],[-66.17620646953583,18.452295517425625],[-66.17583096027374,18.452066529374505],[-66.1757504940033,18.45197493406856],[-66.17583096027374,18.45182227511674],[-66.17596507072449,18.45165435011299],[-66.17643177509308,18.451074244291092],[-66.17651760578156,18.451084421603085],[-66.17688238620758,18.451354120151578],[-66.17686092853546,18.451450804433748],[-66.17620646953583,18.452295517425625]],[[-66.18086814880371,18.455246891640144],[-66.18124902248383,18.454758391825507],[-66.18188202381134,18.453918779521686],[-66.18185520172119,18.453842450926828],[-66.1814796924591,18.453588022032264],[-66.18139386177063,18.453623642100197],[-66.18039608001709,18.454900871081676]],[[-66.17985427379608,18.454585381141186],[-66.18021368980408,18.454127410841153]],[[-66.17903888225555,18.454219004998876],[-66.17949485778809,18.453638907841338]],[[-66.17810547351837,18.45369997079233],[-66.17832541465759,18.453445541686634],[-66.17893159389496,18.45268225210748]],[[-66.17596507072449,18.45165435011299],[-66.17493510246277,18.450921584538577]],[[-66.17082059383392,18.45091649587782],[-66.17083668708801,18.450799456638833],[-66.17095470428467,18.45031094417139],[-66.17125511169434,18.44916089891794]],[[-66.17106199264526,18.44988858331382],[-66.17249965667725,18.45020917056577],[-66.17259085178375,18.450158283740336],[-66.17292881011963,18.449725745115387],[-66.17120683193207,18.44933900377532]],[[-66.17223143577576,18.448952261564358],[-66.17237091064453,18.448316170507525],[-66.17230117321014,18.448255105642133],[-66.171914935112,18.448163508303338],[-66.17183983325958,18.448173685787822],[-66.17179691791534,18.44822966194181],[-66.17165207862854,18.44881995481859]],[[-66.17339015007019,18.44920669732747],[-66.17352962493896,18.448560429751964],[-66.17347598075867,18.448519719902023],[-66.1730682849884,18.448423033969704],[-66.17295563220978,18.448473921309287],[-66.17281079292297,18.449079479493037]],[[-66.17473125457764,18.448804688649062],[-66.17461860179901,18.44925758443486],[-66.17447912693024,18.44957817286469],[-66.17376029491425,18.450524668546905],[-66.17366373538971,18.450539934563537],[-66.17314875125885,18.450361830951593],[-66.1738783121109,18.449425511782266],[-66.17393732070923,18.44933391506767],[-66.17415189743042,18.448708002877154],[-66.17422163486481,18.44869273669768],[-66.17505848407745,18.448875930761943],[-66.17663562297821,18.449262673144773],[-66.17693066596985,18.449435689191972],[-66.17744565010071,18.44980207554012],[-66.1779123544693,18.450148106373447],[-66.17935538291931,18.451155662770276]],[[-66.17393732070923,18.44933391506767],[-66.17165207862854,18.44881995481859],[-66.17139995098114,18.448774156305916]],[[-66.17505848407745,18.448875930761943],[-66.17518186569214,18.44834670293207]],[[-66.17606699466705,18.44855025229039],[-66.1762011051178,18.447985402226962]],[[-66.1765068769455,18.448641849422927],[-66.17661952972412,18.448122798359307],[-66.17658197879791,18.448076999660728],[-66.17576122283936,18.447883627243243],[-66.17562174797058,18.448448477641392]],[[-66.17743492126465,18.448789422478157],[-66.17719888687134,18.448606228321637],[-66.17717742919922,18.448494276240908],[-66.17771923542023,18.447781852199213],[-66.17774069309235,18.44771060963251],[-66.17729544639587,18.447359485122092],[-66.17591142654419,18.44639261681867],[-66.17579340934753,18.44697782723142],[-66.17576122283936,18.44724753222873],[-66.17583632469177,18.447298419916578],[-66.17705941200256,18.447654633309398],[-66.17729544639587,18.447359485122092]],[[-66.17668926715851,18.452616100184173],[-66.17737591266632,18.451761211498024],[-66.17746710777283,18.451756122862136],[-66.17781579494476,18.452005465842632],[-66.17784261703491,18.452061440747684],[-66.1778211593628,18.452132681509525],[-66.1771559715271,18.4529773911471]],[[-66.17873311042786,18.451918959135327],[-66.17918372154236,18.45138465203604],[-66.17935538291931,18.451155662770276],[-66.17983818054199,18.45046869314092],[-66.17981672286987,18.450397451688758],[-66.17948949337006,18.450153195056956],[-66.17936074733734,18.45016337242356],[-66.17826640605927,18.451542400019264],[-66.17816984653473,18.451547488661475],[-66.17782652378082,18.451308322314702],[-66.1778050661087,18.451196371995394],[-66.17838978767395,18.450489047836115],[-66.17886185646057,18.449893672005032],[-66.17889940738678,18.449817341621],[-66.17887794971466,18.449751188594078],[-66.17853462696075,18.449496753637618],[-66.17846488952637,18.449476398824828],[-66.17840588092804,18.449517108448006],[-66.1779123544693,18.450148106373447],[-66.17732226848602,18.450896141233287],[-66.17722570896149,18.45090631855585],[-66.17687165737152,18.450651885310776],[-66.1768501996994,18.450600998616537],[-66.17685556411743,18.45054502323545],[-66.17744565010071,18.44980207554012],[-66.17798209190369,18.449115100496172]],[[-66.1819839477539,18.453038454333324],[-66.18187665939331,18.453063897321186],[-66.1807930469513,18.452290428805583],[-66.1797684431076,18.451583109152708]],[[-66.1819839477539,18.4517205024068],[-66.18151724338531,18.451399917976232],[-66.18050873279572,18.450682417320095],[-66.18041753768921,18.450707860657047],[-66.18015468120575,18.451038623694316],[-66.18017613887787,18.45114039680837],[-66.18115246295929,18.451832452384423],[-66.1819839477539,18.45243799872553]],[[-66.1819839477539,18.450763835985057],[-66.18186056613922,18.450926673199177],[-66.18151724338531,18.451399917976232],[-66.18115246295929,18.451832452384423],[-66.18056237697601,18.452575391295625],[-66.18049800395966,18.452575391295625],[-66.17993474006653,18.452163213255574]],[[-66.18180692195892,18.45012266295356],[-66.1819839477539,18.4498987606961]],[[-66.18084132671356,18.450198993201894],[-66.18186056613922,18.450926673199177],[-66.1819839477539,18.451013180406363]],[[-66.17982745170593,18.448718180329408],[-66.18005275726318,18.448428122704357],[-66.1804711818695,18.448021023457002],[-66.18146359920502,18.44673865452104],[-66.18105590343475,18.446463859932038],[-66.18098080158234,18.446468948724714],[-66.18001520633698,18.447685165851553],[-66.1799293756485,18.447669899581143],[-66.17955386638641,18.447405284011992],[-66.1805248260498,18.446163620897053],[-66.18049800395966,18.44605675602915],[-66.18011713027954,18.44578196034928],[-66.1797308921814,18.445517341871707],[-66.17966651916504,18.44550716422981],[-66.17917835712433,18.446087288855338],[-66.17870092391968,18.446733565736352],[-66.17873311042786,18.446820075055584],[-66.17955386638641,18.447405284011992]],[[-66.17977380752563,18.44867747051684],[-66.17929637432098,18.449288116692045]],[[-66.18005275726318,18.448428122704357],[-66.17652833461761,18.445924447052974],[-66.17627620697021,18.44576160509625]],[[-66.18072867393494,18.44935935860441],[-66.18026733398438,18.449934381529317],[-66.18017613887787,18.449939470219164],[-66.17980599403381,18.449669769449017],[-66.17980599403381,18.44959852766543],[-66.18025124073029,18.449018414899044]],[[-66.17929637432098,18.44833652545782],[-66.17885649204254,18.4489013743665],[-66.17873311042786,18.448916640527457],[-66.17840051651001,18.448672381789592],[-66.17836833000183,18.448590962133096],[-66.17881894111633,18.448000668469305]],[[-66.1787760257721,18.44751723680254],[-66.18011713027954,18.44578196034928]],[[-66.17720425128937,18.446845518964707],[-66.17900133132935,18.444540285500324],[-66.17937684059143,18.444809994324785],[-66.17940902709961,18.444886326934068],[-66.17897987365723,18.44546645365621],[-66.17824494838715,18.446387528023735],[-66.17813229560852,18.446387528023735],[-66.17738664150238,18.445868470147772],[-66.17735981941223,18.445766693909746],[-66.17848098278046,18.44431128710943],[-66.17854535579681,18.444265487394617],[-66.17862045764923,18.44427566511007],[-66.17900133132935,18.444540285500324]],[[-66.17652833461761,18.445924447052974],[-66.17804646492004,18.44398051111702],[-66.17806255817413,18.443919444710318],[-66.17803037166595,18.443848200541737],[-66.17748320102692,18.443456357086376],[-66.17739737033844,18.443425823792595],[-66.177316904068,18.443476712612565],[-66.17713451385498,18.443924533578368],[-66.17709159851074,18.44405175523073],[-66.17688775062561,18.444804905482954],[-66.17691993713379,18.444871060414926],[-66.17720425128937,18.44506443622383]],[[-66.17687165737152,18.445491897765848],[-66.17619574069977,18.44509496922639]],[[-66.17709159851074,18.44405175523073],[-66.17725789546967,18.444087377276517],[-66.17731153964996,18.444036488637437],[-66.17727398872375,18.443965244517386],[-66.17713451385498,18.443924533578368]],[[-66.17651760578156,18.44396015565053],[-66.174978017807,18.443542868056]],[[-66.17678582668304,18.443252801691926],[-66.17588996887207,18.44287622357639]],[[-66.17814838886261,18.443181557246902],[-66.17853462696075,18.44345126820447],[-66.1786150932312,18.443461445968154],[-66.17868483066559,18.443400379376968],[-66.17957532405853,18.442250287855458],[-66.17952704429626,18.442133242711478],[-66.1791729927063,18.441883885399733],[-66.178759932518,18.441609083045165],[-66.17869019508362,18.44161417198167],[-66.17859363555908,18.44172612854622],[-66.1777514219284,18.442815156777172],[-66.17777287960052,18.442906756967858],[-66.17814838886261,18.443181557246902],[-66.1795163154602,18.441436059114977]],[[-66.17948949337006,18.444133177038793],[-66.17990255355835,18.444413064209726],[-66.17998838424683,18.444397797648534],[-66.18006348609924,18.44431128710943],[-66.18091106414795,18.443207001694944],[-66.1808842420578,18.44310522388014],[-66.18051409721375,18.442835512379318],[-66.1801278591156,18.442570889363253],[-66.18005812168121,18.442560711546804],[-66.17960751056671,18.443095046095337],[-66.17909252643585,18.44380240070346],[-66.17912471294403,18.44386855602147],[-66.17948949337006,18.444133177038793],[-66.18085741996765,18.44239786640162]],[[-66.1819839477539,18.442458933349144],[-66.1804711818695,18.441380080747308],[-66.18034780025482,18.441257946063644],[-66.18022978305817,18.4409576979306],[-66.1802351474762,18.44030122137147],[-66.18029952049255,18.43860658424191],[-66.1807233095169,18.438540426897916],[-66.18109345436096,18.4382656191964],[-66.1814957857132,18.437934831565457],[-66.18167817592621,18.437894119197637],[-66.1819839477539,18.437899208244147]],[[-66.17965042591095,18.440850829824456],[-66.17966115474701,18.440499691293383]],[[-66.1819839477539,18.441761751074182],[-66.18110954761505,18.44114090024368],[-66.18100225925446,18.441008587481605]],[[-66.1819839477539,18.441446236998047],[-66.18147432804108,18.44209253133836]],[[-66.18136703968048,18.44055058098003],[-66.18140459060669,18.439054417900763],[-66.18129193782806,18.438850857291413]],[[-66.1819839477539,18.43815366037721],[-66.18192493915558,18.44048951335425],[-66.18186056613922,18.440560758915566],[-66.18086278438568,18.440535314075618],[-66.18081450462341,18.44047933541451],[-66.18085205554962,18.439105308015414],[-66.18129193782806,18.438850857291413],[-66.18169963359833,18.438484447586944],[-66.18181765079498,18.438438646318957],[-66.18197858333588,18.438433557288434]],[[-66.18109345436096,18.4382656191964],[-66.18088960647583,18.438072235735603]],[[-66.18022978305817,18.440509869231917],[-66.17966115474701,18.440499691293383],[-66.17943584918976,18.44047424644441]],[[-66.17849171161652,18.43900352777102],[-66.17945194244385,18.43936993636872],[-66.18026733398438,18.439400470383262]],[[-66.17843806743622,18.44110018863543],[-66.17828786373138,18.44088645253389],[-66.17770850658417,18.44048951335425],[-66.17762267589569,18.440514958200964],[-66.17722034454346,18.440972964797496],[-66.1767965555191,18.441517482162652],[-66.17635130882263,18.442112887026127],[-66.17610454559326,18.44247928899351],[-66.17588996887207,18.44287622357639],[-66.17567539215088,18.443380023841726]],[[-66.17800891399384,18.44154292685714],[-66.17722034454346,18.440972964797496]],[[-66.17759048938751,18.442077264570955],[-66.17704331874847,18.441690506010872]],[[-66.17684483528137,18.442433488790314],[-66.17635130882263,18.442112887026127]],[[-66.17464542388916,18.442682845304404],[-66.17399096488953,18.442509822455506]],[[-66.17362082004547,18.44269302311362],[-66.17368519306183,18.4423418883473],[-66.17395877838135,18.44129865763452],[-66.17409825325012,18.4407286947646],[-66.17414653301239,18.439237622243013]],[[-66.17371201515198,18.442240110020023],[-66.17208659648895,18.44185844075575],[-66.17063283920288,18.441853351826495],[-66.17057919502258,18.441787195732502],[-66.17057919502258,18.441380080747308],[-66.170654296875,18.441329191306323],[-66.17210805416107,18.44130883552573],[-66.17219924926758,18.441395347576673],[-66.17208659648895,18.44185844075575]],[[-66.17453813552856,18.442082353493575],[-66.17380857467651,18.441873707542598]],[[-66.172816157341,18.43857096105984],[-66.17235481739044,18.43852007078695],[-66.17159843444824,18.438072235735603],[-66.17142140865326,18.43801625627215],[-66.17111027240753,18.437995900099082],[-66.16812765598297,18.437934831565457],[-66.16790235042572,18.43800607818592],[-66.16754293441772,18.438245263052877],[-66.16718351840973,18.43828088630245],[-66.16641640663147,18.438275797267252],[-66.16623401641846,18.43834704374636],[-66.16610527038574,18.43849462564485],[-66.1660623550415,18.438677830583885],[-66.16612672805786,18.44385328941189]],[[-66.17113173007965,18.440805029187175],[-66.17109954357147,18.43856078300648],[-66.17111027240753,18.437995900099082]],[[-66.17169499397278,18.440805029187175],[-66.17167890071869,18.440291043420572],[-66.1716628074646,18.438927192548178],[-66.17168426513672,18.43880505612107]],[[-66.17255330085754,18.440881363575855],[-66.17224216461182,18.440794851266133],[-66.170654296875,18.440815207107633],[-66.17057919502258,18.440774495422204],[-66.17057919502258,18.440586203751707],[-66.1705631017685,18.440291043420572],[-66.17054164409637,18.438601495216346],[-66.17061674594879,18.438540426897916],[-66.17109954357147,18.43856078300648],[-66.1713033914566,18.43857605008631],[-66.17139458656311,18.438611673267303],[-66.17190957069397,18.43895263762623],[-66.17220997810364,18.439095129993703],[-66.17224216461182,18.440794851266133]],[[-66.17317020893097,18.442112887026127],[-66.17340624332428,18.441181611842268],[-66.17335259914398,18.44112563339172],[-66.17293953895569,18.441023854343968],[-66.17286443710327,18.441079832827683],[-66.17262303829193,18.44198566393804]],[[-66.17128193378448,18.44292711255916],[-66.17105662822723,18.442972912630765]],[[-66.17136240005493,18.443491979255626],[-66.17115318775177,18.443507245897322],[-66.1710673570633,18.443563223571942]],[[-66.17145895957947,18.444143354762105],[-66.17042899131775,18.444158621345906]],[[-66.17101907730103,18.44415353248479],[-66.17104053497314,18.44499828136634],[-66.17111563682556,18.445054258555103],[-66.17148578166962,18.44504916972052],[-66.171555519104,18.445028814380663],[-66.17158234119415,18.444962659509443],[-66.17145895957947,18.444143354762105],[-66.17128193378448,18.44292711255916],[-66.17123901844025,18.442458933349144],[-66.17119610309601,18.442402955314734],[-66.1704021692276,18.44239786640162],[-66.16834223270416,18.442428399878096]],[[-66.17260694503784,18.445390121304712],[-66.17259085178375,18.44445377503297]],[[-66.17322385311127,18.445385032480075],[-66.17320775985718,18.444631884771212]],[[-66.17333650588989,18.444657329004457],[-66.17320775985718,18.444631884771212],[-66.17204904556274,18.444301109396093]],[[-66.1738246679306,18.44428075396759],[-66.17489755153656,18.444560640898075],[-66.17494583129883,18.444626795924094],[-66.17482244968414,18.44506443622383],[-66.17478489875793,18.445110235725636],[-66.17473125457764,18.445125502223533],[-66.17370665073395,18.444850705053952],[-66.17379248142242,18.44456572974714],[-66.1738246679306,18.44428075396759],[-66.17387294769287,18.443710800990303],[-66.1738783121109,18.443100134987816]],[[-66.17436647415161,18.443491979255626],[-66.174436211586,18.44323244613922],[-66.17454886436462,18.442906756967858],[-66.17464542388916,18.442682845304404],[-66.17506384849548,18.44179737359478]],[[-66.174436211586,18.44323244613922],[-66.1738783121109,18.443100134987816],[-66.17365837097168,18.443028890479468]],[[-66.17486536502838,18.443944889049078],[-66.17387294769287,18.443710800990303]],[[-66.17470443248749,18.444509752399185],[-66.174978017807,18.443542868056],[-66.17515504360199,18.443039068268178],[-66.1755359172821,18.442194309753077],[-66.1754983663559,18.442112887026127],[-66.17469906806946,18.44154292685714],[-66.17440938949585,18.44141061440466],[-66.17395877838135,18.44129865763452]],[[-66.17415726184845,18.446260308101202],[-66.17367446422577,18.44623995290486],[-66.1729770898819,18.446224686506],[-66.17245674133301,18.44619415370424],[-66.17235481739044,18.446143265689244],[-66.17228507995605,18.446051667224253],[-66.17221534252167,18.445471542478444],[-66.17215633392334,18.44531378891928],[-66.17214560508728,18.444932126483366],[-66.17186665534973,18.443064512737337],[-66.17174327373505,18.441853351826495]],[[-66.17539644241333,18.446016045585807],[-66.17422163486481,18.445822670848116],[-66.17388367652893,18.445787049162163],[-66.17259085178375,18.445771782723057]],[[-66.17399632930756,18.44718646698341],[-66.1752837896347,18.44747143794251],[-66.17532134056091,18.447512148040914],[-66.17534279823303,18.447563035650376],[-66.17527842521667,18.44782256222406],[-66.1752462387085,18.44787344974155],[-66.17519795894623,18.447893804744325],[-66.17392122745514,18.447613923244745]],[[-66.17385149002075,18.44805155593403],[-66.17415726184845,18.446260308101202],[-66.17428600788116,18.445420654249375]],[[-66.17339015007019,18.447975224731294],[-66.17352426052094,18.44718646698341]],[[-66.1720597743988,18.447242443459118],[-66.17345988750458,18.447563035650376]],[[-66.17245674133301,18.44619415370424],[-66.17238163948059,18.446412971996935],[-66.1720597743988,18.447242443459118],[-66.17195785045624,18.44759865696801],[-66.17196321487427,18.447639367036274],[-66.17199003696442,18.447695343364387],[-66.17331504821777,18.447959958486678],[-66.17385149002075,18.44805155593403],[-66.1765068769455,18.448641849422927],[-66.17690920829773,18.448743623957355]],[[-66.17172718048096,18.44777167469151],[-66.17196321487427,18.447639367036274]],[[-66.17045044898987,18.445771782723057],[-66.17194175720215,18.445756516282614],[-66.17184519767761,18.446275574496894],[-66.17178618907928,18.446336640066036],[-66.16925418376923,18.446372261638004],[-66.16916298866272,18.446290840891194],[-66.16915762424469,18.445863381337304],[-66.16921126842499,18.445797226787477],[-66.17045044898987,18.445771782723057]],[[-66.16753220558167,18.446397705613478],[-66.16668462753296,18.44640788320261],[-66.16661489009857,18.446321373675772],[-66.16660952568054,18.44590409181683],[-66.16666853427887,18.445832848471312],[-66.1675214767456,18.44581249322431],[-66.16848707199097,18.445802315599906],[-66.16856217384338,18.44588882538814],[-66.16856753826141,18.446311196081524],[-66.16851389408112,18.446377350433394],[-66.16753220558167,18.446397705613478]],[[-66.16725325584412,18.445451187188638],[-66.16724252700806,18.445206923522704],[-66.16722106933594,18.44442324191644],[-66.16658806800842,18.444433419622555],[-66.16653442382812,18.44517639054004],[-66.16724252700806,18.445206923522704]],[[-66.1675214767456,18.445461364833847],[-66.16754293441772,18.447552858129683],[-66.16671681404114,18.4475579468901],[-66.16663098335266,18.447481615468007],[-66.16663098335266,18.447054158877393],[-66.16666853427887,18.446993093563336],[-66.1675375699997,18.44696764967607],[-66.16849780082703,18.44695238334191],[-66.16856217384338,18.446988004786178],[-66.1685836315155,18.44722208837915],[-66.16856753826141,18.44750197051721],[-66.16835832595825,18.447537591847535],[-66.16754293441772,18.447552858129683]],[[-66.16549372673035,18.445558052433256],[-66.16549372673035,18.445349410703358],[-66.16572439670563,18.444479219292603],[-66.16567611694336,18.440586203751707],[-66.16568148136139,18.438810145140607],[-66.16562783718109,18.438632029367426],[-66.16568684577942,18.438550604952496],[-66.16575121879578,18.438413201164806]],[[-66.16779506206512,18.443318957221578],[-66.16780042648315,18.44376168972586],[-66.16770923137665,18.443858378281902],[-66.16675972938538,18.443863467151772],[-66.16669535636902,18.4437973118318],[-66.16668462753296,18.442871134677276],[-66.1667275428772,18.442815156777172],[-66.16682946681976,18.44279989007397],[-66.16773068904877,18.44279989007397],[-66.1677896976471,18.442871134677276],[-66.16779506206512,18.443318957221578],[-66.1661159992218,18.443349490534374]],[[-66.17043435573578,18.44453010780053],[-66.16837441921234,18.444555552048868]],[[-66.17003202438354,18.443990688849354],[-66.16983354091644,18.444000866581092],[-66.16836369037628,18.4440263109078]],[[-66.16983354091644,18.444000866581092],[-66.16984963417053,18.44498810369369],[-66.16978526115417,18.44506952505796],[-66.16847634315491,18.445089880393013],[-66.1683851480484,18.445013547874183],[-66.16836369037628,18.4440263109078],[-66.16834759712219,18.443838022800946]],[[-66.1704021692276,18.44239786640162],[-66.17047727108002,18.447512148040914],[-66.16926491260529,18.44752741432532],[-66.16918444633484,18.447440905362356],[-66.16917371749878,18.447018537446837],[-66.16922736167908,18.44695238334191],[-66.17162525653839,18.446911673110804],[-66.17139458656311,18.447486704230542],[-66.17047727108002,18.447512148040914]],[[-66.16981744766235,18.44240804422772],[-66.16982817649841,18.443385112725764],[-66.16976380348206,18.443466534849776],[-66.16845488548279,18.443486890374743],[-66.16835832595825,18.443425823792595],[-66.16834223270416,18.442428399878096],[-66.16832613945007,18.442107798104402],[-66.16844415664673,18.442107798104402]],[[-66.16982281208038,18.442937290353896],[-66.16834759712219,18.44295764594159]],[[-66.16890549659729,18.44119687868927],[-66.16885721683502,18.43850480370213]],[[-66.16884112358093,18.441761751074182],[-66.16873383522034,18.441715950679722],[-66.16609990596771,18.441746484277388]],[[-66.16945266723633,18.441191789740415],[-66.16942048072815,18.438509892730565],[-66.16943120956421,18.437960276790434]],[[-66.16774678230286,18.43883050121721],[-66.16671681404114,18.43884067925461],[-66.16663634777069,18.438906836483028],[-66.16665780544281,18.440596381685125],[-66.16668999195099,18.440657449272933],[-66.16721570491791,18.440667627202117],[-66.16769850254059,18.440652360308093],[-66.16775751113892,18.440616737550144],[-66.16776823997498,18.440285954444903],[-66.16774678230286,18.438545515925284]],[[-66.1664217710495,18.441222323431234],[-66.16989254951477,18.441181611842268],[-66.16997838020325,18.441145989194027],[-66.17001056671143,18.441079832827683],[-66.16997838020325,18.438586228138774],[-66.1698979139328,18.43852007078695],[-66.16837441921234,18.43849462564485],[-66.16831004619598,18.438550604952496],[-66.16834759712219,18.44120196763795]],[[-66.16721570491791,18.440667627202117],[-66.16718351840973,18.43828088630245],[-66.16718351840973,18.43759895424256]],[[-66.16666853427887,18.441217234483133],[-66.1666738986969,18.442189220833768],[-66.16671681404114,18.44226046569031],[-66.1676824092865,18.44226046569031],[-66.16777896881104,18.44217904299471],[-66.16776823997498,18.44162434985418],[-66.16777896881104,18.441207056586492]],[[-66.16454422473907,18.439100219004644],[-66.16338014602661,18.43924271124972],[-66.16184055805206,18.439456449395834]],[[-66.16386830806732,18.438647296440948],[-66.16377174854279,18.437878852057224]],[[-66.16273641586304,18.438789789061587],[-66.16267204284668,18.43834704374636]],[[-66.16245746612549,18.439364847365766],[-66.16261303424835,18.440937342105997],[-66.1626398563385,18.440998409572614],[-66.16267740726471,18.441023854343968],[-66.16312801837921,18.441120544440764],[-66.16383612155914,18.44129356868868]],[[-66.16301000118256,18.43928851230342],[-66.16310119628906,18.440097662239054],[-66.16313874721527,18.440514958200964],[-66.16317093372345,18.440570936850463],[-66.16321921348572,18.440596381685125],[-66.1638468503952,18.440749050613945],[-66.16390585899353,18.440774495422204],[-66.16393268108368,18.440840651906115],[-66.16375029087067,18.441741395344835],[-66.16370737552643,18.441782106801156],[-66.16363763809204,18.441782106801156],[-66.16212487220764,18.44145641488052]],[[-66.16310119628906,18.440097662239054],[-66.16329967975616,18.440087484276106],[-66.163449883461,18.440112929182348],[-66.16414725780487,18.440265598540705]],[[-66.16220533847809,18.438861035327605],[-66.1621356010437,18.43841829019594]],[[-66.16166353225708,18.43893737057985],[-66.1633050441742,18.438713453743787],[-66.16386830806732,18.438647296440948],[-66.16428673267365,18.43860658424191],[-66.16434037685394,18.43857605008631],[-66.16438329219818,18.438525159814915],[-66.16430819034576,18.43782287253076]],[[-66.16214632987976,18.44170577281264],[-66.16212487220764,18.44145641488052],[-66.16207659244537,18.44111545548965],[-66.1619371175766,18.439771967125637],[-66.16184055805206,18.439456449395834],[-66.16166353225708,18.43893737057985],[-66.16149723529816,18.4378025163348]],[[-66.16666316986084,18.450463604466748],[-66.16934537887573,18.45031094417139],[-66.17077231407166,18.45030076681354],[-66.17095470428467,18.45031094417139],[-66.17179155349731,18.45040254036489],[-66.17253720760345,18.450534845891468],[-66.17323994636536,18.450743481322434],[-66.174076795578,18.451074244291092],[-66.17526233196259,18.449557818061535],[-66.175337433815,18.44953237455421],[-66.17592215538025,18.44965959205318],[-66.17460250854492,18.45133885420732],[-66.174076795578,18.451074244291092]],[[-66.1700052022934,18.44883013226419],[-66.16835296154022,18.448860664597376],[-66.16729617118835,18.448850487153592],[-66.16725862026215,18.448789422478157],[-66.16725325584412,18.44834161419503],[-66.1673229932785,18.44829072681624],[-66.16990864276886,18.448250016902364],[-66.1699891090393,18.44832125924532],[-66.1700052022934,18.44883013226419]],[[-66.1693400144577,18.449980179732577],[-66.1670172214508,18.45001071186131],[-66.16701185703278,18.449517108448006],[-66.16709232330322,18.449445866601096],[-66.16932928562164,18.449410245666556]],[[-66.16934537887573,18.45031094417139],[-66.16931855678558,18.448845398431473]],[[-66.15934610366821,18.45168488194406],[-66.1593246459961,18.451608552356205]],[[-66.1593246459961,18.450997914431795],[-66.15935683250427,18.450936850519923],[-66.15978062152863,18.450397451688758],[-66.15982353687286,18.450295678134395],[-66.15982353687286,18.449985268421088],[-66.1593246459961,18.44695238334191]],[[-66.1620283126831,18.437726180578466],[-66.16209805011749,18.438174016531576]],[[-66.16256475448608,18.437649844788226],[-66.16263449192047,18.438097680940245]],[[-66.16296172142029,18.43759895424256],[-66.16256475448608,18.437649844788226],[-66.16126656532288,18.43783305062783]],[[-66.16365373134613,18.437894119197637],[-66.16388976573944,18.437868673962853]],[[-66.16506457328796,18.437746536783465],[-66.16422772407532,18.43783305062783]]]},"properties":{"class":"minor","id":"14/5180/7337/19","source":"OpenFreeMap / OpenStreetMap","exposureHigh":true,"exposureModerate":true,"zoneLabels":"VE, AE, X"},"id":221335760},{"type":"Feature","geometry":{"type":"MultiLineString","coordinates":[[[-66.1819839477539,18.45572012451011],[-66.18182301521301,18.455944019176812],[-66.18176400661469,18.455999992797857],[-66.18168890476227,18.4560101698179]],[[-66.1812973022461,18.45563870819528],[-66.1819839477539,18.454763480372392]],[[-66.18191957473755,18.447150845580282],[-66.1819839477539,18.447064336427644]],[[-66.18196785449982,18.447089780300587],[-66.18146359920502,18.44673865452104]],[[-66.1819839477539,18.44628066329514],[-66.1819463968277,18.446326462472683]],[[-66.18061065673828,18.445385032480075],[-66.18121147155762,18.444616618229446],[-66.18186593055725,18.443817667317575],[-66.1819839477539,18.443654823363772]],[[-66.1819839477539,18.445400298953544],[-66.18156015872955,18.445934624670144],[-66.18154406547546,18.446005867973454],[-66.1815869808197,18.446077111247206],[-66.1819463968277,18.446326462472683],[-66.1819839477539,18.446356995250923]],[[-66.1819839477539,18.44453010780053],[-66.18110418319702,18.445644562344512],[-66.18105590343475,18.445680184059995],[-66.18099689483643,18.445659828794902],[-66.18061065673828,18.445385032480075],[-66.18024587631226,18.445125502223533],[-66.18020832538605,18.445079702725792],[-66.18020832538605,18.445008459038377],[-66.1813348531723,18.443558134693177],[-66.18139922618866,18.443517423657696],[-66.18148505687714,18.443527601417458],[-66.18186593055725,18.443817667317575],[-66.1819839477539,18.443904178105257]],[[-66.16317629814148,18.437660022895543],[-66.16318702697754,18.43779742728543],[-66.16338014602661,18.43924271124972]]]},"properties":{"surface":"paved","class":"minor","id":"14/5180/7337/20","source":"OpenFreeMap / OpenStreetMap","exposureHigh":false,"exposureModerate":true,"zoneLabels":"X"},"id":221354790},{"type":"Feature","geometry":{"type":"LineString","coordinates":[[-66.16669535636902,18.450575555263768],[-66.16657733917236,18.450539934563537],[-66.16651833057404,18.450509402528894],[-66.16645395755768,18.450438161093615],[-66.16638422012329,18.450117574269143]]},"properties":{"class":"primary","oneway":1,"ramp":1,"id":"14/5180/7337/21","source":"OpenFreeMap / OpenStreetMap","exposureHigh":true,"exposureModerate":true,"zoneLabels":"VE, X"},"id":4214998432},{"type":"Feature","geometry":{"type":"LineString","coordinates":[[-66.18029952049255,18.43860658424191],[-66.18035316467285,18.438489536615975],[-66.18039071559906,18.43759895424256]]},"properties":{"class":"minor","oneway":1,"id":"14/5180/7337/22","source":"OpenFreeMap / OpenStreetMap","exposureHigh":false,"exposureModerate":true,"zoneLabels":"X"},"id":7275856082},{"type":"Feature","geometry":{"type":"LineString","coordinates":[[-66.18026196956635,18.43759895424256],[-66.18025124073029,18.43849462564485],[-66.18029952049255,18.43860658424191]]},"properties":{"class":"minor","oneway":1,"id":"14/5180/7337/23","source":"OpenFreeMap / OpenStreetMap","exposureHigh":false,"exposureModerate":true,"zoneLabels":"X"},"id":7275856092},{"type":"Feature","geometry":{"type":"LineString","coordinates":[[-66.165971159935,18.437863584915448],[-66.16601943969727,18.437649844788226],[-66.16607308387756,18.43759895424256]]},"properties":{"class":"primary","oneway":1,"ramp":1,"id":"14/5180/7337/24","source":"OpenFreeMap / OpenStreetMap","exposureHigh":false,"exposureModerate":true,"zoneLabels":"X"},"id":10579886432},{"type":"Feature","geometry":{"type":"LineString","coordinates":[[-66.16567611694336,18.43759895424256],[-66.16570293903351,18.437649844788226],[-66.16574585437775,18.4378025163348]]},"properties":{"class":"primary","oneway":1,"ramp":1,"id":"14/5180/7337/25","source":"OpenFreeMap / OpenStreetMap","exposureHigh":false,"exposureModerate":true,"zoneLabels":"X"},"id":10579886442},{"type":"Feature","geometry":{"type":"LineString","coordinates":[[-66.17092251777649,18.450448338443323],[-66.17086350917816,18.450539934563537],[-66.1707991361618,18.45060608728663],[-66.17069721221924,18.450677328652247],[-66.1705631017685,18.450723126657408],[-66.1703485250473,18.450738392656405]]},"properties":{"class":"secondary","oneway":1,"ramp":1,"id":"14/5180/7337/26","source":"OpenFreeMap / OpenStreetMap","exposureHigh":true,"exposureModerate":false,"zoneLabels":"VE"},"id":10842796342},{"type":"Feature","geometry":{"type":"LineString","coordinates":[[-66.17132484912872,18.450860520599548],[-66.17108345031738,18.450784190645265],[-66.17100298404694,18.450723126657408],[-66.17095470428467,18.450636619304092],[-66.17092251777649,18.450448338443323]]},"properties":{"class":"secondary","oneway":1,"ramp":1,"id":"14/5180/7337/27","source":"OpenFreeMap / OpenStreetMap","exposureHigh":true,"exposureModerate":false,"zoneLabels":"VE"},"id":10842796352},{"type":"Feature","geometry":{"type":"LineString","coordinates":[[-66.16619646549225,18.450351653596755],[-66.16615891456604,18.450448338443323],[-66.16610527038574,18.450524668546905],[-66.16607308387756,18.450550111907205],[-66.16599798202515,18.45058573260532]]},"properties":{"class":"primary","oneway":1,"ramp":1,"id":"14/5180/7337/28","source":"OpenFreeMap / OpenStreetMap","exposureHigh":false,"exposureModerate":true,"zoneLabels":"X"},"id":11121486782},{"type":"Feature","geometry":{"type":"LineString","coordinates":[[-66.17818057537079,18.437736358681263],[-66.17842197418213,18.4378025163348],[-66.1785238981247,18.437858495867886],[-66.17856681346893,18.437975543923613]]},"properties":{"class":"tertiary","oneway":1,"ramp":1,"id":"14/5180/7337/29","source":"OpenFreeMap / OpenStreetMap","exposureHigh":false,"exposureModerate":true,"zoneLabels":"X"},"id":13964536992},{"type":"Feature","geometry":{"type":"LineString","coordinates":[[-66.17867946624756,18.438026434357752],[-66.17875456809998,18.43788394110419],[-66.17881894111633,18.437843228724304],[-66.17904961109161,18.437751625834352]]},"properties":{"class":"tertiary","oneway":1,"ramp":1,"id":"14/5180/7337/30","source":"OpenFreeMap / OpenStreetMap","exposureHigh":false,"exposureModerate":true,"zoneLabels":"X"},"id":13964537002},{"type":"Feature","geometry":{"type":"LineString","coordinates":[[-66.16607308387756,18.445960068710434],[-66.16610527038574,18.44576160509625],[-66.16614282131195,18.445700539322686],[-66.16618573665619,18.44564965116146],[-66.16641104221344,18.445486808944224]]},"properties":{"class":"primary","oneway":1,"ramp":1,"id":"14/5180/7337/31","source":"OpenFreeMap / OpenStreetMap","exposureHigh":false,"exposureModerate":true,"zoneLabels":"X"},"id":14121839172},{"type":"Feature","geometry":{"type":"MultiLineString","coordinates":[[[-66.1819839477539,18.44319173502656],[-66.179119348526,18.441156167094277],[-66.17894232273102,18.441069654922913],[-66.17867410182953,18.441044210158353],[-66.17843806743622,18.44110018863543],[-66.17823421955109,18.441257946063644],[-66.17713451385498,18.442657400778728],[-66.17678582668304,18.443252801691926],[-66.17651760578156,18.44396015565053],[-66.17619574069977,18.44509496922639],[-66.17576122283936,18.445868470147772]],[[-66.17488145828247,18.445532608333423],[-66.17576122283936,18.445868470147772],[-66.1758416891098,18.445914269435207],[-66.17720425128937,18.446845518964707],[-66.17832005023956,18.44765972206679],[-66.17881894111633,18.448000668469305],[-66.1819839477539,18.450249880015264]]]},"properties":{"surface":"paved","class":"tertiary","id":"14/5180/7337/32","source":"OpenFreeMap / OpenStreetMap","exposureHigh":false,"exposureModerate":true,"zoneLabels":"X"},"id":222364000},{"type":"Feature","geometry":{"type":"LineString","coordinates":[[-66.17488145828247,18.445532608333423],[-66.17497265338898,18.44544100954282],[-66.17546617984772,18.443675178866442]]},"properties":{"class":"tertiary","oneway":1,"id":"14/5180/7337/33","source":"OpenFreeMap / OpenStreetMap","exposureHigh":false,"exposureModerate":true,"zoneLabels":"X"},"id":222368022},{"type":"Feature","geometry":{"type":"MultiLineString","coordinates":[[[-66.17498874664307,18.451918959135327],[-66.17506921291351,18.451796831944918],[-66.17545008659363,18.451282879066724],[-66.17611527442932,18.450438161093615],[-66.17693066596985,18.449435689191972],[-66.17832005023956,18.44765972206679]],[[-66.16549372673035,18.445558052433256],[-66.16584241390228,18.445532608333423],[-66.16606771945953,18.44550207540864],[-66.16725325584412,18.445451187188638],[-66.1675214767456,18.445461364833847],[-66.17384076118469,18.445379943655283],[-66.17428600788116,18.445420654249375],[-66.17488145828247,18.445532608333423]],[[-66.16311728954315,18.43759895424256],[-66.16311728954315,18.43761422140784],[-66.16313874721527,18.43764475573434],[-66.16317629814148,18.437660022895543],[-66.16321384906769,18.437660022895543],[-66.16324603557587,18.437639666680298],[-66.16326749324799,18.43759895424256]],[[-66.17281079292297,18.43759895424256],[-66.172816157341,18.43857096105984],[-66.17280006408691,18.43923253323615],[-66.17282152175903,18.43951751738875],[-66.17282152175903,18.440291043420572],[-66.1729234457016,18.440438623649513],[-66.17409825325012,18.4407286947646],[-66.17470443248749,18.44088645253389],[-66.17501020431519,18.441028943297795],[-66.17632448673248,18.441960219309124]]]},"properties":{"class":"tertiary","id":"14/5180/7337/34","source":"OpenFreeMap / OpenStreetMap","exposureHigh":true,"exposureModerate":true,"zoneLabels":"A, VE, X"},"id":222368270},{"type":"Feature","geometry":{"type":"LineString","coordinates":[[-66.1819839477539,18.43760404329781],[-66.18167281150818,18.43759895424256]]},"properties":{"class":"tertiary","oneway":1,"id":"14/5180/7337/36","source":"OpenFreeMap / OpenStreetMap","exposureHigh":false,"exposureModerate":true,"zoneLabels":"X"},"id":604491812},{"type":"Feature","geometry":{"type":"LineString","coordinates":[[-66.17632448673248,18.441960219309124],[-66.17759585380554,18.440352111116894]]},"properties":{"class":"tertiary","oneway":1,"id":"14/5180/7337/37","source":"OpenFreeMap / OpenStreetMap","exposureHigh":false,"exposureModerate":true,"zoneLabels":"X"},"id":604682662},{"type":"Feature","geometry":{"type":"LineString","coordinates":[[-66.17815911769867,18.439629475319407],[-66.17833077907562,18.43934958035601],[-66.17849171161652,18.43900352777102],[-66.17862582206726,18.438586228138774]]},"properties":{"class":"tertiary","oneway":1,"id":"14/5180/7337/38","source":"OpenFreeMap / OpenStreetMap","exposureHigh":false,"exposureModerate":true,"zoneLabels":"X"},"id":604682832},{"type":"Feature","geometry":{"type":"LineString","coordinates":[[-66.17862582206726,18.438586228138774],[-66.17867410182953,18.438204550758613],[-66.17867946624756,18.438026434357752]]},"properties":{"class":"tertiary","oneway":1,"id":"14/5180/7337/39","source":"OpenFreeMap / OpenStreetMap","exposureHigh":false,"exposureModerate":true,"zoneLabels":"X"},"id":10579886412},{"type":"Feature","geometry":{"type":"LineString","coordinates":[[-66.17125511169434,18.43759895424256],[-66.17857217788696,18.43774144773245]]},"properties":{"class":"tertiary","oneway":1,"id":"14/5180/7337/40","source":"OpenFreeMap / OpenStreetMap","exposureHigh":true,"exposureModerate":true,"zoneLabels":"A, X"},"id":13842412252},{"type":"Feature","geometry":{"type":"LineString","coordinates":[[-66.17546617984772,18.443675178866442],[-66.17577731609344,18.442866045778032],[-66.17609918117523,18.442255376772962],[-66.17632448673248,18.441960219309124]]},"properties":{"class":"tertiary","oneway":1,"id":"14/5180/7337/41","source":"OpenFreeMap / OpenStreetMap","exposureHigh":false,"exposureModerate":true,"zoneLabels":"X"},"id":13964536942},{"type":"Feature","geometry":{"type":"LineString","coordinates":[[-66.17869019508362,18.437746536783465],[-66.17869555950165,18.43759895424256]]},"properties":{"class":"tertiary","oneway":1,"id":"14/5180/7337/42","source":"OpenFreeMap / OpenStreetMap","exposureHigh":false,"exposureModerate":true,"zoneLabels":"X"},"id":13964537012},{"type":"Feature","geometry":{"type":"LineString","coordinates":[[-66.17869019508362,18.437746536783465],[-66.17904961109161,18.437751625834352]]},"properties":{"class":"tertiary","oneway":1,"id":"14/5180/7337/43","source":"OpenFreeMap / OpenStreetMap","exposureHigh":false,"exposureModerate":true,"zoneLabels":"X"},"id":13964537022},{"type":"Feature","geometry":{"type":"LineString","coordinates":[[-66.17904961109161,18.437751625834352],[-66.1819839477539,18.437812694433077]]},"properties":{"class":"tertiary","oneway":1,"id":"14/5180/7337/44","source":"OpenFreeMap / OpenStreetMap","exposureHigh":false,"exposureModerate":true,"zoneLabels":"X"},"id":13964537032},{"type":"Feature","geometry":{"type":"LineString","coordinates":[[-66.17857217788696,18.43774144773245],[-66.17869019508362,18.437746536783465]]},"properties":{"class":"tertiary","oneway":1,"id":"14/5180/7337/45","source":"OpenFreeMap / OpenStreetMap","exposureHigh":false,"exposureModerate":true,"zoneLabels":"X"},"id":13964537042},{"type":"Feature","geometry":{"type":"LineString","coordinates":[[-66.17857217788696,18.43774144773245],[-66.17856681346893,18.437975543923613]]},"properties":{"class":"tertiary","oneway":1,"id":"14/5180/7337/46","source":"OpenFreeMap / OpenStreetMap","exposureHigh":false,"exposureModerate":true,"zoneLabels":"X"},"id":13964537052},{"type":"Feature","geometry":{"type":"LineString","coordinates":[[-66.17749392986298,18.440291043420572],[-66.176238656044,18.44189406325627],[-66.1760026216507,18.442224843265734],[-66.17579340934753,18.44257597827125],[-66.17553055286407,18.443120490556197],[-66.17535352706909,18.443644645611542],[-66.17484927177429,18.445420654249375],[-66.17488145828247,18.445532608333423]]},"properties":{"class":"tertiary","oneway":1,"id":"14/5180/7337/47","source":"OpenFreeMap / OpenStreetMap","exposureHigh":false,"exposureModerate":true,"zoneLabels":"X"},"id":13964537062},{"type":"Feature","geometry":{"type":"LineString","coordinates":[[-66.17857754230499,18.43759895424256],[-66.17857217788696,18.43774144773245]]},"properties":{"class":"tertiary","oneway":1,"id":"14/5180/7337/48","source":"OpenFreeMap / OpenStreetMap","exposureHigh":false,"exposureModerate":true,"zoneLabels":"X"},"id":13964537072},{"type":"Feature","geometry":{"type":"LineString","coordinates":[[-66.17867946624756,18.438026434357752],[-66.17869019508362,18.437746536783465]]},"properties":{"class":"tertiary","oneway":1,"id":"14/5180/7337/49","source":"OpenFreeMap / OpenStreetMap","exposureHigh":false,"exposureModerate":true,"zoneLabels":"X"},"id":13964537112},{"type":"Feature","geometry":{"type":"LineString","coordinates":[[-66.17856681346893,18.437975543923613],[-66.17854535579681,18.438474269528456],[-66.17849171161652,18.438698186676177],[-66.17839515209198,18.438967904671244],[-66.17822885513306,18.43929869031369],[-66.17802500724792,18.439604030341556]]},"properties":{"class":"tertiary","oneway":1,"id":"14/5180/7337/50","source":"OpenFreeMap / OpenStreetMap","exposureHigh":false,"exposureModerate":true,"zoneLabels":"X"},"id":13964537162},{"type":"Feature","geometry":{"type":"LineString","coordinates":[[-66.16638422012329,18.450697683322716],[-66.16806328296661,18.450631530634894],[-66.16846024990082,18.450631530634894],[-66.16874992847443,18.450651885310776],[-66.17082059383392,18.45091649587782]]},"properties":{"surface":"paved","class":"secondary","oneway":1,"id":"14/5180/7337/51","source":"OpenFreeMap / OpenStreetMap","exposureHigh":true,"exposureModerate":true,"zoneLabels":"VE, X"},"id":604491682},{"type":"Feature","geometry":{"type":"LineString","coordinates":[[-66.1819839477539,18.456493577575287],[-66.18120074272156,18.455735390064845],[-66.18085205554962,18.455414813130417],[-66.18065357208252,18.455251980172548],[-66.18041217327118,18.455078969985635],[-66.17994546890259,18.45479401165062],[-66.17871701717377,18.454198650745823],[-66.17838978767395,18.454025639497473],[-66.17814302444458,18.453878070941983],[-66.17794454097748,18.453745767991308],[-66.17641568183899,18.452595745741107],[-66.17563784122467,18.45212250425965],[-66.17506921291351,18.451796831944918]]},"properties":{"surface":"paved","class":"secondary","oneway":1,"id":"14/5180/7337/52","source":"OpenFreeMap / OpenStreetMap","exposureHigh":true,"exposureModerate":true,"zoneLabels":"VE, X"},"id":604683412},{"type":"Feature","geometry":{"type":"LineString","coordinates":[[-66.17450058460236,18.45150169087617],[-66.1739856004715,18.451303233665413],[-66.17362082004547,18.45119128334278],[-66.17318630218506,18.451104776225307],[-66.17083668708801,18.450799456638833]]},"properties":{"class":"secondary","oneway":1,"id":"14/5180/7337/53","source":"OpenFreeMap / OpenStreetMap","exposureHigh":true,"exposureModerate":true,"zoneLabels":"VE, X"},"id":604683742},{"type":"Feature","geometry":{"type":"LineString","coordinates":[[-66.16669535636902,18.450575555263768],[-66.16638422012329,18.450580643934614]]},"properties":{"class":"secondary","oneway":1,"id":"14/5180/7337/54","source":"OpenFreeMap / OpenStreetMap","exposureHigh":true,"exposureModerate":true,"zoneLabels":"VE, X"},"id":13944753542},{"type":"Feature","geometry":{"type":"LineString","coordinates":[[-66.17083668708801,18.450799456638833],[-66.16887867450714,18.45054502323545],[-66.1686372756958,18.450529757219257],[-66.16809010505676,18.450529757219257],[-66.16669535636902,18.450575555263768]]},"properties":{"class":"secondary","oneway":1,"id":"14/5180/7337/55","source":"OpenFreeMap / OpenStreetMap","exposureHigh":true,"exposureModerate":false,"zoneLabels":"VE"},"id":13945448202},{"type":"Feature","geometry":{"type":"LineString","coordinates":[[-66.17498874664307,18.451918959135327],[-66.175337433815,18.452117415634476],[-66.17557883262634,18.45223954259687],[-66.17576658725739,18.45234640361774],[-66.17610991001129,18.452544859622876],[-66.17641568183899,18.452743315398678],[-66.17789626121521,18.453862805222116],[-66.17814302444458,18.454030728066087],[-66.17838442325592,18.45416811936171],[-66.17987036705017,18.454885605452745],[-66.18011713027954,18.45502808460334],[-66.18034243583679,18.45517565217041],[-66.18068039417267,18.455435167239273],[-66.1819839477539,18.456707294255168]]},"properties":{"surface":"paved","class":"secondary","oneway":1,"id":"14/5180/7337/56","source":"OpenFreeMap / OpenStreetMap","exposureHigh":true,"exposureModerate":true,"zoneLabels":"VE, X"},"id":13945448222},{"type":"Feature","geometry":{"type":"LineString","coordinates":[[-66.17082059383392,18.45091649587782],[-66.17254793643951,18.451135308154107],[-66.17307364940643,18.451226903907894],[-66.17363154888153,18.45134394285556],[-66.17396950721741,18.451445715788665],[-66.17442011833191,18.451628906916284],[-66.17498874664307,18.451918959135327]]},"properties":{"surface":"paved","class":"secondary","oneway":1,"id":"14/5180/7337/57","source":"OpenFreeMap / OpenStreetMap","exposureHigh":true,"exposureModerate":false,"zoneLabels":"VE"},"id":14341261742},{"type":"Feature","geometry":{"type":"LineString","coordinates":[[-66.17506921291351,18.451796831944918],[-66.17450058460236,18.45150169087617]]},"properties":{"surface":"paved","class":"secondary","oneway":1,"id":"14/5180/7337/58","source":"OpenFreeMap / OpenStreetMap","exposureHigh":false,"exposureModerate":true,"zoneLabels":"X"},"id":14341261762},{"type":"Feature","geometry":{"type":"LineString","coordinates":[[-66.16638422012329,18.450697683322716],[-66.16638422012329,18.450580643934614]]},"properties":{"class":"primary","oneway":1,"id":"14/5180/7337/59","source":"OpenFreeMap / OpenStreetMap","exposureHigh":false,"exposureModerate":true,"zoneLabels":"X"},"id":604491922},{"type":"Feature","geometry":{"type":"LineString","coordinates":[[-66.1593246459961,18.45177647740472],[-66.16019368171692,18.451583109152708]]},"properties":{"expressway":1,"class":"primary","oneway":1,"id":"14/5180/7337/60","source":"OpenFreeMap / OpenStreetMap","exposureHigh":true,"exposureModerate":false,"zoneLabels":"VE"},"id":2034815272},{"type":"Feature","geometry":{"type":"LineString","coordinates":[[-66.16016685962677,18.45149660223261],[-66.1593246459961,18.451689970582052]]},"properties":{"expressway":1,"surface":"paved","class":"primary","oneway":1,"id":"14/5180/7337/61","source":"OpenFreeMap / OpenStreetMap","exposureHigh":true,"exposureModerate":false,"zoneLabels":"VE"},"id":2034815282},{"type":"Feature","geometry":{"type":"LineString","coordinates":[[-66.16311728954315,18.45091649587782],[-66.16368591785431,18.450784190645265],[-66.16397559642792,18.450743481322434],[-66.16435110569,18.450723126657408],[-66.16620719432831,18.450697683322716]]},"properties":{"expressway":1,"class":"primary","oneway":1,"id":"14/5180/7337/62","source":"OpenFreeMap / OpenStreetMap","exposureHigh":true,"exposureModerate":true,"zoneLabels":"VE, X"},"id":11121486792},{"type":"Feature","geometry":{"type":"LineString","coordinates":[[-66.16638422012329,18.450580643934614],[-66.16620182991028,18.45058573260532]]},"properties":{"expressway":1,"class":"primary","oneway":1,"id":"14/5180/7337/63","source":"OpenFreeMap / OpenStreetMap","exposureHigh":false,"exposureModerate":true,"zoneLabels":"X"},"id":11121486802},{"type":"Feature","geometry":{"type":"LineString","coordinates":[[-66.16638422012329,18.450580643934614],[-66.16638422012329,18.449064213346574],[-66.16614282131195,18.447634278278272],[-66.16608917713165,18.447155934352608],[-66.16596579551697,18.437934831565457],[-66.16597652435303,18.43759895424256]]},"properties":{"class":"primary","oneway":1,"id":"14/5180/7337/64","source":"OpenFreeMap / OpenStreetMap","exposureHigh":false,"exposureModerate":true,"zoneLabels":"X"},"id":13944753482},{"type":"Feature","geometry":{"type":"LineString","coordinates":[[-66.16599798202515,18.45058573260532],[-66.16529524326324,18.450590821275867],[-66.16403996944427,18.450636619304092],[-66.16340696811676,18.450753658654037],[-66.16309583187103,18.450829988621905]]},"properties":{"expressway":1,"class":"primary","oneway":1,"id":"14/5180/7337/65","source":"OpenFreeMap / OpenStreetMap","exposureHigh":true,"exposureModerate":true,"zoneLabels":"VE, X"},"id":13944753492},{"type":"Feature","geometry":{"type":"LineString","coordinates":[[-66.16620182991028,18.45058573260532],[-66.16599798202515,18.45058573260532]]},"properties":{"expressway":1,"class":"primary","oneway":1,"id":"14/5180/7337/66","source":"OpenFreeMap / OpenStreetMap","exposureHigh":false,"exposureModerate":true,"zoneLabels":"X"},"id":13944753502},{"type":"Feature","geometry":{"type":"LineString","coordinates":[[-66.16620182991028,18.45058573260532],[-66.16620719432831,18.450697683322716]]},"properties":{"class":"primary","oneway":1,"id":"14/5180/7337/67","source":"OpenFreeMap / OpenStreetMap","exposureHigh":false,"exposureModerate":true,"zoneLabels":"X"},"id":13944753512},{"type":"Feature","geometry":{"type":"LineString","coordinates":[[-66.16620719432831,18.450697683322716],[-66.16638422012329,18.450697683322716]]},"properties":{"expressway":1,"class":"primary","oneway":1,"id":"14/5180/7337/68","source":"OpenFreeMap / OpenStreetMap","exposureHigh":false,"exposureModerate":true,"zoneLabels":"X"},"id":13944753522},{"type":"Feature","geometry":{"type":"LineString","coordinates":[[-66.16619646549225,18.450351653596755],[-66.16620182991028,18.45058573260532]]},"properties":{"class":"primary","oneway":1,"id":"14/5180/7337/69","source":"OpenFreeMap / OpenStreetMap","exposureHigh":false,"exposureModerate":true,"zoneLabels":"X"},"id":13944753532},{"type":"Feature","geometry":{"type":"LineString","coordinates":[[-66.16575121879578,18.43759895424256],[-66.16574585437775,18.437934831565457],[-66.1658638715744,18.447166111896806],[-66.16592288017273,18.44765972206679],[-66.16615891456604,18.449084568208235],[-66.16619646549225,18.450351653596755]]},"properties":{"class":"primary","oneway":1,"id":"14/5180/7337/70","source":"OpenFreeMap / OpenStreetMap","exposureHigh":false,"exposureModerate":true,"zoneLabels":"X"},"id":14343235352},{"type":"Feature","geometry":{"type":"LineString","coordinates":[[-66.17759585380554,18.440352111116894],[-66.17815911769867,18.439629475319407]]},"properties":{"brunnel":"bridge","class":"tertiary","layer":1,"oneway":1,"id":"14/5180/7337/71","source":"OpenFreeMap / OpenStreetMap","exposureHigh":true,"exposureModerate":true,"zoneLabels":"A, X"},"id":604682732},{"type":"Feature","geometry":{"type":"LineString","coordinates":[[-66.17802500724792,18.439604030341556],[-66.17749392986298,18.440291043420572]]},"properties":{"brunnel":"bridge","class":"tertiary","layer":1,"oneway":1,"id":"14/5180/7337/72","source":"OpenFreeMap / OpenStreetMap","exposureHigh":true,"exposureModerate":true,"zoneLabels":"A, X"},"id":13964537172},{"type":"Feature","geometry":{"type":"LineString","coordinates":[[-66.16019368171692,18.451583109152708],[-66.16311728954315,18.45091649587782]]},"properties":{"brunnel":"bridge","expressway":1,"surface":"paved","class":"primary","layer":1,"oneway":1,"id":"14/5180/7337/73","source":"OpenFreeMap / OpenStreetMap","exposureHigh":true,"exposureModerate":false,"zoneLabels":"VE"},"id":604491642},{"type":"Feature","geometry":{"type":"LineString","coordinates":[[-66.16309583187103,18.450829988621905],[-66.16016685962677,18.45149660223261]]},"properties":{"brunnel":"bridge","expressway":1,"surface":"paved","class":"primary","layer":1,"oneway":1,"id":"14/5180/7337/74","source":"OpenFreeMap / OpenStreetMap","exposureHigh":true,"exposureModerate":false,"zoneLabels":"VE"},"id":604491712},{"type":"Feature","geometry":{"type":"MultiLineString","coordinates":[[[-66.17929637432098,18.438250352088986],[-66.17930173873901,18.437894119197637]],[[-66.17913544178009,18.437889030150984],[-66.17912471294403,18.438250352088986]],[[-66.17804646492004,18.437023890029337],[-66.17840588092804,18.437028979101598]],[[-66.17805182933807,18.43686612871413],[-66.17840588092804,18.43687121779108]],[[-66.17805182933807,18.436693100008384],[-66.17840588092804,18.436698189090464]],[[-66.17824494838715,18.438250352088986],[-66.17826640605927,18.437965365834984]],[[-66.16387367248535,18.42203591864535],[-66.16377174854279,18.422051187192622],[-66.16376101970673,18.422066455738516],[-66.1637932062149,18.422270036220965]],[[-66.16321384906769,18.421801800751126],[-66.16317629814148,18.421506608169437]],[[-66.1626935005188,18.421873054057016],[-66.16264522075653,18.421506608169437]],[[-66.16252720355988,18.421913770218552],[-66.16247355937958,18.42151678723239]],[[-66.16287052631378,18.421852695972618],[-66.16282224655151,18.42150151863771]],[[-66.1630368232727,18.421827248363755],[-66.16298854351044,18.421506608169437]],[[-66.162189245224,18.422000292029836],[-66.16212487220764,18.421557503478283]],[[-66.16235554218292,18.4219799339605],[-66.16230189800262,18.421537145356552]],[[-66.16189956665039,18.42202573961309],[-66.16184592247009,18.4215931301855]],[[-66.16171717643738,18.421959575888778],[-66.16166353225708,18.421613488300608]],[[-66.1615401506424,18.42190868069889],[-66.16150259971619,18.4216338464133]],[[-66.16135776042938,18.42191885973807],[-66.1613255739212,18.421659294050798]],[[-66.16120219230652,18.421964665406932],[-66.16115391254425,18.421679652158062]],[[-66.16103053092957,18.42204609767701],[-66.1609822511673,18.421700010262924]],[[-66.16086959838867,18.42209699282624],[-66.16081595420837,18.421720368365385]],[[-66.1605852842331,18.422142798447666],[-66.1605316400528,18.421755995038893]],[[-66.16041898727417,18.42216824600986],[-66.16035997867584,18.421776353134703]],[[-66.16044044494629,18.42323195074175],[-66.16053700447083,18.423786703231244]],[[-66.16010785102844,18.4232828455401],[-66.16019904613495,18.423837597865443]],[[-66.15976452827454,18.4233337403234],[-66.15987181663513,18.423883403023353]],[[-66.15970551967621,18.423908850328033],[-66.15960359573364,18.42335918770941]],[[-66.16035461425781,18.423812150550248],[-66.16026878356934,18.42325739814281]],[[-66.160027384758,18.4238630451769],[-66.15994691848755,18.423308292933626]],[[-66.1598289012909,18.424402527293736],[-66.16172254085541,18.424153144261354]],[[-66.16023659706116,18.424687536030817],[-66.15994155406952,18.424718072653206]],[[-66.16010785102844,18.42452976339544],[-66.15988254547119,18.424555210604495]],[[-66.16070866584778,18.423761255908502],[-66.16061747074127,18.423206503336928]],[[-66.16192102432251,18.424295648895566],[-66.1617761850357,18.424316006690816],[-66.16175472736359,18.424310917242238],[-66.1617386341095,18.42428546999703],[-66.16167426109314,18.42384777679048]],[[-66.16198003292084,18.424723162089748],[-66.16187810897827,18.424025907881045],[-66.16186201572418,18.42399537113576],[-66.16183519363403,18.423980102761092],[-66.16178154945374,18.423980102761092],[-66.15976989269257,18.424244754396895]],[[-66.16225361824036,18.424244754396895],[-66.16232335567474,18.42467226771761]],[[-66.16332113742828,18.422773896878923],[-66.16341233253479,18.423343919278253],[-66.16339087486267,18.423379545615475],[-66.1623877286911,18.42351187194633],[-66.16236627101898,18.423506782473936],[-66.1622804403305,18.422916402655858]],[[-66.16396486759186,18.423964834385075],[-66.16407215595245,18.42394956600768],[-66.16408824920654,18.423939387088666],[-66.1640453338623,18.42369509285173]],[[-66.16397559642792,18.4244381534117],[-66.1617386341095,18.424758788141304]],[[-66.16371810436249,18.423766345373352],[-66.16355180740356,18.423771434838045],[-66.16295635700226,18.423842687328033],[-66.1622804403305,18.423939387088666],[-66.16232335567474,18.424239664946214],[-66.16390585899353,18.424010639509092],[-66.16387903690338,18.4238630451769],[-66.16230189800262,18.424086981355345]],[[-66.16360008716583,18.423776524302596],[-66.16364300251007,18.424046265708228]],[[-66.16300463676453,18.424142965354406],[-66.16295635700226,18.423842687328033]],[[-66.16557955741882,18.437889030150984],[-66.16558492183685,18.438250352088986]],[[-66.16517186164856,18.438250352088986],[-66.16541862487793,18.43757859802008],[-66.16542935371399,18.437420837214077]],[[-66.15964114665985,18.42391902924885],[-66.16086959838867,18.42373580858198]],[[-66.1593246459961,18.42326248762258],[-66.15941047668457,18.423364277186153]],[[-66.1593246459961,18.422819702320098],[-66.15941047668457,18.423364277186153],[-66.15970015525818,18.42406662353298],[-66.1598289012909,18.424402527293736],[-66.1599737405777,18.42480968248786],[-66.16000592708588,18.42484021908855],[-66.16004884243011,18.42486057681934],[-66.1602795124054,18.42482495078889]],[[-66.1593246459961,18.421913770218552],[-66.16018295288086,18.42179671122814],[-66.16257548332214,18.421506608169437],[-66.16317629814148,18.421506608169437],[-66.16337478160858,18.421547324417716]]]},"properties":{"class":"service","service":"parking_aisle","id":"14/5180/7338/0","source":"OpenFreeMap / OpenStreetMap","exposureHigh":false,"exposureModerate":true,"zoneLabels":"X"},"id":221122330},{"type":"Feature","geometry":{"type":"MultiLineString","coordinates":[[[-66.17998838424683,18.438250352088986],[-66.18000447750092,18.4379093863367],[-66.17894232273102,18.43788394110419],[-66.17892622947693,18.438250352088986]],[[-66.17873311042786,18.436525160215623],[-66.17840588092804,18.436525160215623],[-66.1777138710022,18.436499714778165],[-66.1777138710022,18.436357220258756]],[[-66.17840588092804,18.436525160215623],[-66.17840588092804,18.437313966908377],[-66.1783629655838,18.43734959035099],[-66.17817521095276,18.4373801247245],[-66.17813766002655,18.437436104395175],[-66.17814302444458,18.437527707453313]],[[-66.17840588092804,18.436927197627526],[-66.17858827114105,18.436927197627526]],[[-66.17837369441986,18.438250352088986],[-66.17838978767395,18.437970454879377],[-66.1776065826416,18.437929742519998],[-66.17759048938751,18.438199461721155],[-66.1776065826416,18.438250352088986]],[[-66.17690920829773,18.437858495867886],[-66.17627620697021,18.43784831777232]],[[-66.17690920829773,18.437710913423132],[-66.17691457271576,18.4380620576527]],[[-66.17749392986298,18.43751752933815],[-66.17749392986298,18.4373597684761],[-66.17793381214142,18.437369946600597],[-66.17792844772339,18.437191829334765],[-66.17802500724792,18.437186740267308],[-66.17804646492004,18.437090047957128],[-66.1780571937561,18.43651498204109]],[[-66.17654979228973,18.437853406820196],[-66.17654979228973,18.43803152340034],[-66.17629766464233,18.438026434357752]],[[-66.17648541927338,18.43803152340034],[-66.17648005485535,18.438250352088986]],[[-66.17648005485535,18.43818928364577],[-66.17612063884735,18.438174016531576]],[[-66.18085741996765,18.430606450002415],[-66.18063747882843,18.430957608745288],[-66.18046045303345,18.431105196988355]],[[-66.18166744709015,18.42933412970976],[-66.18165671825409,18.42875394853087],[-66.18162453174591,18.428713233988674],[-66.18157625198364,18.428687787394892]],[[-66.18101835250854,18.429110200363922],[-66.18105590343475,18.429059307290103],[-66.18107199668884,18.42900332489151],[-66.18108808994293,18.42892698522769],[-66.18110954761505,18.42870305535162]],[[-66.17908716201782,18.428601268947915],[-66.17916762828827,18.428682698075704],[-66.17939829826355,18.428830288271527]],[[-66.1800742149353,18.42810251469878],[-66.18004202842712,18.42800072793959],[-66.18000447750092,18.42780224358586],[-66.180020570755,18.427669920556085],[-66.18007957935333,18.427629205757214]],[[-66.18083596229553,18.42776152881831],[-66.18093252182007,18.4279294771723],[-66.18094325065613,18.42797528124038],[-66.18095934391022,18.42817885472863]],[[-66.18162989616394,18.424977633724623],[-66.1819839477539,18.424977633724623]],[[-66.17910861968994,18.42739000611914],[-66.17962896823883,18.427293308298673],[-66.17970943450928,18.427237325325137],[-66.17985963821411,18.427206789150063]],[[-66.17668926715851,18.427089733762074],[-66.17716670036316,18.42744598904298]],[[-66.17613673210144,18.417480741539222],[-66.17612600326538,18.417246617446068],[-66.17611527442932,18.417205900179965],[-66.17608308792114,18.417175362224043],[-66.17606163024902,18.417124465618826],[-66.176056265831,18.417053210346225],[-66.17606699466705,18.416976865378558]],[[-66.16386294364929,18.4219748444428],[-66.16380393505096,18.42196975492493],[-66.16378247737885,18.421954486370467]],[[-66.16340160369873,18.421776353134703],[-66.1625862121582,18.421893412138985],[-66.16239845752716,18.42196975492493],[-66.16193175315857,18.42203591864535],[-66.16171717643738,18.421959575888778],[-66.16149723529816,18.421893412138985],[-66.16130948066711,18.42192903877664],[-66.16113781929016,18.421985023478058],[-66.16096615791321,18.422081724283046],[-66.16024196147919,18.42219369356829],[-66.16018295288086,18.42179671122814]],[[-66.16337478160858,18.421547324417716],[-66.16353034973145,18.422748449406328],[-66.16358935832977,18.423155608515998],[-66.16363763809204,18.423389724567627],[-66.16367518901825,18.423450798267822],[-66.16372346878052,18.423501693001413]],[[-66.16198539733887,18.421577861597598],[-66.16204977035522,18.422020650096755]],[[-66.16066575050354,18.42174072646543],[-66.16072475910187,18.4221224403952]],[[-66.16016685962677,18.424193859883175],[-66.16024732589722,18.424784235316466],[-66.16030097007751,18.42485548738688],[-66.1603707075119,18.424886023979454],[-66.16043508052826,18.424901292273702],[-66.16063356399536,18.424875845115864],[-66.1607301235199,18.42486057681934],[-66.16075158119202,18.42484021908855],[-66.16076231002808,18.424804593053878],[-66.16066575050354,18.424127696992826]],[[-66.15970015525818,18.42406662353298],[-66.16096615791321,18.423888492484593]],[[-66.16008639335632,18.424366901168383],[-66.16014003753662,18.424697714905562]],[[-66.160928606987,18.42425493329783],[-66.16090178489685,18.424122607538678],[-66.16091787815094,18.424036086794942],[-66.1607837677002,18.42328793501912],[-66.16075694561005,18.42323704022226],[-66.16071403026581,18.423211592818205],[-66.16065502166748,18.42320141385551],[-66.1594158411026,18.423389724567627]],[[-66.16232335567474,18.424239664946214],[-66.16212487220764,18.424260022748086]],[[-66.16358935832977,18.423155608515998],[-66.16405069828033,18.423084355741366]],[[-66.16414725780487,18.422672106965976],[-66.16353034973145,18.422748449406328],[-66.16215169429779,18.422936760614334],[-66.16211950778961,18.42299274498778],[-66.16213023662567,18.42317087696385],[-66.16211950778961,18.423705271785195]],[[-66.1646568775177,18.42434654337916],[-66.16403460502625,18.424427974521606],[-66.16397559642792,18.4244381534117],[-66.16390585899353,18.424010639509092]],[[-66.16403460502625,18.424427974521606],[-66.16392731666565,18.423740898047598],[-66.16371810436249,18.423766345373352],[-66.16368591785431,18.42361366136231]],[[-66.16295635700226,18.423842687328033],[-66.16292417049408,18.42360348242343]],[[-66.16608917713165,18.430056808791107],[-66.16607308387756,18.429985558875813],[-66.16592288017273,18.42988377323131],[-66.16589605808258,18.429873594663547],[-66.1658263206482,18.42981252324431],[-66.16578876972198,18.429726005363236],[-66.16566002368927,18.429731094651572]],[[-66.16608381271362,18.429273058098914],[-66.16610527038574,18.42941555849049],[-66.16613745689392,18.429537701589283],[-66.16621255874634,18.430041540954605]],[[-66.16659879684448,18.42930359390705],[-66.16652369499207,18.42935448690858],[-66.16576731204987,18.429461362162712],[-66.16574585437775,18.42943591567966],[-66.16573512554169,18.4293595762079],[-66.1657726764679,18.429323951109467],[-66.1663144826889,18.429237432982575],[-66.16634130477905,18.429379933403666]],[[-66.16660416126251,18.429461362162712],[-66.16613745689392,18.429537701589283]],[[-66.16671681404114,18.438250352088986],[-66.1667275428772,18.437512440280344]],[[-66.1665290594101,18.437507351222393],[-66.1665290594101,18.438179105569787]],[[-66.16637349128723,18.437593865187182],[-66.16619646549225,18.437593865187182],[-66.16612136363983,18.437634577626113],[-66.16611063480377,18.437955187745743]],[[-66.165971159935,18.438128215180853],[-66.16608917713165,18.438133304220415],[-66.16620719432831,18.43808750285885],[-66.16652369499207,18.43808750285885]],[[-66.16596579551697,18.437955187745743],[-66.1663681268692,18.437965365834984],[-66.16637349128723,18.437593865187182],[-66.16637349128723,18.437507351222393]]]},"properties":{"class":"service","id":"14/5180/7338/1","source":"OpenFreeMap / OpenStreetMap","exposureHigh":false,"exposureModerate":true,"zoneLabels":"X"},"id":221156380},{"type":"Feature","geometry":{"type":"LineString","coordinates":[[-66.17289662361145,18.43414345094415],[-66.17288589477539,18.433634534427497],[-66.17290735244751,18.433573464344263]]},"properties":{"class":"service","access":"no","id":"14/5180/7338/3","source":"OpenFreeMap / OpenStreetMap","exposureHigh":false,"exposureModerate":true,"zoneLabels":"X"},"id":222358882},{"type":"Feature","geometry":{"type":"LineString","coordinates":[[-66.17960751056671,18.429385022702235],[-66.17984354496002,18.42956314805727],[-66.18003129959106,18.429680201761528]]},"properties":{"class":"service","service":"alley","id":"14/5180/7338/13","source":"OpenFreeMap / OpenStreetMap","exposureHigh":false,"exposureModerate":false,"zoneLabels":"X"},"id":5364815442},{"type":"Feature","geometry":{"type":"LineString","coordinates":[[-66.1772096157074,18.437716002475057],[-66.17738664150238,18.437827961579373],[-66.17751002311707,18.437919564428654],[-66.17755830287933,18.437934831565457],[-66.1776065826416,18.437929742519998]]},"properties":{"class":"service","oneway":1,"id":"14/5180/7338/22","source":"OpenFreeMap / OpenStreetMap","exposureHigh":false,"exposureModerate":true,"zoneLabels":"X"},"id":12307148442},{"type":"Feature","geometry":{"type":"LineString","coordinates":[[-66.16671681404114,18.43810785902106],[-66.16682946681976,18.4381638384547],[-66.16696894168854,18.438148571338232],[-66.16700649261475,18.438082413817938],[-66.16700649261475,18.437670201002277],[-66.16694211959839,18.437619310462637],[-66.16672217845917,18.43762439951729]]},"properties":{"class":"service","oneway":1,"id":"14/5180/7338/24","source":"OpenFreeMap / OpenStreetMap","exposureHigh":false,"exposureModerate":true,"zoneLabels":"X"},"id":13964522162},{"type":"Feature","geometry":{"type":"LineString","coordinates":[[-66.16671681404114,18.43810785902106],[-66.16682946681976,18.438092591899633],[-66.16693139076233,18.438051879569173],[-66.16700649261475,18.437950098700895]]},"properties":{"class":"service","oneway":1,"id":"14/5180/7338/25","source":"OpenFreeMap / OpenStreetMap","exposureHigh":false,"exposureModerate":true,"zoneLabels":"X"},"id":13964522172},{"type":"Feature","geometry":{"type":"MultiLineString","coordinates":[[[-66.17732763290405,18.42302328191107],[-66.17749392986298,18.422957118570437],[-66.17774069309235,18.422840060290042],[-66.17792308330536,18.42283497079778],[-66.17797672748566,18.422809523334223],[-66.17800891399384,18.422758628395812],[-66.17787480354309,18.422229320143757],[-66.17787480354309,18.422158066985432],[-66.17797136306763,18.42179671122814]],[[-66.17756366729736,18.422402363405354],[-66.17774069309235,18.422840060290042]]]},"properties":{"class":"service","service":"driveway","id":"14/5180/7338/26","source":"OpenFreeMap / OpenStreetMap","exposureHigh":false,"exposureModerate":false,"zoneLabels":"X"},"id":14118097840},{"type":"Feature","geometry":{"type":"MultiLineString","coordinates":[[[-66.1819839477539,18.43815366037721],[-66.1819839477539,18.438250352088986]],[[-66.18107736110687,18.438250352088986],[-66.18088960647583,18.438072235735603]],[[-66.18110954761505,18.438250352088986],[-66.1814957857132,18.437934831565457],[-66.18167817592621,18.437894119197637],[-66.1819839477539,18.437899208244147]],[[-66.18140459060669,18.437507351222393],[-66.18151187896729,18.435914468676827],[-66.18143141269684,18.43586357761731],[-66.18095934391022,18.435853399403612]],[[-66.18031024932861,18.436906841325467],[-66.1802887916565,18.43740048097048],[-66.18021368980408,18.43747172781248],[-66.17895841598511,18.4374157481534],[-66.17887794971466,18.4373801247245],[-66.17884576320648,18.437313966908377],[-66.17885112762451,18.436947553927155],[-66.17891550064087,18.43688648502102],[-66.18031024932861,18.436906841325467],[-66.18040144443512,18.43583304297438],[-66.18040680885315,18.43531395321446]],[[-66.18035852909088,18.436377576625915],[-66.17894232273102,18.436347042074274],[-66.1788672208786,18.436260527481878],[-66.17887258529663,18.43588902314896],[-66.17896378040314,18.435817775650875],[-66.18040144443512,18.43583304297438]],[[-66.18097007274628,18.43532413146012],[-66.18095934391022,18.435853399403612],[-66.18084669113159,18.437425926274585],[-66.18085741996765,18.437456460634536],[-66.18094325065613,18.437507351222393],[-66.1819839477539,18.43751752933815]],[[-66.18177473545074,18.43533430970517],[-66.18000447750092,18.435303774968204],[-66.17869019508362,18.43529868584484]],[[-66.18058383464813,18.434672722523175],[-66.18063747882843,18.43178206558366]],[[-66.18172109127045,18.434245234066694],[-66.18193030357361,18.432499645169244],[-66.18187665939331,18.43240803943148],[-66.18062674999237,18.432372414964718]],[[-66.18174254894257,18.43399077614737],[-66.18059456348419,18.43397041949754]],[[-66.18180692195892,18.433461502468617],[-66.18060529232025,18.43343605657762]],[[-66.18187129497528,18.432927137966715],[-66.18061602115631,18.43290678119095]],[[-66.18004202842712,18.433390253964347],[-66.1790120601654,18.43336480806279],[-66.17893695831299,18.43341061068287],[-66.17890477180481,18.434672722523175],[-66.17895305156708,18.434743970495887],[-66.18001520633698,18.434769416193262]],[[-66.18000447750092,18.435303774968204],[-66.18005812168121,18.432855889240955],[-66.18007957935333,18.431776976356034]],[[-66.17945730686188,18.43475923791476],[-66.17948412895203,18.433374986423857]],[[-66.1785238981247,18.43419434251294],[-66.17626547813416,18.434158718416384]],[[-66.17684483528137,18.434163807573483],[-66.17683947086334,18.43462692023938],[-66.17689311504364,18.43469307908981],[-66.17843270301819,18.43472870307565],[-66.1785078048706,18.434662544238947],[-66.1785238981247,18.43373631785137],[-66.17846488952637,18.433670158632722],[-66.17691457271576,18.43363962360013],[-66.17685556411743,18.43369051531809],[-66.17684483528137,18.434163807573483]],[[-66.17741346359253,18.435268151101553],[-66.17737054824829,18.437369946600597],[-66.17730617523193,18.4374157481534],[-66.17585241794586,18.4373801247245],[-66.17579877376556,18.437329234098968],[-66.17579877376556,18.43692210855224],[-66.17585241794586,18.436861039637037],[-66.17738127708435,18.43688648502102]],[[-66.1774080991745,18.435822864758862],[-66.17839515209198,18.43584831029652],[-66.17844879627228,18.435914468676827],[-66.17844343185425,18.43629106204888],[-66.1783629655838,18.436372487534356],[-66.17585241794586,18.43630632933035],[-66.17582023143768,18.43626561657676],[-66.17582023143768,18.43586357761731],[-66.17585241794586,18.43580759743446],[-66.1774080991745,18.435822864758862]],[[-66.17190420627594,18.438250352088986],[-66.17159843444824,18.438072235735603],[-66.17142140865326,18.43801625627215],[-66.17111027240753,18.437995900099082],[-66.16812765598297,18.437934831565457],[-66.16790235042572,18.43800607818592],[-66.16754293441772,18.438245263052877],[-66.16749465465546,18.438250352088986]],[[-66.1711049079895,18.438250352088986],[-66.17111027240753,18.437995900099082]],[[-66.17067575454712,18.433125616404183],[-66.16842269897461,18.43307981370819]],[[-66.17290735244751,18.433573464344263],[-66.17562711238861,18.433629445254724],[-66.17568612098694,18.433588731867104],[-66.17570221424103,18.433553107645025],[-66.17572903633118,18.43224518466603],[-66.17570757865906,18.432209560165532],[-66.17567002773285,18.43218411408921],[-66.17517650127411,18.432173935657644],[-66.17467761039734,18.432168846441627],[-66.17464005947113,18.432189203304773],[-66.17461323738098,18.43225536309339],[-66.17458641529083,18.43360908856212]],[[-66.17568075656891,18.434698168231094],[-66.17289125919342,18.434637098525727]],[[-66.17565929889679,18.43523252722754],[-66.17568075656891,18.434698168231094],[-66.17567539215088,18.43419434251294],[-66.17558419704437,18.434138361786438],[-66.17298245429993,18.434087470201078],[-66.17289662361145,18.43414345094415],[-66.17289125919342,18.434637098525727],[-66.17286443710327,18.43517654683913],[-66.17048799991608,18.435135833817938]],[[-66.17514431476593,18.43361926690872],[-66.17518186569214,18.431639567153468]],[[-66.17488145828247,18.43129349904558],[-66.17527842521667,18.430743860030702],[-66.17586314678192,18.429990648156448],[-66.17723107337952,18.428321356027013],[-66.17768704891205,18.42784804768783],[-66.17784798145294,18.42755795483599]],[[-66.17376565933228,18.430713324478333],[-66.17431819438934,18.431105196988355]],[[-66.17127120494843,18.43155305019181],[-66.17127120494843,18.431283320561278],[-66.17135167121887,18.431084839996842]],[[-66.17171108722687,18.431130643224364],[-66.17238163948059,18.429960112470326],[-66.17451131343842,18.426799639631],[-66.17492973804474,18.4260464104795]],[[-66.17178082466125,18.43100341200669],[-66.17077767848969,18.43046903986432],[-66.17041826248169,18.430306183262147],[-66.17035388946533,18.430331629616404],[-66.170294880867,18.43043850426315]],[[-66.1713194847107,18.43115100021045],[-66.1712497472763,18.431120464730412]],[[-66.17128193378448,18.430738770772336],[-66.17190420627594,18.429649666020268],[-66.1726176738739,18.428438410576632],[-66.17321848869324,18.427491793239838]],[[-66.17077767848969,18.43046903986432],[-66.17139458656311,18.429344308309467]],[[-66.17275714874268,18.431100107740704],[-66.17202758789062,18.430591182214712]],[[-66.17323458194733,18.430550468107555],[-66.17293953895569,18.430937251736296],[-66.17275714874268,18.431100107740704],[-66.17266058921814,18.43123751737444]],[[-66.17106199264526,18.429125468283132],[-66.17179155349731,18.427898941120134]],[[-66.17107808589935,18.42797528124038],[-66.17061138153076,18.42769027795191],[-66.17019295692444,18.427405274191088],[-66.16990864276886,18.427298397659]],[[-66.1726176738739,18.428438410576632],[-66.17044508457184,18.427013393248714],[-66.16999447345734,18.426850533373596]],[[-66.17292881011963,18.427949834537387],[-66.17068111896515,18.426509545010575],[-66.17026805877686,18.4263466846583],[-66.17008566856384,18.42632632710344]],[[-66.17415189743042,18.42810251469878],[-66.1730307340622,18.429517344412176]],[[-66.1745274066925,18.428377338647664],[-66.17582559585571,18.426764014002217],[-66.17596507072449,18.426565528221047]],[[-66.1746883392334,18.428499482483957],[-66.17343306541443,18.430056808791107],[-66.17327749729156,18.430178951434357]],[[-66.17574512958527,18.429257790192807],[-66.17444157600403,18.430804931119127]],[[-66.17723107337952,18.428321356027013],[-66.17688238620758,18.428107604035148]],[[-66.17768704891205,18.42784804768783],[-66.17811620235443,18.428173765394362]],[[-66.1777138710022,18.4296751124717],[-66.17826104164124,18.43001100527752]],[[-66.1772096157074,18.430331629616404],[-66.17380321025848,18.42784804768783],[-66.17321848869324,18.427491793239838],[-66.17188274860382,18.426621511413288],[-66.17107272148132,18.426082036256943],[-66.17074012756348,18.425914086098686],[-66.17018759250641,18.425756314588483]],[[-66.17636740207672,18.43139019461644],[-66.17606163024902,18.431334212976793],[-66.17586314678192,18.431191714175398],[-66.17527842521667,18.430743860030702]],[[-66.1774617433548,18.43166501331038],[-66.17742955684662,18.43303401099999],[-66.17735981941223,18.433105259651924],[-66.17719352245331,18.433105259651924],[-66.17693603038788,18.43309508127487],[-66.17687165737152,18.43303401099999],[-66.17689847946167,18.43165483484806]],[[-66.1780196428299,18.431675191772086],[-66.17799282073975,18.433059456950488],[-66.17806792259216,18.433120527216346],[-66.17849171161652,18.433125616404183],[-66.17855072021484,18.43305436776069],[-66.17857217788696,18.431736262529697],[-66.17850244045258,18.431685370233197],[-66.17689847946167,18.43165483484806],[-66.17632448673248,18.43166501331038],[-66.17072403430939,18.431547960957417]],[[-66.17885112762451,18.431751530215692],[-66.18195176124573,18.431812600946174]],[[-66.17798209190369,18.43133930221751],[-66.17897987365723,18.4301026122925]],[[-66.17901742458344,18.4301229694003],[-66.17969870567322,18.429273058098914]],[[-66.18009030818939,18.43045377206441],[-66.18064820766449,18.42969546963012],[-66.18082523345947,18.429471540754875],[-66.18106663227081,18.42913564689519]],[[-66.17925882339478,18.431359659178895],[-66.18001520633698,18.430433414995775]],[[-66.18006885051727,18.43232152285654],[-66.17901742458344,18.43230116600904],[-66.17895305156708,18.432352058123243],[-66.17894768714905,18.432586161654527],[-66.17894768714905,18.432774462089654],[-66.17901742458344,18.43283553245675],[-66.18005812168121,18.432855889240955]],[[-66.18149042129517,18.431156089456593],[-66.18182301521301,18.430718413737438],[-66.1819839477539,18.430540289579255]],[[-66.1819839477539,18.430835466655196],[-66.18176937103271,18.43078457409206],[-66.18009030818939,18.43045377206441],[-66.17943048477173,18.4303163618043],[-66.17897987365723,18.4301026122925],[-66.17794990539551,18.42936466550705]],[[-66.18114709854126,18.430056808791107],[-66.18131875991821,18.429858326810773],[-66.1812973022461,18.42980234467231],[-66.18082523345947,18.429471540754875]],[[-66.1819839477539,18.42960895169017],[-66.1796772480011,18.42842823192332],[-66.17952167987823,18.42836207066202],[-66.17930173873901,18.428316266696967],[-66.17895305156708,18.428153408055792],[-66.17837369441986,18.42783277965519],[-66.17676436901093,18.42699303577274],[-66.17596507072449,18.426565528221047],[-66.17492973804474,18.4260464104795],[-66.1745434999466,18.425837745063433],[-66.17426455020905,18.425669794666604],[-66.17364227771759,18.425308446287076],[-66.17303609848022,18.424936918288353],[-66.17144286632538,18.42391393978852],[-66.17059528827667,18.42489111341102],[-66.17041826248169,18.425176121338467],[-66.17026805877686,18.425491665278628],[-66.17016613483429,18.425832655659875],[-66.16999447345734,18.426850533373596],[-66.16990864276886,18.427298397659],[-66.1697906255722,18.42780224358586],[-66.16977453231812,18.42810251469878],[-66.16986572742462,18.42830099870592],[-66.17001056671143,18.42846385720732],[-66.17056846618652,18.42884046690105],[-66.17106199264526,18.429125468283132],[-66.17139458656311,18.429344308309467],[-66.17190420627594,18.429649666020268],[-66.17238163948059,18.429960112470326],[-66.17365837097168,18.430845645166016]],[[-66.1819839477539,18.429323951109467],[-66.18166744709015,18.42933412970976],[-66.18157088756561,18.42939520129893]],[[-66.18064820766449,18.42969546963012],[-66.1802190542221,18.429385022702235],[-66.18000984191895,18.429293415304954]],[[-66.18172645568848,18.426718209611522],[-66.1810290813446,18.42674874587334],[-66.18066430091858,18.42675892462607],[-66.1804872751236,18.426753835249784],[-66.18002593517303,18.426779282129743],[-66.17962896823883,18.426850533373596],[-66.17949485778809,18.426860712120316],[-66.17932856082916,18.426850533373596],[-66.17915153503418,18.426911605844836],[-66.17890477180481,18.42712535932337]],[[-66.1819839477539,18.426361952822887],[-66.18171036243439,18.4263466846583]],[[-66.18168890476227,18.42603623168459],[-66.17937684059143,18.426148198395467],[-66.17871165275574,18.42617364536504],[-66.17837905883789,18.42621436050854],[-66.17833077907562,18.42624998625118],[-66.17790162563324,18.426764014002217],[-66.17744565010071,18.42734420189518]],[[-66.18164598941803,18.425664705258086],[-66.1819839477539,18.425664705258086]],[[-66.18162989616394,18.425496754692276],[-66.18154406547546,18.425415324055862],[-66.18132948875427,18.42539496639074],[-66.17977380752563,18.425476397036775],[-66.17856681346893,18.425517112345347],[-66.17793381214142,18.42557818529012],[-66.17786943912506,18.425613811164553]],[[-66.17977380752563,18.425476397036775],[-66.17976307868958,18.42482495078889]],[[-66.17697894573212,18.426473919321694],[-66.17743492126465,18.425842834466835],[-66.17773532867432,18.42546621820813]],[[-66.17856681346893,18.425517112345347],[-66.17851316928864,18.42483004022226]],[[-66.17731153964996,18.424875845115864],[-66.17720425128937,18.424962365437153],[-66.17688238620758,18.42557818529012],[-66.17673754692078,18.4257614039943],[-66.17635667324066,18.426148198395467]],[[-66.17715060710907,18.423460977215754],[-66.17698967456818,18.42352205089064],[-66.17694675922394,18.42351187194633],[-66.17664635181427,18.423664556047726]],[[-66.1763995885849,18.422977476524096],[-66.17653369903564,18.422840060290042],[-66.17673218250275,18.42258049599282],[-66.17689847946167,18.42244307944162],[-66.17703795433044,18.42235655785305]],[[-66.17638349533081,18.422631390983923],[-66.17626547813416,18.422529600986664],[-66.17613673210144,18.422468526959378]],[[-66.17988109588623,18.424804593053878],[-66.17976307868958,18.42482495078889],[-66.17935001850128,18.42483004022226],[-66.17933392524719,18.424565389487043]],[[-66.18069648742676,18.42480968248786],[-66.18061602115631,18.42477914588173],[-66.18027806282043,18.424753698705814],[-66.18019223213196,18.42461119445113],[-66.18009030818939,18.42449413729645],[-66.18000447750092,18.42415823371462]],[[-66.18162989616394,18.424799503619752],[-66.18162989616394,18.425496754692276],[-66.18168890476227,18.42603623168459],[-66.18175864219666,18.42724750404895],[-66.18172109127045,18.427400184833928],[-66.18171036243439,18.4275172400106],[-66.1817318201065,18.428351892004187],[-66.1819839477539,18.428346802675037]],[[-66.1819839477539,18.423567856132564],[-66.18181765079498,18.423639108706894],[-66.18142604827881,18.423679824450403],[-66.18120074272156,18.424086981355345],[-66.18102371692657,18.4245094056255],[-66.18069648742676,18.42480968248786],[-66.18045508861542,18.425140495373356],[-66.18034780025482,18.425445860549033]],[[-66.1819839477539,18.419516589789055],[-66.18005275726318,18.419313006048128]],[[-66.18184447288513,18.417109196634343],[-66.18081986904144,18.417002313704884],[-66.180739402771,18.417032851691502],[-66.18059456348419,18.41820856005515]],[[-66.18058919906616,18.417297514015146],[-66.18013322353363,18.41718554154329],[-66.17810547351837,18.417333141604573],[-66.17710769176483,18.41739421745494],[-66.17667317390442,18.417445113980378],[-66.17594361305237,18.417501100140967],[-66.17506384849548,18.41755199663477],[-66.17434501647949,18.41757235522809],[-66.17352426052094,18.417725044601113],[-66.17339015007019,18.417755582459478]],[[-66.18048191070557,18.41819838079644],[-66.18059456348419,18.41820856005515],[-66.1819839477539,18.41835615923884]],[[-66.17829322814941,18.41731787263859],[-66.17845416069031,18.416752919944628]],[[-66.17810547351837,18.417333141604573],[-66.17813766002655,18.416758009616814]],[[-66.17741346359253,18.418345979988857],[-66.17914617061615,18.418244187455898]],[[-66.1771023273468,18.417521458740282],[-66.17695748806,18.4181627533862],[-66.17695748806,18.418407055479705]],[[-66.17885112762451,18.42089077373899],[-66.17859363555908,18.420844967784177],[-66.17834687232971,18.420834788681447],[-66.17768168449402,18.420839878232883],[-66.17763340473175,18.42082460957812],[-66.17734372615814,18.42048869883037]],[[-66.17763340473175,18.42082460957812],[-66.17761194705963,18.420850057335315],[-66.17756366729736,18.42108926606892],[-66.17768704891205,18.42123686278117],[-66.17774069309235,18.421252131399342],[-66.17798209190369,18.42128775816981],[-66.17817521095276,18.421374280295964],[-66.17829859256744,18.421379369831428],[-66.17855072021484,18.4212470418601],[-66.17867946624756,18.421216504621484],[-66.17873311042786,18.421282668631633],[-66.1787760257721,18.42136919076033]],[[-66.1780196428299,18.421852695972618],[-66.17790699005127,18.421725457890616],[-66.1770111322403,18.421430265177932]],[[-66.17669999599457,18.42192903877664],[-66.17624402046204,18.421705099788767]],[[-66.17594361305237,18.417501100140967],[-66.17592751979828,18.417857375281486],[-66.17606163024902,18.41789809239343],[-66.17613136768341,18.41803042294069]],[[-66.17503702640533,18.418340890363638],[-66.17506384849548,18.41755199663477],[-66.17506384849548,18.416752919944628]],[[-66.17377638816833,18.418300173356485],[-66.17384076118469,18.418544475254876],[-66.17386758327484,18.418590281822205],[-66.17389440536499,18.41859537144005],[-66.17429673671722,18.4185292063964],[-66.17431819438934,18.41851393753656],[-66.1743289232254,18.418493579054655],[-66.17434501647949,18.41757235522809]],[[-66.17234945297241,18.41853938563554],[-66.17075622081757,18.41875823913142]],[[-66.17208123207092,18.417496010490765],[-66.17058992385864,18.417704686025886]],[[-66.17221534252167,18.4180100644016],[-66.17067575454712,18.418234008199306]],[[-66.17307364940643,18.420295295375055],[-66.17305755615234,18.420173145712297]],[[-66.17324531078339,18.42096202742225],[-66.17372274398804,18.420437803205317],[-66.17376029491425,18.42037672843537],[-66.1737871170044,18.42025966839904],[-66.17378175258636,18.420096802129024]],[[-66.17237091064453,18.420478519706577],[-66.17260158061981,18.42024948926168],[-66.17305755615234,18.420173145712297],[-66.17378175258636,18.420096802129024],[-66.17437183856964,18.420000100208256],[-66.17449522018433,18.41995429401628],[-66.17459714412689,18.41989321907468],[-66.17469370365143,18.41980669620365]],[[-66.1723279953003,18.42190359117906],[-66.17156088352203,18.421282668631633],[-66.17150723934174,18.42125722093843],[-66.17137312889099,18.421262310477374],[-66.17109417915344,18.421303026783477],[-66.1710512638092,18.42131829539578],[-66.17098152637482,18.421364101224555],[-66.17052018642426,18.422020650096755]],[[-66.17146968841553,18.421964665406932],[-66.17136776447296,18.421888322618713]],[[-66.17068648338318,18.422773896878923],[-66.16921663284302,18.421827248363755],[-66.16910934448242,18.42185778549394],[-66.16884112358093,18.422229320143757]],[[-66.17107272148132,18.422376915877805],[-66.16900205612183,18.421048549712225]],[[-66.17079377174377,18.423486424582904],[-66.16844415664673,18.4219748444428],[-66.16841197013855,18.4218985016591],[-66.16925418376923,18.420682102068284],[-66.16925418376923,18.420432713641986]],[[-66.17192566394806,18.424224396593218],[-66.17208123207092,18.424020818423884],[-66.17235481739044,18.423776524302596],[-66.17282688617706,18.423389724567627],[-66.17298781871796,18.423216682299312],[-66.17315411567688,18.422941850103598],[-66.1732828617096,18.422351468346477],[-66.17336332798004,18.421705099788767],[-66.17380857467651,18.42114525104364],[-66.17418944835663,18.420814430474195]],[[-66.17486536502838,18.424621373330382],[-66.1736798286438,18.423954655466957],[-66.17282688617706,18.423389724567627]],[[-66.17462396621704,18.42384777679048],[-66.17399096488953,18.423471156163075],[-66.17315411567688,18.422941850103598]],[[-66.1745810508728,18.425140495373356],[-66.17335796356201,18.424443242856512],[-66.17235481739044,18.423776524302596]],[[-66.17469370365143,18.424952186578082],[-66.17548763751984,18.42535425105325]],[[-66.17416262626648,18.42731875509881],[-66.17352426052094,18.426952320813612],[-66.17283225059509,18.426540081309454],[-66.1721670627594,18.426127840817088],[-66.1711049079895,18.425501844105753],[-66.17041826248169,18.425176121338467]],[[-66.17352426052094,18.426952320813612],[-66.17426455020905,18.425669794666604],[-66.17469370365143,18.424952186578082],[-66.17486536502838,18.424621373330382],[-66.17485463619232,18.424417795630916],[-66.17430210113525,18.423013102937247],[-66.1742377281189,18.422931671124942],[-66.1732828617096,18.422351468346477]],[[-66.17283225059509,18.426540081309454],[-66.17345452308655,18.42552729117098],[-66.17364227771759,18.425308446287076]],[[-66.17303609848022,18.424936918288353],[-66.17399096488953,18.423471156163075],[-66.17430210113525,18.423013102937247]],[[-66.1716091632843,18.425791940426024],[-66.17204368114471,18.42505906456826],[-66.17198467254639,18.424962365437153],[-66.17107808589935,18.42434145393149]],[[-66.1711049079895,18.425501844105753],[-66.17161452770233,18.4247028043427]],[[-66.1685836315155,18.424906381704815],[-66.16836369037628,18.424687536030817],[-66.16832077503204,18.424489047853143],[-66.16834223270416,18.4243770800621],[-66.16938292980194,18.423221771780263]],[[-66.16801500320435,18.4260464104795],[-66.16790771484375,18.42545094996403],[-66.16766095161438,18.423857955714908]],[[-66.16707623004913,18.426524813160697],[-66.1659175157547,18.426692762722524],[-66.16585314273834,18.426779282129743],[-66.16589069366455,18.42695741018403],[-66.16621255874634,18.427537597424504],[-66.16627156734467,18.427624116406676],[-66.16633594036102,18.42763429510761],[-66.16714060306549,18.427079555028897],[-66.16715669631958,18.427003214511032],[-66.16702795028687,18.42618382415182]],[[-66.16547226905823,18.42639757853496],[-66.16801500320435,18.4260464104795],[-66.16828322410583,18.425954801303618],[-66.16848170757294,18.425832655659875],[-66.16986572742462,18.424351632826713],[-66.17038071155548,18.42391393978852],[-66.1723279953003,18.42190359117906],[-66.17268741130829,18.421552413948078],[-66.17275714874268,18.421445533778936],[-66.17280006408691,18.421338653543415],[-66.17282152175903,18.42123686278117],[-66.17282688617706,18.421140161501242],[-66.17279469966888,18.42095184832644],[-66.17271959781647,18.42080425136966],[-66.17237091064453,18.420478519706577],[-66.17201149463654,18.420178235283302],[-66.1717700958252,18.420091712555603],[-66.1704933643341,18.420254578830438],[-66.16783261299133,18.420631206500445],[-66.16758584976196,18.420727908066468],[-66.16741418838501,18.420895863288777],[-66.16733908653259,18.421063818347108],[-66.16731762886047,18.4212470418601],[-66.16750001907349,18.422468526959378],[-66.1674839258194,18.42261612248818],[-66.16740882396698,18.42278916536067],[-66.16727471351624,18.422936760614334],[-66.16710305213928,18.423028371397763],[-66.1664217710495,18.42314034006678],[-66.16495728492737,18.423354098232508]],[[-66.16646468639374,18.426616422032936],[-66.16650223731995,18.426819997129854]],[[-66.16634130477905,18.426280522596144],[-66.16593360900879,18.423644198175353],[-66.16585850715637,18.42357803507356],[-66.16545617580414,18.423628929769507],[-66.16538643836975,18.423705271785195],[-66.16572976112366,18.425949711903527],[-66.16580486297607,18.426000605897656],[-66.1673229932785,18.4257868510211],[-66.1673766374588,18.425700331114584],[-66.16710841655731,18.423939387088666]],[[-66.16684019565582,18.425858102676145],[-66.1664217710495,18.42314034006678],[-66.1663681268692,18.42279934434775]],[[-66.16756975650787,18.426107483236322],[-66.16759657859802,18.426295790766602],[-66.16764485836029,18.426463740552094],[-66.16771996021271,18.426590975128875]],[[-66.16581559181213,18.42287568673163],[-66.1656653881073,18.421557503478283]],[[-66.16845488548279,18.422626301485508],[-66.16797745227814,18.42314542954999],[-66.16776287555695,18.4232828455401],[-66.1664754152298,18.423486424582904]],[[-66.16892695426941,18.42292658163541],[-66.16823494434357,18.423634019238293],[-66.1679881811142,18.423771434838045],[-66.16766095161438,18.423857955714908],[-66.16655588150024,18.424010639509092]],[[-66.17014467716217,18.42370018231854],[-66.16938292980194,18.423221771780263],[-66.16811692714691,18.42240745291042]],[[-66.1703109741211,18.42317596644618],[-66.17134094238281,18.42209699282624],[-66.17189347743988,18.421542234887212],[-66.17219924926758,18.42120632554075],[-66.17222607135773,18.421135071958687],[-66.17218852043152,18.42106890789178],[-66.17178082466125,18.42075335583796],[-66.17170572280884,18.420717728956802],[-66.17162525653839,18.420697370735695],[-66.17152333259583,18.420702460291196],[-66.17057919502258,18.420834788681447]],[[-66.16986572742462,18.423527140362566],[-66.16814911365509,18.425369519305946],[-66.16790771484375,18.42545094996403]],[[-66.1700588464737,18.421725457890616],[-66.17051482200623,18.42107399743628],[-66.17056846618652,18.42096202742225],[-66.17057919502258,18.420834788681447],[-66.1704933643341,18.420254578830438]],[[-66.16960287094116,18.421430265177932],[-66.16988182067871,18.421033281075978],[-66.16991400718689,18.420906042387884]],[[-66.16973161697388,18.42093149013303],[-66.1701500415802,18.42087041553836]],[[-66.16968333721161,18.419150138881918],[-66.16938292980194,18.417165182904213],[-66.16940438747406,18.417088837986228],[-66.16990864276886,18.416941237715378],[-66.1704021692276,18.416829265011657],[-66.1704933643341,18.416839444351368]],[[-66.16943120956421,18.41747565188841],[-66.16917908191681,18.41751127944093],[-66.16888403892517,18.41751636909069]],[[-66.16893231868744,18.417099017310576],[-66.1686909198761,18.417078658661254],[-66.16819202899933,18.417139734601975],[-66.16724252700806,18.41739930710817],[-66.16593897342682,18.417414576066932]],[[-66.16855144500732,18.419598023217972],[-66.16840660572052,18.418676805304997],[-66.16834223270416,18.418580102586077],[-66.16818130016327,18.418473220570334]],[[-66.16737127304077,18.419460604284325],[-66.16775751113892,18.419007629985032],[-66.16818130016327,18.418473220570334],[-66.16850316524506,18.41808640891084],[-66.16891086101532,18.4180100644016]],[[-66.16685092449188,18.4193740811957],[-66.16667926311493,18.41950132101684],[-66.16632521152496,18.41967436702258],[-66.16618037223816,18.419699814949922],[-66.16464078426361,18.419587844041473],[-66.16453349590302,18.419526768969774],[-66.16447985172272,18.419440245914444],[-66.16436719894409,18.41897200274235],[-66.16420090198517,18.418478310191645],[-66.16400241851807,18.41807114001169],[-66.16397559642792,18.417918450945777]],[[-66.16775751113892,18.419007629985032],[-66.16789162158966,18.419099242860867]],[[-66.16758048534393,18.417307693327174],[-66.16752684116364,18.417241527788335],[-66.16741955280304,18.416798726988915],[-66.16742491722107,18.416752919944628]],[[-66.16679191589355,18.417083748323805],[-66.16682946681976,18.416752919944628]],[[-66.16627156734467,18.4181627533862],[-66.16620719432831,18.41819838079644],[-66.16556346416473,18.41870225337989]],[[-66.16637349128723,18.417088837986228],[-66.16594433784485,18.417088837986228]],[[-66.16620719432831,18.417088837986228],[-66.16625010967255,18.416752919944628]],[[-66.16584777832031,18.417088837986228],[-66.1654132604599,18.417093927648466]],[[-66.16563320159912,18.417093927648466],[-66.16567611694336,18.416752919944628]],[[-66.16634130477905,18.418773507969576],[-66.16706013679504,18.419628560743874]],[[-66.16618573665619,18.418890569017123],[-66.16634130477905,18.418773507969576],[-66.16649150848389,18.418656446842377]],[[-66.16632521152496,18.41967436702258],[-66.16621792316437,18.41948096265179],[-66.16556346416473,18.41870225337989],[-66.16537570953369,18.418498668675355],[-66.1652147769928,18.418432503594502],[-66.16431891918182,18.418437593217007],[-66.16420090198517,18.418478310191645]],[[-66.16533279418945,18.4193893499792],[-66.16539180278778,18.419338454028917]],[[-66.16543471813202,18.4193893499792],[-66.16513431072235,18.419038167615724],[-66.1650162935257,18.418966913135662],[-66.16436719894409,18.41897200274235]],[[-66.16700649261475,18.42162875688537],[-66.16713523864746,18.42250924297997],[-66.16705477237701,18.42266192797136],[-66.16694748401642,18.422717912434265],[-66.16534888744354,18.422941850103598],[-66.165252327919,18.422865507749066],[-66.16512894630432,18.421715278839997],[-66.16518795490265,18.42165420452359],[-66.1656653881073,18.421557503478283],[-66.16611063480377,18.42148116050936],[-66.16618037223816,18.421496429105858],[-66.16620182991028,18.42151678723239],[-66.16623938083649,18.42167456263148],[-66.16631984710693,18.421725457890616],[-66.16736590862274,18.421582951127064]],[[-66.16709232330322,18.422158066985432],[-66.16575121879578,18.422341289332905]],[[-66.16262376308441,18.420157876998346],[-66.16232872009277,18.418961823528804],[-66.16205513477325,18.41845795170552]],[[-66.16251111030579,18.419689635779434],[-66.16291344165802,18.41955221691896],[-66.16296708583832,18.419491141834612],[-66.1628383398056,18.41892110666859],[-66.16269886493683,18.41859537144005],[-66.16273105144501,18.4184884894338],[-66.16301536560059,18.418340890363638],[-66.16312265396118,18.418345979988857],[-66.16325676441193,18.418600461057736],[-66.16335332393646,18.418900748234876],[-66.16349279880524,18.419516589789055],[-66.16343379020691,18.419776158709368],[-66.1632513999939,18.419939025282915],[-66.16262376308441,18.420157876998346],[-66.16213023662567,18.4202647579675],[-66.16163671016693,18.42034619104227],[-66.15967869758606,18.420626116942827]],[[-66.16491973400116,18.417541817337224],[-66.16495192050934,18.417216079497393],[-66.16500556468964,18.417180451883752],[-66.16524696350098,18.41717027256422]],[[-66.16515040397644,18.417175362224043],[-66.16517186164856,18.416976865378558],[-66.16530060768127,18.416813996000954],[-66.1653220653534,18.416752919944628]],[[-66.16459250450134,18.417546906986075],[-66.16459250450134,18.41790318203175]],[[-66.16372883319855,18.417994795495673],[-66.16397559642792,18.417918450945777],[-66.16459250450134,18.41790318203175],[-66.16554200649261,18.41789809239343],[-66.16564929485321,18.417964257679785],[-66.16598725318909,18.418366338488212]],[[-66.16363763809204,18.417165182904213],[-66.16341769695282,18.417272065732504]],[[-66.16351962089539,18.417226258814225],[-66.16325676441193,18.416752919944628]],[[-66.16133630275726,18.419195945287996],[-66.16140067577362,18.41934354362462],[-66.16163671016693,18.42034619104227]],[[-66.16177082061768,18.41818311190724],[-66.16097152233124,18.416752919944628]],[[-66.16029560565948,18.41739930710817],[-66.16088032722473,18.418447772461576],[-66.16094470024109,18.418478310191645],[-66.16106808185577,18.418697163765216]],[[-66.15967869758606,18.417424755372025],[-66.1595231294632,18.41714482426272]],[[-66.16011321544647,18.41820347042588],[-66.15980207920074,18.417648699931533]],[[-66.15974843502045,18.419022898801046],[-66.15996301174164,18.419414797948704]],[[-66.15978598594666,18.419002540379395],[-66.15963578224182,18.418732791064798]],[[-66.16056382656097,18.418931285884554],[-66.16044580936432,18.418727701451033],[-66.16038680076599,18.418692074150385],[-66.16023659706116,18.418432503594502]],[[-66.16213023662567,18.4202647579675],[-66.1618834733963,18.419231572484293],[-66.16180300712585,18.419033078010983],[-66.16171181201935,18.419007629985032],[-66.16090714931488,18.419414797948704],[-66.16086423397064,18.419470783468356],[-66.16107881069183,18.42042253451487]],[[-66.16467297077179,18.423399903519154],[-66.16479635238647,18.423379545615475]],[[-66.1637556552887,18.42485039795426],[-66.1642438173294,18.424784235316466],[-66.16428136825562,18.42479441418547],[-66.1643135547638,18.42483004022226],[-66.1645495891571,18.42630596954615],[-66.16453349590302,18.42637722098611],[-66.16450130939484,18.426402667921792],[-66.16346597671509,18.426550260074535],[-66.16327822208405,18.42649936624308],[-66.16315484046936,18.426402667921792],[-66.16305828094482,18.42623980746832],[-66.16307437419891,18.426122751422113],[-66.16313338279724,18.426071857464137],[-66.1631977558136,18.42603623168459],[-66.16385221481323,18.425944622503295],[-66.16390585899353,18.425903907295933],[-66.16390585899353,18.425822476852318],[-66.1637556552887,18.42485039795426],[-66.16260766983032,18.425003080867413],[-66.16247355937958,18.425043796288023],[-66.16240382194519,18.42510486940087]],[[-66.16384148597717,18.42539496639074],[-66.16300463676453,18.425506933519117],[-66.16258084774017,18.425715599336556],[-66.16198003292084,18.426056589273813],[-66.16196930408478,18.426071857464137],[-66.16167962551117,18.42623980746832]],[[-66.16412580013275,18.427257682772165],[-66.16345524787903,18.427334023177067],[-66.1630368232727,18.427252593410643],[-66.16279006004333,18.427130448688672],[-66.16260766983032,18.426987946403386],[-66.1622804403305,18.426529902543763],[-66.16142213344574,18.42515067422127]],[[-66.1613255739212,18.4275019719486],[-66.16180300712585,18.427440899687028]],[[-66.16125047206879,18.426977767664198],[-66.16165816783905,18.426921784587947]],[[-66.16166353225708,18.427003214511032],[-66.16165816783905,18.426865801493435],[-66.16162598133087,18.42666731582976]],[[-66.16117537021637,18.426423025467628],[-66.16135239601135,18.427705545997185],[-66.16139531135559,18.427883673092026],[-66.16144895553589,18.428026174635036],[-66.16153478622437,18.428168676059954],[-66.16164207458496,18.428306088036422],[-66.16178154945374,18.428443499903082],[-66.1619371175766,18.428545286400194],[-66.16212487220764,18.428641983516627],[-66.16236627101898,18.428713233988674],[-66.16266131401062,18.428769216481726],[-66.16386830806732,18.42895752109729],[-66.16398096084595,18.428916806603283]],[[-66.16159379482269,18.4262907013766],[-66.16148114204407,18.426356863434847],[-66.16117537021637,18.426423025467628],[-66.16061747074127,18.426489187474985],[-66.16111636161804,18.42990921964808],[-66.16210877895355,18.42990921964808],[-66.1623340845108,18.429878683947493],[-66.16257548332214,18.429787076813213],[-66.16293489933014,18.42956314805727],[-66.16305828094482,18.429441004976567],[-66.16315484046936,18.429323951109467],[-66.16320312023163,18.4291865399464],[-66.16326212882996,18.428860824158292]],[[-66.1622804403305,18.426529902543763],[-66.16273641586304,18.4262907013766],[-66.16279542446136,18.426321237714333],[-66.16302073001862,18.426626600793497],[-66.16322994232178,18.426753835249784],[-66.16354644298553,18.42679455025592],[-66.16452813148499,18.426662226450745],[-66.1646032333374,18.426702941478553],[-66.16488754749298,18.42851475045738]],[[-66.16223216056824,18.425532380583576],[-66.16228580474854,18.425501844105753],[-66.16200685501099,18.425079422273157],[-66.16072475910187,18.425242283825483],[-66.1605852842331,18.425267730929107],[-66.16053700447083,18.425338982799218],[-66.16059064865112,18.425741046370135],[-66.16064965724945,18.4257868510211],[-66.16072475910187,18.4257868510211],[-66.16110026836395,18.42573595696372],[-66.16119146347046,18.425822476852318],[-66.16125047206879,18.425924264900814],[-66.16131484508514,18.42603623168459]],[[-66.16117000579834,18.425964980103345],[-66.16125047206879,18.425924264900814]],[[-66.16178154945374,18.427522329364308],[-66.16181910037994,18.427369648687787]],[[-66.16212487220764,18.428641983516627],[-66.16208732128143,18.42872850194314],[-66.16203367710114,18.428794663063442],[-66.16194784641266,18.428835377586367],[-66.16095542907715,18.42882519895653]],[[-66.16364300251007,18.428280641382386],[-66.16371810436249,18.428270462719738]],[[-66.16266131401062,18.428769216481726],[-66.16261839866638,18.42904912867354],[-66.16257548332214,18.42913564689519],[-66.1624950170517,18.42920180785883],[-66.16230726242065,18.429323951109467],[-66.16215705871582,18.42936466550705],[-66.1610358953476,18.42935448690858]],[[-66.16365909576416,18.427863315719108],[-66.16373419761658,18.42835698133318]],[[-66.16421163082123,18.427786975549154],[-66.16365909576416,18.427863315719108],[-66.16322994232178,18.42784804768783],[-66.16286516189575,18.42776152881831],[-66.16259157657623,18.427639384457848],[-66.16231799125671,18.427456167754457],[-66.16223752498627,18.427547776130552]],[[-66.16482853889465,18.42814831872076],[-66.16430819034576,18.428199212064214],[-66.16426527500153,18.428143229385597],[-66.1640453338623,18.426728388366058]],[[-66.1664754152298,18.429878683947493],[-66.16696894168854,18.43024002272344],[-66.16733908653259,18.430413057924724],[-66.16786479949951,18.430514843255892],[-66.16850316524506,18.430667521139654],[-66.16934537887573,18.430881269949154],[-66.16987645626068,18.430901626964754]],[[-66.16699039936066,18.42835698133318],[-66.16729617118835,18.428784484431205],[-66.16789162158966,18.42959368381389],[-66.16832613945007,18.42999573743694],[-66.16917908191681,18.43048939692875],[-66.16955995559692,18.4307235029964],[-66.16984963417053,18.430265469087487],[-66.17025196552277,18.429878683947493],[-66.17069721221924,18.429206897162686]],[[-66.16861045360565,18.42780224358586],[-66.16902887821198,18.42742563161825],[-66.16964042186737,18.426835265252393],[-66.1696457862854,18.42678946088067],[-66.16961359977722,18.42672329898886],[-66.16925418376923,18.426417936081407],[-66.16949021816254,18.42616855597143]],[[-66.16939902305603,18.427924387830657],[-66.16902887821198,18.42742563161825]],[[-66.17001056671143,18.42846385720732],[-66.17020905017853,18.428280641382386],[-66.17061138153076,18.42769027795191]],[[-66.17056846618652,18.42884046690105],[-66.17107808589935,18.42797528124038],[-66.1713194847107,18.427588490948708],[-66.1721670627594,18.426127840817088],[-66.17293417453766,18.424865666251677]],[[-66.17055237293243,18.42942573708538],[-66.16926491260529,18.428657251477404],[-66.16861045360565,18.42780224358586],[-66.16822957992554,18.427384916761525]],[[-66.17025196552277,18.429878683947493],[-66.16897523403168,18.429125468283132],[-66.16876065731049,18.428921895915565],[-66.16822421550751,18.428199212064214],[-66.16811156272888,18.428204301397713],[-66.16774678230286,18.428479125183912],[-66.16729617118835,18.428784484431205]],[[-66.16832613945007,18.42999573743694],[-66.16806864738464,18.430311272533288],[-66.16798281669617,18.43035707596688],[-66.16789698600769,18.430336718886792],[-66.16755902767181,18.430041540954605],[-66.16702795028687,18.429374844104956],[-66.1668348312378,18.42928832600367],[-66.16659879684448,18.42930359390705]],[[-66.16913616657257,18.431161178702595],[-66.16905570030212,18.43117135719413]],[[-66.16984963417053,18.430265469087487],[-66.16865873336792,18.42956823735041],[-66.16839587688446,18.42933412970976],[-66.16812765598297,18.429018592820213],[-66.16774678230286,18.428479125183912]],[[-66.17016613483429,18.430977965751865],[-66.17016077041626,18.43130876677091]],[[-66.1691415309906,18.431736262529697],[-66.16903424263,18.431044126006597]],[[-66.16859972476959,18.431812600946174],[-66.16846561431885,18.431033947507515],[-66.16814911365509,18.430937251736296],[-66.16789162158966,18.430911805471666],[-66.16733908653259,18.43095251949326],[-66.1667811870575,18.431008501257196],[-66.16622865200043,18.431089929244962]],[[-66.1675375699997,18.43266758889503],[-66.16620182991028,18.432723570100492]],[[-66.16733908653259,18.43095251949326],[-66.16751611232758,18.432133221925298],[-66.1675375699997,18.43266758889503],[-66.16750538349152,18.434260501529863],[-66.16751074790955,18.43472361393526],[-66.16746246814728,18.434805040163283],[-66.16693675518036,18.434805040163283],[-66.16641104221344,18.43478977274846],[-66.16615355014801,18.4347745053323]],[[-66.16789162158966,18.430911805471666],[-66.16804718971252,18.431832957851526],[-66.16813838481903,18.43187367165497],[-66.16947948932648,18.43169554869371]],[[-66.16685628890991,18.43015859433318],[-66.1666738986969,18.4301229694003],[-66.16641104221344,18.43004663023359],[-66.16621255874634,18.430041540954605],[-66.1662232875824,18.430224754903207],[-66.16616427898407,18.43057082516235],[-66.16622865200043,18.431089929244962],[-66.16638958454132,18.432128132708073],[-66.16644322872162,18.432189203304773]],[[-66.1667811870575,18.431008501257196],[-66.16695284843445,18.432163757225453]],[[-66.16522550582886,18.430769306320173],[-66.1652684211731,18.43078457409206],[-66.16534352302551,18.431247695861458],[-66.1655205488205,18.432555626429405],[-66.16549909114838,18.43369560448906]],[[-66.16534352302551,18.431247695861458],[-66.16500556468964,18.43131385601238],[-66.16464078426361,18.431527604018328],[-66.1646032333374,18.431593764061546],[-66.16483926773071,18.432067062089672],[-66.16493582725525,18.432433485474633],[-66.1649626493454,18.432703213300613],[-66.16494119167328,18.433680336975698]],[[-66.16617500782013,18.432204470950566],[-66.16644322872162,18.432189203304773],[-66.16751611232758,18.432133221925298]],[[-66.16640567779541,18.433710872001043],[-66.1664217710495,18.432713391700858]],[[-66.1657190322876,18.433705782830543],[-66.16494119167328,18.433680336975698],[-66.16326749324799,18.433644712772605],[-66.16271495819092,18.433644712772605],[-66.16190493106842,18.43372105034163],[-66.16160452365875,18.43373631785137]],[[-66.16564929485321,18.434718524794732],[-66.16569757461548,18.435105299045716],[-66.16567075252533,18.435171457712002],[-66.1651611328125,18.435252883727884],[-66.16349816322327,18.435425913883506]],[[-66.16638958454132,18.43478977274846],[-66.16637885570526,18.435181635966103]],[[-66.16693139076233,18.435283418473887],[-66.16693675518036,18.434805040163283]],[[-66.16780579090118,18.435166368584746],[-66.16775751113892,18.437146027722278],[-66.1677896976471,18.437196918402066],[-66.16783797740936,18.437227452802688],[-66.1721670627594,18.43730887784453],[-66.17223680019379,18.437227452802688],[-66.17224216461182,18.43678470346255],[-66.17226898670197,18.436280883860476],[-66.17226898670197,18.43580759743446],[-66.17220461368561,18.435721082570524],[-66.17066502571106,18.43568545879036],[-66.1706006526947,18.435721082570524],[-66.17057383060455,18.436214725621227],[-66.1705631017685,18.436657476429687],[-66.17062747478485,18.436738901741563],[-66.17224216461182,18.43678470346255]],[[-66.16750538349152,18.434260501529863],[-66.16620719432831,18.434235055757142]],[[-66.16695821285248,18.43372105034163],[-66.16697430610657,18.432693034899785]],[[-66.16841733455658,18.433308827066142],[-66.16843342781067,18.43261160767132],[-66.168492436409,18.432555626429405],[-66.17012858390808,18.432581072450716]],[[-66.16807401180267,18.433746496190437],[-66.16695821285248,18.43372105034163],[-66.16619110107422,18.433715961171416]],[[-66.16856753826141,18.433929706190682],[-66.16996765136719,18.433955152008608]],[[-66.17002665996552,18.43342078904122],[-66.17010712623596,18.433425878220163],[-66.17013931274414,18.43228589837186],[-66.17018759250641,18.432265541520138]],[[-66.16996228694916,18.434118005154104],[-66.16997301578522,18.43377703120403]],[[-66.17001056671143,18.43521725985069],[-66.16978526115417,18.435212170724768],[-66.16931855678558,18.435186725092933],[-66.16928100585938,18.435130744689616],[-66.1692863702774,18.43489664462369],[-66.1693024635315,18.43470834651322]],[[-66.1692863702774,18.43489664462369],[-66.16880357265472,18.434876288081142],[-66.16858899593353,18.4347745053323],[-66.16855144500732,18.43471343565406],[-66.16856753826141,18.433929706190682],[-66.16856753826141,18.43373631785137]],[[-66.16806328296661,18.434387730336965],[-66.16856217384338,18.434392819487286],[-66.16976380348206,18.434433532684466],[-66.16980135440826,18.434494602462166],[-66.16978526115417,18.435212170724768]],[[-66.16805791854858,18.4347745053323],[-66.16807401180267,18.433746496190437],[-66.16809010505676,18.433507305062932],[-66.16802036762238,18.43341061068287]],[[-66.16899132728577,18.435675280566116],[-66.16890549659729,18.435675280566116]],[[-66.16890549659729,18.435568409175005],[-66.16887867450714,18.43666256551282],[-66.1687982082367,18.436708367254127],[-66.16776823997498,18.43668801092616]],[[-66.17057383060455,18.436214725621227],[-66.17226898670197,18.436280883860476],[-66.17284834384918,18.436280883860476],[-66.1734277009964,18.436296151142855],[-66.17561638355255,18.436316507517233],[-66.17570221424103,18.436250349291683],[-66.17570757865906,18.43586357761731],[-66.17561101913452,18.435782151890763],[-66.17351353168488,18.435741439013015],[-66.17343306541443,18.43580759743446],[-66.1734277009964,18.436296151142855],[-66.1734277009964,18.43682541609317],[-66.17561638355255,18.436850861482398],[-66.17568612098694,18.43693737577763],[-66.17567002773285,18.437303788780554],[-66.17555737495422,18.4373801247245],[-66.17345988750458,18.43733432316219],[-66.17340087890625,18.437257987197924],[-66.1734277009964,18.43682541609317]],[[-66.16999983787537,18.436759258063503],[-66.16953313350677,18.43674907990284],[-66.16949021816254,18.43672363449852],[-66.16946339607239,18.43668801092616],[-66.16946876049042,18.43583304297438]],[[-66.1699891090393,18.43726307626325],[-66.17002129554749,18.43568545879036]],[[-66.16942584514618,18.438250352088986],[-66.16943120956421,18.437960276790434]],[[-66.1683315038681,18.436703278172374],[-66.16835832595825,18.435105299045716]],[[-66.16718351840973,18.438250352088986],[-66.16718888282776,18.437313966908377],[-66.167231798172,18.43547680507261]],[[-66.1677896976471,18.435736349902612],[-66.167231798172,18.435726171681367]],[[-66.16719961166382,18.436509892953595],[-66.16622865200043,18.436479358425473]],[[-66.16686165332794,18.436499714778165],[-66.16685628890991,18.43673381266069]],[[-66.16665780544281,18.436494625690216],[-66.16666853427887,18.436006072545965]],[[-66.16635203361511,18.436484447513877],[-66.16634130477905,18.437039157245707]],[[-66.16548836231232,18.435838132081912],[-66.16547763347626,18.435629478549487]],[[-66.16522014141083,18.43630632933035],[-66.16527915000916,18.436703278172374],[-66.1653059720993,18.436774525303377]],[[-66.16506457328796,18.437746536783465],[-66.16422772407532,18.43783305062783]],[[-66.16456031799316,18.437079869816046],[-66.16502702236176,18.43703406817373]],[[-66.16435110569,18.438250352088986],[-66.16430819034576,18.43782287253076]],[[-66.16382002830505,18.438250352088986],[-66.16377174854279,18.437878852057224]],[[-66.16365373134613,18.437894119197637],[-66.16388976573944,18.437868673962853]],[[-66.16311192512512,18.43757859802008],[-66.16256475448608,18.437649844788226],[-66.16126656532288,18.43783305062783]],[[-66.16256475448608,18.437649844788226],[-66.16263449192047,18.438097680940245]],[[-66.16361618041992,18.436484447513877],[-66.16522014141083,18.43630632933035],[-66.16567075252533,18.436250349291683],[-66.16568148136139,18.43633177479643]],[[-66.16245210170746,18.436591318335388],[-66.16187810897827,18.436693100008384]],[[-66.16298317909241,18.43551751801303],[-66.16302609443665,18.43596535972128],[-66.1629992723465,18.436016250750654]],[[-66.16405606269836,18.435369933558107],[-66.16398096084595,18.434718524794732]],[[-66.1641526222229,18.43589411225483],[-66.16356253623962,18.435950092409527],[-66.1629992723465,18.436016250750654],[-66.16237163543701,18.43606714176495],[-66.16136848926544,18.436204547428304],[-66.16127729415894,18.436250349291683],[-66.16126120090485,18.436316507517233],[-66.16138994693756,18.437191829334765],[-66.16149187088013,18.43726307626325],[-66.16247355937958,18.43712058237675],[-66.16251647472382,18.437044246317527],[-66.16237163543701,18.43606714176495]],[[-66.1641526222229,18.436423378443166],[-66.1642438173294,18.43711549330719]],[[-66.16417944431305,18.436128210962224],[-66.16414189338684,18.435792330108683]],[[-66.16468906402588,18.43636230935077],[-66.1647641658783,18.437059513532077]],[[-66.16475343704224,18.436357220258756],[-66.16455495357513,18.43472870307565]],[[-66.16469442844391,18.43583304297438],[-66.16548299789429,18.43576179545309]],[[-66.1651611328125,18.435252883727884],[-66.1651074886322,18.43473379221588]],[[-66.16502165794373,18.43472870307565],[-66.16522550582886,18.43473379221588]],[[-66.16471588611603,18.43473379221588],[-66.16437792778015,18.43472870307565]],[[-66.16387367248535,18.434718524794732],[-66.16407215595245,18.43472361393526]],[[-66.16381466388702,18.43418925335675],[-66.16384148597717,18.432631964482056],[-66.16378247737885,18.432413128640405],[-66.16362154483795,18.43214340035928],[-66.16332650184631,18.431690459463525]],[[-66.16438329219818,18.433665069460986],[-66.16439938545227,18.432672678096267],[-66.16435647010803,18.43238259338453],[-66.16424918174744,18.432097597401594],[-66.16349816322327,18.43095251949326]],[[-66.16326749324799,18.433644712772605],[-66.1632889509201,18.43268285649833]],[[-66.16271495819092,18.433644712772605],[-66.16265058517456,18.432911870385112],[-66.1626935005188,18.432728659300096],[-66.16362154483795,18.43214340035928]],[[-66.16342306137085,18.434738881355955],[-66.16369664669037,18.437181651199708]],[[-66.16295099258423,18.43478977274846],[-66.16295635700226,18.43472361393526]],[[-66.16224825382233,18.43475923791476],[-66.16295635700226,18.43472361393526],[-66.16305828094482,18.43472870307565]],[[-66.16219997406006,18.434224877447008],[-66.1622804403305,18.435186725092933],[-66.16232872009277,18.435268151101553],[-66.16295099258423,18.43523252722754]],[[-66.16174399852753,18.435375022679352],[-66.16164743900299,18.434270679837894],[-66.16288125514984,18.43416889673044],[-66.16568684577942,18.434224877447008]],[[-66.1620283126831,18.437726180578466],[-66.16209805011749,18.438174016531576]],[[-66.16156697273254,18.438250352088986],[-66.16149723529816,18.4378025163348]],[[-66.15954995155334,18.419811785785498],[-66.1593246459961,18.419404618761362]],[[-66.1595070362091,18.418503758295913],[-66.1593246459961,18.418178022277203]],[[-66.1593246459961,18.417241527788335],[-66.1600112915039,18.41689543070902]],[[-66.15993618965149,18.416752919944628],[-66.1600112915039,18.41689543070902],[-66.16016685962677,18.417175362224043]],[[-66.15971088409424,18.417048120682765],[-66.15954995155334,18.416752919944628]],[[-66.1603331565857,18.416752919944628],[-66.16128265857697,18.418432503594502]],[[-66.16159915924072,18.416752919944628],[-66.16225898265839,18.417938809495737],[-66.16244673728943,18.41825436671192]],[[-66.16223216056824,18.416752919944628],[-66.16270422935486,18.41758762417149],[-66.16271495819092,18.41765887922277],[-66.16267204284668,18.417725044601113],[-66.16128265857697,18.418432503594502],[-66.16119146347046,18.4184833998128]],[[-66.16734445095062,18.417053210346225],[-66.16679191589355,18.417083748323805],[-66.16657733917236,18.417088837986228]],[[-66.16800963878632,18.416844534020996],[-66.16802036762238,18.416752919944628]],[[-66.16824567317963,18.416813996000954],[-66.16800963878632,18.416844534020996],[-66.16756439208984,18.416981955044122]],[[-66.16865336894989,18.416752919944628],[-66.16833686828613,18.416798726988915]],[[-66.16859972476959,18.416758009616814],[-66.16859972476959,18.416752919944628]],[[-66.16988718509674,18.416752919944628],[-66.16990864276886,18.416941237715378],[-66.17018759250641,18.418768418357004],[-66.17017149925232,18.41882440408699],[-66.17012321949005,18.41884985214007],[-66.1696457862854,18.41892110666859]],[[-66.17054164409637,18.416752919944628],[-66.1704933643341,18.416839444351368],[-66.1705094575882,18.417175362224043],[-66.17083132266998,18.41928755806356]],[[-66.17194712162018,18.416976865378558],[-66.17234945297241,18.41853938563554],[-66.17243528366089,18.419063615637185]],[[-66.1725640296936,18.416885251372634],[-66.1705094575882,18.417175362224043]],[[-66.17253184318542,18.416752919944628],[-66.1725640296936,18.416885251372634],[-66.17311120033264,18.41888547940802],[-66.17310583591461,18.41892110666859],[-66.17308437824249,18.418956733921803],[-66.1730307340622,18.4189821819553],[-66.17083132266998,18.41928755806356],[-66.1691415309906,18.419511500198468],[-66.16775214672089,18.419709994119813],[-66.16759657859802,18.41967436702258],[-66.16750538349152,18.419613291981605],[-66.16584777832031,18.41765887922277],[-66.1655580997467,18.417536727688216],[-66.16459250450134,18.417546906986075],[-66.16385757923126,18.41757235522809],[-66.16341769695282,18.41776576174439],[-66.16316020488739,18.417893002754965],[-66.16023659706116,18.41938426038486],[-66.16020977497101,18.419435156321597],[-66.1603331565857,18.41969472536475],[-66.16052091121674,18.42049887795359]],[[-66.17326140403748,18.416752919944628],[-66.17352426052094,18.417725044601113]],[[-66.1743825674057,18.416752919944628],[-66.1743825674057,18.41681908567135],[-66.17433965206146,18.417012493034363],[-66.17422163486481,18.417068479335697],[-66.17406606674194,18.417048120682765],[-66.1739856004715,18.416971775712824],[-66.17391049861908,18.416783457975498]],[[-66.17720425128937,18.416793637317937],[-66.1768501996994,18.416768188960745]],[[-66.18129193782806,18.417048120682765],[-66.18115246295929,18.418264545967318]],[[-66.1818927526474,18.416752919944628],[-66.18170499801636,18.418325621487085]]]},"properties":{"class":"minor","id":"14/5180/7338/27","source":"OpenFreeMap / OpenStreetMap","exposureHigh":false,"exposureModerate":true,"zoneLabels":"X"},"id":221119680},{"type":"Feature","geometry":{"type":"MultiLineString","coordinates":[[[-66.17290735244751,18.433573464344263],[-66.17293417453766,18.432123043490705]],[[-66.17402851581573,18.433593821041086],[-66.17405533790588,18.432224827809492],[-66.17403388023376,18.432179024873506],[-66.17396414279938,18.43214340035928],[-66.17349207401276,18.432138311142353],[-66.17070257663727,18.432077240527576]],[[-66.17347061634064,18.433583642692966],[-66.17349207401276,18.432138311142353]],[[-66.17321312427521,18.432128132708073],[-66.17323458194733,18.431598853294588],[-66.17327749729156,18.431359659178895],[-66.17365837097168,18.430845645166016],[-66.17676436901093,18.42699303577274]],[[-66.17237627506256,18.432112865055515],[-66.17233335971832,18.433833012048225],[-66.17224752902985,18.433899171204203],[-66.17186665534973,18.43389408203926],[-66.17178082466125,18.43381265537971],[-66.17181837558746,18.432097597401594]],[[-66.1712658405304,18.432092508183317],[-66.17120683193207,18.43381774454707],[-66.17111027240753,18.43387372537798],[-66.1707454919815,18.433868636212296],[-66.17068111896515,18.43383810121496],[-66.17067575454712,18.433125616404183],[-66.17070257663727,18.432077240527576],[-66.17072403430939,18.431547960957417],[-66.17072403430939,18.43115100021045],[-66.17067575454712,18.431039036757127],[-66.1705631017685,18.430988144254243],[-66.17016613483429,18.430977965751865],[-66.16987645626068,18.430901626964754],[-66.16965651512146,18.43078457409206]],[[-66.16925418376923,18.426417936081407],[-66.16822957992554,18.427384916761525],[-66.16769850254059,18.427812422276233],[-66.16699039936066,18.42835698133318],[-66.16671681404114,18.428504571808574],[-66.16657197475433,18.42871832330698],[-66.16653978824615,18.42891171729086],[-66.16659879684448,18.42930359390705],[-66.16660952568054,18.429649666020268],[-66.1664754152298,18.429878683947493],[-66.16621255874634,18.430041540954605],[-66.16502165794373,18.430168772884073],[-66.16452276706696,18.43035198669709],[-66.16349816322327,18.43095251949326],[-66.16208732128143,18.43180751171947],[-66.16187274456024,18.43200090222861],[-66.16169571876526,18.43224518466603],[-66.16156697273254,18.432565804838376],[-66.16152942180634,18.43283553245675],[-66.16164743900299,18.434270679837894]],[[-66.16044580936432,18.417674148158497],[-66.1593246459961,18.41823909782768]],[[-66.16088032722473,18.418447772461576],[-66.15935683250427,18.419221393286108],[-66.1593246459961,18.419221393286108]],[[-66.16035461425781,18.4193231852409],[-66.1593246459961,18.41748583118988]],[[-66.16211950778961,18.423705271785195],[-66.16211414337158,18.42382741893981],[-66.16212487220764,18.424260022748086],[-66.16211414337158,18.424489047853143],[-66.16212487220764,18.424865666251677],[-66.16216242313385,18.425028528006422],[-66.1630368232727,18.426458651167053],[-66.16317629814148,18.42658079636618],[-66.1633425951004,18.426657137071587],[-66.16357326507568,18.426672405208606],[-66.16527915000916,18.42642811485372]],[[-66.1642974615097,18.43711549330719],[-66.16405606269836,18.437125671446154]],[[-66.16317629814148,18.437660022895543],[-66.16318702697754,18.43779742728543],[-66.16324603557587,18.438250352088986]],[[-66.1629992723465,18.436016250750654],[-66.16297781467438,18.436092587266444],[-66.16306900978088,18.436774525303377],[-66.16319239139557,18.437512440280344]],[[-66.16357326507568,18.43472361393526],[-66.1632513999939,18.43475923791476]],[[-66.16215705871582,18.43369560448906],[-66.16208732128143,18.432825354063738],[-66.16219460964203,18.432484377549656],[-66.1624413728714,18.43222991702386],[-66.16468369960785,18.430871091440437],[-66.16488754749298,18.43078966334906],[-66.16515040397644,18.430733681513843],[-66.16522550582886,18.430769306320173]],[[-66.16189420223236,18.43678470346255],[-66.16185665130615,18.436591318335388]]]},"properties":{"surface":"paved","class":"minor","id":"14/5180/7338/35","source":"OpenFreeMap / OpenStreetMap","exposureHigh":false,"exposureModerate":true,"zoneLabels":"X"},"id":221224880},{"type":"Feature","geometry":{"type":"LineString","coordinates":[[-66.18036389350891,18.438250352088986],[-66.18039071559906,18.437573508964064]]},"properties":{"class":"minor","oneway":1,"id":"14/5180/7338/38","source":"OpenFreeMap / OpenStreetMap","exposureHigh":false,"exposureModerate":true,"zoneLabels":"X"},"id":7275856082},{"type":"Feature","geometry":{"type":"LineString","coordinates":[[-66.18026196956635,18.437573508964064],[-66.18025660514832,18.438250352088986]]},"properties":{"class":"minor","oneway":1,"id":"14/5180/7338/39","source":"OpenFreeMap / OpenStreetMap","exposureHigh":false,"exposureModerate":true,"zoneLabels":"X"},"id":7275856092},{"type":"Feature","geometry":{"type":"LineString","coordinates":[[-66.165971159935,18.437863584915448],[-66.16601943969727,18.437649844788226],[-66.16608917713165,18.43757859802008],[-66.16618573665619,18.437532796510666],[-66.16637349128723,18.437507351222393]]},"properties":{"class":"primary","oneway":1,"ramp":1,"id":"14/5180/7338/44","source":"OpenFreeMap / OpenStreetMap","exposureHigh":false,"exposureModerate":true,"zoneLabels":"X"},"id":10579886432},{"type":"Feature","geometry":{"type":"LineString","coordinates":[[-66.16553127765656,18.437441193455243],[-66.16564929485321,18.437542974624932],[-66.16570293903351,18.437649844788226],[-66.16574585437775,18.4378025163348]]},"properties":{"class":"primary","oneway":1,"ramp":1,"id":"14/5180/7338/45","source":"OpenFreeMap / OpenStreetMap","exposureHigh":false,"exposureModerate":true,"zoneLabels":"X"},"id":10579886442},{"type":"Feature","geometry":{"type":"LineString","coordinates":[[-66.1662608385086,18.437298699716422],[-66.16612672805786,18.43723254186895],[-66.16605699062347,18.437146027722278],[-66.16599261760712,18.4369780883721]]},"properties":{"class":"primary","oneway":1,"ramp":1,"id":"14/5180/7338/46","source":"OpenFreeMap / OpenStreetMap","exposureHigh":false,"exposureModerate":true,"zoneLabels":"X"},"id":10579886452},{"type":"Feature","geometry":{"type":"LineString","coordinates":[[-66.16576731204987,18.437110404237472],[-66.16568684577942,18.437227452802688],[-66.16563320159912,18.437257987197924],[-66.16554737091064,18.437288521587703]]},"properties":{"class":"primary","oneway":1,"ramp":1,"id":"14/5180/7338/47","source":"OpenFreeMap / OpenStreetMap","exposureHigh":false,"exposureModerate":true,"zoneLabels":"X"},"id":10579886462},{"type":"Feature","geometry":{"type":"LineString","coordinates":[[-66.17858290672302,18.437186740267308],[-66.17852926254272,18.437369946600597],[-66.17845952510834,18.43747172781248],[-66.17823958396912,18.437532796510666]]},"properties":{"class":"tertiary","oneway":1,"ramp":1,"id":"14/5180/7338/51","source":"OpenFreeMap / OpenStreetMap","exposureHigh":false,"exposureModerate":true,"zoneLabels":"X"},"id":13964536972},{"type":"Feature","geometry":{"type":"LineString","coordinates":[[-66.179119348526,18.43754806368183],[-66.17887794971466,18.437502262164287],[-66.17878139019012,18.437425926274585],[-66.17871165275574,18.43713584958452]]},"properties":{"class":"tertiary","oneway":1,"ramp":1,"id":"14/5180/7338/52","source":"OpenFreeMap / OpenStreetMap","exposureHigh":false,"exposureModerate":true,"zoneLabels":"X"},"id":13964536982},{"type":"Feature","geometry":{"type":"LineString","coordinates":[[-66.17818057537079,18.437736358681263],[-66.17842197418213,18.4378025163348],[-66.1785238981247,18.437858495867886],[-66.17856681346893,18.437975543923613]]},"properties":{"class":"tertiary","oneway":1,"ramp":1,"id":"14/5180/7338/53","source":"OpenFreeMap / OpenStreetMap","exposureHigh":false,"exposureModerate":true,"zoneLabels":"X"},"id":13964536992},{"type":"Feature","geometry":{"type":"LineString","coordinates":[[-66.17867946624756,18.438026434357752],[-66.17875456809998,18.43788394110419],[-66.17881894111633,18.437843228724304],[-66.17904961109161,18.437751625834352]]},"properties":{"class":"tertiary","oneway":1,"ramp":1,"id":"14/5180/7338/54","source":"OpenFreeMap / OpenStreetMap","exposureHigh":false,"exposureModerate":true,"zoneLabels":"X"},"id":13964537002},{"type":"Feature","geometry":{"type":"MultiLineString","coordinates":[[[-66.17885649204254,18.431456354712537],[-66.17879211902618,18.434382641186488],[-66.17869019508362,18.43529868584484],[-66.176238656044,18.435242705478004],[-66.17286443710327,18.43517654683913],[-66.17284834384918,18.436280883860476],[-66.17281079292297,18.437634577626113],[-66.172816157341,18.438250352088986]],[[-66.17976307868958,18.428229748063046],[-66.1796236038208,18.427985459920507],[-66.17910861968994,18.42739000611914],[-66.17890477180481,18.42712535932337],[-66.1780571937561,18.425842834466835],[-66.17747783660889,18.42514558479739],[-66.17677509784698,18.423985192219476],[-66.17645859718323,18.423226861261085],[-66.17636203765869,18.422819702320098],[-66.17638349533081,18.422631390983923],[-66.17649614810944,18.42228021523877],[-66.17669999599457,18.42192903877664],[-66.1770111322403,18.421430265177932],[-66.1772632598877,18.42088568418906],[-66.17734372615814,18.42048869883037],[-66.17740273475647,18.4202647579675],[-66.1775690317154,18.419933935704833],[-66.17761194705963,18.41975071079331],[-66.17760121822357,18.419598023217972]],[[-66.1819839477539,18.427171163605635],[-66.18175864219666,18.42724750404895],[-66.18124902248383,18.427547776130552],[-66.18062138557434,18.427868405062554],[-66.17976307868958,18.428229748063046],[-66.17873311042786,18.428794663063442],[-66.17858827114105,18.428865913472222],[-66.17837905883789,18.428988056961458],[-66.17794990539551,18.42936466550705],[-66.1772096157074,18.430331629616404],[-66.17636740207672,18.43139019461644],[-66.17632448673248,18.43166501331038],[-66.176238656044,18.435242705478004]],[[-66.17755830287933,18.419246841280454],[-66.17741346359253,18.418345979988857],[-66.17716133594513,18.41778103067061],[-66.1771023273468,18.417521458740282],[-66.17710769176483,18.41739421745494],[-66.17721498012543,18.416752919944628]],[[-66.1691415309906,18.419511500198468],[-66.16886794567108,18.41770977566992],[-66.16888403892517,18.41751636909069],[-66.16897523403168,18.416752919944628]],[[-66.16326749324799,18.437609132352904],[-66.16326749324799,18.437573508964064],[-66.1632513999939,18.437542974624932],[-66.16322457790375,18.437522618395818],[-66.16319239139557,18.437512440280344],[-66.16313874721527,18.437532796510666],[-66.16311192512512,18.43757859802008],[-66.16311728954315,18.43761422140784],[-66.16313874721527,18.43764475573434],[-66.16317629814148,18.437660022895543],[-66.16321384906769,18.437660022895543],[-66.16324603557587,18.437639666680298],[-66.16326749324799,18.437609132352904]]]},"properties":{"class":"tertiary","id":"14/5180/7338/58","source":"OpenFreeMap / OpenStreetMap","exposureHigh":true,"exposureModerate":true,"zoneLabels":"A, X"},"id":221220100},{"type":"Feature","geometry":{"type":"LineString","coordinates":[[-66.16528987884521,18.437293610652134],[-66.16516649723053,18.437303788780554],[-66.1642974615097,18.437436104395175],[-66.1632513999939,18.437542974624932]]},"properties":{"surface":"paved","class":"tertiary","oneway":1,"id":"14/5180/7338/59","source":"OpenFreeMap / OpenStreetMap","exposureHigh":false,"exposureModerate":true,"zoneLabels":"X"},"id":221351672},{"type":"Feature","geometry":{"type":"LineString","coordinates":[[-66.1657565832138,18.43749208404762],[-66.16597652435303,18.437497173106024]]},"properties":{"class":"tertiary","oneway":1,"id":"14/5180/7338/60","source":"OpenFreeMap / OpenStreetMap","exposureHigh":false,"exposureModerate":true,"zoneLabels":"X"},"id":604491762},{"type":"Feature","geometry":{"type":"LineString","coordinates":[[-66.16324603557587,18.437639666680298],[-66.16428136825562,18.437527707453313],[-66.16518259048462,18.437405570031615],[-66.16524696350098,18.437405570031615]]},"properties":{"surface":"paved","class":"tertiary","oneway":1,"id":"14/5180/7338/61","source":"OpenFreeMap / OpenStreetMap","exposureHigh":false,"exposureModerate":true,"zoneLabels":"X"},"id":604491772},{"type":"Feature","geometry":{"type":"LineString","coordinates":[[-66.1819839477539,18.43760404329781],[-66.179119348526,18.43754806368183]]},"properties":{"class":"tertiary","oneway":1,"id":"14/5180/7338/62","source":"OpenFreeMap / OpenStreetMap","exposureHigh":false,"exposureModerate":true,"zoneLabels":"X"},"id":604491812},{"type":"Feature","geometry":{"type":"LineString","coordinates":[[-66.16533279418945,18.437410659092592],[-66.16542935371399,18.437420837214077]]},"properties":{"surface":"paved","class":"tertiary","oneway":1,"id":"14/5180/7338/63","source":"OpenFreeMap / OpenStreetMap","exposureHigh":false,"exposureModerate":true,"zoneLabels":"X"},"id":10335668752},{"type":"Feature","geometry":{"type":"LineString","coordinates":[[-66.16576194763184,18.437288521587703],[-66.16554737091064,18.437288521587703]]},"properties":{"surface":"paved","class":"tertiary","oneway":1,"id":"14/5180/7338/64","source":"OpenFreeMap / OpenStreetMap","exposureHigh":false,"exposureModerate":true,"zoneLabels":"X"},"id":10335668772},{"type":"Feature","geometry":{"type":"LineString","coordinates":[[-66.1786687374115,18.438250352088986],[-66.17867946624756,18.438026434357752]]},"properties":{"class":"tertiary","oneway":1,"id":"14/5180/7338/65","source":"OpenFreeMap / OpenStreetMap","exposureHigh":false,"exposureModerate":true,"zoneLabels":"X"},"id":10579886412},{"type":"Feature","geometry":{"type":"LineString","coordinates":[[-66.16597652435303,18.437497173106024],[-66.17857217788696,18.43774144773245]]},"properties":{"class":"tertiary","oneway":1,"id":"14/5180/7338/66","source":"OpenFreeMap / OpenStreetMap","exposureHigh":true,"exposureModerate":true,"zoneLabels":"A, X"},"id":13842412252},{"type":"Feature","geometry":{"type":"LineString","coordinates":[[-66.17869019508362,18.43529868584484],[-66.17860972881317,18.43545135947994],[-66.17858290672302,18.437186740267308]]},"properties":{"class":"tertiary","oneway":1,"id":"14/5180/7338/67","source":"OpenFreeMap / OpenStreetMap","exposureHigh":false,"exposureModerate":true,"zoneLabels":"X"},"id":13964536962},{"type":"Feature","geometry":{"type":"LineString","coordinates":[[-66.17869019508362,18.437746536783465],[-66.17869555950165,18.437537885567878]]},"properties":{"class":"tertiary","oneway":1,"id":"14/5180/7338/68","source":"OpenFreeMap / OpenStreetMap","exposureHigh":false,"exposureModerate":true,"zoneLabels":"X"},"id":13964537012},{"type":"Feature","geometry":{"type":"LineString","coordinates":[[-66.17869019508362,18.437746536783465],[-66.17904961109161,18.437751625834352]]},"properties":{"class":"tertiary","oneway":1,"id":"14/5180/7338/69","source":"OpenFreeMap / OpenStreetMap","exposureHigh":false,"exposureModerate":true,"zoneLabels":"X"},"id":13964537022},{"type":"Feature","geometry":{"type":"LineString","coordinates":[[-66.17904961109161,18.437751625834352],[-66.1819839477539,18.437812694433077]]},"properties":{"class":"tertiary","oneway":1,"id":"14/5180/7338/70","source":"OpenFreeMap / OpenStreetMap","exposureHigh":false,"exposureModerate":true,"zoneLabels":"X"},"id":13964537032},{"type":"Feature","geometry":{"type":"LineString","coordinates":[[-66.17857217788696,18.43774144773245],[-66.17869019508362,18.437746536783465]]},"properties":{"class":"tertiary","oneway":1,"id":"14/5180/7338/71","source":"OpenFreeMap / OpenStreetMap","exposureHigh":false,"exposureModerate":true,"zoneLabels":"X"},"id":13964537042},{"type":"Feature","geometry":{"type":"LineString","coordinates":[[-66.17857217788696,18.43774144773245],[-66.17856681346893,18.437975543923613]]},"properties":{"class":"tertiary","oneway":1,"id":"14/5180/7338/72","source":"OpenFreeMap / OpenStreetMap","exposureHigh":false,"exposureModerate":true,"zoneLabels":"X"},"id":13964537052},{"type":"Feature","geometry":{"type":"LineString","coordinates":[[-66.17857754230499,18.437537885567878],[-66.17857217788696,18.43774144773245]]},"properties":{"class":"tertiary","oneway":1,"id":"14/5180/7338/73","source":"OpenFreeMap / OpenStreetMap","exposureHigh":false,"exposureModerate":true,"zoneLabels":"X"},"id":13964537072},{"type":"Feature","geometry":{"type":"LineString","coordinates":[[-66.17857754230499,18.437537885567878],[-66.17823958396912,18.437532796510666]]},"properties":{"class":"tertiary","oneway":1,"id":"14/5180/7338/74","source":"OpenFreeMap / OpenStreetMap","exposureHigh":false,"exposureModerate":true,"zoneLabels":"X"},"id":13964537082},{"type":"Feature","geometry":{"type":"LineString","coordinates":[[-66.17869555950165,18.437537885567878],[-66.17857754230499,18.437537885567878]]},"properties":{"class":"tertiary","oneway":1,"id":"14/5180/7338/75","source":"OpenFreeMap / OpenStreetMap","exposureHigh":false,"exposureModerate":true,"zoneLabels":"X"},"id":13964537092},{"type":"Feature","geometry":{"type":"LineString","coordinates":[[-66.17869555950165,18.437537885567878],[-66.17871165275574,18.43713584958452]]},"properties":{"class":"tertiary","oneway":1,"id":"14/5180/7338/76","source":"OpenFreeMap / OpenStreetMap","exposureHigh":false,"exposureModerate":true,"zoneLabels":"X"},"id":13964537102},{"type":"Feature","geometry":{"type":"LineString","coordinates":[[-66.17867946624756,18.438026434357752],[-66.17869019508362,18.437746536783465]]},"properties":{"class":"tertiary","oneway":1,"id":"14/5180/7338/77","source":"OpenFreeMap / OpenStreetMap","exposureHigh":false,"exposureModerate":true,"zoneLabels":"X"},"id":13964537112},{"type":"Feature","geometry":{"type":"LineString","coordinates":[[-66.17871165275574,18.43713584958452],[-66.178759932518,18.43545135947994],[-66.17869019508362,18.43529868584484]]},"properties":{"class":"tertiary","oneway":1,"id":"14/5180/7338/78","source":"OpenFreeMap / OpenStreetMap","exposureHigh":false,"exposureModerate":true,"zoneLabels":"X"},"id":13964537122},{"type":"Feature","geometry":{"type":"LineString","coordinates":[[-66.17823958396912,18.437532796510666],[-66.1662608385086,18.437298699716422]]},"properties":{"class":"tertiary","oneway":1,"id":"14/5180/7338/79","source":"OpenFreeMap / OpenStreetMap","exposureHigh":false,"exposureModerate":true,"zoneLabels":"X"},"id":13964537132},{"type":"Feature","geometry":{"type":"LineString","coordinates":[[-66.17858290672302,18.437186740267308],[-66.17857754230499,18.437537885567878]]},"properties":{"class":"tertiary","oneway":1,"id":"14/5180/7338/80","source":"OpenFreeMap / OpenStreetMap","exposureHigh":false,"exposureModerate":true,"zoneLabels":"X"},"id":13964537142},{"type":"Feature","geometry":{"type":"LineString","coordinates":[[-66.179119348526,18.43754806368183],[-66.17869555950165,18.437537885567878]]},"properties":{"class":"tertiary","oneway":1,"id":"14/5180/7338/81","source":"OpenFreeMap / OpenStreetMap","exposureHigh":false,"exposureModerate":true,"zoneLabels":"X"},"id":13964537152},{"type":"Feature","geometry":{"type":"LineString","coordinates":[[-66.17856681346893,18.437975543923613],[-66.17855608463287,18.438250352088986]]},"properties":{"class":"tertiary","oneway":1,"id":"14/5180/7338/82","source":"OpenFreeMap / OpenStreetMap","exposureHigh":false,"exposureModerate":true,"zoneLabels":"X"},"id":13964537162},{"type":"Feature","geometry":{"type":"LineString","coordinates":[[-66.16598188877106,18.437293610652134],[-66.16576194763184,18.437288521587703]]},"properties":{"class":"tertiary","oneway":1,"id":"14/5180/7338/83","source":"OpenFreeMap / OpenStreetMap","exposureHigh":false,"exposureModerate":true,"zoneLabels":"X"},"id":13967288672},{"type":"Feature","geometry":{"type":"LineString","coordinates":[[-66.1662608385086,18.437298699716422],[-66.16598188877106,18.437293610652134]]},"properties":{"class":"tertiary","oneway":1,"id":"14/5180/7338/84","source":"OpenFreeMap / OpenStreetMap","exposureHigh":false,"exposureModerate":true,"zoneLabels":"X"},"id":13967288692},{"type":"Feature","geometry":{"type":"LineString","coordinates":[[-66.16553127765656,18.437441193455243],[-66.1657565832138,18.43749208404762]]},"properties":{"surface":"paved","class":"tertiary","oneway":1,"id":"14/5180/7338/85","source":"OpenFreeMap / OpenStreetMap","exposureHigh":false,"exposureModerate":true,"zoneLabels":"X"},"id":14343235362},{"type":"Feature","geometry":{"type":"LineString","coordinates":[[-66.16542935371399,18.437420837214077],[-66.16553127765656,18.437441193455243]]},"properties":{"surface":"paved","class":"tertiary","oneway":1,"id":"14/5180/7338/86","source":"OpenFreeMap / OpenStreetMap","exposureHigh":false,"exposureModerate":true,"zoneLabels":"X"},"id":14343235372},{"type":"Feature","geometry":{"type":"LineString","coordinates":[[-66.16554737091064,18.437288521587703],[-66.16538107395172,18.437293610652134]]},"properties":{"surface":"paved","class":"tertiary","oneway":1,"id":"14/5180/7338/87","source":"OpenFreeMap / OpenStreetMap","exposureHigh":false,"exposureModerate":true,"zoneLabels":"X"},"id":14343235392},{"type":"Feature","geometry":{"type":"LineString","coordinates":[[-66.16538643836975,18.429125468283132],[-66.16549909114838,18.430112790846692],[-66.16583168506622,18.43224518466603],[-66.16585850715637,18.432677767297378],[-66.16576731204987,18.437110404237472]]},"properties":{"class":"primary","oneway":1,"id":"14/5180/7338/88","source":"OpenFreeMap / OpenStreetMap","exposureHigh":false,"exposureModerate":true,"zoneLabels":"X"},"id":604491882},{"type":"Feature","geometry":{"type":"LineString","coordinates":[[-66.16597652435303,18.437497173106024],[-66.16598188877106,18.437293610652134]]},"properties":{"class":"primary","oneway":1,"id":"14/5180/7338/94","source":"OpenFreeMap / OpenStreetMap","exposureHigh":false,"exposureModerate":true,"zoneLabels":"X"},"id":13842412262},{"type":"Feature","geometry":{"type":"LineString","coordinates":[[-66.165971159935,18.438250352088986],[-66.16596579551697,18.437934831565457],[-66.16597652435303,18.437497173106024]]},"properties":{"class":"primary","oneway":1,"id":"14/5180/7338/97","source":"OpenFreeMap / OpenStreetMap","exposureHigh":false,"exposureModerate":true,"zoneLabels":"X"},"id":13944753482},{"type":"Feature","geometry":{"type":"LineString","coordinates":[[-66.16598188877106,18.437293610652134],[-66.16599261760712,18.4369780883721]]},"properties":{"class":"primary","oneway":1,"id":"14/5180/7338/98","source":"OpenFreeMap / OpenStreetMap","exposureHigh":false,"exposureModerate":true,"zoneLabels":"X"},"id":13967288662},{"type":"Feature","geometry":{"type":"LineString","coordinates":[[-66.16576194763184,18.437288521587703],[-66.1657565832138,18.43749208404762]]},"properties":{"class":"primary","oneway":1,"id":"14/5180/7338/99","source":"OpenFreeMap / OpenStreetMap","exposureHigh":false,"exposureModerate":true,"zoneLabels":"X"},"id":13967288682},{"type":"Feature","geometry":{"type":"LineString","coordinates":[[-66.1657565832138,18.43749208404762],[-66.16574585437775,18.438250352088986]]},"properties":{"class":"primary","oneway":1,"id":"14/5180/7338/101","source":"OpenFreeMap / OpenStreetMap","exposureHigh":false,"exposureModerate":true,"zoneLabels":"X"},"id":14343235352},{"type":"Feature","geometry":{"type":"LineString","coordinates":[[-66.16599261760712,18.4369780883721],[-66.16608381271362,18.432672678096267],[-66.16605699062347,18.432224827809492],[-66.16572976112366,18.430092433737684],[-66.16554200649261,18.429074575213832]]},"properties":{"class":"primary","oneway":1,"id":"14/5180/7338/102","source":"OpenFreeMap / OpenStreetMap","exposureHigh":false,"exposureModerate":true,"zoneLabels":"X"},"id":14343235382},{"type":"Feature","geometry":{"type":"LineString","coordinates":[[-66.16576731204987,18.437110404237472],[-66.16576194763184,18.437288521587703]]},"properties":{"class":"primary","oneway":1,"id":"14/5180/7338/103","source":"OpenFreeMap / OpenStreetMap","exposureHigh":false,"exposureModerate":true,"zoneLabels":"X"},"id":14343235402},{"type":"Feature","geometry":{"type":"LineString","coordinates":[[-66.17760121822357,18.419598023217972],[-66.17755830287933,18.419246841280454]]},"properties":{"class":"tertiary","layer":1,"brunnel":"bridge","id":"14/5180/7338/115","source":"OpenFreeMap / OpenStreetMap","exposureHigh":false,"exposureModerate":false,"zoneLabels":"X"},"id":3859411462},{"type":"Feature","geometry":{"type":"LineString","coordinates":[[-66.16524696350098,18.437405570031615],[-66.16533279418945,18.437410659092592]]},"properties":{"brunnel":"bridge","surface":"paved","class":"tertiary","layer":1,"oneway":1,"id":"14/5180/7338/116","source":"OpenFreeMap / OpenStreetMap","exposureHigh":false,"exposureModerate":true,"zoneLabels":"X"},"id":10335668762},{"type":"Feature","geometry":{"type":"LineString","coordinates":[[-66.16538107395172,18.437293610652134],[-66.16528987884521,18.437293610652134]]},"properties":{"brunnel":"bridge","surface":"paved","class":"tertiary","layer":1,"oneway":1,"id":"14/5180/7338/117","source":"OpenFreeMap / OpenStreetMap","exposureHigh":false,"exposureModerate":true,"zoneLabels":"X"},"id":10335668782},{"type":"Feature","geometry":{"type":"MultiLineString","coordinates":[[[-66.14587604999542,18.46030990681153],[-66.14575803279877,18.460253934595826],[-66.14549517631531,18.46009110622822],[-66.14537179470062,18.460055487502217],[-66.14529132843018,18.459999515203563]],[[-66.14431500434875,18.461892386447005],[-66.14437937736511,18.461958534795727],[-66.1444491147995,18.46196871146249],[-66.14455103874207,18.462065389766735],[-66.14456176757812,18.462121361391638]],[[-66.14437937736511,18.461958534795727],[-66.14437401294708,18.462024683118955],[-66.14449203014374,18.462126449720287],[-66.14456176757812,18.462121361391638],[-66.14465296268463,18.46218750965211],[-66.14458858966827,18.462274011185016]],[[-66.14181518554688,18.461637969483547],[-66.14180445671082,18.46132758027737],[-66.14184737205505,18.460635562977117]],[[-66.14258766174316,18.46114439949885],[-66.14212095737457,18.461470054081047],[-66.14152550697327,18.4618007963836],[-66.14121437072754,18.461928004791787],[-66.14047408103943,18.462080654757145],[-66.14006102085114,18.462202774631677]],[[-66.14112854003906,18.458864800122214],[-66.14100515842438,18.458829181141738],[-66.14096760749817,18.458778296871074],[-66.14087641239166,18.458768120015122]],[[-66.14070475101471,18.459424525987757],[-66.14096224308014,18.4584424603064]],[[-66.14109098911285,18.459449968029176],[-66.13918662071228,18.459332934607374],[-66.13898813724518,18.45918028219816],[-66.1388647556305,18.45895639175238],[-66.13884329795837,18.4584424603064]],[[-66.14059209823608,18.460564325743704],[-66.14060819149017,18.46022849267358],[-66.14018440246582,18.460208139133044]],[[-66.14060819149017,18.460564325743704],[-66.140576004982,18.46139881719398]],[[-66.13885402679443,18.458773208443176],[-66.13868772983551,18.4587884737264]],[[-66.14013075828552,18.461602351078568],[-66.14059209823608,18.461597262734387],[-66.14100515842438,18.46142425894277],[-66.1410641670227,18.461297050161207],[-66.1410266160965,18.460589767616185],[-66.14109098911285,18.459449968029176],[-66.14112854003906,18.458864800122214],[-66.14119827747345,18.458808827435277],[-66.14116072654724,18.458727412585333],[-66.14100515842438,18.458742677872635],[-66.14096760749817,18.458778296871074]],[[-66.13970160484314,18.474958734455925],[-66.13954067230225,18.474892591119698],[-66.13938510417938,18.474724688690088],[-66.13925099372864,18.474663633220388],[-66.13909542560577,18.474638193434927],[-66.13891839981079,18.474628017519677],[-66.1387574672699,18.474556786096088],[-66.13860726356506,18.474460114831032],[-66.13833367824554,18.4742057165047],[-66.13819420337677,18.474088693147863],[-66.13808691501617,18.474022549476075],[-66.13797426223755,18.473910613973374],[-66.1379474401474,18.473869910136102],[-66.13792061805725,18.473808854362076],[-66.13790452480316,18.473630774897003],[-66.13789916038513,18.47342216728849],[-66.13786160945892,18.473305143397],[-66.13781332969666,18.473244087421904],[-66.13763630390167,18.47311688740399],[-66.1373519897461,18.473020215327296]],[[-66.1373519897461,18.471875410275644],[-66.13742709159851,18.471860146156658]],[[-66.1373519897461,18.47180417770879],[-66.13742172718048,18.471799089667172]],[[-66.13867163658142,18.4584424603064],[-66.13867700099945,18.458742677872635],[-66.1389023065567,18.46016743204477],[-66.13900423049927,18.460711888551558],[-66.13912224769592,18.461007013786656],[-66.13921344280243,18.461078250836337],[-66.14002883434296,18.461124046066956],[-66.14013612270355,18.460996837062865],[-66.1401629447937,18.460543972243002],[-66.14184737205505,18.460635562977117],[-66.14271640777588,18.460732242032336],[-66.14290416240692,18.46066100483904],[-66.14294171333313,18.460467646593898],[-66.14297926425934,18.459785802622605],[-66.14307045936584,18.458966568597162],[-66.14310801029205,18.4584424603064]],[[-66.13846778869629,18.4584424603064],[-66.1385428905487,18.45889024224661]],[[-66.14022195339203,18.4584424603064],[-66.14017367362976,18.459399083942543]]]},"properties":{"class":"service","id":"14/5181/7336/1","source":"OpenFreeMap / OpenStreetMap","exposureHigh":true,"exposureModerate":false,"zoneLabels":"AE, VE"},"id":221340350},{"type":"Feature","geometry":{"type":"LineString","coordinates":[[-66.14477634429932,18.460493088480703],[-66.14523231983185,18.460895069791718]]},"properties":{"class":"service","oneway":1,"id":"14/5181/7336/3","source":"OpenFreeMap / OpenStreetMap","exposureHigh":true,"exposureModerate":false,"zoneLabels":"AE"},"id":8956584572},{"type":"Feature","geometry":{"type":"MultiLineString","coordinates":[[[-66.1463588476181,18.459755272232172],[-66.1463052034378,18.459709476636334],[-66.14585995674133,18.459449968029176],[-66.14549517631531,18.459226077935185],[-66.14532887935638,18.4591395748661],[-66.14491045475006,18.45888006539731]],[[-66.14263594150543,18.462625105194476],[-66.14258229732513,18.462655635074398],[-66.1423248052597,18.46286425577516]],[[-66.14307045936584,18.458966568597162],[-66.14395558834076,18.459012364391214],[-66.14413261413574,18.458976745441333],[-66.1441433429718,18.458910595943408],[-66.1442506313324,18.45864599769675],[-66.14436328411102,18.4584424603064]],[[-66.14204049110413,18.459755272232172],[-66.14297926425934,18.459785802622605]],[[-66.14404141902924,18.4584424603064],[-66.14402532577515,18.458635820832967]]]},"properties":{"class":"minor","id":"14/5181/7336/5","source":"OpenFreeMap / OpenStreetMap","exposureHigh":true,"exposureModerate":false,"zoneLabels":"AE, VE"},"id":221338150},{"type":"Feature","geometry":{"type":"LineString","coordinates":[[-66.14585995674133,18.459449968029176],[-66.1447924375534,18.46047782334908],[-66.14443302154541,18.460793302460203],[-66.1438912153244,18.461373375441454],[-66.14353716373444,18.461709206271323],[-66.14317238330841,18.46216715634391],[-66.14263594150543,18.462625105194476]]},"properties":{"class":"minor","oneway":1,"id":"14/5181/7336/6","source":"OpenFreeMap / OpenStreetMap","exposureHigh":true,"exposureModerate":false,"zoneLabels":"AE"},"id":222370522},{"type":"Feature","geometry":{"type":"LineString","coordinates":[[-66.14263594150543,18.462625105194476],[-66.14287734031677,18.462915138834433]]},"properties":{"class":"minor","oneway":1,"id":"14/5181/7336/7","source":"OpenFreeMap / OpenStreetMap","exposureHigh":true,"exposureModerate":false,"zoneLabels":"AE"},"id":222380672},{"type":"Feature","geometry":{"type":"LineString","coordinates":[[-66.14287734031677,18.462915138834433],[-66.1435317993164,18.46253860383854],[-66.1440521478653,18.46218750965211],[-66.14431500434875,18.461892386447005],[-66.14481925964355,18.461363198739377],[-66.14503920078278,18.46108842755531],[-66.14552199840546,18.46060503273786],[-66.14585995674133,18.460325171958104],[-66.1463588476181,18.459755272232172]]},"properties":{"class":"tertiary","oneway":1,"id":"14/5181/7336/8","source":"OpenFreeMap / OpenStreetMap","exposureHigh":true,"exposureModerate":false,"zoneLabels":"AE, VE"},"id":222370012},{"type":"Feature","geometry":{"type":"LineString","coordinates":[[-66.1463588476181,18.459755272232172],[-66.14704549312592,18.458920772790904],[-66.14748001098633,18.4584424603064]]},"properties":{"class":"tertiary","id":"14/5181/7336/9","source":"OpenFreeMap / OpenStreetMap","exposureHigh":true,"exposureModerate":false,"zoneLabels":"VE"},"id":222370122},{"type":"Feature","geometry":{"type":"LineString","coordinates":[[-66.1373519897461,18.46622759353062],[-66.13987326622009,18.463856472709622],[-66.14008784294128,18.46367838291306],[-66.14023804664612,18.463617323511713],[-66.14047944545746,18.463540999229437],[-66.14196538925171,18.463322202765497],[-66.14214777946472,18.463271319826916],[-66.14287734031677,18.462915138834433]]},"properties":{"surface":"paved","class":"tertiary","id":"14/5181/7336/10","source":"OpenFreeMap / OpenStreetMap","exposureHigh":true,"exposureModerate":false,"zoneLabels":"AE, VE"},"id":4525164942},{"type":"Feature","geometry":{"type":"MultiLineString","coordinates":[[[-66.15032851696014,18.45550640660133],[-66.14933609962463,18.456147559529512],[-66.14921808242798,18.45620862158829],[-66.14910006523132,18.456228975603025],[-66.14791989326477,18.45616791355151],[-66.14705085754395,18.45613738251761],[-66.14699721336365,18.45616791355151],[-66.14692747592926,18.45613738251761],[-66.14694356918335,18.45608649744905],[-66.14772140979767,18.45495175650167],[-66.14810228347778,18.454310599107743]],[[-66.1496365070343,18.453735590837027],[-66.14962577819824,18.453654173581114],[-66.14962577819824,18.45355749053958],[-66.14965796470642,18.453455718858095],[-66.14971697330475,18.45339465582026],[-66.14979207515717,18.453364124293174],[-66.14993155002594,18.453348858527605],[-66.15039825439453,18.45332850417141]],[[-66.15218997001648,18.45480418874216],[-66.15178227424622,18.454875428366037]],[[-66.15187346935272,18.455165475100884],[-66.1517608165741,18.455007730446212],[-66.15178227424622,18.454875428366037],[-66.15187346935272,18.454503964288236],[-66.15227043628693,18.454432724510227]],[[-66.15464150905609,18.44856551848254],[-66.15490972995758,18.44899297131178],[-66.1542284488678,18.44937971343107]],[[-66.15505993366241,18.4485146311701],[-66.1552369594574,18.448799599925565],[-66.15538716316223,18.448718180329408],[-66.15519940853119,18.448433211438825],[-66.15415334701538,18.44903876976612]],[[-66.15681409835815,18.44855025229039],[-66.15792453289032,18.449863139855495]],[[-66.15606307983398,18.44903876976612],[-66.15660488605499,18.448611317050847],[-66.15681409835815,18.44855025229039],[-66.15742564201355,18.448112620871782],[-66.15801572799683,18.448870842040563],[-66.15798890590668,18.448987882593897],[-66.15813910961151,18.449211786038887],[-66.15832149982452,18.44953746325598],[-66.15792453289032,18.449863139855495],[-66.15723252296448,18.450448338443323],[-66.15721106529236,18.450539934563537],[-66.15711987018585,18.450600998616537],[-66.15551590919495,18.448657115606935],[-66.15700721740723,18.44752741432532],[-66.15722715854645,18.44750197051721],[-66.15731835365295,18.447552858129683],[-66.1588579416275,18.449410245666556],[-66.15735054016113,18.45056028925029],[-66.15731835365295,18.450646796642033],[-66.15693211555481,18.450911407216893],[-66.15669071674347,18.450901229894654]],[[-66.15596652030945,18.45132867691038],[-66.15591287612915,18.451211637952326],[-66.1561381816864,18.451079332947174]],[[-66.15702331066132,18.450667151316125],[-66.15687310695648,18.45047887048881]],[[-66.15723252296448,18.450448338443323],[-66.15606307983398,18.44903876976612],[-66.15588068962097,18.44879451120194],[-66.15654051303864,18.448326347982984],[-66.15715742111206,18.447929425993365]],[[-66.15521013736725,18.448250016902364],[-66.15532279014587,18.448214395719816],[-66.15562319755554,18.448575695943205]],[[-66.1583161354065,18.4438431116714],[-66.15836977958679,18.444087377276517],[-66.15839660167694,18.444107732727915],[-66.15841805934906,18.444245131961893],[-66.15836977958679,18.444306198252832],[-66.15836441516876,18.44445377503297],[-66.1583161354065,18.44448430814407],[-66.15847170352936,18.445415565425648]],[[-66.1588042974472,18.44380748957498],[-66.15854680538177,18.44380748957498],[-66.1583161354065,18.4438431116714],[-66.15817666053772,18.443939800181624],[-66.15802109241486,18.444255309678567]],[[-66.15219533443451,18.44237751074762],[-66.15242600440979,18.442296088107483],[-66.15278542041779,18.44221975434732],[-66.15394949913025,18.44217904299471]],[[-66.15186810493469,18.43880505612107],[-66.15377247333527,18.438708364721393]],[[-66.13888621330261,18.452982479746765],[-66.13876819610596,18.453038454333324]],[[-66.14071547985077,18.45122181525619],[-66.14062428474426,18.45109968756998],[-66.14069402217865,18.45105388966526]],[[-66.1420887708664,18.451308322314702],[-66.14231407642365,18.451303233665413]],[[-66.14235699176788,18.451170928730832],[-66.14255547523499,18.45102844637958],[-66.14255547523499,18.450382185659436]],[[-66.14249110221863,18.44965959205318],[-66.14235162734985,18.449603616365238],[-66.1417293548584,18.449018414899044]],[[-66.14200294017792,18.45006159873047],[-66.14179372787476,18.45023970265379]],[[-66.14196538925171,18.45025496869576],[-66.14160060882568,18.45058573260532]],[[-66.1420887708664,18.45031094417139],[-66.14196538925171,18.45025496869576],[-66.14114463329315,18.449461132713637],[-66.14085495471954,18.449735922507315]],[[-66.14236235618591,18.450361830951593],[-66.14250183105469,18.450356742274238],[-66.14255547523499,18.450382185659436],[-66.14295244216919,18.450366919628777],[-66.14300608634949,18.45134394285556],[-66.14296317100525,18.45137956338901],[-66.14234626293182,18.45137956338901],[-66.14231407642365,18.451303233665413],[-66.14235699176788,18.451170928730832],[-66.14236235618591,18.450361830951593],[-66.14224433898926,18.450331298885274]],[[-66.14245891571045,18.450356742274238],[-66.14238381385803,18.450244791334597],[-66.14238917827606,18.45020408188391],[-66.14241063594818,18.45014301768977],[-66.14258229732513,18.44996491366618]],[[-66.14209413528442,18.45074856998832],[-66.14155232906342,18.450738392656405],[-66.1414235830307,18.450789279309944],[-66.14114463329315,18.450947027840073],[-66.1406135559082,18.451287967716638],[-66.14053845405579,18.451293056366367],[-66.14008784294128,18.450662062647837],[-66.1406135559082,18.45034147624132],[-66.14075303077698,18.450417806392394],[-66.14114463329315,18.450947027840073]],[[-66.14155232906342,18.450738392656405],[-66.14070475101471,18.449863139855495]],[[-66.14104807376862,18.45081472263105],[-66.14071547985077,18.451008091748335]],[[-66.14088177680969,18.450590821275867],[-66.14063501358032,18.45073330399022]],[[-66.14101052284241,18.45017354978954],[-66.14075303077698,18.450417806392394]],[[-66.14807546138763,18.450997914431795],[-66.14775896072388,18.451567843228787]],[[-66.14795207977295,18.451847718284796],[-66.14788234233856,18.45181209784846]],[[-66.1477643251419,18.45175103422612],[-66.1475121974945,18.451613640996428],[-66.14757657051086,18.451481336301015],[-66.14786088466644,18.451613640996428],[-66.1481773853302,18.45105388966526],[-66.14799499511719,18.45095720515964]],[[-66.1476194858551,18.45167470466764],[-66.14728689193726,18.45226498570311],[-66.14744782447815,18.45235149223612],[-66.14775359630585,18.451807009214093],[-66.14774823188782,18.451745945589934]],[[-66.14431500434875,18.4541884736184],[-66.14473879337311,18.454203739309307]],[[-66.14429891109467,18.45456502693156],[-66.14432036876678,18.454117233709496],[-66.14432573318481,18.454010373790723]],[[-66.14436328411102,18.45456502693156],[-66.14437401294708,18.454315687667915]],[[-66.14442229270935,18.454570115484188],[-66.14442765712738,18.45432077622793]],[[-66.14494264125824,18.454025639497473],[-66.14492118358612,18.45453958416614],[-66.14512503147125,18.45454467271952],[-66.14514648914337,18.45404090520286]],[[-66.14474415779114,18.45413249940674],[-66.14432036876678,18.454117233709496]],[[-66.14474952220917,18.45401546235979],[-66.14472270011902,18.454580292589],[-66.14423990249634,18.45455993837878],[-66.1442506313324,18.454315687667915],[-66.14473342895508,18.454330953347522]],[[-66.14765703678131,18.456162825046235],[-66.14768922328949,18.455343573730346],[-66.14772140979767,18.45495175650167],[-66.14816665649414,18.454977199205985],[-66.14816665649414,18.4550229960643]],[[-66.14305436611176,18.459093779106],[-66.14307045936584,18.458966568597162],[-66.14316701889038,18.457577423704905],[-66.1433494091034,18.455394459019118],[-66.14339232444763,18.45473294908875],[-66.14339768886566,18.453995108082594]],[[-66.14316701889038,18.457577423704905],[-66.1429899930954,18.457623219869575],[-66.14174544811249,18.458157507554446],[-66.14097833633423,18.458137153768348],[-66.14012002944946,18.458137153768348],[-66.13992691040039,18.45813206532145],[-66.13985180854797,18.458116799979834],[-66.13974988460541,18.458121888427186],[-66.13968014717102,18.458091357740813],[-66.1396586894989,18.45804047325143],[-66.13966941833496,18.457816581318966],[-66.13968551158905,18.4577351659984],[-66.1397659778595,18.45760286602011],[-66.13980889320374,18.45756724677777],[-66.13986253738403,18.457551981385933]],[[-66.14112854003906,18.458864800122214],[-66.14100515842438,18.458829181141738],[-66.14096760749817,18.458778296871074],[-66.14087641239166,18.458768120015122]],[[-66.14111244678497,18.459093779106],[-66.14112854003906,18.458864800122214],[-66.14119827747345,18.458808827435277],[-66.14116072654724,18.458727412585333],[-66.14100515842438,18.458742677872635],[-66.14096760749817,18.458778296871074]],[[-66.14079058170319,18.459093779106],[-66.14096224308014,18.458447548744104],[-66.14097833633423,18.458137153768348]],[[-66.13958895206451,18.454524318505094],[-66.13987863063812,18.455109501207758],[-66.13993227481842,18.45550640660133],[-66.13986790180206,18.457353531168494],[-66.13985180854797,18.458116799979834]],[[-66.13989472389221,18.456636055391428],[-66.14025413990021,18.456630966900036],[-66.14056527614594,18.456646232373785],[-66.14061892032623,18.45667676331719],[-66.14063501358032,18.456732736699323],[-66.14060282707214,18.457399327392892],[-66.14064037799835,18.457455300539436],[-66.14075303077698,18.45752145059818]],[[-66.13986790180206,18.457353531168494],[-66.13919198513031,18.457333177287083],[-66.13905787467957,18.45761813140743],[-66.13957822322845,18.457643573716595],[-66.1396586894989,18.45752653906318],[-66.13969624042511,18.457424769734487],[-66.13970160484314,18.457348442698375]],[[-66.14012002944946,18.458137153768348],[-66.14020049571991,18.45823892267471],[-66.14022731781006,18.458350868402007],[-66.14018976688385,18.459093779106]],[[-66.13893985748291,18.459093779106],[-66.1388647556305,18.45895639175238],[-66.13881647586823,18.45787764278404],[-66.13882720470428,18.45783184668727],[-66.13885939121246,18.457791139035436],[-66.13892376422882,18.457755519832162],[-66.13962113857269,18.45775043137394],[-66.13968551158905,18.4577351659984]],[[-66.13873600959778,18.459093779106],[-66.13867700099945,18.458742677872635],[-66.13866090774536,18.457953969584864]],[[-66.13885402679443,18.458773208443176],[-66.13868772983551,18.4587884737264]],[[-66.1385428905487,18.45889024224661],[-66.1384516954422,18.45836613372279],[-66.13826394081116,18.458152419108146],[-66.13822638988495,18.458055738599825],[-66.13824784755707,18.45776060829023],[-66.13839268684387,18.457653750639196],[-66.138596534729,18.457592689094497],[-66.13878428936005,18.457485831338943],[-66.13905787467957,18.457272115628328],[-66.13937973976135,18.456310391637928],[-66.13939583301544,18.456117028491988],[-66.13919734954834,18.45460573534838],[-66.13892912864685,18.453801742329034],[-66.13887548446655,18.453409921581738],[-66.13874673843384,18.45310969468983],[-66.13876819610596,18.453038454333324],[-66.1384516954422,18.452468530417278]]]},"properties":{"class":"service","id":"14/5181/7337/0","source":"OpenFreeMap / OpenStreetMap","exposureHigh":true,"exposureModerate":true,"zoneLabels":"AE, VE, X"},"id":221338950},{"type":"Feature","geometry":{"type":"LineString","coordinates":[[-66.14971697330475,18.453969665232734],[-66.14966332912445,18.45376612229805],[-66.1496365070343,18.453735590837027]]},"properties":{"class":"service","oneway":1,"id":"14/5181/7337/5","source":"OpenFreeMap / OpenStreetMap","exposureHigh":false,"exposureModerate":false,"zoneLabels":"X"},"id":10579603612},{"type":"Feature","geometry":{"type":"LineString","coordinates":[[-66.1496365070343,18.453735590837027],[-66.14961504936218,18.453781388026513],[-66.1496365070343,18.453969665232734]]},"properties":{"class":"service","oneway":1,"id":"14/5181/7337/6","source":"OpenFreeMap / OpenStreetMap","exposureHigh":false,"exposureModerate":false,"zoneLabels":"X"},"id":10579603632},{"type":"Feature","geometry":{"type":"MultiLineString","coordinates":[[[-66.15600943565369,18.448056644679667],[-66.15550518035889,18.448438300173166]],[[-66.15576803684235,18.44806682217049],[-66.15540862083435,18.448316170507525]],[[-66.1392617225647,18.45762830833155],[-66.13938510417938,18.457338265757656]],[[-66.13944947719574,18.45763848525506],[-66.13958895206451,18.457348442698375]]]},"properties":{"class":"service","service":"parking_aisle","id":"14/5181/7337/9","source":"OpenFreeMap / OpenStreetMap","exposureHigh":false,"exposureModerate":true,"zoneLabels":"X"},"id":14118028190},{"type":"Feature","geometry":{"type":"MultiLineString","coordinates":[[[-66.1526083946228,18.453730502259674],[-66.15260303020477,18.453638907841338],[-66.15266740322113,18.45355749053958],[-66.15326821804047,18.453460807443605],[-66.15362763404846,18.45284508750241],[-66.15378320217133,18.452646631844246],[-66.15541934967041,18.451649261473946],[-66.15657269954681,18.45097755979691],[-66.15711987018585,18.450600998616537]],[[-66.15266740322113,18.45355749053958],[-66.152463555336,18.45315549204625],[-66.15234553813934,18.452473619032034]],[[-66.14977598190308,18.449079479493037],[-66.15112245082855,18.447756408428802],[-66.15133166313171,18.44740019524704],[-66.1515086889267,18.446962560898157]],[[-66.14972233772278,18.449155810205013],[-66.1483758687973,18.450489047836115]],[[-66.14962041378021,18.448423033969704],[-66.15066647529602,18.44737984018579],[-66.15074157714844,18.447227177149372]],[[-66.1500495672226,18.44881486609556],[-66.14907324314117,18.4479192484944],[-66.1490786075592,18.44780220721286]],[[-66.15562856197357,18.451527134091734],[-66.1539763212204,18.449003148747153],[-66.1540675163269,18.44888610820422],[-66.15521013736725,18.448250016902364]],[[-66.15934610366821,18.45168488194406],[-66.15923881530762,18.451293056366367],[-66.15923881530762,18.45119128334278],[-66.1592549085617,18.45113021949969],[-66.15935683250427,18.450936850519923],[-66.15978062152863,18.450397451688758],[-66.15982353687286,18.450295678134395],[-66.15982353687286,18.449985268421088],[-66.15878820419312,18.443731156486336]],[[-66.15585923194885,18.443568312450537],[-66.15592360496521,18.443603934596553],[-66.15592360496521,18.443654823363772],[-66.15565538406372,18.443990688849354],[-66.15499556064606,18.444560640898075],[-66.15420162677765,18.445369766005243],[-66.1539226770401,18.445583496529323],[-66.15374028682709,18.445558052433256],[-66.15342378616333,18.445364677179995],[-66.15328431129456,18.44494739299708],[-66.1531662940979,18.444779461271565]],[[-66.1547327041626,18.4407286947646],[-66.1547327041626,18.440520047169855],[-66.15475952625275,18.44018926387848],[-66.15475416183472,18.439721077208404],[-66.15455031394958,18.43928851230342],[-66.1544805765152,18.439201999191766],[-66.1540138721466,18.439207088199538],[-66.15354716777802,18.439263067275107],[-66.15254402160645,18.439263067275107],[-66.15231335163116,18.43927833429254],[-66.15193784236908,18.439329224340895],[-66.15171790122986,18.439125664057073]],[[-66.15193247795105,18.440647271343124],[-66.15262985229492,18.440591292718494],[-66.1547327041626,18.440520047169855]],[[-66.15360617637634,18.440291043420572],[-66.15354716777802,18.439263067275107]],[[-66.15259230136871,18.43877452200074],[-66.15260303020477,18.43913584207698],[-66.15258693695068,18.439263067275107]],[[-66.15193784236908,18.439329224340895],[-66.15184664726257,18.43951751738875],[-66.15193247795105,18.440647271343124],[-66.15198075771332,18.441715950679722],[-66.15219533443451,18.44237751074762],[-66.1499959230423,18.443120490556197]],[[-66.15254402160645,18.439263067275107],[-66.15262985229492,18.440591292718494]],[[-66.15273177623749,18.445705628137972],[-66.15136384963989,18.44556823007214],[-66.15094542503357,18.445558052433256]],[[-66.15187883377075,18.447033803775128],[-66.15128338336945,18.446265396899918],[-66.15110635757446,18.4459702463255],[-66.1499959230423,18.443120490556197],[-66.1497437953949,18.44263704515548],[-66.14935755729675,18.441721039613057],[-66.14846706390381,18.439980615628727],[-66.14827930927277,18.439654920293464],[-66.14811301231384,18.439054417900763],[-66.1480861902237,18.438555693979566],[-66.14786624908447,18.43759895424256]],[[-66.15141212940216,18.44694729456353],[-66.15161061286926,18.446993093563336]],[[-66.14895522594452,18.447227177149372],[-66.14897131919861,18.44714066803516]],[[-66.14904642105103,18.447155934352608],[-66.14743709564209,18.446911673110804],[-66.14734590053558,18.446896406771657]],[[-66.1500334739685,18.448010845963452],[-66.14942193031311,18.447440905362356]],[[-66.14864408969879,18.44834161419503],[-66.14857971668243,18.448280549338676]],[[-66.14866554737091,18.448194040755027],[-66.1483758687973,18.44848409877541],[-66.14837050437927,18.448575695943205],[-66.14883720874786,18.44903368104957],[-66.14936828613281,18.44951201974564]],[[-66.14861190319061,18.44805155593403],[-66.14899277687073,18.44781747347149],[-66.1490786075592,18.44780220721286],[-66.14942193031311,18.447440905362356],[-66.14966332912445,18.447227177149372],[-66.15074157714844,18.447227177149372],[-66.15097761154175,18.447262798536656],[-66.15133166313171,18.44740019524704]],[[-66.14861190319061,18.44776149718318],[-66.1486279964447,18.447664810824037]],[[-66.14734590053558,18.447481615468007],[-66.14870846271515,18.4476800770949]],[[-66.14705085754395,18.448163508303338],[-66.1466646194458,18.448082088405627],[-66.14627301692963,18.447903982244796],[-66.14596724510193,18.447619012003344],[-66.14563465118408,18.447262798536656]],[[-66.14721179008484,18.448305993031454],[-66.14743709564209,18.446911673110804]],[[-66.1466646194458,18.448082088405627],[-66.14651441574097,18.449069302062213],[-66.14650905132294,18.44962905986202],[-66.14650905132294,18.4517205024068],[-66.14649832248688,18.452356580854342],[-66.14619791507721,18.452936682344202],[-66.14613354206085,18.453094428901636],[-66.14612281322479,18.453445541686634],[-66.14493727684021,18.453445541686634],[-66.14441156387329,18.453420098755316],[-66.14411652088165,18.45322164376175],[-66.1438912153244,18.45308425170876],[-66.14388585090637,18.451272701766484],[-66.14388585090637,18.449542551957606],[-66.14393413066864,18.449384802137374],[-66.14411652088165,18.449211786038887],[-66.14458322525024,18.44881486609556],[-66.14481389522552,18.448646938151086],[-66.14517867565155,18.4482958155548],[-66.14596724510193,18.447619012003344]],[[-66.1459082365036,18.448316170507525],[-66.14523768424988,18.44760883448599]],[[-66.14811301231384,18.439054417900763],[-66.14717423915863,18.439090040982606],[-66.14631056785583,18.439074773948434],[-66.14390194416046,18.43884067925461],[-66.14373564720154,18.438942459595452],[-66.14370346069336,18.439934814759496]],[[-66.14294171333313,18.438235084980207],[-66.14296853542328,18.438133304220415],[-66.14286661148071,18.43767529005541]],[[-66.14245355129242,18.438128215180853],[-66.14235699176788,18.438123126141136],[-66.1421799659729,18.438072235735603]],[[-66.13977134227753,18.438199461721155],[-66.13972306251526,18.437970454879377]],[[-66.13992691040039,18.43856078300648],[-66.1399644613266,18.43818419460787]],[[-66.13913297653198,18.438408112133516],[-66.13924026489258,18.438352132779457],[-66.1393690109253,18.438219817870092]],[[-66.1391544342041,18.43849971467357],[-66.13880038261414,18.438550604952496]],[[-66.13918662071228,18.43892210353212],[-66.13915979862213,18.43867274156044],[-66.1391544342041,18.43849971467357],[-66.13911151885986,18.4383114205105],[-66.13909542560577,18.438118037101262],[-66.13912761211395,18.438041701485076]],[[-66.13812983036041,18.45017354978954],[-66.1373519897461,18.44883013226419]],[[-66.14290952682495,18.449817341621],[-66.14354252815247,18.44933900377532],[-66.14366590976715,18.449328826359874],[-66.14388585090637,18.449542551957606]],[[-66.14362835884094,18.448702914150815],[-66.14411652088165,18.449211786038887]],[[-66.14440619945526,18.44896243900213],[-66.14407360553741,18.448606228321637]],[[-66.14441692829132,18.450524668546905],[-66.14441692829132,18.45005142135784]],[[-66.14494264125824,18.450529757219257],[-66.14494264125824,18.45005142135784]],[[-66.14546298980713,18.450529757219257],[-66.1454576253891,18.45005651004425]],[[-66.14544153213501,18.45005651004425],[-66.14544153213501,18.44896243900213]],[[-66.14513039588928,18.44897770515763],[-66.14481389522552,18.448646938151086],[-66.14446520805359,18.448270371860502]],[[-66.14551663398743,18.448646938151086],[-66.14517867565155,18.4482958155548],[-66.1448460817337,18.447939603491747]],[[-66.14650905132294,18.44962905986202],[-66.14717960357666,18.44967485814672]],[[-66.14651441574097,18.449104923067466],[-66.14597260951996,18.449104923067466]],[[-66.1472761631012,18.44918125376813],[-66.14651441574097,18.449069302062213]],[[-66.1470776796341,18.44865202687909],[-66.14603698253632,18.448494276240908]],[[-66.1481773853302,18.44836196914231],[-66.14722788333893,18.448199129496444]],[[-66.14843487739563,18.449435689191972],[-66.14883720874786,18.44903368104957],[-66.14925563335419,18.44859605086276]],[[-66.14856362342834,18.45030076681354],[-66.14749610424042,18.449293205401062],[-66.1475121974945,18.44922196346127],[-66.147780418396,18.448957350283322],[-66.14786624908447,18.448931906687037],[-66.14843487739563,18.449435689191972],[-66.14894986152649,18.44991911545884]],[[-66.14650905132294,18.45016337242356],[-66.14713668823242,18.45017354978954],[-66.14749610424042,18.450499225182796],[-66.14756047725677,18.45061117595658],[-66.14719569683075,18.45121672660433],[-66.14650905132294,18.451211637952326]],[[-66.14650905132294,18.45005651004425],[-66.1438912153244,18.45005142135784]],[[-66.14598333835602,18.450529757219257],[-66.14598333835602,18.449517108448006],[-66.1459618806839,18.4489013743665]],[[-66.14650905132294,18.450687505987787],[-66.1470079421997,18.450687505987787]],[[-66.14650905132294,18.451272701766484],[-66.14388585090637,18.451272701766484]],[[-66.14597797393799,18.45175103422612],[-66.14597797393799,18.450799456638833]],[[-66.14650905132294,18.4517205024068],[-66.14686846733093,18.4517205024068]],[[-66.14649832248688,18.452356580854342],[-66.14388585090637,18.452356580854342]],[[-66.14597797393799,18.452356580854342],[-66.14598333835602,18.452015643099458]],[[-66.14619791507721,18.452936682344202],[-66.1460691690445,18.452890884929403],[-66.14585995674133,18.452880707724475]],[[-66.1454576253891,18.453445541686634],[-66.1454576253891,18.453104606093916]],[[-66.14493727684021,18.453445541686634],[-66.14493727684021,18.453099517497847]],[[-66.14493727684021,18.452829821690685],[-66.14493727684021,18.452020731727643]],[[-66.1454576253891,18.452834910294754],[-66.1454576253891,18.452015643099458]],[[-66.1454576253891,18.45175103422612],[-66.14546298980713,18.450794367974467]],[[-66.14493727684021,18.451745945589934],[-66.14493727684021,18.450794367974467]],[[-66.14388585090637,18.451898604609624],[-66.14348351955414,18.451898604609624]],[[-66.14441692829132,18.451745945589934],[-66.14441692829132,18.450794367974467]],[[-66.14388585090637,18.45125743581498],[-66.14352107048035,18.45125743581498],[-66.14346742630005,18.45121672660433],[-66.14336013793945,18.450992825773298],[-66.14325284957886,18.45023970265379],[-66.14290952682495,18.449817341621],[-66.14281296730042,18.44971047902638]],[[-66.14388585090637,18.452392201177744],[-66.14347815513611,18.452392201177744]],[[-66.14441692829132,18.452834910294754],[-66.14441692829132,18.452356580854342],[-66.14443838596344,18.452153036007488]],[[-66.14441156387329,18.453420098755316],[-66.14441692829132,18.453099517497847]],[[-66.14406287670135,18.453399744407548],[-66.14334404468536,18.45340483299472],[-66.14332795143127,18.45268225210748],[-66.14321529865265,18.452305694665256],[-66.14315629005432,18.452244631218434],[-66.14191710948944,18.452229365353332]],[[-66.14339232444763,18.45473294908875],[-66.1423408985138,18.454682063603897]],[[-66.14564001560211,18.454585381141186],[-66.14584386348724,18.454173207926118],[-66.1458545923233,18.454076525176845]],[[-66.1447548866272,18.4538933366605],[-66.14474952220917,18.45401546235979]],[[-66.14810228347778,18.454310599107743],[-66.14821493625641,18.454178296490355],[-66.14834368228912,18.454117233709496],[-66.14916443824768,18.454142676537472],[-66.14956140518188,18.454203739309307],[-66.14971160888672,18.454203739309307]],[[-66.145259141922,18.459093779106],[-66.14491045475006,18.45888006539731]],[[-66.144899725914,18.45672255972211],[-66.144899725914,18.456580081977762],[-66.1448621749878,18.45652410854585],[-66.14443302154541,18.456427427120474],[-66.14422917366028,18.456346011141065],[-66.14221751689911,18.456198444579982]],[[-66.14414870738983,18.457190700049537],[-66.14402532577515,18.458635820832967]],[[-66.14320456981659,18.457129638340078],[-66.14414870738983,18.457190700049537],[-66.144357919693,18.457200876998996]],[[-66.14307045936584,18.458966568597162],[-66.14395558834076,18.459012364391214],[-66.14413261413574,18.458976745441333],[-66.1441433429718,18.458910595943408],[-66.1442506313324,18.45864599769675],[-66.14481389522552,18.45762830833155],[-66.14491045475006,18.457241584790793],[-66.14511966705322,18.45701260333628],[-66.1452054977417,18.45684977189393],[-66.14520013332367,18.456692028786847],[-66.14507138729095,18.456478312087967],[-66.14473879337311,18.456274772127415],[-66.14469587802887,18.456213710092186],[-66.14472270011902,18.4561017629712],[-66.1449533700943,18.4557557441357],[-66.14499092102051,18.455557291841828],[-66.14488899707794,18.45544025576612],[-66.14449203014374,18.45536392784767],[-66.14391267299652,18.45532830814078],[-66.14383220672607,18.455399547547174],[-66.1433494091034,18.455394459019118]],[[-66.14209949970245,18.45761813140743],[-66.14075303077698,18.45752145059818]],[[-66.14120364189148,18.456656409355517],[-66.1413162946701,18.45517056363572]],[[-66.14217460155487,18.456717471233276],[-66.14120364189148,18.456656409355517],[-66.14105343818665,18.456702205765865],[-66.14082276821136,18.456692028786847]],[[-66.14235162734985,18.454554849825854],[-66.14208340644836,18.4578827312385],[-66.14211559295654,18.45798958874697]],[[-66.14053308963776,18.453593110613852],[-66.14066183567047,18.453898425233035],[-66.14339768886566,18.453995108082594],[-66.14474952220917,18.45401546235979],[-66.1458545923233,18.454076525176845],[-66.14649832248688,18.454096879444364]],[[-66.13987863063812,18.455109501207758],[-66.1413162946701,18.45517056363572],[-66.14229798316956,18.45522653750895]],[[-66.13940119743347,18.453735590837027],[-66.13935828208923,18.453979842373116]],[[-66.1375880241394,18.450433072418534],[-66.13812983036041,18.45017354978954],[-66.13855361938477,18.449944558908882]],[[-66.1373519897461,18.45016337242356],[-66.13753974437714,18.450346564919116]],[[-66.13903641700745,18.437751625834352],[-66.13950848579407,18.437710913423132]],[[-66.1414235830307,18.43759895424256],[-66.14143967628479,18.437690557213898],[-66.14155232906342,18.437950098700895],[-66.14150941371918,18.43801625627215]],[[-66.14224433898926,18.437838139676145],[-66.14286661148071,18.43767529005541],[-66.143097281456,18.43759895424256]],[[-66.14218533039093,18.43759895424256],[-66.14224433898926,18.437838139676145],[-66.1421799659729,18.438072235735603],[-66.14206194877625,18.438204550758613],[-66.14193856716156,18.43850480370213],[-66.14179909229279,18.438489536615975]],[[-66.1433494091034,18.43759895424256],[-66.14347279071808,18.438021345315036],[-66.14349961280823,18.43816892749321]],[[-66.14443302154541,18.43759895424256],[-66.14443838596344,18.437639666680298],[-66.14440083503723,18.437761803935643],[-66.144357919693,18.437858495867886]],[[-66.14459931850433,18.43783305062783],[-66.14452421665192,18.43788394110419],[-66.14448130130768,18.437889030150984],[-66.14441692829132,18.43788394110419],[-66.14437937736511,18.437873763010117],[-66.144357919693,18.437858495867886],[-66.14404678344727,18.43784831777232],[-66.14383220672607,18.437889030150984],[-66.14376246929169,18.437975543923613],[-66.14376246929169,18.438082413817938]],[[-66.14502847194672,18.43759895424256],[-66.14496409893036,18.43761422140784],[-66.14493191242218,18.437660022895543],[-66.14493727684021,18.437827961579373]],[[-66.15092933177948,18.43759895424256],[-66.1510044336319,18.43816892749321]],[[-66.15312337875366,18.437919564428654],[-66.15308582782745,18.43759895424256]],[[-66.1538314819336,18.437843228724304],[-66.15213632583618,18.43803152340034],[-66.15023732185364,18.438260530160747],[-66.15015149116516,18.438219817870092],[-66.15012466907501,18.438082413817938],[-66.15006566047668,18.43759895424256]]]},"properties":{"class":"minor","id":"14/5181/7337/13","source":"OpenFreeMap / OpenStreetMap","exposureHigh":true,"exposureModerate":true,"zoneLabels":"AE, VE, X"},"id":221335610},{"type":"Feature","geometry":{"type":"LineString","coordinates":[[-66.1480164527893,18.454030728066087],[-66.14809155464172,18.454117233709496],[-66.14811837673187,18.4541884736184],[-66.14810228347778,18.454310599107743]]},"properties":{"class":"minor","oneway":1,"id":"14/5181/7337/16","source":"OpenFreeMap / OpenStreetMap","exposureHigh":false,"exposureModerate":false,"zoneLabels":"X"},"id":222358432},{"type":"Feature","geometry":{"type":"LineString","coordinates":[[-66.15273177623749,18.454473432958423],[-66.15275859832764,18.45413249940674],[-66.15280151367188,18.45394422237908],[-66.15286588668823,18.453878070941983],[-66.15310192108154,18.453771210874365]]},"properties":{"class":"primary","oneway":1,"ramp":1,"id":"14/5181/7337/23","source":"OpenFreeMap / OpenStreetMap","exposureHigh":false,"exposureModerate":false,"zoneLabels":"X"},"id":4525164952},{"type":"Feature","geometry":{"type":"LineString","coordinates":[[-66.1496365070343,18.453969665232734],[-66.14964723587036,18.454147765102633],[-66.1496365070343,18.454208827872648]]},"properties":{"class":"minor","oneway":1,"id":"14/5181/7337/24","source":"OpenFreeMap / OpenStreetMap","exposureHigh":false,"exposureModerate":false,"zoneLabels":"X"},"id":10579603572},{"type":"Feature","geometry":{"type":"LineString","coordinates":[[-66.14971160888672,18.454203739309307],[-66.14972770214081,18.454081613743952],[-66.14971697330475,18.453969665232734]]},"properties":{"class":"minor","oneway":1,"id":"14/5181/7337/25","source":"OpenFreeMap / OpenStreetMap","exposureHigh":false,"exposureModerate":false,"zoneLabels":"X"},"id":10579603582},{"type":"Feature","geometry":{"type":"LineString","coordinates":[[-66.14971160888672,18.454203739309307],[-66.15057528018951,18.454127410841153],[-66.15071475505829,18.454091790877712]]},"properties":{"class":"primary","oneway":1,"ramp":1,"id":"14/5181/7337/26","source":"OpenFreeMap / OpenStreetMap","exposureHigh":false,"exposureModerate":false,"zoneLabels":"X"},"id":10579603592},{"type":"Feature","geometry":{"type":"LineString","coordinates":[[-66.14961504936218,18.453781388026513],[-66.1495292186737,18.4538933366605],[-66.14947557449341,18.453928956665095],[-66.14938974380493,18.4539645766623]]},"properties":{"class":"primary","oneway":1,"ramp":1,"id":"14/5181/7337/27","source":"OpenFreeMap / OpenStreetMap","exposureHigh":false,"exposureModerate":false,"zoneLabels":"X"},"id":10579603622},{"type":"Feature","geometry":{"type":"MultiLineString","coordinates":[[[-66.1500495672226,18.44933391506767],[-66.1487728357315,18.448148242075447],[-66.14869773387909,18.448087177150356],[-66.14861190319061,18.44805155593403],[-66.1467719078064,18.447751319674254],[-66.14652514457703,18.447649544551837],[-66.14634811878204,18.447507059279133],[-66.14578485488892,18.44693711700637],[-66.14567220211029,18.44693711700637],[-66.14554345607758,18.447033803775128],[-66.14362835884094,18.448702914150815],[-66.14275395870209,18.449410245666556],[-66.14245891571045,18.449695212935993]],[[-66.1422336101532,18.45040254036489],[-66.14207804203033,18.450366919628777]],[[-66.14209949970245,18.450677328652247],[-66.1420887708664,18.451608552356205],[-66.14201366901398,18.451969845439024],[-66.14191710948944,18.452229365353332],[-66.14175617694855,18.45251941655812],[-66.14131093025208,18.453023188538808]],[[-66.14679872989655,18.453974753802996],[-66.1468255519867,18.45388824808782],[-66.14795207977295,18.451847718284796],[-66.14839732646942,18.451064066978475],[-66.14864945411682,18.450743481322434],[-66.14897131919861,18.450397451688758],[-66.1500495672226,18.44933391506767],[-66.15133166313171,18.44810244338366],[-66.15151405334473,18.44786327223926],[-66.15187883377075,18.447033803775128],[-66.15249037742615,18.446377350433394],[-66.15258693695068,18.446224686506],[-66.15265667438507,18.446087288855338],[-66.15269958972931,18.44593971347851],[-66.15283370018005,18.445120413391052],[-66.15286588668823,18.445033903215844],[-66.15292489528656,18.444962659509443],[-66.1531662940979,18.444779461271565],[-66.15360617637634,18.4443876199403],[-66.15380465984344,18.444168799067697],[-66.15415871143341,18.443710800990303],[-66.15444302558899,18.44319173502656],[-66.15455567836761,18.442906756967858],[-66.15472197532654,18.44239786640162],[-66.15478098392487,18.44213833163245],[-66.15481853485107,18.441873707542598],[-66.15503311157227,18.43902388382473],[-66.1550223827362,18.43889665844955],[-66.15498483181,18.438794878081566],[-66.15491509437561,18.438708364721393],[-66.15484535694122,18.43867274156044],[-66.1547702550888,18.438652385465133],[-66.15377247333527,18.438708364721393],[-66.1537617444992,18.438474269528456],[-66.1538314819336,18.437843228724304],[-66.15387439727783,18.43759895424256]],[[-66.14690601825714,18.459093779106],[-66.14704549312592,18.458920772790904],[-66.1475658416748,18.458340691520732],[-66.14819347858429,18.45775043137394],[-66.14886403083801,18.457185611574573],[-66.15011930465698,18.456254418118093],[-66.15187346935272,18.455165475100884],[-66.15259230136871,18.45475330327845],[-66.1526620388031,18.454676975054596],[-66.15272104740143,18.454554849825854],[-66.15273177623749,18.454473432958423],[-66.1526083946228,18.453730502259674]],[[-66.13940119743347,18.453735590837027],[-66.13926708698273,18.453649085001345],[-66.13920271396637,18.45358293345052],[-66.13913297653198,18.45348625036887],[-66.13823711872101,18.45165435011299],[-66.1375880241394,18.450433072418534],[-66.1373519897461,18.45002088923634]],[[-66.14066183567047,18.43759895424256],[-66.1404150724411,18.437777071086458],[-66.1399644613266,18.43818419460787],[-66.13942801952362,18.438235084980207],[-66.1393690109253,18.438219817870092],[-66.1392617225647,18.43816892749321],[-66.13912761211395,18.438041701485076],[-66.13906860351562,18.437970454879377],[-66.13901495933533,18.43759895424256]]]},"properties":{"class":"tertiary","id":"14/5181/7337/30","source":"OpenFreeMap / OpenStreetMap","exposureHigh":true,"exposureModerate":false,"zoneLabels":"VE, X"},"id":221336220},{"type":"Feature","geometry":{"type":"LineString","coordinates":[[-66.14679872989655,18.453974753802996],[-66.1480164527893,18.454030728066087],[-66.15037143230438,18.454096879444364],[-66.15071475505829,18.454091790877712],[-66.15152478218079,18.454020550928703],[-66.15186810493469,18.453979842373116],[-66.1537778377533,18.45365926216074],[-66.15465223789215,18.453501516122216],[-66.15508139133453,18.453415010168598],[-66.15528523921967,18.453353947116284],[-66.15565001964569,18.45321146657642],[-66.15708231925964,18.452468530417278],[-66.15742027759552,18.452326049142712],[-66.15780115127563,18.452178479126545],[-66.15863800048828,18.451934225028012],[-66.1600112915039,18.451623818276488]]},"properties":{"expressway":1,"class":"primary","oneway":1,"id":"14/5181/7337/40","source":"OpenFreeMap / OpenStreetMap","exposureHigh":true,"exposureModerate":false,"zoneLabels":"AE, VE, X"},"id":2034815272},{"type":"Feature","geometry":{"type":"LineString","coordinates":[[-66.1600112915039,18.4515322227344],[-66.15842342376709,18.451898604609624],[-66.15778505802155,18.45209197250638],[-66.15740418434143,18.45223954259687],[-66.15694284439087,18.452443087341194],[-66.156245470047,18.45280946727297],[-66.15544617176056,18.453206377983506],[-66.15522623062134,18.453282706861117],[-66.15499556064606,18.453343769938783],[-66.1546790599823,18.453409921581738],[-66.1526083946228,18.453730502259674],[-66.15148723125458,18.453923868093455],[-66.15088105201721,18.453979842373116],[-66.1505001783371,18.453979842373116],[-66.14795207977295,18.453939133807907],[-66.1468255519867,18.45388824808782]]},"properties":{"expressway":1,"surface":"paved","class":"primary","oneway":1,"id":"14/5181/7337/41","source":"OpenFreeMap / OpenStreetMap","exposureHigh":true,"exposureModerate":false,"zoneLabels":"VE, X"},"id":2034815282},{"type":"Feature","geometry":{"type":"MultiLineString","coordinates":[[[-66.1380386352539,18.473971669711176],[-66.13797426223755,18.473910613973374],[-66.13792061805725,18.473808854362076],[-66.13790452480316,18.473630774897003],[-66.13789916038513,18.47342216728849],[-66.13786160945892,18.473305143397],[-66.13781332969666,18.473244087421904],[-66.13763630390167,18.47311688740399],[-66.13731443881989,18.47301003931605],[-66.13714814186096,18.472964247257977],[-66.13705694675446,18.47291845518768],[-66.1370301246643,18.472877751114936],[-66.13701403141022,18.4728166949877],[-66.13696038722992,18.472139988122052],[-66.13698184490204,18.47198225907043]],[[-66.13700866699219,18.472755638838734],[-66.1370462179184,18.472786166915938],[-66.13708913326263,18.472801430952487],[-66.1371374130249,18.472801430952487],[-66.13718032836914,18.47277090287801],[-66.13719642162323,18.472740374798093]],[[-66.13712668418884,18.471905938509522],[-66.13742709159851,18.471860146156658]],[[-66.1371374130249,18.47183470595536],[-66.13742172718048,18.471799089667172]],[[-66.13715350627899,18.472139988122052],[-66.13712131977081,18.471921202624415]],[[-66.13622546195984,18.471280108629003],[-66.13617181777954,18.471407310009127],[-66.1360913515091,18.471519247145594],[-66.13602697849274,18.47158539178281],[-66.13592505455017,18.471580303734697],[-66.13535642623901,18.47138186974064]],[[-66.13612353801727,18.4710002652607],[-66.1360913515091,18.470985001063838],[-66.13606452941895,18.47095447266605],[-66.13605380058289,18.470918856195098],[-66.13605916500092,18.47087815164781],[-66.136075258255,18.47084253516101],[-66.13610744476318,18.470822182879516],[-66.13614499568939,18.47081200673786],[-66.13618791103363,18.47081200673786],[-66.13622009754181,18.470832359020577],[-66.13624691963196,18.47086288744009],[-66.13625764846802,18.470934120397843],[-66.1362361907959,18.470969736865626],[-66.13620400428772,18.47099517719522],[-66.13616645336151,18.471005353326007],[-66.13612353801727,18.4710002652607],[-66.1361289024353,18.471066410098047],[-66.136075258255,18.47123431610906],[-66.13674581050873,18.47145310248287]],[[-66.13731443881989,18.46626321097554],[-66.13676726818085,18.46676694261936],[-66.13647222518921,18.46697555832158],[-66.13639712333679,18.46706714562292],[-66.13637030124664,18.467148556516406],[-66.13634884357452,18.467357171754614],[-66.13636493682861,18.46769807903695],[-66.13642394542694,18.46816110127584],[-66.13646149635315,18.468313745696094],[-66.13660097122192,18.468639386671995],[-66.13667607307434,18.468842911968068],[-66.13671898841858,18.469061701392008],[-66.13677263259888,18.469453486407446],[-66.13676726818085,18.469733332299185],[-66.13672971725464,18.46990632771302],[-66.1366331577301,18.47004879439342],[-66.1363810300827,18.470359167823176],[-66.1363273859024,18.470445665236326],[-66.13619327545166,18.47076621409296],[-66.13618791103363,18.47081200673786]],[[-66.11675262451172,18.45938890712341],[-66.11691355705261,18.45893094963779]],[[-66.11922025680542,18.465250655015367],[-66.11937582492828,18.46519468441113]],[[-66.1190915107727,18.468517271378474],[-66.11923098564148,18.468446037417095],[-66.1192524433136,18.46842059670945]]]},"properties":{"class":"service","id":"14/5182/7336/23","source":"OpenFreeMap / OpenStreetMap","exposureHigh":true,"exposureModerate":false,"zoneLabels":"AE, VE"},"id":222340070},{"type":"Feature","geometry":{"type":"MultiLineString","coordinates":[[[-66.13663852214813,18.468349362707926],[-66.13665997982025,18.466848353655294]],[[-66.13664388656616,18.468150924976328],[-66.13642394542694,18.46816110127584]],[[-66.11760556697845,18.46254369215481],[-66.11682772636414,18.462625105194476]],[[-66.1175948381424,18.462406307562773],[-66.11694574356079,18.462472455713396]],[[-66.11756801605225,18.462121361391638],[-66.1171817779541,18.462162068016482]],[[-66.1175787448883,18.46226892286076],[-66.11706376075745,18.462324894419297]],[[-66.11765921115875,18.46308814112311],[-66.11672580242157,18.46317464220205]],[[-66.11764848232269,18.462945668662755],[-66.11670434474945,18.463042346416614]],[[-66.11762166023254,18.462691253260772],[-66.11675262451172,18.462782842848938],[-66.1166775226593,18.462833725932356],[-66.11587822437286,18.462910050529175]],[[-66.1176323890686,18.462808284392537],[-66.11668825149536,18.46290496222379]],[[-66.11669898033142,18.462996551697884],[-66.11584067344666,18.463077964522725]],[[-66.11672043800354,18.463149200712778],[-66.11580848693848,18.463240790056517]],[[-66.11674189567566,18.463296761298082],[-66.1166775226593,18.462833725932356],[-66.11677408218384,18.462691253260772],[-66.1171817779541,18.462162068016482],[-66.11750364303589,18.461765178012413],[-66.11752510070801,18.461755001333586],[-66.11753582954407,18.461765178012413],[-66.11755728721619,18.46199415312678],[-66.11729443073273,18.462024683118955]],[[-66.11629128456116,18.462691253260772],[-66.11623227596283,18.462726871439756],[-66.11591577529907,18.462742136371347]],[[-66.1174875497818,18.46584597758512],[-66.11753046512604,18.466003712278834],[-66.11805617809296,18.465896859760235],[-66.11817419528961,18.46595791835044]]]},"properties":{"class":"service","service":"parking_aisle","id":"14/5182/7336/33","source":"OpenFreeMap / OpenStreetMap","exposureHigh":true,"exposureModerate":false,"zoneLabels":"AE, VE"},"id":2713665290},{"type":"Feature","geometry":{"type":"LineString","coordinates":[[-66.13669216632843,18.469957208683894],[-66.13672971725464,18.47001317773443],[-66.13692820072174,18.470221789489116],[-66.13696575164795,18.47028284654006],[-66.1369925737381,18.470354079738698],[-66.1370462179184,18.471137642971286],[-66.1370462179184,18.47176347337161],[-66.13700866699219,18.471809265750267],[-66.13698720932007,18.471880498314988],[-66.13698184490204,18.47198225907043]]},"properties":{"class":"service","oneway":1,"id":"14/5182/7336/39","source":"OpenFreeMap / OpenStreetMap","exposureHigh":true,"exposureModerate":false,"zoneLabels":"AE, VE"},"id":6060732032},{"type":"Feature","geometry":{"type":"LineString","coordinates":[[-66.13698184490204,18.47198225907043],[-66.13705158233643,18.471977171034098],[-66.13712131977081,18.471921202624415],[-66.13714277744293,18.471865234196486],[-66.13713204860687,18.4714225741684],[-66.1370462179184,18.470303198885546],[-66.13700330257416,18.470186172866022],[-66.13691747188568,18.470084411045036],[-66.13672971725464,18.46990632771302]]},"properties":{"class":"service","oneway":1,"id":"14/5182/7336/40","source":"OpenFreeMap / OpenStreetMap","exposureHigh":true,"exposureModerate":false,"zoneLabels":"AE, VE"},"id":6060732072},{"type":"Feature","geometry":{"type":"LineString","coordinates":[[-66.13731443881989,18.46626321097554],[-66.1380386352539,18.465581390031346]]},"properties":{"surface":"paved","class":"tertiary","id":"14/5182/7336/92","source":"OpenFreeMap / OpenStreetMap","exposureHigh":true,"exposureModerate":false,"zoneLabels":"VE"},"id":4525164942}]}