{"type":"FeatureCollection","features":[{"type":"Feature","properties":{"OBJECTID":683094,"DFIRM_ID":"72000C","FLD_ZONE":"AE","ZONE_SUBTY":null,"SFHA_TF":"T","STATIC_BFE":2.7,"V_DATUM":"MSL","LEN_UNIT":"Meters","SOURCE_CIT":"72000C_FIS1"},"geometry":{"type":"Polygon","coordinates":[[[-66.14723532100784,18.453987566021226],[-66.147198,18.45399],[-66.147037,18.45403],[-66.146891,18.454034],[-66.146606,18.454011],[-66.146228,18.453954],[-66.146151,18.45395],[-66.145975,18.453949],[-66.145875,18.453938],[-66.145728,18.453905],[-66.145561,18.453844],[-66.145498,18.45381],[-66.145482,18.453793],[-66.145348,18.45373],[-66.14523,18.453673],[-66.144987,18.453574],[-66.144755,18.453489],[-66.14437,18.453374],[-66.144282,18.453342],[-66.144205,18.453307],[-66.144141,18.453268],[-66.144072,18.453212],[-66.143849,18.452988],[-66.143768,18.452916],[-66.143725,18.452886],[-66.143685,18.452865],[-66.143646,18.452852],[-66.143609,18.452848],[-66.143565,18.452853],[-66.143512,18.452873],[-66.143455,18.452906],[-66.143393,18.452953],[-66.143315,18.453022],[-66.143223,18.453114],[-66.143157,18.453188],[-66.143102,18.453262],[-66.14304,18.453366],[-66.143016,18.453422],[-66.143005,18.453458],[-66.142996,18.45354],[-66.142995,18.453729],[-66.142983,18.453799],[-66.14297,18.453828],[-66.142915,18.455196],[-66.142889,18.455621],[-66.142867,18.45585],[-66.142811,18.456288],[-66.142776,18.456508],[-66.142736,18.456697],[-66.142674,18.456911],[-66.142593,18.457113],[-66.142485,18.457327],[-66.142224,18.457784],[-66.142118,18.457988],[-66.141939,18.458389],[-66.141761,18.458822],[-66.141764,18.458843],[-66.141758,18.458873],[-66.141727,18.458937],[-66.141699,18.458963],[-66.141621,18.459014],[-66.141554,18.459075],[-66.141516,18.45912],[-66.141501,18.45916],[-66.141502,18.459191],[-66.14151,18.459229],[-66.141527,18.459271],[-66.141548,18.45931],[-66.141603,18.459372],[-66.141683,18.45943],[-66.141749,18.459461],[-66.14186,18.459501],[-66.141931,18.459517],[-66.142008,18.459526],[-66.142168,18.459525],[-66.142478,18.459493],[-66.142604,18.459486],[-66.142843,18.459495],[-66.142876,18.459501],[-66.142897,18.459513],[-66.142913,18.459542],[-66.142918,18.459592],[-66.142916,18.459711],[-66.142901,18.459842],[-66.142888,18.460007],[-66.14289,18.46006],[-66.142899,18.460102],[-66.142913,18.460131],[-66.142939,18.460155],[-66.142981,18.46018],[-66.143123,18.460245],[-66.143155,18.460271],[-66.14317,18.460301],[-66.143174,18.460337],[-66.143171,18.46038],[-66.143162,18.460426],[-66.143146,18.460467],[-66.143109,18.46052],[-66.143045,18.460571],[-66.142982,18.460608],[-66.142891,18.460653],[-66.14267,18.460718],[-66.14252,18.460788],[-66.142481,18.460798],[-66.142409,18.4608],[-66.142381,18.460806],[-66.142342,18.460829],[-66.142311,18.46086],[-66.142298,18.460889],[-66.142301,18.460921],[-66.142326,18.46097],[-66.142356,18.461003],[-66.142402,18.461027],[-66.142513,18.461066],[-66.142636,18.461097],[-66.142655,18.461107],[-66.142662,18.461119],[-66.142656,18.461138],[-66.142633,18.461163],[-66.142518,18.461251],[-66.14242,18.461342],[-66.142371,18.46138],[-66.142315,18.461405],[-66.142168,18.461432],[-66.142097,18.461459],[-66.142032,18.461494],[-66.141975,18.461532],[-66.141844,18.461665],[-66.141781,18.461709],[-66.141721,18.461735],[-66.141642,18.46176],[-66.141525,18.461791],[-66.141367,18.46182],[-66.141302,18.46184],[-66.141234,18.46188],[-66.141082,18.461997],[-66.141043,18.462018],[-66.140981,18.462044],[-66.140937,18.462058],[-66.140958,18.462106],[-66.14103063631906,18.462216236295976],[-66.14120700006735,18.46216799970208],[-66.14169800033704,18.462048000148204],[-66.1420339998977,18.461939000047536],[-66.14249099983219,18.461718000303268],[-66.14285599970518,18.46147899997811],[-66.14331299963966,18.46110800002972],[-66.14360100041807,18.460778000081543],[-66.14386500000872,18.46045700012737],[-66.14403400006312,18.46010000039698],[-66.14422200038409,18.459549999740986],[-66.14438999971526,18.45891200035094],[-66.14452000030992,18.458535999845523],[-66.1446879996411,18.458183000144384],[-66.14499999981062,18.457645999863427],[-66.14519300015448,18.457316000076098],[-66.14556300005033,18.45678899998328],[-66.1458559999533,18.456495000192174],[-66.14627000023009,18.456060000134134],[-66.14646199985069,18.455807999760808],[-66.14667799976075,18.455459000242477],[-66.14684699981517,18.45511000001468],[-66.14697099966372,18.454812000061988],[-66.14713999971812,18.454257000112424],[-66.14718099972602,18.45414099999917],[-66.14723532100784,18.453987566021226]]]}},{"type":"Feature","properties":{"OBJECTID":683211,"DFIRM_ID":"72000C","FLD_ZONE":"VE","ZONE_SUBTY":null,"SFHA_TF":"T","STATIC_BFE":4,"V_DATUM":"MSL","LEN_UNIT":"Meters","SOURCE_CIT":"72000C_FIS1"},"geometry":{"type":"Polygon","coordinates":[[[-66.132877,18.445562],[-66.13269,18.44539],[-66.132393,18.44509],[-66.132017,18.444753],[-66.131657,18.444461],[-66.131391,18.444259],[-66.130945,18.444066],[-66.130405,18.443811],[-66.129959,18.443579],[-66.129583,18.443406],[-66.129395,18.443338],[-66.129223,18.443308],[-66.129051,18.443241],[-66.128793,18.443098],[-66.128542,18.442926],[-66.128354,18.442881],[-66.128065,18.44285],[-66.127861,18.442857],[-66.127739,18.442868],[-66.127677,18.442868],[-66.127555,18.442827],[-66.127344,18.442692],[-66.126945,18.442441],[-66.126734,18.442306],[-66.126539,18.442166],[-66.126366,18.442083],[-66.126115,18.441991],[-66.125912,18.441961],[-66.125583,18.441931],[-66.125312,18.44189],[-66.125255,18.441899],[-66.125186,18.441943],[-66.125157,18.441973],[-66.125128,18.442124],[-66.125098,18.442148],[-66.125053,18.44216],[-66.124998,18.442157],[-66.12494,18.442154],[-66.124768,18.442168],[-66.12447,18.442086],[-66.124063,18.441958],[-66.12364,18.441853],[-66.12328,18.441762],[-66.12299,18.441717],[-66.122842,18.441717],[-66.122646,18.441702],[-66.122419,18.441656],[-66.122168,18.441618],[-66.121957,18.441588],[-66.121628,18.441618],[-66.121283,18.441654],[-66.120868,18.441661],[-66.120452,18.44172],[-66.11981,18.441802],[-66.119496,18.441898],[-66.119253,18.44198],[-66.118909,18.442054],[-66.118517,18.442121],[-66.118203,18.442195],[-66.11815,18.442206],[-66.118068,18.442231],[-66.118004,18.44227],[-66.11798,18.442292],[-66.117968,18.442314],[-66.117975,18.442474],[-66.117959,18.442513],[-66.117795,18.442621],[-66.117552,18.442695],[-66.117458,18.44271],[-66.117364,18.44271],[-66.117315,18.442724],[-66.117294,18.442739],[-66.117282,18.44278],[-66.117278,18.442822],[-66.117254,18.442919],[-66.117176,18.442993],[-66.116995,18.443098],[-66.116807,18.44321],[-66.116548,18.443381],[-66.116329,18.443523],[-66.116054,18.443709],[-66.115882,18.443821],[-66.115803,18.443843],[-66.115741,18.443798],[-66.115655,18.443739],[-66.115584,18.443746],[-66.115333,18.443835],[-66.114847,18.444044],[-66.114432,18.444245],[-66.114063,18.444409],[-66.11371,18.44461],[-66.113192,18.444761],[-66.112788,18.444846],[-66.112399,18.444831],[-66.11198,18.444673],[-66.111576,18.444473],[-66.111232,18.444315],[-66.110888,18.444214],[-66.110708,18.444214],[-66.110478,18.444258],[-66.110035,18.444341],[-66.10838581207791,18.44464895468668],[-66.10838799978298,18.444765999853885],[-66.10844800005746,18.445353999894646],[-66.10869400010475,18.445827000301502],[-66.10917288645673,18.446486070963772],[-66.109908,18.4466],[-66.113335,18.446404],[-66.115568,18.445559],[-66.118926,18.443883],[-66.120004,18.443526],[-66.121364,18.443216],[-66.124049,18.443381],[-66.125893,18.443822],[-66.127048,18.444237],[-66.127821,18.444679],[-66.128454,18.445218],[-66.128724,18.445669],[-66.128837,18.446201],[-66.12883,18.446592],[-66.128888,18.446576],[-66.130092,18.446238],[-66.13225,18.445664],[-66.13278,18.445578],[-66.132877,18.445562]]]}},{"type":"Feature","properties":{"OBJECTID":683291,"DFIRM_ID":"72000C","FLD_ZONE":"AE","ZONE_SUBTY":null,"SFHA_TF":"T","STATIC_BFE":3,"V_DATUM":"MSL","LEN_UNIT":"Meters","SOURCE_CIT":"72000C_FIS1"},"geometry":{"type":"Polygon","coordinates":[[[-66.14254,18.451513],[-66.142495,18.451315],[-66.142437,18.451122],[-66.142366,18.450929],[-66.142292,18.450771],[-66.142203,18.450612],[-66.142089,18.45043],[-66.141839,18.450064],[-66.141688,18.449857],[-66.141507,18.449625],[-66.140985,18.448979],[-66.14005,18.447864],[-66.139118,18.446729],[-66.137869,18.445159],[-66.137458,18.444651],[-66.137369,18.444558],[-66.137278,18.444472],[-66.137183,18.444392],[-66.137084,18.444318],[-66.13698,18.444249],[-66.136872,18.444186],[-66.136769,18.444134],[-66.136665,18.444091],[-66.136551,18.444052],[-66.136426,18.444017],[-66.136286,18.443985],[-66.136119,18.443953],[-66.135695,18.443886],[-66.135513,18.443866],[-66.135342,18.443854],[-66.135129,18.44385],[-66.134931,18.44386],[-66.134743,18.443884],[-66.134581,18.44392],[-66.134481,18.443952],[-66.13437,18.443994],[-66.133931,18.444187],[-66.133682,18.444282],[-66.133333,18.444426],[-66.133167,18.444481],[-66.133023,18.444513],[-66.132902,18.444524],[-66.132785,18.444517],[-66.132675,18.444499],[-66.132358,18.444432],[-66.131912,18.444378],[-66.13224,18.444649],[-66.13265,18.445031],[-66.132956,18.445201],[-66.133239,18.445292],[-66.133645,18.44533],[-66.134028,18.445309],[-66.134255,18.44526],[-66.134468,18.445233],[-66.134612,18.445233],[-66.134839,18.445274],[-66.135108,18.445353],[-66.135303,18.445441],[-66.135538,18.445595],[-66.13577,18.445816],[-66.137249,18.44775],[-66.139033,18.450254],[-66.139715,18.451165],[-66.139955,18.451524],[-66.140322,18.452326],[-66.14057,18.452903],[-66.140647,18.453318],[-66.140683,18.453166],[-66.140729,18.453023],[-66.140785,18.45286],[-66.140836,18.452827],[-66.140873,18.452802],[-66.140994,18.452819],[-66.14124,18.452894],[-66.141388,18.452938],[-66.141474,18.452948],[-66.141568,18.452949],[-66.141668,18.452942],[-66.141794,18.452923],[-66.141905,18.452898],[-66.141996,18.45287],[-66.142073,18.452836],[-66.142119,18.452809],[-66.142158,18.452778],[-66.142233,18.452696],[-66.142293,18.452604],[-66.142308,18.452561],[-66.142316,18.452514],[-66.142316,18.452428],[-66.1423,18.452326],[-66.142272,18.452223],[-66.142196,18.451977],[-66.14217,18.451861],[-66.142165,18.451806],[-66.142167,18.451757],[-66.142176,18.451715],[-66.142193,18.451679],[-66.14223,18.451638],[-66.142292,18.451599],[-66.14238,18.451562],[-66.142496,18.451524],[-66.14254,18.451513]]]}},{"type":"Feature","properties":{"OBJECTID":684285,"DFIRM_ID":"72000C","FLD_ZONE":"AE","ZONE_SUBTY":null,"SFHA_TF":"T","STATIC_BFE":2.7,"V_DATUM":"MSL","LEN_UNIT":"Meters","SOURCE_CIT":"72000C_FIS1"},"geometry":{"type":"Polygon","coordinates":[[[-66.143095,18.450969],[-66.143081,18.450642],[-66.14307,18.450579],[-66.14305,18.450528],[-66.143027,18.450493],[-66.142994,18.450455],[-66.142955,18.450418],[-66.142923,18.450395],[-66.142855,18.450364],[-66.142686,18.45031],[-66.142615,18.450272],[-66.14254,18.45021],[-66.142486,18.450157],[-66.142449,18.450108],[-66.142429,18.450063],[-66.142427,18.450024],[-66.142443,18.44998],[-66.142471,18.449936],[-66.142569,18.449808],[-66.142591,18.449767],[-66.142603,18.44973],[-66.142614,18.449637],[-66.142611,18.44955],[-66.142556,18.449442],[-66.142469,18.449381],[-66.142461,18.449371],[-66.142393,18.449278],[-66.142377,18.449214],[-66.142088,18.448853],[-66.141883,18.448613],[-66.141636,18.448344],[-66.141071,18.447762],[-66.140826,18.4475],[-66.14061,18.447252],[-66.140232,18.446779],[-66.139938,18.446432],[-66.139829,18.446317],[-66.139726,18.446233],[-66.138357,18.444334],[-66.136854,18.442509],[-66.1346,18.440792],[-66.133733,18.439907],[-66.133261,18.43943],[-66.13319,18.439454],[-66.133123,18.439464],[-66.133041,18.439468],[-66.132678,18.439455],[-66.132531,18.439462],[-66.132354,18.439497],[-66.131916,18.439612],[-66.131796,18.439634],[-66.131687,18.439645],[-66.131467,18.439643],[-66.131328,18.439636],[-66.131218,18.43962],[-66.131128,18.439593],[-66.131064,18.439562],[-66.131022,18.439527],[-66.130986,18.439482],[-66.130967,18.439451],[-66.130915,18.439369],[-66.130879,18.439328],[-66.130844,18.439305],[-66.1308,18.439296],[-66.130745,18.439299],[-66.130682,18.439314],[-66.130612,18.439341],[-66.13054,18.439377],[-66.130483,18.439414],[-66.130454,18.439438],[-66.130362,18.439553],[-66.130327,18.439588],[-66.130279,18.439615],[-66.13022,18.43963],[-66.130139,18.439633],[-66.130039,18.439621],[-66.129738,18.439566],[-66.129502,18.439498],[-66.129453,18.439491],[-66.129413,18.439494],[-66.129378,18.439507],[-66.129346,18.439535],[-66.129318,18.439577],[-66.129293,18.439635],[-66.129189,18.439989],[-66.129176,18.440064],[-66.129177,18.440124],[-66.129185,18.440159],[-66.129201,18.440189],[-66.129227,18.440218],[-66.129262,18.440247],[-66.129335,18.44029],[-66.129507,18.440445],[-66.129538,18.440473],[-66.129558,18.440569],[-66.129534,18.44063],[-66.129439,18.440672],[-66.129276,18.440665],[-66.128846,18.440555],[-66.128469,18.440426],[-66.128255,18.440265],[-66.12816,18.440202],[-66.128137,18.440186],[-66.127896,18.440091],[-66.12773,18.440066],[-66.12769,18.440053],[-66.127368,18.439962],[-66.127154,18.439857],[-66.127059,18.439831],[-66.126979,18.439841],[-66.126921,18.439895],[-66.126857,18.440077],[-66.126863,18.440116],[-66.126897,18.440334],[-66.126855,18.440399],[-66.126765,18.440445],[-66.1265,18.440453],[-66.126124,18.440365],[-66.125687,18.440114],[-66.125385,18.439889],[-66.12521,18.439713],[-66.125117,18.439619],[-66.124998,18.439492],[-66.124687,18.439158],[-66.124592,18.439029],[-66.124346,18.438578],[-66.124172,18.438251],[-66.124098,18.437977],[-66.123978,18.437605],[-66.123966,18.437503],[-66.123945,18.437329],[-66.123985,18.437175],[-66.123952,18.437022],[-66.123972,18.436927],[-66.124107,18.436781],[-66.124184,18.436728],[-66.124231,18.436646],[-66.124269,18.436582],[-66.124278,18.436387],[-66.124202,18.436114],[-66.124152,18.435933],[-66.124101,18.435748],[-66.124036,18.43561],[-66.123874,18.435324],[-66.123761,18.434862],[-66.123659,18.43468],[-66.123586,18.434591],[-66.123459,18.434515],[-66.123401,18.434479],[-66.123294,18.434339],[-66.123151,18.43395],[-66.123017,18.433469],[-66.12297218120882,18.433241704701906],[-66.12289500020576,18.43332999997576],[-66.12255600027206,18.433694000113544],[-66.12226800039195,18.43401199998707],[-66.12220899994242,18.434071000113317],[-66.1221379997973,18.43414299999437],[-66.12183499984859,18.434448999791567],[-66.12144400003635,18.434845000023877],[-66.12140700022641,18.434883000385565],[-66.12133000023353,18.43496100038403],[-66.12110400027773,18.435173999871694],[-66.12102499973668,18.43524899994054],[-66.12097100020833,18.43529799975195],[-66.12047800028883,18.435767999929247],[-66.12021600034801,18.436014000307484],[-66.12004700029362,18.436172000233086],[-66.12002899985195,18.436189000130142],[-66.11986200034569,18.436344000116403],[-66.11968200042064,18.43651599982764],[-66.11949300027474,18.43669099999134],[-66.1194620003126,18.43671900013735],[-66.11885200021723,18.437273999655325],[-66.11883299995065,18.43729100029556],[-66.1187240001707,18.437390999716524],[-66.11839699993257,18.437703999692634],[-66.11800199992236,18.438049999746138],[-66.11788100044684,18.438153000176786],[-66.11785799998232,18.438172999624427],[-66.11784100026388,18.43818800006082],[-66.1173779995833,18.438586000310693],[-66.11719400035858,18.438745000056496],[-66.11717199971896,18.43876500028747],[-66.11714199958173,18.43879199961554],[-66.11711599964246,18.438813999948668],[-66.11705500044141,18.438866999809953],[-66.11638900026955,18.43944499993741],[-66.11620599997144,18.43957600006464],[-66.1161330001765,18.43962800006795],[-66.1160970001915,18.43965399963761],[-66.11601600000066,18.439711999908926],[-66.11598900023647,18.439731000404976],[-66.1159280001371,18.439774000353648],[-66.11589299997699,18.43979799980506],[-66.11583199987763,18.439840999736973],[-66.11579800044076,18.43986700012658],[-66.11577800034927,18.43988000031992],[-66.11566199999831,18.439963000416707],[-66.11564699992971,18.439973000035515],[-66.1156030004471,18.439997000311287],[-66.11556699956377,18.440026000391512],[-66.11515700038325,18.440275000350017],[-66.11469100022792,18.440506000009428],[-66.11431899978395,18.4405950000646],[-66.11409500037627,18.44063000030351],[-66.11398900007106,18.44062299957455],[-66.11372299993228,18.4405950000646],[-66.1132950003101,18.440488000069227],[-66.11303199964605,18.44046399986203],[-66.11279169287567,18.44044180590704],[-66.112792,18.440445],[-66.112824,18.44078],[-66.112835,18.44096],[-66.112854,18.441118],[-66.112854,18.441212],[-66.112844,18.441271],[-66.112822,18.441321],[-66.112792,18.441361],[-66.112685,18.44148],[-66.112622,18.441582],[-66.112579,18.441668],[-66.112555,18.44174],[-66.112526,18.441873],[-66.112524,18.441933],[-66.112537,18.441973],[-66.112566,18.441996],[-66.112618,18.44201],[-66.112781,18.442021],[-66.112858,18.442022],[-66.112945,18.442015],[-66.113031,18.442002],[-66.113112,18.441982],[-66.113192,18.441954],[-66.113273,18.441917],[-66.113347,18.441875],[-66.113412,18.441828],[-66.113475,18.441773],[-66.113527,18.441718],[-66.113559,18.441676],[-66.113629,18.441528],[-66.113658,18.441481],[-66.113699,18.441441],[-66.113756,18.441405],[-66.11386,18.441364],[-66.114015,18.441324],[-66.114076,18.441314],[-66.114233,18.441301],[-66.114311,18.441289],[-66.114459,18.441256],[-66.114595,18.441216],[-66.114737,18.441159],[-66.114906,18.441076],[-66.114969,18.441041],[-66.115092,18.440957],[-66.115149,18.440925],[-66.115199,18.440905],[-66.115264,18.44089],[-66.115329,18.440883],[-66.1154,18.44088],[-66.11548,18.440884],[-66.11555,18.440893],[-66.115679,18.440926],[-66.115833,18.440988],[-66.116066,18.441095],[-66.116122,18.441127],[-66.116167,18.441158],[-66.116205,18.441194],[-66.116234,18.441235],[-66.116259,18.441287],[-66.116279,18.441348],[-66.116297,18.441435],[-66.11631,18.441545],[-66.116315,18.441641],[-66.116314,18.441733],[-66.116305,18.441817],[-66.11629,18.441893],[-66.116269,18.441961],[-66.116241,18.44202],[-66.116206,18.442071],[-66.116167,18.442109],[-66.116119,18.442143],[-66.115998,18.442213],[-66.115946,18.442248],[-66.115885,18.4423],[-66.115721,18.442459],[-66.115667,18.442501],[-66.1156,18.442542],[-66.11551,18.442588],[-66.115306,18.442681],[-66.115091,18.442788],[-66.114978,18.442837],[-66.114879,18.442869],[-66.114676,18.442913],[-66.114562,18.442944],[-66.114429,18.442985],[-66.114325,18.443025],[-66.114191,18.443093],[-66.114071,18.443163],[-66.11393,18.443256],[-66.113854,18.443294],[-66.113775,18.443316],[-66.113582,18.443352],[-66.113359,18.44342],[-66.113257,18.443443],[-66.113112,18.443464],[-66.112954,18.443477],[-66.112808,18.443479],[-66.112649,18.443472],[-66.112461,18.443453],[-66.112353,18.443437],[-66.112042,18.443369],[-66.111895,18.443342],[-66.111672,18.443292],[-66.111621,18.443287],[-66.111576,18.443289],[-66.111537,18.443296],[-66.111489,18.443311],[-66.111401,18.443354],[-66.111369,18.443379],[-66.111344,18.443406],[-66.111321,18.443442],[-66.1113,18.443487],[-66.111262,18.44361],[-66.111249,18.443726],[-66.11125,18.443976],[-66.111257,18.444015],[-66.111271,18.444047],[-66.111293,18.44408],[-66.111324,18.444114],[-66.111395,18.444174],[-66.111453,18.44421],[-66.111877,18.444401],[-66.112124,18.44454],[-66.11223,18.444588],[-66.112381,18.44463],[-66.112525,18.444652],[-66.112655,18.444654],[-66.112761,18.444635],[-66.11286,18.4446],[-66.113083,18.444506],[-66.113598,18.444317],[-66.11399,18.444154],[-66.114229,18.444042],[-66.11466,18.443815],[-66.114833,18.443729],[-66.114991,18.443658],[-66.115246,18.443557],[-66.115346,18.443521],[-66.115431,18.443499],[-66.1155,18.44349],[-66.115637,18.443491],[-66.115693,18.443487],[-66.115755,18.443471],[-66.115822,18.443442],[-66.116143,18.443245],[-66.11633,18.44312],[-66.116521,18.442984],[-66.116813,18.44276],[-66.117017,18.442612],[-66.117309,18.442413],[-66.117687,18.442178],[-66.117955,18.441968],[-66.118024,18.441927],[-66.118105,18.44189],[-66.118184,18.441863],[-66.118276,18.441838],[-66.118571,18.441776],[-66.118699,18.441757],[-66.119006,18.441719],[-66.119286,18.441673],[-66.119391,18.441645],[-66.11966,18.441556],[-66.119857,18.441517],[-66.12021,18.441467],[-66.120615,18.441423],[-66.120792,18.441419],[-66.120981,18.441431],[-66.121168,18.441406],[-66.121555,18.441365],[-66.121886,18.441333],[-66.122088,18.441333],[-66.122281,18.441366],[-66.122653,18.44142],[-66.122868,18.441442],[-66.123082,18.44148],[-66.123428,18.441574],[-66.123921,18.441686],[-66.124305,18.441797],[-66.12449,18.441839],[-66.124609,18.441857],[-66.124714,18.441846],[-66.124853,18.441831],[-66.124998,18.441771],[-66.125019,18.441762],[-66.12527,18.441699],[-66.125566,18.441696],[-66.126308,18.441829],[-66.126703,18.442004],[-66.127108,18.442227],[-66.127414,18.442397],[-66.127658,18.442509],[-66.127879,18.442574],[-66.128258,18.442632],[-66.128532,18.442673],[-66.128986,18.44284],[-66.129492,18.443082],[-66.129808,18.443228],[-66.130519,18.443606],[-66.131207,18.443931],[-66.13159,18.444144],[-66.131912,18.444378],[-66.132358,18.444432],[-66.132675,18.444499],[-66.132785,18.444517],[-66.132902,18.444524],[-66.133023,18.444513],[-66.133167,18.444481],[-66.133333,18.444426],[-66.133682,18.444282],[-66.133931,18.444187],[-66.13437,18.443994],[-66.134481,18.443952],[-66.134581,18.44392],[-66.134743,18.443884],[-66.134931,18.44386],[-66.135129,18.44385],[-66.135342,18.443854],[-66.135513,18.443866],[-66.135695,18.443886],[-66.136119,18.443953],[-66.136286,18.443985],[-66.136426,18.444017],[-66.136551,18.444052],[-66.136665,18.444091],[-66.136769,18.444134],[-66.136872,18.444186],[-66.13698,18.444249],[-66.137084,18.444318],[-66.137183,18.444392],[-66.137278,18.444472],[-66.137369,18.444558],[-66.137458,18.444651],[-66.137869,18.445159],[-66.139118,18.446729],[-66.14005,18.447864],[-66.140985,18.448979],[-66.141507,18.449625],[-66.141688,18.449857],[-66.141839,18.450064],[-66.142089,18.45043],[-66.142203,18.450612],[-66.142292,18.450771],[-66.142366,18.450929],[-66.142437,18.451122],[-66.142495,18.451315],[-66.14254,18.451513],[-66.142586,18.451508],[-66.142797,18.451504],[-66.142843,18.451496],[-66.14288,18.451482],[-66.142928,18.451447],[-66.142978,18.45139],[-66.143033,18.451306],[-66.143063,18.451238],[-66.143078,18.451182],[-66.143089,18.451119],[-66.143095,18.450969]]]}},{"type":"Feature","properties":{"OBJECTID":684526,"DFIRM_ID":"72000C","FLD_ZONE":"AE","ZONE_SUBTY":null,"SFHA_TF":"T","STATIC_BFE":-9999,"V_DATUM":"","LEN_UNIT":"","SOURCE_CIT":"72000C_FIS1"},"geometry":{"type":"Polygon","coordinates":[[[-66.16110674144646,18.449080604939727],[-66.161079,18.448924],[-66.160952,18.448197],[-66.160929,18.447997],[-66.160876,18.447842],[-66.160824,18.447686],[-66.160757,18.447357],[-66.160682,18.446839],[-66.160637,18.446541],[-66.160569,18.445997],[-66.160537,18.445701],[-66.160351,18.444792],[-66.160216,18.443933],[-66.160097,18.443211],[-66.160048,18.442909],[-66.159799,18.441532],[-66.159725,18.441111],[-66.159698,18.440911],[-66.159679,18.440754],[-66.159632,18.440398],[-66.159561,18.439942],[-66.159518,18.439798],[-66.159521,18.439629],[-66.159393,18.439112],[-66.159312,18.438497],[-66.159254,18.438091],[-66.159166,18.437623],[-66.159144,18.437503],[-66.159039,18.436934],[-66.159004,18.436749],[-66.158871,18.43598],[-66.15871,18.435127],[-66.15855,18.434274],[-66.1584,18.433317],[-66.158251,18.43236],[-66.158113,18.431394],[-66.158104,18.431336],[-66.157914,18.430381],[-66.157372,18.427962],[-66.156906,18.425567],[-66.156895,18.425518],[-66.156598,18.424087],[-66.156206,18.42273],[-66.156059,18.422093],[-66.15601514782672,18.421907595590945],[-66.15547799959026,18.421984000387702],[-66.15468000007223,18.422097000022195],[-66.154679472118,18.42209708801419],[-66.154713,18.422241],[-66.155001,18.423515],[-66.155178,18.424268],[-66.155333,18.424928],[-66.15549,18.425542],[-66.155536,18.425743],[-66.155645,18.426217],[-66.155776,18.426899],[-66.155898,18.427515],[-66.156016,18.428023],[-66.156132,18.42863],[-66.15628,18.429267],[-66.156346,18.429608],[-66.156522,18.430414],[-66.156631,18.43105],[-66.156709,18.431509],[-66.156789,18.431982],[-66.156906,18.432566],[-66.157089,18.433468],[-66.157226,18.434216],[-66.157295,18.434814],[-66.15738,18.435443],[-66.15751,18.436163],[-66.157649,18.437068],[-66.157653,18.437095],[-66.157703,18.437458],[-66.157714,18.437503],[-66.157757,18.437679],[-66.157821,18.437944],[-66.157943,18.438716],[-66.158095,18.439557],[-66.158352,18.441091],[-66.15842,18.441492],[-66.158548,18.442371],[-66.158836,18.443844],[-66.159156,18.445542],[-66.15918,18.445628],[-66.15918738186744,18.44565496537832],[-66.15924199991953,18.445650000040505],[-66.15928399975232,18.445647000424476],[-66.15933399998103,18.445643000368264],[-66.1593530002476,18.445645000396404],[-66.15947200007331,18.44565699971245],[-66.15948999961664,18.445658999740424],[-66.15953999984535,18.445664000236278],[-66.1596620000441,18.445676000403218],[-66.15967399973965,18.445676999991022],[-66.15983399957324,18.445745000068463],[-66.15987899977908,18.445778999671003],[-66.1599800000614,18.445856000249837],[-66.16006000042735,18.445916999743172],[-66.16006700010006,18.445924000256415],[-66.16017300040527,18.44608900009785],[-66.16025899972065,18.44630000025808],[-66.16026899976642,18.446552000097682],[-66.16026399974353,18.446796000361118],[-66.16018699975065,18.447020999738047],[-66.16006700010006,18.447273000224246],[-66.15997699968835,18.447386999856043],[-66.15992099961187,18.447435999614758],[-66.15989600039583,18.44746500014358],[-66.15976400015134,18.447616999750036],[-66.1597493622789,18.447646705976535],[-66.159756,18.447691],[-66.159811,18.448065],[-66.159998,18.449287],[-66.16006038842136,18.449736391597604],[-66.16007799997071,18.449728999871308],[-66.16040299966072,18.44957999997709],[-66.1604579999123,18.44955400020535],[-66.16060699987523,18.449470000063766],[-66.16078000012757,18.44937100042238],[-66.1610629999848,18.449129000395953],[-66.16110674144646,18.449080604939727]]]}},{"type":"Feature","properties":{"OBJECTID":684528,"DFIRM_ID":"72000C","FLD_ZONE":"AE","ZONE_SUBTY":null,"SFHA_TF":"T","STATIC_BFE":3,"V_DATUM":"MSL","LEN_UNIT":"Meters","SOURCE_CIT":"72000C_FIS1"},"geometry":{"type":"Polygon","coordinates":[[[-66.14297,18.453828],[-66.142954,18.453848],[-66.142951,18.453852],[-66.142925,18.453872],[-66.142895,18.453888],[-66.142852,18.4539],[-66.142801,18.453907],[-66.142672,18.453903],[-66.142546,18.453884],[-66.14217,18.453812],[-66.141629,18.453771],[-66.141496,18.453753],[-66.141382,18.453727],[-66.141295,18.453699],[-66.140885,18.453614],[-66.140735,18.453564],[-66.140689,18.453489],[-66.140673,18.454445],[-66.140552,18.455785],[-66.140482,18.456398],[-66.140394,18.45679],[-66.140197,18.457156],[-66.140064,18.457305],[-66.139856,18.457496],[-66.139773,18.457547],[-66.139429,18.45765],[-66.139119,18.457734],[-66.139027,18.45776],[-66.138836,18.457882],[-66.138798,18.457918],[-66.138731,18.4581],[-66.138706,18.458504],[-66.138692,18.458964],[-66.138663,18.459225],[-66.138654,18.459732],[-66.138695,18.460128],[-66.138786,18.460608],[-66.1388,18.460657],[-66.138891,18.460901],[-66.138982,18.461174],[-66.139045,18.461395],[-66.139102,18.461654],[-66.139154,18.461834],[-66.139206,18.461975],[-66.139212,18.461989],[-66.13923734600525,18.462066012862103],[-66.1393440001693,18.462175999896594],[-66.13942399963693,18.462222000368616],[-66.1395490002087,18.46229499986993],[-66.13956148759955,18.4623412028879],[-66.139616,18.462343],[-66.13986,18.462321],[-66.139979,18.462304],[-66.140326,18.462239],[-66.140385,18.46223],[-66.140458,18.462231],[-66.140692,18.46226],[-66.14077521050848,18.46228080262712],[-66.14085600043808,18.462264000307297],[-66.14103063631906,18.462216236295976],[-66.140958,18.462106],[-66.140937,18.462058],[-66.140889,18.462073],[-66.140785,18.462095],[-66.14067,18.462112],[-66.140489,18.462122],[-66.14031,18.462165],[-66.140167,18.46219],[-66.140108,18.462189],[-66.140041,18.462178],[-66.139875,18.462135],[-66.139782,18.462105],[-66.139738,18.462097],[-66.139682,18.462093],[-66.139619,18.462096],[-66.139507,18.462118],[-66.139443,18.462122],[-66.139402,18.462116],[-66.139377,18.462096],[-66.139358,18.462062],[-66.139337,18.461997],[-66.139317,18.461902],[-66.1393,18.461875],[-66.13924,18.461806],[-66.139211,18.461737],[-66.139188,18.461627],[-66.139188,18.461447],[-66.139178,18.461323],[-66.139167,18.46126],[-66.139153,18.461217],[-66.139131,18.461176],[-66.139074,18.461097],[-66.139019,18.461032],[-66.139,18.460996],[-66.138989,18.46094],[-66.138993,18.460823],[-66.138988,18.460775],[-66.138976,18.460735],[-66.138935,18.460645],[-66.138925,18.460606],[-66.138927,18.460581],[-66.138937,18.460559],[-66.139009,18.460474],[-66.139051,18.460395],[-66.139094,18.460282],[-66.13912,18.460174],[-66.139128,18.460113],[-66.139129,18.460068],[-66.139108,18.459908],[-66.139105,18.45985],[-66.139127,18.459646],[-66.139129,18.459583],[-66.139113,18.459403],[-66.139108,18.459235],[-66.139115,18.459189],[-66.139131,18.459149],[-66.139161,18.459101],[-66.139197,18.459063],[-66.139243,18.459036],[-66.139309,18.459024],[-66.139569,18.459023],[-66.139643,18.459031],[-66.139687,18.459045],[-66.139719,18.459067],[-66.139736,18.459093],[-66.13977,18.459165],[-66.139793,18.459191],[-66.139835,18.459207],[-66.139899,18.459209],[-66.140086,18.459195],[-66.140188,18.459175],[-66.140257,18.459156],[-66.1403,18.459138],[-66.140325,18.459122],[-66.140397,18.459038],[-66.140423,18.459016],[-66.140449,18.459004],[-66.140484,18.459003],[-66.14053,18.459013],[-66.140572,18.459031],[-66.140593,18.459049],[-66.140638,18.459103],[-66.140662,18.459125],[-66.140724,18.459166],[-66.140788,18.459199],[-66.140855,18.459221],[-66.140919,18.459234],[-66.140973,18.459236],[-66.141027,18.459228],[-66.141085,18.459209],[-66.141139,18.459179],[-66.141184,18.45914],[-66.141209,18.459102],[-66.141216,18.459073],[-66.141218,18.459038],[-66.141205,18.458883],[-66.141166,18.458713],[-66.141162,18.458655],[-66.141172,18.458629],[-66.141191,18.458612],[-66.14123,18.458598],[-66.14128,18.45859],[-66.141334,18.45859],[-66.141379,18.458599],[-66.141429,18.458619],[-66.141472,18.458646],[-66.141501,18.45868],[-66.141525,18.458781],[-66.141536,18.458799],[-66.14155,18.45881],[-66.141599,18.458818],[-66.141729,18.458808],[-66.14175,18.458813],[-66.141761,18.458822],[-66.141939,18.458389],[-66.142118,18.457988],[-66.142224,18.457784],[-66.142485,18.457327],[-66.142593,18.457113],[-66.142674,18.456911],[-66.142736,18.456697],[-66.142776,18.456508],[-66.142811,18.456288],[-66.142867,18.45585],[-66.142889,18.455621],[-66.142915,18.455196],[-66.14297,18.453828]]]}},{"type":"Feature","properties":{"OBJECTID":684837,"DFIRM_ID":"72000C","FLD_ZONE":"AE","ZONE_SUBTY":null,"SFHA_TF":"T","STATIC_BFE":-9999,"V_DATUM":"","LEN_UNIT":"","SOURCE_CIT":"72000C_FIS1"},"geometry":{"type":"Polygon","coordinates":[[[-66.16493365867068,18.429219567239947],[-66.16483900000964,18.429085999668214],[-66.16479100032905,18.42903500042155],[-66.16470622440721,18.428944725408538],[-66.164704,18.428946],[-66.164386,18.429127],[-66.163728,18.429534],[-66.162136,18.430415],[-66.161272,18.431003],[-66.160794,18.431521],[-66.160367,18.432088],[-66.160072,18.432599],[-66.159889,18.432901],[-66.159848,18.432925],[-66.15982,18.43292],[-66.159742,18.432459],[-66.15957,18.431541],[-66.159401,18.430537],[-66.159315,18.43004],[-66.159138,18.429127],[-66.15896,18.428213],[-66.158675,18.427072],[-66.15829,18.425351],[-66.158152,18.424729],[-66.15786,18.423404],[-66.157802,18.423134],[-66.157518,18.422032],[-66.157474,18.42186],[-66.15743459393208,18.421707034573803],[-66.1574159998314,18.421708999782844],[-66.15712200010353,18.421749999671572],[-66.15687000020844,18.421786000064706],[-66.15686891549505,18.421786154356017],[-66.157099,18.422716],[-66.157648,18.424977],[-66.157756,18.425456],[-66.15825,18.427632],[-66.158517,18.428825],[-66.158884,18.43097],[-66.158996,18.431624],[-66.159275,18.43325],[-66.159541,18.434759],[-66.159898,18.436739],[-66.159912,18.436863],[-66.159943,18.437124],[-66.159974,18.437486],[-66.159985,18.437542],[-66.160034,18.437773],[-66.160138,18.438385],[-66.160187,18.438723],[-66.160399,18.439809],[-66.160445,18.44004],[-66.160611,18.440902],[-66.160835,18.442236],[-66.160902,18.442732],[-66.16107,18.443925],[-66.161345,18.445601],[-66.161565,18.447017],[-66.16159,18.447161],[-66.161779,18.448396],[-66.16178012249574,18.448401051230807],[-66.16191800030255,18.448213999823373],[-66.16208300015899,18.447989999879205],[-66.16229565965013,18.44761906032472],[-66.162256,18.447332],[-66.162217,18.44712],[-66.162168,18.446867],[-66.162041,18.446237],[-66.161916,18.445284],[-66.161772,18.4444],[-66.161622,18.443621],[-66.161452,18.442578],[-66.161325,18.44172],[-66.161188,18.44101],[-66.161066,18.440322],[-66.161048,18.439994],[-66.161046,18.439813],[-66.161012,18.439522],[-66.160848,18.43869],[-66.160613,18.437509],[-66.160603,18.437452],[-66.16052,18.4368],[-66.160418,18.436088],[-66.16011,18.43437],[-66.160108,18.434174],[-66.160117,18.433723],[-66.160208,18.433419],[-66.160461,18.432811],[-66.160696,18.432253],[-66.160891,18.431948],[-66.161545,18.431346],[-66.161987,18.431033],[-66.163554,18.430071],[-66.164399,18.429571],[-66.164933,18.42922],[-66.16493365867068,18.429219567239947]]]}},{"type":"Feature","properties":{"OBJECTID":685037,"DFIRM_ID":"72000C","FLD_ZONE":"VE","ZONE_SUBTY":null,"SFHA_TF":"T","STATIC_BFE":3.7,"V_DATUM":"MSL","LEN_UNIT":"Meters","SOURCE_CIT":"72000C_FIS1"},"geometry":{"type":"MultiPolygon","coordinates":[[[[-66.14077521050848,18.46228080262712],[-66.140692,18.46226],[-66.140458,18.462231],[-66.140385,18.46223],[-66.140326,18.462239],[-66.139979,18.462304],[-66.13986,18.462321],[-66.139616,18.462343],[-66.13956148759955,18.4623412028879],[-66.1395690003002,18.462368999682834],[-66.13981799982221,18.462383000219603],[-66.13998199985376,18.462390000061507],[-66.14001500036402,18.462391000404093],[-66.14024100031986,18.46238699988585],[-66.14050499991049,18.462336999790683],[-66.14077521050848,18.46228080262712]]],[[[-66.139754,18.455993],[-66.139737,18.455261],[-66.139614,18.45436],[-66.139239,18.453186],[-66.139136,18.452703],[-66.13885,18.451882],[-66.138793,18.451737],[-66.138732,18.451595],[-66.138667,18.451456],[-66.138598,18.451319],[-66.138524,18.451185],[-66.138446,18.451053],[-66.138364,18.450923],[-66.138279,18.4508],[-66.138234,18.450737],[-66.138184,18.450674],[-66.138129,18.450608],[-66.138069,18.450538],[-66.137953,18.45041],[-66.137656,18.450093],[-66.137574,18.450002],[-66.137503,18.449919],[-66.137431,18.44983],[-66.137352,18.449728],[-66.137097,18.449385],[-66.137001,18.449258],[-66.136903,18.449136],[-66.136811,18.449029],[-66.136709,18.44892],[-66.136658,18.44887],[-66.136608,18.448824],[-66.136555,18.448777],[-66.136502,18.448734],[-66.136461,18.448704],[-66.136418,18.448674],[-66.136329,18.448622],[-66.136226,18.448569],[-66.135717,18.448124],[-66.135704,18.448113],[-66.135634,18.448061],[-66.135439,18.447916],[-66.13514,18.447501],[-66.134886,18.447081],[-66.134584,18.446614],[-66.134281,18.446221],[-66.134126,18.446059],[-66.133964,18.445927],[-66.133737,18.445819],[-66.133451,18.445704],[-66.133164,18.445627],[-66.133004,18.445589],[-66.132877,18.445562],[-66.13278,18.445578],[-66.13225,18.445664],[-66.130092,18.446238],[-66.128888,18.446576],[-66.12883,18.446592],[-66.128828,18.446747],[-66.128677,18.447473],[-66.128458,18.448099],[-66.128062,18.44897],[-66.127696,18.45014],[-66.127558,18.451131],[-66.12756,18.452075],[-66.127681,18.45312],[-66.127931,18.453736],[-66.128235,18.454221],[-66.128645,18.454641],[-66.129313,18.455115],[-66.130036,18.45549],[-66.131274,18.456138],[-66.132872,18.457056],[-66.134832,18.458129],[-66.135164,18.458393],[-66.13651,18.459462],[-66.137004,18.460016],[-66.137207,18.460333],[-66.137325,18.460501],[-66.137606,18.461699],[-66.137576,18.462115],[-66.137501,18.462508],[-66.137335,18.462812],[-66.137056,18.463049],[-66.136733,18.463131],[-66.13602,18.46323],[-66.135124,18.463282],[-66.13448,18.46336],[-66.134019,18.463506],[-66.13344,18.463848],[-66.132904,18.464322],[-66.13269209033191,18.464573535053166],[-66.13510199998915,18.463798000313833],[-66.13820699981925,18.4627970001166],[-66.13905499956599,18.462525000243307],[-66.13922500034361,18.462410999585497],[-66.13922100014567,18.462400000078606],[-66.13921600012279,18.462388999718943],[-66.139210000275,18.46237699986799],[-66.13920500025212,18.462368999682834],[-66.13920199987908,18.462360000006708],[-66.1391960000313,18.462348000153717],[-66.1391900001835,18.462338000133588],[-66.13918400033573,18.462328000112862],[-66.13917799958963,18.46231999992543],[-66.13917299956677,18.462309000412713],[-66.13916699971898,18.462299000390306],[-66.1391619996961,18.462286000189856],[-66.13915500002341,18.462274000331725],[-66.13914900017564,18.462264000307297],[-66.13914400015275,18.462254999773513],[-66.13913999995479,18.46224200042185],[-66.13913699958177,18.462229000217096],[-66.13913499993193,18.46221799984648],[-66.13913199955888,18.462205999983553],[-66.13912900008415,18.4621940001198],[-66.13912700043433,18.462182999746933],[-66.13912400006127,18.462169000045925],[-66.13912099968822,18.462159000015365],[-66.13911599966535,18.46214200013248],[-66.13910999981758,18.462123999903792],[-66.13910899999266,18.4621150002148],[-66.13910700034283,18.462103000344673],[-66.1391049997947,18.462086999948504],[-66.13910200031995,18.462076999913172],[-66.13910099959675,18.4620650000404],[-66.13909800012199,18.462053999659222],[-66.13909599957387,18.46204499996657],[-66.13909499974896,18.462033000091544],[-66.13909300009914,18.462021999708334],[-66.13909200027422,18.462013000013986],[-66.139090999551,18.462001000136734],[-66.13908999972608,18.461989999751474],[-66.13918400033573,18.462011000176517],[-66.13923734600525,18.462066012862103],[-66.139212,18.461989],[-66.139206,18.461975],[-66.139154,18.461834],[-66.139102,18.461654],[-66.139045,18.461395],[-66.138982,18.461174],[-66.138891,18.460901],[-66.1388,18.460657],[-66.138786,18.460608],[-66.138695,18.460128],[-66.138654,18.459732],[-66.138663,18.459225],[-66.138692,18.458964],[-66.138706,18.458504],[-66.138731,18.4581],[-66.138798,18.457918],[-66.138836,18.457882],[-66.139027,18.45776],[-66.139119,18.457734],[-66.139324,18.45738],[-66.139355,18.457246],[-66.139646,18.456503],[-66.139754,18.455993]]]]}},{"type":"Feature","properties":{"OBJECTID":685062,"DFIRM_ID":"72000C","FLD_ZONE":"VE","ZONE_SUBTY":null,"SFHA_TF":"T","STATIC_BFE":3.4,"V_DATUM":"MSL","LEN_UNIT":"Meters","SOURCE_CIT":"72000C_FIS1"},"geometry":{"type":"Polygon","coordinates":[[[-66.140689,18.453489],[-66.140647,18.453423],[-66.140647,18.453318],[-66.14057,18.452903],[-66.140322,18.452326],[-66.139955,18.451524],[-66.139715,18.451165],[-66.139033,18.450254],[-66.137249,18.44775],[-66.13577,18.445816],[-66.135538,18.445595],[-66.135303,18.445441],[-66.135108,18.445353],[-66.134839,18.445274],[-66.134612,18.445233],[-66.134468,18.445233],[-66.134255,18.44526],[-66.134028,18.445309],[-66.133645,18.44533],[-66.133239,18.445292],[-66.132956,18.445201],[-66.13265,18.445031],[-66.13224,18.444649],[-66.131912,18.444378],[-66.13159,18.444144],[-66.131207,18.443931],[-66.130519,18.443606],[-66.129808,18.443228],[-66.129492,18.443082],[-66.128986,18.44284],[-66.128532,18.442673],[-66.128258,18.442632],[-66.127879,18.442574],[-66.127658,18.442509],[-66.127414,18.442397],[-66.127108,18.442227],[-66.126703,18.442004],[-66.126308,18.441829],[-66.125566,18.441696],[-66.12527,18.441699],[-66.125019,18.441762],[-66.124998,18.441771],[-66.124853,18.441831],[-66.124714,18.441846],[-66.124609,18.441857],[-66.12449,18.441839],[-66.124305,18.441797],[-66.123921,18.441686],[-66.123428,18.441574],[-66.123082,18.44148],[-66.122868,18.441442],[-66.122653,18.44142],[-66.122281,18.441366],[-66.122088,18.441333],[-66.121886,18.441333],[-66.121555,18.441365],[-66.121168,18.441406],[-66.120981,18.441431],[-66.120792,18.441419],[-66.120615,18.441423],[-66.12021,18.441467],[-66.119857,18.441517],[-66.11966,18.441556],[-66.119391,18.441645],[-66.119286,18.441673],[-66.119006,18.441719],[-66.118699,18.441757],[-66.118571,18.441776],[-66.118276,18.441838],[-66.118184,18.441863],[-66.118105,18.44189],[-66.118024,18.441927],[-66.117955,18.441968],[-66.117687,18.442178],[-66.117309,18.442413],[-66.117017,18.442612],[-66.116813,18.44276],[-66.116521,18.442984],[-66.11633,18.44312],[-66.116143,18.443245],[-66.115822,18.443442],[-66.115755,18.443471],[-66.115693,18.443487],[-66.115637,18.443491],[-66.1155,18.44349],[-66.115431,18.443499],[-66.115346,18.443521],[-66.115246,18.443557],[-66.114991,18.443658],[-66.114833,18.443729],[-66.11466,18.443815],[-66.114229,18.444042],[-66.11399,18.444154],[-66.113598,18.444317],[-66.113083,18.444506],[-66.11286,18.4446],[-66.112761,18.444635],[-66.112655,18.444654],[-66.112525,18.444652],[-66.112381,18.44463],[-66.11223,18.444588],[-66.112124,18.44454],[-66.111877,18.444401],[-66.111453,18.44421],[-66.111395,18.444174],[-66.111324,18.444114],[-66.111293,18.44408],[-66.111271,18.444047],[-66.111257,18.444015],[-66.11125,18.443976],[-66.111249,18.443726],[-66.111262,18.44361],[-66.1113,18.443487],[-66.111321,18.443442],[-66.111344,18.443406],[-66.111369,18.443379],[-66.111401,18.443354],[-66.111489,18.443311],[-66.111537,18.443296],[-66.111576,18.443289],[-66.111621,18.443287],[-66.111672,18.443292],[-66.111895,18.443342],[-66.112042,18.443369],[-66.112353,18.443437],[-66.112461,18.443453],[-66.112649,18.443472],[-66.112808,18.443479],[-66.112954,18.443477],[-66.113112,18.443464],[-66.113257,18.443443],[-66.113359,18.44342],[-66.113582,18.443352],[-66.113775,18.443316],[-66.113854,18.443294],[-66.11393,18.443256],[-66.114071,18.443163],[-66.114191,18.443093],[-66.114325,18.443025],[-66.114429,18.442985],[-66.114562,18.442944],[-66.114676,18.442913],[-66.114879,18.442869],[-66.114978,18.442837],[-66.115091,18.442788],[-66.115306,18.442681],[-66.11551,18.442588],[-66.1156,18.442542],[-66.115667,18.442501],[-66.115721,18.442459],[-66.115885,18.4423],[-66.115946,18.442248],[-66.115998,18.442213],[-66.116119,18.442143],[-66.116167,18.442109],[-66.116206,18.442071],[-66.116241,18.44202],[-66.116269,18.441961],[-66.11629,18.441893],[-66.116305,18.441817],[-66.116314,18.441733],[-66.116315,18.441641],[-66.11631,18.441545],[-66.116297,18.441435],[-66.116279,18.441348],[-66.116259,18.441287],[-66.116234,18.441235],[-66.116205,18.441194],[-66.116167,18.441158],[-66.116122,18.441127],[-66.116066,18.441095],[-66.115833,18.440988],[-66.115679,18.440926],[-66.11555,18.440893],[-66.11548,18.440884],[-66.1154,18.44088],[-66.115329,18.440883],[-66.115264,18.44089],[-66.115199,18.440905],[-66.115149,18.440925],[-66.115092,18.440957],[-66.114969,18.441041],[-66.114906,18.441076],[-66.114737,18.441159],[-66.114595,18.441216],[-66.114459,18.441256],[-66.114311,18.441289],[-66.114233,18.441301],[-66.114076,18.441314],[-66.114015,18.441324],[-66.11386,18.441364],[-66.113756,18.441405],[-66.113699,18.441441],[-66.113658,18.441481],[-66.113629,18.441528],[-66.113559,18.441676],[-66.113527,18.441718],[-66.113475,18.441773],[-66.113412,18.441828],[-66.113347,18.441875],[-66.113273,18.441917],[-66.113192,18.441954],[-66.113112,18.441982],[-66.113031,18.442002],[-66.112945,18.442015],[-66.112858,18.442022],[-66.112781,18.442021],[-66.112618,18.44201],[-66.112566,18.441996],[-66.112537,18.441973],[-66.112524,18.441933],[-66.112526,18.441873],[-66.112555,18.44174],[-66.112579,18.441668],[-66.112622,18.441582],[-66.112685,18.44148],[-66.112792,18.441361],[-66.112822,18.441321],[-66.112844,18.441271],[-66.112854,18.441212],[-66.112854,18.441118],[-66.112835,18.44096],[-66.112824,18.44078],[-66.112792,18.440445],[-66.11279169287567,18.44044180590704],[-66.1127179998267,18.440434999855718],[-66.11239999980938,18.440409000404223],[-66.11240300018243,18.440390999601696],[-66.11240599965716,18.44038199962582],[-66.11240900003021,18.440371000412178],[-66.11241099968004,18.440360000345645],[-66.11240999985512,18.44034099991916],[-66.11240900003021,18.440329000231788],[-66.11240900003021,18.440305999621422],[-66.1124080002053,18.44029699964111],[-66.1124080002053,18.440287000041156],[-66.11240999985512,18.440273000259364],[-66.11241200040327,18.440262999805853],[-66.112414999878,18.44024900002214],[-66.11241700042613,18.440240000038834],[-66.11241999990087,18.440229999583362],[-66.1124230002739,18.440220999599077],[-66.11242699957356,18.440210000375117],[-66.11242999994661,18.440197000206748],[-66.11243400014456,18.440184999657152],[-66.11243699961932,18.440172000339064],[-66.11243900016744,18.44016199987965],[-66.11243900016744,18.440152000271862],[-66.1124359997944,18.440141999811317],[-66.11243400014456,18.4401329998224],[-66.11242599974865,18.440116000315484],[-66.11234799993085,18.440092999676573],[-66.11207699976919,18.440015999923638],[-66.11184699961542,18.43994800013523],[-66.11063522279825,18.439592554750412],[-66.110577,18.440281],[-66.109689,18.44155],[-66.10834889845943,18.442690409569536],[-66.10836600004168,18.44363100033554],[-66.10836799969151,18.443784999975563],[-66.10837600008743,18.444123999980594],[-66.10838581207791,18.44464895468668],[-66.110035,18.444341],[-66.110478,18.444258],[-66.110708,18.444214],[-66.110888,18.444214],[-66.111232,18.444315],[-66.111576,18.444473],[-66.11198,18.444673],[-66.112399,18.444831],[-66.112788,18.444846],[-66.113192,18.444761],[-66.11371,18.44461],[-66.114063,18.444409],[-66.114432,18.444245],[-66.114847,18.444044],[-66.115333,18.443835],[-66.115584,18.443746],[-66.115655,18.443739],[-66.115741,18.443798],[-66.115803,18.443843],[-66.115882,18.443821],[-66.116054,18.443709],[-66.116329,18.443523],[-66.116548,18.443381],[-66.116807,18.44321],[-66.116995,18.443098],[-66.117176,18.442993],[-66.117254,18.442919],[-66.117278,18.442822],[-66.117282,18.44278],[-66.117294,18.442739],[-66.117315,18.442724],[-66.117364,18.44271],[-66.117458,18.44271],[-66.117552,18.442695],[-66.117795,18.442621],[-66.117959,18.442513],[-66.117975,18.442474],[-66.117968,18.442314],[-66.11798,18.442292],[-66.118004,18.44227],[-66.118068,18.442231],[-66.11815,18.442206],[-66.118203,18.442195],[-66.118517,18.442121],[-66.118909,18.442054],[-66.119253,18.44198],[-66.119496,18.441898],[-66.11981,18.441802],[-66.120452,18.44172],[-66.120868,18.441661],[-66.121283,18.441654],[-66.121628,18.441618],[-66.121957,18.441588],[-66.122168,18.441618],[-66.122419,18.441656],[-66.122646,18.441702],[-66.122842,18.441717],[-66.12299,18.441717],[-66.12328,18.441762],[-66.12364,18.441853],[-66.124063,18.441958],[-66.12447,18.442086],[-66.124768,18.442168],[-66.12494,18.442154],[-66.124998,18.442157],[-66.125053,18.44216],[-66.125098,18.442148],[-66.125128,18.442124],[-66.125157,18.441973],[-66.125186,18.441943],[-66.125255,18.441899],[-66.125312,18.44189],[-66.125583,18.441931],[-66.125912,18.441961],[-66.126115,18.441991],[-66.126366,18.442083],[-66.126539,18.442166],[-66.126734,18.442306],[-66.126945,18.442441],[-66.127344,18.442692],[-66.127555,18.442827],[-66.127677,18.442868],[-66.127739,18.442868],[-66.127861,18.442857],[-66.128065,18.44285],[-66.128354,18.442881],[-66.128542,18.442926],[-66.128793,18.443098],[-66.129051,18.443241],[-66.129223,18.443308],[-66.129395,18.443338],[-66.129583,18.443406],[-66.129959,18.443579],[-66.130405,18.443811],[-66.130945,18.444066],[-66.131391,18.444259],[-66.131657,18.444461],[-66.132017,18.444753],[-66.132393,18.44509],[-66.13269,18.44539],[-66.132877,18.445562],[-66.133004,18.445589],[-66.133164,18.445627],[-66.133451,18.445704],[-66.133737,18.445819],[-66.133964,18.445927],[-66.134126,18.446059],[-66.134281,18.446221],[-66.134584,18.446614],[-66.134886,18.447081],[-66.13514,18.447501],[-66.135439,18.447916],[-66.135634,18.448061],[-66.135704,18.448113],[-66.135717,18.448124],[-66.136226,18.448569],[-66.136329,18.448622],[-66.136418,18.448674],[-66.136461,18.448704],[-66.136502,18.448734],[-66.136555,18.448777],[-66.136608,18.448824],[-66.136658,18.44887],[-66.136709,18.44892],[-66.136811,18.449029],[-66.136903,18.449136],[-66.137001,18.449258],[-66.137097,18.449385],[-66.137352,18.449728],[-66.137431,18.44983],[-66.137503,18.449919],[-66.137574,18.450002],[-66.137656,18.450093],[-66.137953,18.45041],[-66.138069,18.450538],[-66.138129,18.450608],[-66.138184,18.450674],[-66.138234,18.450737],[-66.138279,18.4508],[-66.138364,18.450923],[-66.138446,18.451053],[-66.138524,18.451185],[-66.138598,18.451319],[-66.138667,18.451456],[-66.138732,18.451595],[-66.138793,18.451737],[-66.13885,18.451882],[-66.139136,18.452703],[-66.139239,18.453186],[-66.139614,18.45436],[-66.139737,18.455261],[-66.139754,18.455993],[-66.139646,18.456503],[-66.139355,18.457246],[-66.139324,18.45738],[-66.139119,18.457734],[-66.139429,18.45765],[-66.139773,18.457547],[-66.139856,18.457496],[-66.140064,18.457305],[-66.140197,18.457156],[-66.140394,18.45679],[-66.140482,18.456398],[-66.140552,18.455785],[-66.140673,18.454445],[-66.140689,18.453489]]]}},{"type":"Feature","properties":{"OBJECTID":685213,"DFIRM_ID":"72000C","FLD_ZONE":"AE","ZONE_SUBTY":null,"SFHA_TF":"T","STATIC_BFE":2.4,"V_DATUM":"MSL","LEN_UNIT":"Meters","SOURCE_CIT":"72000C_FIS1"},"geometry":{"type":"Polygon","coordinates":[[[-66.151648,18.441442],[-66.151646,18.441406],[-66.15164,18.441361],[-66.151633,18.441322],[-66.151623,18.441284],[-66.151611,18.441246],[-66.151597,18.44121],[-66.151577,18.441165],[-66.151559,18.441134],[-66.151536,18.441106],[-66.151504,18.441073],[-66.151484,18.441056],[-66.15146,18.441039],[-66.15136,18.440984],[-66.15132,18.440957],[-66.151263,18.440911],[-66.151245,18.440894],[-66.151231,18.440877],[-66.151208,18.440841],[-66.151183,18.440785],[-66.15117,18.44075],[-66.15115,18.440669],[-66.151137,18.440636],[-66.151114,18.440587],[-66.151104,18.440572],[-66.151094,18.44056],[-66.151067,18.440537],[-66.151033,18.440518],[-66.15103,18.440516],[-66.151001,18.440506],[-66.150954,18.440496],[-66.150904,18.44049],[-66.150838,18.440488],[-66.150778,18.440491],[-66.150711,18.440499],[-66.150657,18.440507],[-66.150616,18.440517],[-66.150572,18.44053],[-66.150519,18.440551],[-66.150467,18.440575],[-66.150413,18.440605],[-66.150355,18.440641],[-66.150287,18.440687],[-66.150241,18.44072],[-66.150233,18.440726],[-66.1502,18.440751],[-66.150168,18.44078],[-66.150097,18.440852],[-66.15006,18.440883],[-66.150027,18.440907],[-66.150005,18.440919],[-66.14998,18.440929],[-66.149956,18.440935],[-66.149928,18.440938],[-66.149889,18.440935],[-66.149851,18.440929],[-66.14979,18.440912],[-66.149727,18.440891],[-66.149596,18.440835],[-66.149582,18.440829],[-66.149539,18.440813],[-66.149482,18.440795],[-66.149446,18.440786],[-66.149383,18.440775],[-66.149359,18.440773],[-66.149336,18.440774],[-66.149301,18.440778],[-66.149258,18.440789],[-66.149218,18.440801],[-66.149191,18.440813],[-66.149172,18.440824],[-66.149168,18.440828],[-66.14916,18.440834],[-66.149149,18.440849],[-66.149143,18.440863],[-66.149142,18.440881],[-66.149149,18.440908],[-66.149157,18.440927],[-66.149174,18.440957],[-66.149197,18.440989],[-66.149257,18.441057],[-66.149269,18.441075],[-66.149278,18.441092],[-66.149289,18.441118],[-66.149302,18.441161],[-66.149314,18.441212],[-66.149335,18.441335],[-66.149343,18.441367],[-66.149353,18.441395],[-66.149374,18.441438],[-66.149403,18.441489],[-66.149423,18.441518],[-66.149474,18.441584],[-66.149496,18.441618],[-66.149514,18.441655],[-66.149524,18.44168],[-66.149532,18.441703],[-66.149535,18.441724],[-66.149535,18.441758],[-66.149529,18.4418],[-66.149521,18.441839],[-66.149514,18.441862],[-66.149506,18.441881],[-66.149495,18.441896],[-66.14947,18.441918],[-66.149457,18.441926],[-66.149444,18.441931],[-66.149432,18.441934],[-66.149417,18.441935],[-66.149382,18.441932],[-66.149353,18.441925],[-66.149333,18.441916],[-66.149319,18.441903],[-66.149301,18.441878],[-66.149291,18.441861],[-66.149284,18.441842],[-66.149265,18.441756],[-66.149259,18.441737],[-66.149252,18.441721],[-66.149222,18.441674],[-66.149206,18.441653],[-66.149189,18.441635],[-66.149156,18.441607],[-66.149092,18.441565],[-66.149038,18.441531],[-66.148912,18.441461],[-66.148859,18.441426],[-66.148804,18.441385],[-66.148757,18.441347],[-66.148699,18.441297],[-66.148682,18.441279],[-66.148668,18.441261],[-66.148649,18.441235],[-66.148638,18.441215],[-66.14863,18.441191],[-66.148625,18.441165],[-66.148625,18.441151],[-66.148627,18.441136],[-66.148644,18.44108],[-66.148648,18.441056],[-66.148651,18.441023],[-66.148649,18.441003],[-66.14864,18.440983],[-66.148624,18.44096],[-66.148607,18.440943],[-66.148584,18.440924],[-66.148557,18.440906],[-66.148536,18.440896],[-66.148509,18.44089],[-66.148486,18.440889],[-66.148475,18.440891],[-66.148463,18.440896],[-66.148427,18.440915],[-66.148406,18.440929],[-66.148358,18.440965],[-66.148335,18.440979],[-66.148281,18.441007],[-66.148233,18.441023],[-66.148184,18.441037],[-66.148169,18.441038],[-66.148156,18.441037],[-66.148144,18.441031],[-66.148131,18.441023],[-66.148118,18.441012],[-66.148106,18.440998],[-66.14809,18.440974],[-66.148082,18.44095],[-66.14808,18.440922],[-66.148082,18.44091],[-66.148085,18.4409],[-66.14809,18.440891],[-66.148097,18.440883],[-66.148129,18.440857],[-66.148153,18.440839],[-66.148217,18.440801],[-66.148233,18.440789],[-66.148245,18.440777],[-66.148257,18.440759],[-66.148264,18.44075],[-66.148283,18.440715],[-66.148305,18.440668],[-66.148311,18.44065],[-66.148314,18.440633],[-66.148317,18.440605],[-66.148315,18.440581],[-66.148309,18.440561],[-66.148298,18.440536],[-66.148282,18.440509],[-66.148261,18.440482],[-66.148235,18.440455],[-66.148211,18.440435],[-66.148189,18.440422],[-66.148171,18.440415],[-66.148151,18.440412],[-66.148124,18.440411],[-66.148101,18.440413],[-66.148075,18.440418],[-66.148047,18.440427],[-66.148001,18.440445],[-66.147965,18.440461],[-66.147929,18.440478],[-66.147893,18.440498],[-66.147859,18.44052],[-66.147829,18.440543],[-66.147764,18.440603],[-66.147734,18.440628],[-66.147683,18.440662],[-66.147642,18.440686],[-66.147604,18.440703],[-66.147572,18.440716],[-66.147541,18.440725],[-66.147513,18.440731],[-66.147465,18.440736],[-66.147447,18.440735],[-66.147431,18.440733],[-66.14741,18.440726],[-66.147387,18.440715],[-66.147363,18.440699],[-66.147339,18.44068],[-66.147325,18.440665],[-66.147316,18.440654],[-66.147309,18.44064],[-66.147303,18.440621],[-66.147301,18.440608],[-66.147302,18.440592],[-66.147311,18.440542],[-66.147319,18.440511],[-66.147347,18.440438],[-66.147357,18.440405],[-66.147366,18.440344],[-66.147369,18.440282],[-66.147368,18.440244],[-66.147364,18.44021],[-66.147357,18.440167],[-66.147348,18.440139],[-66.147328,18.440104],[-66.147317,18.440089],[-66.147305,18.440077],[-66.147288,18.440065],[-66.147267,18.440055],[-66.147241,18.440046],[-66.1472,18.440034],[-66.147143,18.440023],[-66.147117,18.44002],[-66.147093,18.440019],[-66.147068,18.44002],[-66.147042,18.440024],[-66.146989,18.440036],[-66.146959,18.440049],[-66.146897,18.440083],[-66.14687,18.440095],[-66.146823,18.440112],[-66.146792,18.440119],[-66.146756,18.440119],[-66.146713,18.440113],[-66.146676,18.440105],[-66.146654,18.440099],[-66.146637,18.44009],[-66.146624,18.440079],[-66.146612,18.440063],[-66.146605,18.440047],[-66.146604,18.440031],[-66.146608,18.440003],[-66.146612,18.439985],[-66.146619,18.439967],[-66.146657,18.439892],[-66.146664,18.439874],[-66.146669,18.439858],[-66.14668,18.439802],[-66.146681,18.439782],[-66.14668,18.439763],[-66.146673,18.439733],[-66.146655,18.43969],[-66.146642,18.439663],[-66.146608,18.439604],[-66.146594,18.439577],[-66.146573,18.43953],[-66.146564,18.439499],[-66.14656,18.439468],[-66.14656,18.439425],[-66.146563,18.4394],[-66.146572,18.439343],[-66.146574,18.439317],[-66.146574,18.43928],[-66.146569,18.439258],[-66.146557,18.439237],[-66.146541,18.439218],[-66.146531,18.43921],[-66.146518,18.439203],[-66.146472,18.439185],[-66.146443,18.439175],[-66.146409,18.439165],[-66.146299,18.439142],[-66.146235,18.439129],[-66.146165,18.439116],[-66.145984,18.43909],[-66.145856,18.439074],[-66.14576,18.439065],[-66.145655,18.439059],[-66.145564,18.439057],[-66.145481,18.439058],[-66.145419,18.43906],[-66.145363,18.439065],[-66.145313,18.439072],[-66.145253,18.439086],[-66.14513,18.439125],[-66.145076,18.439139],[-66.145023,18.43915],[-66.144964,18.439159],[-66.144815,18.439177],[-66.144687,18.439189],[-66.144584,18.439194],[-66.144476,18.439194],[-66.144382,18.439189],[-66.144288,18.439181],[-66.144256,18.439176],[-66.144229,18.43917],[-66.144187,18.439157],[-66.14416,18.439145],[-66.144141,18.439132],[-66.144118,18.439113],[-66.144095,18.439089],[-66.144052,18.439029],[-66.14403,18.439008],[-66.144009,18.43899],[-66.143994,18.438982],[-66.143978,18.438979],[-66.143963,18.438978],[-66.143954,18.438981],[-66.143944,18.438985],[-66.143917,18.439005],[-66.143896,18.439024],[-66.143877,18.439047],[-66.143863,18.439067],[-66.143855,18.439082],[-66.14385,18.4391],[-66.143847,18.439125],[-66.143847,18.439142],[-66.143849,18.439161],[-66.143865,18.439226],[-66.143882,18.439296],[-66.143932,18.439453],[-66.143941,18.43949],[-66.143948,18.439525],[-66.143959,18.439581],[-66.143961,18.439612],[-66.143957,18.439648],[-66.143954,18.43966],[-66.143949,18.439669],[-66.143937,18.439682],[-66.143919,18.439694],[-66.143901,18.439702],[-66.143867,18.439709],[-66.143826,18.439714],[-66.143738,18.439713],[-66.143701,18.439716],[-66.143676,18.439721],[-66.143617,18.439735],[-66.143586,18.43974],[-66.143551,18.439742],[-66.143531,18.439739],[-66.143513,18.439729],[-66.143494,18.439714],[-66.143486,18.439703],[-66.143478,18.43969],[-66.143464,18.439654],[-66.143455,18.439623],[-66.143453,18.439599],[-66.143456,18.439577],[-66.143467,18.439543],[-66.143476,18.439522],[-66.143499,18.439478],[-66.143507,18.439458],[-66.143514,18.439431],[-66.143521,18.439394],[-66.143527,18.439342],[-66.143529,18.439281],[-66.143528,18.439214],[-66.143523,18.439162],[-66.143516,18.439123],[-66.143509,18.439092],[-66.1435,18.439065],[-66.14349,18.439042],[-66.143472,18.439016],[-66.143416,18.438959],[-66.143404,18.438944],[-66.143396,18.43893],[-66.143373,18.438884],[-66.143367,18.438866],[-66.143365,18.438851],[-66.143365,18.438836],[-66.143368,18.43882],[-66.143383,18.438772],[-66.143398,18.438738],[-66.143434,18.438674],[-66.143447,18.438648],[-66.143483,18.438561],[-66.143492,18.438531],[-66.143497,18.438503],[-66.143499,18.438474],[-66.1435,18.438445],[-66.143497,18.438417],[-66.143493,18.43839],[-66.143484,18.438357],[-66.143474,18.43833],[-66.143462,18.438306],[-66.143449,18.438287],[-66.143429,18.438265],[-66.143397,18.438241],[-66.143365,18.438222],[-66.143305,18.438196],[-66.143242,18.438168],[-66.143185,18.438146],[-66.143126,18.438127],[-66.14307,18.438111],[-66.142999,18.438094],[-66.142954,18.438086],[-66.142914,18.438082],[-66.142877,18.438082],[-66.142845,18.438088],[-66.142768,18.438114],[-66.142732,18.438122],[-66.142686,18.438124],[-66.14264,18.438122],[-66.142597,18.438116],[-66.142551,18.438104],[-66.142502,18.438088],[-66.142448,18.438064],[-66.142402,18.438043],[-66.142377,18.438027],[-66.142352,18.438],[-66.142344,18.437987],[-66.142339,18.437975],[-66.142337,18.437958],[-66.142343,18.437921],[-66.142342,18.437905],[-66.142336,18.43788],[-66.142326,18.437857],[-66.142311,18.437836],[-66.142281,18.437804],[-66.142259,18.437785],[-66.142205,18.437743],[-66.142181,18.437718],[-66.142163,18.437694],[-66.142154,18.437677],[-66.142149,18.437659],[-66.142146,18.437635],[-66.142146,18.437616],[-66.142148,18.437595],[-66.142159,18.437543],[-66.142174,18.437499],[-66.142192,18.437458],[-66.142213,18.437424],[-66.142241,18.437387],[-66.142264,18.437364],[-66.142323,18.437317],[-66.142336,18.437304],[-66.142346,18.437291],[-66.142362,18.437263],[-66.142377,18.437229],[-66.142388,18.437197],[-66.142397,18.437162],[-66.142403,18.437118],[-66.142405,18.437081],[-66.142401,18.437041],[-66.142392,18.437004],[-66.142378,18.436967],[-66.142355,18.436924],[-66.142331,18.436889],[-66.142302,18.436852],[-66.142272,18.43682],[-66.142243,18.436794],[-66.142214,18.436772],[-66.142184,18.436753],[-66.142152,18.436736],[-66.142114,18.436722],[-66.142071,18.436708],[-66.142006,18.436691],[-66.141949,18.436678],[-66.141887,18.436667],[-66.141821,18.436658],[-66.141757,18.436653],[-66.141691,18.436653],[-66.141548,18.436665],[-66.141486,18.436667],[-66.141393,18.436665],[-66.141363,18.436662],[-66.141336,18.436658],[-66.1413,18.43665],[-66.141263,18.436639],[-66.141223,18.436625],[-66.141177,18.436605],[-66.141141,18.436589],[-66.141105,18.43657],[-66.141026,18.436523],[-66.140977,18.436489],[-66.140929,18.436453],[-66.140884,18.436415],[-66.140839,18.436374],[-66.140816,18.43635],[-66.140792,18.436322],[-66.140698,18.436194],[-66.140674,18.436167],[-66.14065,18.436143],[-66.140628,18.436125],[-66.140602,18.436107],[-66.140479,18.436034],[-66.140451,18.436015],[-66.140428,18.435996],[-66.140391,18.435965],[-66.140357,18.435933],[-66.140326,18.435901],[-66.140297,18.435868],[-66.140257,18.435818],[-66.140224,18.435771],[-66.140194,18.435721],[-66.140167,18.435666],[-66.140144,18.43561],[-66.140125,18.435554],[-66.140103,18.43548],[-66.140099,18.435456],[-66.140098,18.435434],[-66.140103,18.435391],[-66.140107,18.435376],[-66.140113,18.435363],[-66.140124,18.435348],[-66.140141,18.435334],[-66.140163,18.435321],[-66.140198,18.435303],[-66.140232,18.435289],[-66.140292,18.435272],[-66.140321,18.435265],[-66.140355,18.435259],[-66.140504,18.435239],[-66.140539,18.435231],[-66.14057,18.435222],[-66.140632,18.4352],[-66.140651,18.435191],[-66.140667,18.435181],[-66.140699,18.435156],[-66.14071,18.435144],[-66.140719,18.435132],[-66.140727,18.435116],[-66.140733,18.435097],[-66.140737,18.435074],[-66.14074,18.435042],[-66.140741,18.435005],[-66.140739,18.434972],[-66.140734,18.434945],[-66.140727,18.434924],[-66.14072,18.43491],[-66.14071,18.434896],[-66.14068,18.434861],[-66.140658,18.434842],[-66.140603,18.434807],[-66.140583,18.434788],[-66.140557,18.434753],[-66.14055,18.434739],[-66.140547,18.434727],[-66.140546,18.434711],[-66.140548,18.43469],[-66.140553,18.434667],[-66.140564,18.434638],[-66.140584,18.4346],[-66.140611,18.434564],[-66.140635,18.434541],[-66.140666,18.434519],[-66.140701,18.434501],[-66.140781,18.434464],[-66.140814,18.434448],[-66.140851,18.434433],[-66.141011,18.434379],[-66.14108,18.434352],[-66.141151,18.434319],[-66.141194,18.434295],[-66.14125,18.434257],[-66.141308,18.434208],[-66.141338,18.434177],[-66.141398,18.434106],[-66.141425,18.434079],[-66.141472,18.434037],[-66.141489,18.434025],[-66.141505,18.434016],[-66.141531,18.434005],[-66.141552,18.433999],[-66.141572,18.433999],[-66.141599,18.434002],[-66.141628,18.434008],[-66.141658,18.434019],[-66.141689,18.434034],[-66.14172,18.434055],[-66.141753,18.434081],[-66.141791,18.434121],[-66.141811,18.434147],[-66.141852,18.43421],[-66.141871,18.434237],[-66.141917,18.434286],[-66.141953,18.434319],[-66.141989,18.434347],[-66.142035,18.434378],[-66.142053,18.434387],[-66.14207,18.434394],[-66.142092,18.4344],[-66.142125,18.434407],[-66.142177,18.434413],[-66.142254,18.434416],[-66.142329,18.434417],[-66.142394,18.434415],[-66.142454,18.43441],[-66.14251,18.434403],[-66.142595,18.434385],[-66.142673,18.434361],[-66.142714,18.434346],[-66.142753,18.43433],[-66.142791,18.434311],[-66.142828,18.434292],[-66.142882,18.434257],[-66.142955,18.434203],[-66.142998,18.434167],[-66.143093,18.434079],[-66.14314,18.434041],[-66.143182,18.434016],[-66.143283,18.433965],[-66.143307,18.43395],[-66.143327,18.433936],[-66.14336,18.43391],[-66.143377,18.433892],[-66.143393,18.433869],[-66.143406,18.433844],[-66.143416,18.433814],[-66.143421,18.433787],[-66.14342,18.433756],[-66.143414,18.433733],[-66.143408,18.433723],[-66.143399,18.433712],[-66.14337,18.433688],[-66.143346,18.433671],[-66.143315,18.433654],[-66.143267,18.433636],[-66.143236,18.433628],[-66.143166,18.433619],[-66.143135,18.43361],[-66.14311,18.433599],[-66.143085,18.433584],[-66.143059,18.433567],[-66.143033,18.433546],[-66.143014,18.433529],[-66.142994,18.433508],[-66.142943,18.433444],[-66.1429,18.433386],[-66.14286,18.433326],[-66.142818,18.433252],[-66.142804,18.43322],[-66.142778,18.433146],[-66.142762,18.433113],[-66.142744,18.433083],[-66.142729,18.433062],[-66.142702,18.433033],[-66.142666,18.433005],[-66.142642,18.432989],[-66.142613,18.432975],[-66.142518,18.43294],[-66.142446,18.432915],[-66.142376,18.432895],[-66.142309,18.432878],[-66.142243,18.432866],[-66.142154,18.432853],[-66.142122,18.432851],[-66.142093,18.43285],[-66.142065,18.432852],[-66.142033,18.432856],[-66.141951,18.432873],[-66.1419,18.432887],[-66.141788,18.432926],[-66.141739,18.43294],[-66.14167,18.432956],[-66.141596,18.432969],[-66.141508,18.432982],[-66.141413,18.432991],[-66.141278,18.433001],[-66.141233,18.433001],[-66.141192,18.432998],[-66.14115,18.432992],[-66.141121,18.432986],[-66.141088,18.432973],[-66.141052,18.432955],[-66.141019,18.432934],[-66.140981,18.432905],[-66.140948,18.432874],[-66.14091,18.432835],[-66.14086,18.432775],[-66.140839,18.432746],[-66.140821,18.432717],[-66.140793,18.432664],[-66.140769,18.432604],[-66.140758,18.432572],[-66.140748,18.432537],[-66.140731,18.432452],[-66.140723,18.432399],[-66.140717,18.432353],[-66.140714,18.432311],[-66.140714,18.432272],[-66.14072,18.432203],[-66.140736,18.432117],[-66.140745,18.432081],[-66.140757,18.432041],[-66.140811,18.431897],[-66.14083,18.431837],[-66.140858,18.431728],[-66.140872,18.431657],[-66.140881,18.431589],[-66.140888,18.431524],[-66.14089,18.43146],[-66.140891,18.431375],[-66.140888,18.431347],[-66.140884,18.431321],[-66.140874,18.431283],[-66.140863,18.431255],[-66.14085,18.431232],[-66.140828,18.4312],[-66.140805,18.431172],[-66.140776,18.431144],[-66.140768,18.431137],[-66.140744,18.431117],[-66.140656,18.431049],[-66.140631,18.431027],[-66.14061,18.431006],[-66.140549,18.430937],[-66.140502,18.430875],[-66.140476,18.430839],[-66.140464,18.430816],[-66.140453,18.430789],[-66.14045,18.43077],[-66.140451,18.430754],[-66.140456,18.430733],[-66.140463,18.430715],[-66.140476,18.430697],[-66.140492,18.43068],[-66.140543,18.430633],[-66.140557,18.430617],[-66.140566,18.430601],[-66.140581,18.430571],[-66.140583,18.430561],[-66.140584,18.430553],[-66.140581,18.430538],[-66.140573,18.430519],[-66.140563,18.430503],[-66.140544,18.430481],[-66.140527,18.430463],[-66.140522,18.430457],[-66.140496,18.430434],[-66.140467,18.430412],[-66.140435,18.430392],[-66.1404,18.430373],[-66.14035,18.430352],[-66.140324,18.430342],[-66.140293,18.430333],[-66.14017,18.430305],[-66.140118,18.43029],[-66.14007,18.430271],[-66.140018,18.430247],[-66.139838,18.430147],[-66.139764,18.43011],[-66.13964,18.430055],[-66.1396,18.430039],[-66.139564,18.430028],[-66.139506,18.430011],[-66.139471,18.430007],[-66.139436,18.430008],[-66.139402,18.430015],[-66.139372,18.430026],[-66.139326,18.430051],[-66.139289,18.430072],[-66.13925,18.430099],[-66.139209,18.430131],[-66.139147,18.430182],[-66.139114,18.430211],[-66.139033,18.430294],[-66.139007,18.430316],[-66.138983,18.430333],[-66.138955,18.43035],[-66.138931,18.430362],[-66.138893,18.430377],[-66.138846,18.43039],[-66.138783,18.430402],[-66.138754,18.430405],[-66.138727,18.430405],[-66.138699,18.430404],[-66.138671,18.4304],[-66.138643,18.430395],[-66.138616,18.430388],[-66.138589,18.430379],[-66.138562,18.430368],[-66.138535,18.430354],[-66.138508,18.430339],[-66.138476,18.430318],[-66.138453,18.430301],[-66.138435,18.430284],[-66.13842,18.430267],[-66.138406,18.430247],[-66.1384,18.430232],[-66.138398,18.430217],[-66.1384,18.4302],[-66.138406,18.430181],[-66.13842,18.430156],[-66.138437,18.430131],[-66.13846,18.430104],[-66.138488,18.430078],[-66.138519,18.430055],[-66.138535,18.430046],[-66.138553,18.430039],[-66.138618,18.430023],[-66.13864,18.430016],[-66.138658,18.430007],[-66.138673,18.429997],[-66.138699,18.429969],[-66.138719,18.429939],[-66.138731,18.42991],[-66.138743,18.429858],[-66.13875,18.429822],[-66.138756,18.429783],[-66.138764,18.429689],[-66.138767,18.429635],[-66.138766,18.4296],[-66.138762,18.429561],[-66.138755,18.429531],[-66.138745,18.429505],[-66.138733,18.42948],[-66.138716,18.429454],[-66.138692,18.429426],[-66.138666,18.429398],[-66.138639,18.429375],[-66.138611,18.429355],[-66.138588,18.429343],[-66.13856,18.429336],[-66.138509,18.429333],[-66.138485,18.429333],[-66.138457,18.429335],[-66.138368,18.429353],[-66.138336,18.429358],[-66.138307,18.429359],[-66.13828,18.429356],[-66.138249,18.429349],[-66.138228,18.429342],[-66.138204,18.429328],[-66.138172,18.429303],[-66.138151,18.429284],[-66.138131,18.429263],[-66.138111,18.429239],[-66.138092,18.429213],[-66.138063,18.429164],[-66.138039,18.429112],[-66.138029,18.429082],[-66.138021,18.429053],[-66.138016,18.429024],[-66.138012,18.428997],[-66.138012,18.428946],[-66.138019,18.428893],[-66.138026,18.428862],[-66.138034,18.428834],[-66.138044,18.42881],[-66.138055,18.428788],[-66.138071,18.428763],[-66.138083,18.428746],[-66.138096,18.428733],[-66.138109,18.428723],[-66.13813,18.428714],[-66.138166,18.428704],[-66.138198,18.428698],[-66.138282,18.428696],[-66.138302,18.428694],[-66.138319,18.428691],[-66.138355,18.42868],[-66.138397,18.428663],[-66.138404,18.42866],[-66.138428,18.428648],[-66.138459,18.428631],[-66.138529,18.428585],[-66.13856,18.428562],[-66.138591,18.428536],[-66.138656,18.428474],[-66.138709,18.428415],[-66.138759,18.428352],[-66.138801,18.42829],[-66.138833,18.428235],[-66.138855,18.42819],[-66.138871,18.428152],[-66.138883,18.428117],[-66.138892,18.428084],[-66.138897,18.428054],[-66.138899,18.428035],[-66.138898,18.428013],[-66.138894,18.427995],[-66.138888,18.427982],[-66.138879,18.427968],[-66.138842,18.427925],[-66.13881,18.42789],[-66.138773,18.427854],[-66.13873,18.427816],[-66.138671,18.427768],[-66.138614,18.427723],[-66.138574,18.427696],[-66.138542,18.427679],[-66.138515,18.427667],[-66.138488,18.427658],[-66.138459,18.427651],[-66.138431,18.427647],[-66.138399,18.427646],[-66.138364,18.427648],[-66.138324,18.427653],[-66.13829,18.427659],[-66.138258,18.427667],[-66.138229,18.427676],[-66.138202,18.427687],[-66.138155,18.427712],[-66.138114,18.427741],[-66.138093,18.427763],[-66.138085,18.42777],[-66.138046,18.427819],[-66.138002,18.427881],[-66.137953,18.427963],[-66.137939,18.427996],[-66.137915,18.428067],[-66.137903,18.428096],[-66.137887,18.428123],[-66.137867,18.428144],[-66.137839,18.428164],[-66.137815,18.428175],[-66.137802,18.428178],[-66.137787,18.42818],[-66.137736,18.428178],[-66.137683,18.428173],[-66.137626,18.428161],[-66.137569,18.428144],[-66.137444,18.428103],[-66.137373,18.42808],[-66.137308,18.428058],[-66.137205,18.428017],[-66.137073,18.427958],[-66.137014,18.427929],[-66.136869,18.42785],[-66.136827,18.427829],[-66.136787,18.427813],[-66.13674,18.427798],[-66.136619,18.427769],[-66.136587,18.427758],[-66.13656,18.427746],[-66.136509,18.427721],[-66.136495,18.427711],[-66.136485,18.427701],[-66.136473,18.427683],[-66.136465,18.427664],[-66.136461,18.427643],[-66.13646,18.427609],[-66.136462,18.427566],[-66.136469,18.427521],[-66.136481,18.427476],[-66.136498,18.427431],[-66.136515,18.427394],[-66.136545,18.427345],[-66.136576,18.4273],[-66.136655,18.427204],[-66.136687,18.42716],[-66.136719,18.42711],[-66.13674,18.427073],[-66.136758,18.42703],[-66.136785,18.426956],[-66.136809,18.426882],[-66.136856,18.426704],[-66.13687,18.426659],[-66.136886,18.42662],[-66.1369,18.426587],[-66.136919,18.426552],[-66.137001,18.42641],[-66.13703,18.426351],[-66.137064,18.426263],[-66.137086,18.426189],[-66.1371,18.426134],[-66.137105,18.426099],[-66.137106,18.42606],[-66.137101,18.42603],[-66.13709,18.426001],[-66.13707,18.425966],[-66.137044,18.425932],[-66.137012,18.4259],[-66.136983,18.425875],[-66.136959,18.42586],[-66.136933,18.425848],[-66.136912,18.425843],[-66.136891,18.425843],[-66.136865,18.425848],[-66.136841,18.425856],[-66.136808,18.425874],[-66.136777,18.425894],[-66.136732,18.425928],[-66.136673,18.425977],[-66.136629,18.426019],[-66.136614,18.426038],[-66.136598,18.426059],[-66.136541,18.426155],[-66.136512,18.426194],[-66.136484,18.426228],[-66.136464,18.426248],[-66.136446,18.426262],[-66.136425,18.426277],[-66.136368,18.426309],[-66.136311,18.426335],[-66.136241,18.426359],[-66.136182,18.426376],[-66.136131,18.426387],[-66.136093,18.426392],[-66.13603,18.426397],[-66.135836,18.426409],[-66.135768,18.426411],[-66.135708,18.42641],[-66.135648,18.426406],[-66.135593,18.426399],[-66.135541,18.426389],[-66.135492,18.426376],[-66.135456,18.426365],[-66.135435,18.426356],[-66.135408,18.426341],[-66.135377,18.42632],[-66.13535,18.426297],[-66.13532,18.426268],[-66.135293,18.426237],[-66.135265,18.426201],[-66.135227,18.426146],[-66.135196,18.426087],[-66.135186,18.426065],[-66.135178,18.426039],[-66.135151,18.425929],[-66.135143,18.425906],[-66.135134,18.425886],[-66.135106,18.425836],[-66.135074,18.42579],[-66.135039,18.425747],[-66.13501,18.42572],[-66.134974,18.425695],[-66.134928,18.425671],[-66.134906,18.425663],[-66.134881,18.425657],[-66.134776,18.425644],[-66.134752,18.42564],[-66.134732,18.425634],[-66.134689,18.425619],[-66.134656,18.425604],[-66.134618,18.425581],[-66.134558,18.425536],[-66.134442,18.425456],[-66.134393,18.425418],[-66.13437,18.425397],[-66.13435,18.425375],[-66.134333,18.425354],[-66.134319,18.425332],[-66.134303,18.425301],[-66.134295,18.42528],[-66.134291,18.425253],[-66.134292,18.425207],[-66.134297,18.425144],[-66.134309,18.425083],[-66.134325,18.425034],[-66.134347,18.424984],[-66.134368,18.424945],[-66.134409,18.424881],[-66.134459,18.424809],[-66.134578,18.424655],[-66.134625,18.424584],[-66.134668,18.424508],[-66.134739,18.42437],[-66.13481,18.424225],[-66.134979,18.423865],[-66.135029,18.423766],[-66.135077,18.423678],[-66.135148,18.423554],[-66.135196,18.423479],[-66.135223,18.423444],[-66.135292,18.423361],[-66.13531,18.423337],[-66.135324,18.423315],[-66.135347,18.423274],[-66.13536,18.423245],[-66.135371,18.423212],[-66.135377,18.423181],[-66.13538,18.423153],[-66.135379,18.423128],[-66.135376,18.423106],[-66.135372,18.42309],[-66.135364,18.423075],[-66.135349,18.423053],[-66.135323,18.423022],[-66.135291,18.422991],[-66.135251,18.422962],[-66.135205,18.422934],[-66.135172,18.422916],[-66.135142,18.422904],[-66.135109,18.422893],[-66.135069,18.422885],[-66.135028,18.422879],[-66.134977,18.422876],[-66.134935,18.422877],[-66.134868,18.422881],[-66.134811,18.422885],[-66.134748,18.422894],[-66.134502,18.422938],[-66.134396,18.422952],[-66.134325,18.422958],[-66.13418731423293,18.422966650414683],[-66.13179652926499,18.424515704854937],[-66.131798,18.424526],[-66.131799,18.424539],[-66.131808,18.424593],[-66.13181,18.424607],[-66.131811,18.424619],[-66.131812,18.424632],[-66.131812,18.424643],[-66.131811,18.424654],[-66.131809,18.424663],[-66.131804,18.42467],[-66.131797,18.424674],[-66.131787,18.424677],[-66.131776,18.424678],[-66.131764,18.424677],[-66.131751,18.424676],[-66.131737,18.424675],[-66.131723,18.424673],[-66.131694,18.424668],[-66.131606,18.424654],[-66.13158722614986,18.424651318021407],[-66.13158000040752,18.424655999775897],[-66.13158093044035,18.424650418634336],[-66.131578,18.42465],[-66.131575,18.42465],[-66.13157296766025,18.42464981524184],[-66.1315090002624,18.42469099985097],[-66.13150365656935,18.424696282846757],[-66.131504,18.424698],[-66.131504,18.424705],[-66.131506,18.424718],[-66.131516,18.424784],[-66.131517,18.424798],[-66.131518,18.42481],[-66.131518,18.424834],[-66.131515,18.424844],[-66.131511,18.424853],[-66.131504,18.424859],[-66.131486,18.424869],[-66.131475,18.424872],[-66.131439,18.424878],[-66.131414,18.424878],[-66.131401,18.424877],[-66.131389,18.424875],[-66.131378,18.424871],[-66.131367,18.424866],[-66.131356,18.42486],[-66.131346,18.424854],[-66.131345,18.424854],[-66.13134426183944,18.42485353026147],[-66.13129400017725,18.42490300042138],[-66.13118000037443,18.425017000402967],[-66.13114600003925,18.425050000136807],[-66.1311140002522,18.42508200015678],[-66.13108599976479,18.425109999636707],[-66.13043294270729,18.425736057181116],[-66.130441,18.425734],[-66.130446,18.425733],[-66.1305,18.425725],[-66.130593,18.425717],[-66.130638,18.425715],[-66.130688,18.425715],[-66.130895,18.425723],[-66.130939,18.425723],[-66.130979,18.42572],[-66.131024,18.425715],[-66.131073,18.425707],[-66.131281,18.425663],[-66.131327,18.425656],[-66.131369,18.425652],[-66.131466,18.425646],[-66.131498,18.425646],[-66.131525,18.425649],[-66.13156,18.425655],[-66.131592,18.425663],[-66.131623,18.425673],[-66.131658,18.425688],[-66.131688,18.425703],[-66.131719,18.425722],[-66.131751,18.425745],[-66.131789,18.425774],[-66.131837,18.425817],[-66.13191,18.425892],[-66.131975,18.425965],[-66.132112,18.426137],[-66.132176,18.426211],[-66.132244,18.426283],[-66.132302,18.42634],[-66.132375,18.426407],[-66.132454,18.426473],[-66.132538,18.426538],[-66.132626,18.426601],[-66.132665,18.426627],[-66.132708,18.426653],[-66.132911,18.426764],[-66.132958,18.426792],[-66.133,18.426819],[-66.133095,18.426884],[-66.133164,18.426937],[-66.133228,18.426988],[-66.133262,18.427016],[-66.133291,18.427045],[-66.133314,18.427074],[-66.133336,18.427105],[-66.13335,18.427129],[-66.133361,18.427157],[-66.133369,18.427182],[-66.133372,18.427218],[-66.133369,18.427267],[-66.133361,18.427312],[-66.133344,18.427371],[-66.133325,18.427422],[-66.1333,18.427477],[-66.13327,18.427533],[-66.133238,18.427584],[-66.133206,18.427627],[-66.133174,18.427665],[-66.133142,18.427694],[-66.133063,18.427754],[-66.133047,18.427769],[-66.133033,18.427784],[-66.133007,18.427815],[-66.132995,18.427836],[-66.13299,18.427848],[-66.132981,18.427885],[-66.132974,18.427901],[-66.132964,18.427916],[-66.132952,18.42793],[-66.132936,18.427943],[-66.132902,18.427967],[-66.13283,18.428008],[-66.132801,18.428025],[-66.132775,18.428045],[-66.132755,18.428066],[-66.132718,18.428115],[-66.132688,18.428162],[-66.132666,18.428207],[-66.132651,18.42825],[-66.132644,18.428279],[-66.132639,18.428308],[-66.132636,18.428339],[-66.132635,18.428369],[-66.132636,18.428398],[-66.132639,18.428427],[-66.132644,18.428453],[-66.13265,18.428478],[-66.13266,18.428502],[-66.132675,18.428527],[-66.132693,18.428552],[-66.132716,18.428578],[-66.132768,18.428624],[-66.132888,18.428719],[-66.132919,18.428744],[-66.132956,18.428769],[-66.133082,18.428844],[-66.133126,18.428873],[-66.133167,18.428903],[-66.1332,18.428933],[-66.133268,18.429004],[-66.13332,18.429065],[-66.133363,18.429122],[-66.133397,18.429176],[-66.133422,18.429228],[-66.133432,18.429254],[-66.133439,18.429279],[-66.133443,18.429303],[-66.133446,18.429327],[-66.133446,18.42935],[-66.133444,18.429373],[-66.133436,18.429414],[-66.133423,18.42946],[-66.133407,18.429499],[-66.133387,18.429543],[-66.133368,18.429576],[-66.133347,18.42961],[-66.133321,18.429646],[-66.13329,18.429686],[-66.133264,18.429716],[-66.133235,18.429747],[-66.133142,18.429837],[-66.133065,18.429908],[-66.132912,18.430035],[-66.132852,18.430088],[-66.132737,18.430195],[-66.132523,18.430407],[-66.132434,18.430492],[-66.13228,18.430634],[-66.131923,18.430949],[-66.131766,18.431092],[-66.131525,18.431315],[-66.131449,18.431389],[-66.131382,18.431457],[-66.13132,18.431522],[-66.131169,18.43169],[-66.131098,18.431765],[-66.131057,18.431806],[-66.130938,18.431916],[-66.130904,18.431952],[-66.130874,18.431985],[-66.130818,18.432054],[-66.130802,18.432078],[-66.130792,18.432095],[-66.130789,18.4321],[-66.130773,18.432134],[-66.130763,18.432162],[-66.130756,18.432188],[-66.130753,18.432212],[-66.130754,18.432232],[-66.130757,18.432254],[-66.130771,18.432307],[-66.130789,18.43235],[-66.130822,18.432408],[-66.130843,18.432441],[-66.130867,18.432474],[-66.130894,18.432508],[-66.130924,18.432542],[-66.130985,18.432604],[-66.131016,18.432632],[-66.131019,18.432634],[-66.131047,18.432657],[-66.131105,18.432698],[-66.131174,18.432739],[-66.131241,18.432773],[-66.131315,18.432805],[-66.13139,18.432832],[-66.131465,18.432853],[-66.131545,18.432871],[-66.13162,18.432882],[-66.131675,18.432887],[-66.131726,18.432888],[-66.13178,18.432887],[-66.131829,18.432882],[-66.131877,18.432873],[-66.131921,18.432863],[-66.131959,18.43285],[-66.132008,18.432829],[-66.132064,18.432801],[-66.132123,18.432768],[-66.132185,18.432727],[-66.132258,18.432675],[-66.132302,18.432638],[-66.132402,18.432544],[-66.13243,18.432522],[-66.132457,18.432503],[-66.132503,18.432476],[-66.132545,18.432455],[-66.132585,18.432438],[-66.132624,18.432426],[-66.132654,18.432418],[-66.132688,18.432411],[-66.132764,18.432403],[-66.132835,18.4324],[-66.132898,18.432404],[-66.132961,18.432414],[-66.132988,18.43242],[-66.133011,18.432428],[-66.133057,18.432448],[-66.133096,18.432471],[-66.13313,18.432497],[-66.133158,18.432526],[-66.133174,18.43255],[-66.133185,18.432577],[-66.133191,18.432608],[-66.133192,18.432643],[-66.13319,18.432675],[-66.133185,18.432711],[-66.133157,18.432843],[-66.133148,18.432894],[-66.133142,18.432944],[-66.133133,18.432997],[-66.133108,18.43311],[-66.133074,18.433232],[-66.133014,18.433433],[-66.132999,18.433484],[-66.132968,18.433611],[-66.13295,18.433672],[-66.132938,18.433706],[-66.132924,18.433736],[-66.13291,18.433763],[-66.132894,18.433788],[-66.132876,18.433811],[-66.132855,18.433835],[-66.132831,18.433857],[-66.132806,18.433879],[-66.132778,18.433901],[-66.132748,18.433922],[-66.132681,18.43396],[-66.132607,18.433996],[-66.132526,18.434027],[-66.132442,18.434052],[-66.132358,18.434071],[-66.132323,18.434074],[-66.132281,18.434072],[-66.132237,18.434066],[-66.132127,18.434047],[-66.132097,18.434044],[-66.132072,18.434043],[-66.132044,18.434045],[-66.132021,18.43405],[-66.132002,18.434058],[-66.131986,18.43407],[-66.131973,18.434085],[-66.13196,18.434103],[-66.131948,18.434125],[-66.131937,18.434149],[-66.131928,18.434175],[-66.13192,18.434202],[-66.131915,18.434229],[-66.131912,18.434254],[-66.131912,18.434283],[-66.131925,18.434351],[-66.131926,18.434382],[-66.131923,18.434408],[-66.131918,18.434436],[-66.13191,18.434464],[-66.1319,18.434492],[-66.131888,18.434522],[-66.131873,18.434551],[-66.131855,18.434581],[-66.131837,18.434609],[-66.131812,18.434641],[-66.131783,18.434672],[-66.131749,18.434702],[-66.131712,18.43473],[-66.131672,18.434757],[-66.131629,18.434781],[-66.131584,18.434803],[-66.131539,18.434822],[-66.131506,18.434831],[-66.131467,18.434837],[-66.13143,18.434841],[-66.131401,18.434842],[-66.131342,18.434845],[-66.131302,18.434849],[-66.131269,18.434855],[-66.131241,18.434864],[-66.131212,18.434877],[-66.131183,18.434895],[-66.131155,18.434916],[-66.131126,18.434943],[-66.131076,18.434998],[-66.13099,18.435107],[-66.130956,18.435148],[-66.130919,18.435187],[-66.130884,18.435218],[-66.130826,18.435261],[-66.130766,18.435303],[-66.130702,18.435345],[-66.130633,18.435386],[-66.130561,18.435426],[-66.130485,18.435465],[-66.130404,18.435504],[-66.130318,18.435544],[-66.130256,18.435567],[-66.130184,18.435588],[-66.130109,18.435605],[-66.129918,18.435642],[-66.129864,18.435654],[-66.129817,18.435668],[-66.129766,18.435686],[-66.129722,18.435706],[-66.129683,18.43573],[-66.129648,18.435756],[-66.129625,18.435777],[-66.129603,18.435801],[-66.129582,18.435828],[-66.12956,18.435859],[-66.129523,18.43592],[-66.12944,18.436069],[-66.129417,18.436106],[-66.129394,18.436139],[-66.129364,18.436177],[-66.129326,18.436218],[-66.129284,18.43626],[-66.129161,18.436375],[-66.129126,18.436411],[-66.129097,18.436444],[-66.129068,18.436483],[-66.129046,18.43652],[-66.129031,18.436556],[-66.129022,18.436592],[-66.129018,18.43662],[-66.129017,18.43665],[-66.129019,18.436714],[-66.12903,18.436781],[-66.129047,18.43685],[-66.129071,18.436915],[-66.1291,18.436976],[-66.129133,18.43703],[-66.129151,18.437054],[-66.12917,18.437075],[-66.129188,18.437092],[-66.129208,18.437108],[-66.129232,18.437124],[-66.129259,18.437139],[-66.129313,18.437164],[-66.129456,18.437223],[-66.129494,18.437242],[-66.129526,18.43726],[-66.12957,18.437292],[-66.129617,18.437332],[-66.12966,18.437375],[-66.129767,18.437487],[-66.129799,18.437517],[-66.129827,18.437542],[-66.12986,18.437568],[-66.129893,18.437588],[-66.129925,18.437604],[-66.129957,18.437616],[-66.129997,18.437626],[-66.130041,18.437632],[-66.130089,18.437634],[-66.130141,18.437633],[-66.130191,18.437629],[-66.130248,18.437622],[-66.130463,18.437588],[-66.13052,18.437579],[-66.130581,18.437566],[-66.130856,18.437496],[-66.130922,18.437481],[-66.130954,18.437476],[-66.130982,18.437471],[-66.131167,18.437447],[-66.131221,18.437436],[-66.131344,18.437406],[-66.131402,18.437395],[-66.13148,18.437385],[-66.131535,18.437383],[-66.131602,18.437387],[-66.13168,18.437398],[-66.131717,18.437406],[-66.131758,18.437417],[-66.131861,18.437451],[-66.131953,18.437486],[-66.13204,18.437523],[-66.132124,18.437566],[-66.1322,18.43761],[-66.132255,18.437646],[-66.132303,18.437681],[-66.132354,18.437722],[-66.132396,18.43776],[-66.132436,18.437801],[-66.13247,18.437841],[-66.132505,18.437887],[-66.132528,18.437924],[-66.132541,18.437953],[-66.132554,18.437985],[-66.132566,18.438023],[-66.132579,18.438082],[-66.132587,18.438133],[-66.132597,18.438257],[-66.132603,18.438289],[-66.13261,18.438317],[-66.132622,18.438356],[-66.132633,18.438382],[-66.132651,18.438412],[-66.132674,18.438443],[-66.132693,18.438463],[-66.132716,18.438484],[-66.132787,18.438537],[-66.132833,18.438566],[-66.132928,18.438618],[-66.132967,18.438641],[-66.133062,18.438706],[-66.133168,18.438788],[-66.133226,18.438835],[-66.133262,18.438866],[-66.133316,18.438919],[-66.133334,18.438939],[-66.133348,18.438958],[-66.13337,18.438994],[-66.133384,18.439024],[-66.133393,18.439056],[-66.133398,18.439097],[-66.133398,18.439138],[-66.133393,18.43919],[-66.133385,18.439237],[-66.133373,18.439281],[-66.13336,18.43932],[-66.133348,18.439346],[-66.133328,18.439377],[-66.133307,18.4394],[-66.133282,18.439418],[-66.133261,18.43943],[-66.133733,18.439907],[-66.1346,18.440792],[-66.136854,18.442509],[-66.138357,18.444334],[-66.139726,18.446233],[-66.139829,18.446317],[-66.139938,18.446432],[-66.140232,18.446779],[-66.14061,18.447252],[-66.140826,18.4475],[-66.141071,18.447762],[-66.141636,18.448344],[-66.141883,18.448613],[-66.142088,18.448853],[-66.142377,18.449214],[-66.142373,18.449195],[-66.142363,18.449097],[-66.142361,18.44908],[-66.142397,18.448958],[-66.14247,18.448856],[-66.142487,18.448829],[-66.142566,18.448737],[-66.142575,18.448731],[-66.142601,18.448715],[-66.142629,18.448702],[-66.142665,18.448692],[-66.142727,18.448683],[-66.14277,18.448679],[-66.142875,18.448676],[-66.142904,18.448673],[-66.142929,18.448667],[-66.142973,18.448653],[-66.142999,18.448642],[-66.143009,18.448638],[-66.14304,18.448618],[-66.14308,18.448588],[-66.143121,18.44855],[-66.143182,18.448484],[-66.143218,18.448442],[-66.143233,18.448422],[-66.1433,18.448334],[-66.143323,18.448307],[-66.143348,18.448282],[-66.143379,18.448257],[-66.14345,18.448205],[-66.143478,18.448181],[-66.143503,18.448157],[-66.143517,18.448141],[-66.143529,18.448123],[-66.14354,18.448104],[-66.143548,18.448082],[-66.143555,18.448061],[-66.143557,18.448048],[-66.143557,18.448034],[-66.143553,18.448004],[-66.143548,18.447971],[-66.143549,18.447956],[-66.143553,18.447944],[-66.143561,18.447925],[-66.143569,18.447913],[-66.143579,18.447905],[-66.143598,18.447894],[-66.143613,18.447887],[-66.143629,18.447881],[-66.143666,18.447874],[-66.143701,18.447872],[-66.143801,18.447872],[-66.143843,18.447871],[-66.143889,18.447871],[-66.144099,18.447884],[-66.144149,18.447885],[-66.144194,18.447884],[-66.144326,18.447875],[-66.144454,18.447859],[-66.144531,18.447847],[-66.144587,18.447835],[-66.144651,18.447819],[-66.144702,18.447803],[-66.144753,18.447783],[-66.144797,18.447761],[-66.144839,18.447736],[-66.144886,18.447704],[-66.144923,18.447674],[-66.144932,18.447666],[-66.144961,18.447641],[-66.145,18.447603],[-66.145043,18.447558],[-66.145104,18.447486],[-66.145162,18.447407],[-66.145185,18.44737],[-66.145209,18.447328],[-66.145281,18.44719],[-66.145329,18.447091],[-66.145431,18.446873],[-66.145475,18.446785],[-66.145551,18.44664],[-66.145558,18.446627],[-66.145586,18.446579],[-66.145614,18.446536],[-66.145652,18.446484],[-66.145667,18.446464],[-66.145687,18.44644],[-66.145706,18.44642],[-66.145731,18.446398],[-66.14576,18.446376],[-66.145794,18.446353],[-66.145836,18.446327],[-66.14588,18.446303],[-66.145928,18.44628],[-66.145981,18.446258],[-66.146039,18.446237],[-66.146041,18.446236],[-66.146089,18.446221],[-66.146142,18.446206],[-66.146197,18.446194],[-66.146254,18.446183],[-66.146319,18.446173],[-66.146375,18.446167],[-66.146431,18.446165],[-66.146479,18.446166],[-66.146504,18.446168],[-66.146513,18.446169],[-66.146532,18.446172],[-66.146644,18.446199],[-66.146694,18.446207],[-66.146696,18.446207],[-66.146765,18.446214],[-66.146812,18.446213],[-66.14684,18.44621],[-66.14687,18.446203],[-66.146902,18.446195],[-66.146937,18.446183],[-66.146978,18.446167],[-66.14701,18.446152],[-66.147038,18.446137],[-66.147061,18.44612],[-66.14709,18.446094],[-66.147115,18.446065],[-66.147134,18.446035],[-66.147154,18.445997],[-66.147171,18.445957],[-66.147182,18.44592],[-66.147191,18.445875],[-66.147193,18.445841],[-66.147189,18.445818],[-66.147181,18.445794],[-66.147169,18.445767],[-66.147147,18.445728],[-66.147124,18.445693],[-66.147069,18.445628],[-66.147048,18.445599],[-66.147015,18.44555],[-66.147007,18.445535],[-66.147,18.445519],[-66.146988,18.445482],[-66.146984,18.44545],[-66.146988,18.445418],[-66.147001,18.445374],[-66.147013,18.445344],[-66.14703,18.445313],[-66.147051,18.445279],[-66.147084,18.445232],[-66.147131,18.445172],[-66.147192,18.445105],[-66.147255,18.445044],[-66.147263,18.445037],[-66.147335,18.444976],[-66.147408,18.444924],[-66.147493,18.444872],[-66.147562,18.444834],[-66.147631,18.4448],[-66.147703,18.44477],[-66.147775,18.444743],[-66.14785,18.444719],[-66.14792,18.444701],[-66.148003,18.444684],[-66.148066,18.444675],[-66.148123,18.444674],[-66.148181,18.444676],[-66.148226,18.444682],[-66.148297,18.444695],[-66.148351,18.444707],[-66.14841,18.444724],[-66.148592,18.444785],[-66.148653,18.444803],[-66.148708,18.444818],[-66.148759,18.444828],[-66.148872,18.444844],[-66.148987,18.444853],[-66.149112,18.444858],[-66.149165,18.444857],[-66.149213,18.444854],[-66.149293,18.444847],[-66.149345,18.444837],[-66.149373,18.444828],[-66.149402,18.444817],[-66.149461,18.444789],[-66.149511,18.444757],[-66.149567,18.444713],[-66.14961,18.444675],[-66.149646,18.444639],[-66.149684,18.444593],[-66.149711,18.444554],[-66.149734,18.444512],[-66.149746,18.444479],[-66.149753,18.444439],[-66.149754,18.444421],[-66.149752,18.444405],[-66.149748,18.444387],[-66.14974,18.444368],[-66.149705,18.44431],[-66.149682,18.444277],[-66.149616,18.444203],[-66.14959,18.444168],[-66.149586,18.44416],[-66.149568,18.444125],[-66.149525,18.444013],[-66.149513,18.443987],[-66.1495,18.443964],[-66.149482,18.443938],[-66.149432,18.443879],[-66.14942,18.443862],[-66.149411,18.443845],[-66.149398,18.443814],[-66.149391,18.44379],[-66.149389,18.443766],[-66.149391,18.44373],[-66.149394,18.443705],[-66.1494,18.443677],[-66.149424,18.443597],[-66.149439,18.443551],[-66.149444,18.443536],[-66.149466,18.443485],[-66.149479,18.443458],[-66.149496,18.44343],[-66.149568,18.443329],[-66.149596,18.443285],[-66.149631,18.443221],[-66.149642,18.443196],[-66.14965,18.44318],[-66.149663,18.443138],[-66.149677,18.443073],[-66.149683,18.44303],[-66.149693,18.442927],[-66.149703,18.442877],[-66.149716,18.442838],[-66.149732,18.442797],[-66.149752,18.442755],[-66.149774,18.442713],[-66.149804,18.442666],[-66.14984,18.442616],[-66.149877,18.44257],[-66.149916,18.442527],[-66.149957,18.442487],[-66.149997,18.442452],[-66.150044,18.442417],[-66.150088,18.442389],[-66.150126,18.442368],[-66.150157,18.442354],[-66.150189,18.442343],[-66.150232,18.442332],[-66.150262,18.442327],[-66.150295,18.442324],[-66.150433,18.442324],[-66.150465,18.442322],[-66.150493,18.442319],[-66.15054,18.442311],[-66.150571,18.442303],[-66.1506,18.442293],[-66.150635,18.442277],[-66.15066,18.442264],[-66.150687,18.442248],[-66.150767,18.442192],[-66.150824,18.44215],[-66.150943,18.44205],[-66.150995,18.442011],[-66.151031,18.441988],[-66.151071,18.441964],[-66.151225,18.441883],[-66.151287,18.441847],[-66.151433,18.441759],[-66.151476,18.441729],[-66.151513,18.4417],[-66.151577,18.441643],[-66.151596,18.441622],[-66.151609,18.441602],[-66.15162,18.441581],[-66.151629,18.441558],[-66.151637,18.441533],[-66.151643,18.441506],[-66.151647,18.441476],[-66.151648,18.441442]]]}},{"type":"Feature","properties":{"OBJECTID":3112374,"DFIRM_ID":"72000C","FLD_ZONE":"X","ZONE_SUBTY":"AREA OF MINIMAL FLOOD HAZARD","SFHA_TF":"F","STATIC_BFE":-9999,"V_DATUM":"","LEN_UNIT":"","SOURCE_CIT":"72000C_FIS1"},"geometry":{"type":"Polygon","coordinates":[[[-66.149535,18.441724],[-66.149532,18.441703],[-66.149524,18.44168],[-66.149514,18.441655],[-66.149496,18.441618],[-66.149474,18.441584],[-66.149423,18.441518],[-66.149403,18.441489],[-66.149374,18.441438],[-66.149353,18.441395],[-66.149343,18.441367],[-66.149335,18.441335],[-66.149314,18.441212],[-66.149302,18.441161],[-66.149289,18.441118],[-66.149278,18.441092],[-66.149269,18.441075],[-66.149257,18.441057],[-66.149197,18.440989],[-66.149174,18.440957],[-66.149157,18.440927],[-66.149149,18.440908],[-66.149142,18.440881],[-66.149143,18.440863],[-66.149149,18.440849],[-66.14916,18.440834],[-66.149168,18.440828],[-66.148986,18.440805],[-66.148786,18.440778],[-66.148618,18.440764],[-66.14843,18.440765],[-66.148263,18.440759],[-66.148257,18.440759],[-66.148245,18.440777],[-66.148233,18.440789],[-66.148217,18.440801],[-66.148153,18.440839],[-66.148129,18.440857],[-66.148097,18.440883],[-66.14809,18.440891],[-66.148085,18.4409],[-66.148082,18.44091],[-66.14808,18.440922],[-66.148082,18.44095],[-66.14809,18.440974],[-66.148106,18.440998],[-66.148118,18.441012],[-66.148131,18.441023],[-66.148144,18.441031],[-66.148156,18.441037],[-66.148169,18.441038],[-66.148184,18.441037],[-66.148233,18.441023],[-66.148281,18.441007],[-66.148335,18.440979],[-66.148358,18.440965],[-66.148406,18.440929],[-66.148427,18.440915],[-66.148463,18.440896],[-66.148475,18.440891],[-66.148486,18.440889],[-66.148509,18.44089],[-66.148536,18.440896],[-66.148557,18.440906],[-66.148584,18.440924],[-66.148607,18.440943],[-66.148624,18.44096],[-66.14864,18.440983],[-66.148649,18.441003],[-66.148651,18.441023],[-66.148648,18.441056],[-66.148644,18.44108],[-66.148627,18.441136],[-66.148625,18.441151],[-66.148625,18.441165],[-66.14863,18.441191],[-66.148638,18.441215],[-66.148649,18.441235],[-66.148668,18.441261],[-66.148682,18.441279],[-66.148699,18.441297],[-66.148757,18.441347],[-66.148804,18.441385],[-66.148859,18.441426],[-66.148912,18.441461],[-66.149038,18.441531],[-66.149092,18.441565],[-66.149156,18.441607],[-66.149189,18.441635],[-66.149206,18.441653],[-66.149222,18.441674],[-66.149252,18.441721],[-66.149259,18.441737],[-66.149265,18.441756],[-66.149284,18.441842],[-66.149291,18.441861],[-66.149301,18.441878],[-66.149319,18.441903],[-66.149333,18.441916],[-66.149353,18.441925],[-66.149382,18.441932],[-66.149417,18.441935],[-66.149432,18.441934],[-66.149444,18.441931],[-66.149457,18.441926],[-66.14947,18.441918],[-66.149495,18.441896],[-66.149506,18.441881],[-66.149514,18.441862],[-66.149521,18.441839],[-66.149529,18.4418],[-66.149535,18.441758],[-66.149535,18.441724]]]}},{"type":"Feature","properties":{"OBJECTID":3112375,"DFIRM_ID":"72000C","FLD_ZONE":"X","ZONE_SUBTY":"0.2 PCT ANNUAL CHANCE FLOOD HAZARD","SFHA_TF":"F","STATIC_BFE":-9999,"V_DATUM":"","LEN_UNIT":"","SOURCE_CIT":"72000C_FIS1"},"geometry":{"type":"Polygon","coordinates":[[[-66.131019,18.432634],[-66.131016,18.432632],[-66.130985,18.432604],[-66.130924,18.432542],[-66.130894,18.432508],[-66.130867,18.432474],[-66.130843,18.432441],[-66.130822,18.432408],[-66.130789,18.43235],[-66.130771,18.432307],[-66.130757,18.432254],[-66.130754,18.432232],[-66.130753,18.432212],[-66.130756,18.432188],[-66.130763,18.432162],[-66.130773,18.432134],[-66.130789,18.4321],[-66.130792,18.432095],[-66.130738,18.43201],[-66.130462,18.432312],[-66.130435,18.432343],[-66.130417,18.432364],[-66.130409,18.432375],[-66.1304,18.432386],[-66.130384,18.432408],[-66.13036,18.432443],[-66.13032,18.4325],[-66.13025,18.432604],[-66.130226,18.432638],[-66.13021,18.43266],[-66.130201,18.432671],[-66.130193,18.432682],[-66.130183,18.432692],[-66.130174,18.432702],[-66.130164,18.432711],[-66.130153,18.43272],[-66.130141,18.432728],[-66.130118,18.432744],[-66.13007,18.432774],[-66.129923,18.432863],[-66.129899,18.432879],[-66.129887,18.432886],[-66.129876,18.432895],[-66.129865,18.432903],[-66.129855,18.432912],[-66.129847,18.432921],[-66.12984,18.432931],[-66.129835,18.432943],[-66.129831,18.432955],[-66.129829,18.432979],[-66.129829,18.432992],[-66.129833,18.433016],[-66.129838,18.433027],[-66.129844,18.433036],[-66.129852,18.433043],[-66.129862,18.43305],[-66.129873,18.433055],[-66.129886,18.433059],[-66.129898,18.433063],[-66.129912,18.433067],[-66.129926,18.43307],[-66.129953,18.433077],[-66.13008,18.433105],[-66.130107,18.433111],[-66.130135,18.433117],[-66.130148,18.433119],[-66.130162,18.43312],[-66.130175,18.433121],[-66.130187,18.43312],[-66.130199,18.433118],[-66.130211,18.433113],[-66.130222,18.433107],[-66.130233,18.4331],[-66.130243,18.433092],[-66.130263,18.433074],[-66.130273,18.433064],[-66.130293,18.433045],[-66.130391,18.432946],[-66.130528,18.432809],[-66.130558,18.43278],[-66.130578,18.43276],[-66.130598,18.432742],[-66.130609,18.432733],[-66.130631,18.432717],[-66.130642,18.43271],[-66.130654,18.432703],[-66.130677,18.432689],[-66.130713,18.43267],[-66.130762,18.432644],[-66.130786,18.432631],[-66.130822,18.432613],[-66.130835,18.432608],[-66.130847,18.432603],[-66.130859,18.432599],[-66.130871,18.432596],[-66.130884,18.432594],[-66.13091,18.432596],[-66.130923,18.432599],[-66.130936,18.432603],[-66.13095,18.432607],[-66.130963,18.432612],[-66.13099,18.432622],[-66.131019,18.432634]]]}},{"type":"Feature","properties":{"OBJECTID":3112470,"DFIRM_ID":"72000C","FLD_ZONE":"X","ZONE_SUBTY":"AREA OF MINIMAL FLOOD HAZARD","SFHA_TF":"F","STATIC_BFE":-9999,"V_DATUM":"","LEN_UNIT":"","SOURCE_CIT":"72000C_FIS1"},"geometry":{"type":"Polygon","coordinates":[[[-66.156932,18.444136],[-66.156929,18.444126],[-66.156923,18.444119],[-66.156915,18.444112],[-66.156905,18.444107],[-66.156894,18.444102],[-66.156881,18.444099],[-66.156869,18.444096],[-66.156856,18.444095],[-66.156844,18.444095],[-66.156832,18.444097],[-66.156822,18.444101],[-66.156812,18.444106],[-66.156802,18.444113],[-66.156793,18.44412],[-66.156784,18.444128],[-66.156747,18.444163],[-66.156726,18.44418],[-66.156706,18.444198],[-66.156644,18.444251],[-66.156624,18.444268],[-66.156604,18.444286],[-66.156595,18.444296],[-66.156547,18.444345],[-66.156528,18.444364],[-66.156508,18.444382],[-66.156497,18.44439],[-66.156473,18.444404],[-66.156461,18.44441],[-66.156411,18.444434],[-66.156399,18.44444],[-66.156388,18.444447],[-66.156378,18.444454],[-66.156369,18.444461],[-66.156362,18.44447],[-66.156357,18.44448],[-66.156354,18.444491],[-66.156352,18.444502],[-66.156352,18.44454],[-66.156353,18.444553],[-66.156357,18.444606],[-66.156359,18.444632],[-66.156359,18.444646],[-66.156357,18.444672],[-66.156355,18.444685],[-66.156352,18.444698],[-66.156344,18.444724],[-66.156335,18.44475],[-66.156325,18.444775],[-66.15626,18.444942],[-66.156198,18.445097],[-66.156194,18.445109],[-66.156191,18.445121],[-66.156188,18.445132],[-66.156187,18.445142],[-66.156187,18.445151],[-66.156191,18.445158],[-66.156197,18.445163],[-66.156205,18.445166],[-66.156216,18.445167],[-66.156228,18.445168],[-66.156254,18.445168],[-66.156282,18.445166],[-66.156427,18.445155],[-66.156455,18.445152],[-66.156469,18.445151],[-66.156482,18.445149],[-66.156508,18.445143],[-66.156519,18.445139],[-66.15653,18.445133],[-66.156539,18.445125],[-66.156547,18.445115],[-66.156553,18.445105],[-66.15656,18.445093],[-66.156566,18.445081],[-66.156571,18.445069],[-66.156576,18.445056],[-66.156587,18.445031],[-66.156637,18.444901],[-66.156708,18.444721],[-66.156831,18.444414],[-66.156862,18.444337],[-66.156905,18.444233],[-66.15692,18.444194],[-66.156924,18.444182],[-66.156928,18.444169],[-66.156931,18.444157],[-66.156932,18.444146],[-66.156932,18.444136]]]}},{"type":"Feature","properties":{"OBJECTID":3112498,"DFIRM_ID":"72000C","FLD_ZONE":"X","ZONE_SUBTY":"AREA OF MINIMAL FLOOD HAZARD","SFHA_TF":"F","STATIC_BFE":-9999,"V_DATUM":"","LEN_UNIT":"","SOURCE_CIT":"72000C_FIS1"},"geometry":{"type":"Polygon","coordinates":[[[-66.153655,18.445591],[-66.153652,18.445583],[-66.153647,18.445575],[-66.153639,18.445567],[-66.15363,18.445559],[-66.15362,18.445552],[-66.153609,18.445544],[-66.153598,18.445537],[-66.153551,18.445507],[-66.153528,18.445491],[-66.153516,18.445483],[-66.153506,18.445474],[-66.153495,18.445465],[-66.153468,18.445435],[-66.153459,18.445424],[-66.153434,18.445391],[-66.153426,18.44538],[-66.153408,18.44536],[-66.153398,18.44535],[-66.153388,18.445341],[-66.153377,18.445332],[-66.153366,18.445324],[-66.153354,18.445316],[-66.153307,18.445284],[-66.153285,18.445268],[-66.153275,18.44526],[-66.153259,18.445242],[-66.153254,18.445232],[-66.153251,18.445221],[-66.15325,18.44521],[-66.153251,18.445198],[-66.153255,18.445174],[-66.153262,18.445137],[-66.153264,18.445125],[-66.153265,18.445113],[-66.153266,18.445102],[-66.153264,18.445092],[-66.153261,18.445083],[-66.153254,18.445076],[-66.153246,18.44507],[-66.153236,18.445065],[-66.153225,18.44506],[-66.153213,18.445057],[-66.1532,18.445054],[-66.153176,18.445052],[-66.153164,18.445053],[-66.153152,18.445056],[-66.153142,18.445061],[-66.153133,18.445067],[-66.153124,18.445074],[-66.153116,18.445083],[-66.15309,18.445109],[-66.15307,18.445127],[-66.15306,18.445135],[-66.153049,18.445143],[-66.153016,18.445166],[-66.152996,18.445182],[-66.152987,18.44519],[-66.15298,18.445198],[-66.152974,18.445206],[-66.15297,18.445215],[-66.15297,18.445225],[-66.152972,18.445235],[-66.152976,18.445245],[-66.152988,18.445267],[-66.152995,18.445278],[-66.153003,18.445289],[-66.153043,18.445345],[-66.153059,18.445368],[-66.153066,18.445379],[-66.153072,18.44539],[-66.153078,18.445402],[-66.153083,18.445414],[-66.153086,18.445426],[-66.153087,18.445438],[-66.153087,18.445451],[-66.153086,18.445464],[-66.153084,18.445477],[-66.153078,18.445503],[-66.153072,18.44553],[-66.153022,18.445716],[-66.153015,18.445742],[-66.153003,18.445781],[-66.152998,18.445793],[-66.152993,18.445804],[-66.152986,18.445815],[-66.152978,18.445825],[-66.152969,18.445833],[-66.152958,18.445839],[-66.152947,18.445846],[-66.152934,18.445851],[-66.152922,18.445856],[-66.152909,18.445861],[-66.152869,18.445875],[-66.152856,18.44588],[-66.152844,18.445886],[-66.152833,18.445891],[-66.152823,18.445897],[-66.152814,18.445904],[-66.152807,18.445913],[-66.152804,18.445922],[-66.152802,18.445933],[-66.152802,18.445944],[-66.152806,18.445968],[-66.152814,18.445992],[-66.152826,18.446014],[-66.152834,18.446023],[-66.152844,18.44603],[-66.152855,18.446036],[-66.152867,18.446042],[-66.152879,18.446046],[-66.152893,18.44605],[-66.152906,18.446054],[-66.152933,18.446061],[-66.152961,18.446067],[-66.153003,18.446077],[-66.153031,18.446083],[-66.153058,18.446088],[-66.153072,18.44609],[-66.153085,18.446092],[-66.153111,18.446092],[-66.153123,18.446089],[-66.153135,18.446085],[-66.153146,18.446079],[-66.153157,18.446072],[-66.153168,18.446064],[-66.153178,18.446056],[-66.153189,18.446047],[-66.153209,18.446028],[-66.153321,18.445922],[-66.153433,18.445817],[-66.153495,18.44576],[-66.153589,18.445674],[-66.153609,18.445655],[-66.153619,18.445646],[-66.153628,18.445636],[-66.153637,18.445627],[-66.153644,18.445618],[-66.15365,18.445608],[-66.153654,18.4456],[-66.153655,18.445591]]]}},{"type":"Feature","properties":{"OBJECTID":3112596,"DFIRM_ID":"72000C","FLD_ZONE":"X","ZONE_SUBTY":"AREA OF MINIMAL FLOOD HAZARD","SFHA_TF":"F","STATIC_BFE":-9999,"V_DATUM":"","LEN_UNIT":"","SOURCE_CIT":"72000C_FIS1"},"geometry":{"type":"Polygon","coordinates":[[[-66.157703,18.445387],[-66.157702,18.445379],[-66.157699,18.44537],[-66.157695,18.44536],[-66.15769,18.445349],[-66.157684,18.445338],[-66.157671,18.445314],[-66.157566,18.445134],[-66.157548,18.445098],[-66.157543,18.445086],[-66.157539,18.445073],[-66.157536,18.445061],[-66.157534,18.445048],[-66.157534,18.445022],[-66.157535,18.445009],[-66.157537,18.444995],[-66.157539,18.444982],[-66.157543,18.444955],[-66.157572,18.44478],[-66.157644,18.444335],[-66.157655,18.444267],[-66.157672,18.444172],[-66.157676,18.444145],[-66.15768,18.444119],[-66.157681,18.444106],[-66.157681,18.444094],[-66.15768,18.444083],[-66.157677,18.444073],[-66.157672,18.444064],[-66.157665,18.444057],[-66.157656,18.444052],[-66.157646,18.444048],[-66.157634,18.444045],[-66.157621,18.444042],[-66.157608,18.44404],[-66.157595,18.444037],[-66.157553,18.444032],[-66.157525,18.444028],[-66.157497,18.444025],[-66.157484,18.444024],[-66.15747,18.444023],[-66.157457,18.444022],[-66.157445,18.444022],[-66.157423,18.444026],[-66.157414,18.444031],[-66.157407,18.444038],[-66.157401,18.444047],[-66.157397,18.444057],[-66.157393,18.444069],[-66.15739,18.444081],[-66.157387,18.444094],[-66.157385,18.444107],[-66.157381,18.444134],[-66.157366,18.444229],[-66.157356,18.444296],[-66.157313,18.444564],[-66.157303,18.444618],[-66.157298,18.444644],[-66.157295,18.444658],[-66.157292,18.444671],[-66.157288,18.444683],[-66.157284,18.444696],[-66.157257,18.444771],[-66.157218,18.444871],[-66.157208,18.444896],[-66.157204,18.444908],[-66.157201,18.444921],[-66.157195,18.444945],[-66.157195,18.444968],[-66.157198,18.44498],[-66.157203,18.444991],[-66.157209,18.445003],[-66.157216,18.445014],[-66.157224,18.445024],[-66.157232,18.445035],[-66.157241,18.445046],[-66.157258,18.445068],[-66.157338,18.445164],[-66.157434,18.445284],[-66.157451,18.445305],[-66.157461,18.445315],[-66.15747,18.445325],[-66.15749,18.445343],[-66.157501,18.445351],[-66.157513,18.445357],[-66.157537,18.445367],[-66.15755,18.445371],[-66.157564,18.445374],[-66.157591,18.445381],[-66.157618,18.445387],[-66.157644,18.445392],[-66.157668,18.445396],[-66.157679,18.445397],[-66.157688,18.445397],[-66.157696,18.445396],[-66.157701,18.445392],[-66.157703,18.445387]]]}},{"type":"Feature","properties":{"OBJECTID":3112601,"DFIRM_ID":"72000C","FLD_ZONE":"X","ZONE_SUBTY":"AREA OF MINIMAL FLOOD HAZARD","SFHA_TF":"F","STATIC_BFE":-9999,"V_DATUM":"","LEN_UNIT":"","SOURCE_CIT":"72000C_FIS1"},"geometry":{"type":"Polygon","coordinates":[[[-66.142954,18.453848],[-66.142925,18.453845],[-66.142786,18.453798],[-66.142676,18.453786],[-66.14237,18.453633],[-66.141569,18.453229],[-66.141518,18.453203],[-66.141442,18.453163],[-66.141405,18.453142],[-66.141119,18.452983],[-66.141007,18.45292],[-66.140894,18.452855],[-66.14087,18.452842],[-66.140846,18.45283],[-66.140836,18.452827],[-66.140785,18.45286],[-66.140729,18.453023],[-66.140683,18.453166],[-66.140647,18.453318],[-66.140647,18.453423],[-66.140689,18.453489],[-66.140735,18.453564],[-66.140885,18.453614],[-66.141295,18.453699],[-66.141382,18.453727],[-66.141496,18.453753],[-66.141629,18.453771],[-66.14217,18.453812],[-66.142546,18.453884],[-66.142672,18.453903],[-66.142801,18.453907],[-66.142852,18.4539],[-66.142895,18.453888],[-66.142925,18.453872],[-66.142951,18.453852],[-66.142954,18.453848]]]}},{"type":"Feature","properties":{"OBJECTID":3112728,"DFIRM_ID":"72000C","FLD_ZONE":"X","ZONE_SUBTY":"0.2 PCT ANNUAL CHANCE FLOOD HAZARD","SFHA_TF":"F","STATIC_BFE":-9999,"V_DATUM":"","LEN_UNIT":"","SOURCE_CIT":"72000C_FIS1"},"geometry":{"type":"Polygon","coordinates":[[[-66.142999,18.448642],[-66.142973,18.448653],[-66.142929,18.448667],[-66.142904,18.448673],[-66.142875,18.448676],[-66.14277,18.448679],[-66.142727,18.448683],[-66.142665,18.448692],[-66.142629,18.448702],[-66.142601,18.448715],[-66.142575,18.448731],[-66.142566,18.448737],[-66.142487,18.448829],[-66.14247,18.448856],[-66.142397,18.448958],[-66.142361,18.44908],[-66.142363,18.449097],[-66.142371,18.449093],[-66.142393,18.449081],[-66.142415,18.449065],[-66.142426,18.449056],[-66.142466,18.449016],[-66.142485,18.448995],[-66.142541,18.448931],[-66.14256,18.44891],[-66.14258,18.44889],[-66.1426,18.448872],[-66.142611,18.448863],[-66.142647,18.448842],[-66.142673,18.44883],[-66.142712,18.448813],[-66.142831,18.448764],[-66.142857,18.448753],[-66.142883,18.448741],[-66.142919,18.44872],[-66.14293,18.448711],[-66.14295,18.448693],[-66.142979,18.448664],[-66.142999,18.448642]]]}},{"type":"Feature","properties":{"OBJECTID":3112800,"DFIRM_ID":"72000C","FLD_ZONE":"X","ZONE_SUBTY":"0.2 PCT ANNUAL CHANCE FLOOD HAZARD","SFHA_TF":"F","STATIC_BFE":-9999,"V_DATUM":"","LEN_UNIT":"","SOURCE_CIT":"72000C_FIS1"},"geometry":{"type":"MultiPolygon","coordinates":[[[[-66.131812,18.424632],[-66.131811,18.424619],[-66.13181,18.424607],[-66.131808,18.424593],[-66.131799,18.424539],[-66.131798,18.424526],[-66.13179652926499,18.424515704854937],[-66.13158722614986,18.424651318021407],[-66.131606,18.424654],[-66.131694,18.424668],[-66.131723,18.424673],[-66.131737,18.424675],[-66.131751,18.424676],[-66.131764,18.424677],[-66.131776,18.424678],[-66.131787,18.424677],[-66.131797,18.424674],[-66.131804,18.42467],[-66.131809,18.424663],[-66.131811,18.424654],[-66.131812,18.424643],[-66.131812,18.424632]]],[[[-66.13158200005735,18.424643999845923],[-66.13157296766025,18.42464981524184],[-66.131575,18.42465],[-66.131578,18.42465],[-66.13158093044035,18.424650418634336],[-66.13158200005735,18.424643999845923]]],[[[-66.131518,18.42481],[-66.131517,18.424798],[-66.131516,18.424784],[-66.131506,18.424718],[-66.131504,18.424705],[-66.131504,18.424698],[-66.13150365656935,18.424696282846757],[-66.13142100039886,18.424778000152855],[-66.13134426183944,18.42485353026147],[-66.131345,18.424854],[-66.131346,18.424854],[-66.131356,18.42486],[-66.131367,18.424866],[-66.131378,18.424871],[-66.131389,18.424875],[-66.131401,18.424877],[-66.131414,18.424878],[-66.131439,18.424878],[-66.131475,18.424872],[-66.131486,18.424869],[-66.131504,18.424859],[-66.131511,18.424853],[-66.131515,18.424844],[-66.131518,18.424834],[-66.131518,18.42481]]]]}},{"type":"Feature","properties":{"OBJECTID":3112801,"DFIRM_ID":"72000C","FLD_ZONE":"X","ZONE_SUBTY":"AREA OF MINIMAL FLOOD HAZARD","SFHA_TF":"F","STATIC_BFE":-9999,"V_DATUM":"","LEN_UNIT":"","SOURCE_CIT":"72000C_FIS1"},"geometry":{"type":"Polygon","coordinates":[[[-66.143174,18.460337],[-66.14317,18.460301],[-66.143155,18.460271],[-66.143123,18.460245],[-66.142981,18.46018],[-66.142939,18.460155],[-66.142913,18.460131],[-66.142899,18.460102],[-66.14289,18.46006],[-66.142888,18.460007],[-66.142901,18.459842],[-66.142916,18.459711],[-66.142918,18.459592],[-66.142913,18.459542],[-66.142897,18.459513],[-66.142876,18.459501],[-66.142843,18.459495],[-66.142604,18.459486],[-66.142478,18.459493],[-66.142168,18.459525],[-66.142008,18.459526],[-66.141931,18.459517],[-66.14186,18.459501],[-66.141749,18.459461],[-66.141683,18.45943],[-66.141603,18.459372],[-66.141548,18.45931],[-66.141527,18.459271],[-66.14151,18.459229],[-66.141502,18.459191],[-66.141501,18.45916],[-66.141516,18.45912],[-66.141554,18.459075],[-66.141621,18.459014],[-66.141699,18.458963],[-66.141727,18.458937],[-66.141758,18.458873],[-66.141764,18.458843],[-66.141761,18.458822],[-66.14175,18.458813],[-66.141729,18.458808],[-66.141599,18.458818],[-66.14155,18.45881],[-66.141536,18.458799],[-66.141525,18.458781],[-66.141501,18.45868],[-66.141472,18.458646],[-66.141429,18.458619],[-66.141379,18.458599],[-66.141334,18.45859],[-66.14128,18.45859],[-66.14123,18.458598],[-66.141191,18.458612],[-66.141172,18.458629],[-66.141162,18.458655],[-66.141166,18.458713],[-66.141205,18.458883],[-66.141218,18.459038],[-66.141216,18.459073],[-66.141209,18.459102],[-66.141184,18.45914],[-66.141139,18.459179],[-66.141085,18.459209],[-66.141027,18.459228],[-66.140973,18.459236],[-66.140919,18.459234],[-66.140855,18.459221],[-66.140788,18.459199],[-66.140724,18.459166],[-66.140662,18.459125],[-66.140638,18.459103],[-66.140593,18.459049],[-66.140572,18.459031],[-66.14053,18.459013],[-66.140484,18.459003],[-66.140449,18.459004],[-66.140423,18.459016],[-66.140397,18.459038],[-66.140325,18.459122],[-66.1403,18.459138],[-66.140257,18.459156],[-66.140188,18.459175],[-66.140086,18.459195],[-66.139899,18.459209],[-66.139835,18.459207],[-66.139793,18.459191],[-66.13977,18.459165],[-66.139736,18.459093],[-66.139719,18.459067],[-66.139687,18.459045],[-66.139643,18.459031],[-66.139569,18.459023],[-66.139309,18.459024],[-66.139243,18.459036],[-66.139197,18.459063],[-66.139161,18.459101],[-66.139131,18.459149],[-66.139115,18.459189],[-66.139108,18.459235],[-66.139113,18.459403],[-66.139129,18.459583],[-66.139127,18.459646],[-66.139105,18.45985],[-66.139108,18.459908],[-66.139129,18.460068],[-66.139128,18.460113],[-66.13912,18.460174],[-66.139094,18.460282],[-66.139051,18.460395],[-66.139009,18.460474],[-66.138937,18.460559],[-66.138927,18.460581],[-66.138925,18.460606],[-66.138935,18.460645],[-66.138976,18.460735],[-66.138988,18.460775],[-66.138993,18.460823],[-66.138989,18.46094],[-66.139,18.460996],[-66.139019,18.461032],[-66.139074,18.461097],[-66.139131,18.461176],[-66.139153,18.461217],[-66.139167,18.46126],[-66.139178,18.461323],[-66.139188,18.461447],[-66.139188,18.461627],[-66.139211,18.461737],[-66.13924,18.461806],[-66.1393,18.461875],[-66.139317,18.461902],[-66.139337,18.461997],[-66.139358,18.462062],[-66.139377,18.462096],[-66.139402,18.462116],[-66.139443,18.462122],[-66.139507,18.462118],[-66.139619,18.462096],[-66.139682,18.462093],[-66.139738,18.462097],[-66.139782,18.462105],[-66.139875,18.462135],[-66.140041,18.462178],[-66.140108,18.462189],[-66.140167,18.46219],[-66.14031,18.462165],[-66.140489,18.462122],[-66.14067,18.462112],[-66.140785,18.462095],[-66.140889,18.462073],[-66.140937,18.462058],[-66.140981,18.462044],[-66.141043,18.462018],[-66.141082,18.461997],[-66.141234,18.46188],[-66.141302,18.46184],[-66.141367,18.46182],[-66.141525,18.461791],[-66.141642,18.46176],[-66.141721,18.461735],[-66.141781,18.461709],[-66.141844,18.461665],[-66.141975,18.461532],[-66.142032,18.461494],[-66.142097,18.461459],[-66.142168,18.461432],[-66.142315,18.461405],[-66.142371,18.46138],[-66.14242,18.461342],[-66.142518,18.461251],[-66.142633,18.461163],[-66.142656,18.461138],[-66.142662,18.461119],[-66.142655,18.461107],[-66.142636,18.461097],[-66.142513,18.461066],[-66.142402,18.461027],[-66.142356,18.461003],[-66.142326,18.46097],[-66.142301,18.460921],[-66.142298,18.460889],[-66.142311,18.46086],[-66.142342,18.460829],[-66.142381,18.460806],[-66.142409,18.4608],[-66.142481,18.460798],[-66.14252,18.460788],[-66.14267,18.460718],[-66.142891,18.460653],[-66.142982,18.460608],[-66.143045,18.460571],[-66.143109,18.46052],[-66.143146,18.460467],[-66.143162,18.460426],[-66.143171,18.46038],[-66.143174,18.460337]]]}},{"type":"Feature","properties":{"OBJECTID":3112897,"DFIRM_ID":"72000C","FLD_ZONE":"X","ZONE_SUBTY":"AREA OF MINIMAL FLOOD HAZARD","SFHA_TF":"F","STATIC_BFE":-9999,"V_DATUM":"","LEN_UNIT":"","SOURCE_CIT":"72000C_FIS1"},"geometry":{"type":"Polygon","coordinates":[[[-66.148112,18.445305],[-66.148109,18.445294],[-66.148106,18.445282],[-66.148096,18.445258],[-66.148072,18.44521],[-66.148058,18.445187],[-66.148052,18.445176],[-66.148044,18.445165],[-66.148037,18.445155],[-66.148029,18.445146],[-66.14802,18.445138],[-66.148011,18.445132],[-66.148,18.445129],[-66.147988,18.445127],[-66.147976,18.445126],[-66.147963,18.445126],[-66.14795,18.445127],[-66.147936,18.445128],[-66.147909,18.445132],[-66.14784,18.445142],[-66.147812,18.445145],[-66.147784,18.445147],[-66.147756,18.445147],[-66.147742,18.445146],[-66.147729,18.445145],[-66.147701,18.445142],[-66.147645,18.445134],[-66.147632,18.445133],[-66.147618,18.445131],[-66.147578,18.445131],[-66.147565,18.445134],[-66.147553,18.445137],[-66.147529,18.445149],[-66.147505,18.445163],[-66.147494,18.445171],[-66.147471,18.445187],[-66.147379,18.445254],[-66.147356,18.44527],[-66.147345,18.445278],[-66.147323,18.445292],[-66.147313,18.445297],[-66.147303,18.445301],[-66.147295,18.445303],[-66.147287,18.445302],[-66.147281,18.445298],[-66.147277,18.445291],[-66.147273,18.445282],[-66.147267,18.44526],[-66.147264,18.445248],[-66.147258,18.445209],[-66.147253,18.445169],[-66.147251,18.445142],[-66.147249,18.445116],[-66.147249,18.445102],[-66.14725,18.445089],[-66.147252,18.445061],[-66.147255,18.445044],[-66.147192,18.445105],[-66.147131,18.445172],[-66.147084,18.445232],[-66.147051,18.445279],[-66.14703,18.445313],[-66.147013,18.445344],[-66.147001,18.445374],[-66.146988,18.445418],[-66.146984,18.44545],[-66.146988,18.445482],[-66.147,18.445519],[-66.147007,18.445535],[-66.147012,18.445537],[-66.147025,18.445544],[-66.147037,18.445549],[-66.14705,18.445555],[-66.147062,18.445559],[-66.147075,18.445562],[-66.147089,18.445564],[-66.147116,18.445564],[-66.147131,18.445563],[-66.147145,18.445562],[-66.147173,18.445558],[-66.147273,18.445543],[-66.147316,18.445538],[-66.14733,18.445536],[-66.147358,18.445534],[-66.147387,18.445534],[-66.147415,18.445536],[-66.14743,18.445538],[-66.147472,18.445543],[-66.147671,18.445572],[-66.147814,18.445594],[-66.147856,18.4456],[-66.147884,18.445602],[-66.147897,18.445603],[-66.14791,18.445602],[-66.147922,18.4456],[-66.147934,18.445597],[-66.147944,18.445591],[-66.147954,18.445583],[-66.147962,18.445574],[-66.147971,18.445564],[-66.147978,18.445553],[-66.147986,18.445542],[-66.147994,18.44553],[-66.148009,18.445507],[-66.148069,18.445412],[-66.148083,18.445389],[-66.148097,18.445365],[-66.148107,18.445341],[-66.148111,18.445329],[-66.148112,18.445317],[-66.148112,18.445305]]]}},{"type":"Feature","properties":{"OBJECTID":3112956,"DFIRM_ID":"72000C","FLD_ZONE":"X","ZONE_SUBTY":"0.2 PCT ANNUAL CHANCE FLOOD HAZARD","SFHA_TF":"F","STATIC_BFE":-9999,"V_DATUM":"","LEN_UNIT":"","SOURCE_CIT":"72000C_FIS1"},"geometry":{"type":"Polygon","coordinates":[[[-66.149838,18.443393],[-66.149836,18.443385],[-66.149831,18.443377],[-66.149824,18.443368],[-66.149816,18.44336],[-66.149796,18.443344],[-66.149752,18.44331],[-66.149741,18.443302],[-66.149731,18.443293],[-66.14972,18.443283],[-66.14971,18.443274],[-66.149701,18.443264],[-66.149691,18.443253],[-66.149682,18.443243],[-66.149664,18.443222],[-66.149646,18.4432],[-66.149642,18.443196],[-66.149631,18.443221],[-66.149596,18.443285],[-66.149568,18.443329],[-66.149496,18.44343],[-66.149479,18.443458],[-66.149466,18.443485],[-66.149444,18.443536],[-66.149439,18.443551],[-66.149518,18.443564],[-66.14956,18.44357],[-66.149588,18.443572],[-66.149601,18.443572],[-66.149614,18.443571],[-66.149627,18.443568],[-66.14964,18.443564],[-66.149652,18.443558],[-66.149663,18.443552],[-66.149675,18.443544],[-66.149686,18.443536],[-66.149698,18.443527],[-66.14972,18.44351],[-66.149776,18.443465],[-66.149797,18.443447],[-66.149817,18.443429],[-66.149825,18.44342],[-66.149832,18.443411],[-66.149836,18.443402],[-66.149838,18.443393]]]}},{"type":"Feature","properties":{"OBJECTID":3113013,"DFIRM_ID":"72000C","FLD_ZONE":"X","ZONE_SUBTY":"AREA OF MINIMAL FLOOD HAZARD","SFHA_TF":"F","STATIC_BFE":-9999,"V_DATUM":"","LEN_UNIT":"","SOURCE_CIT":"72000C_FIS1"},"geometry":{"type":"Polygon","coordinates":[[[-66.150233,18.440726],[-66.149916,18.440775],[-66.149643,18.440819],[-66.149582,18.440829],[-66.149596,18.440835],[-66.149727,18.440891],[-66.14979,18.440912],[-66.149851,18.440929],[-66.149889,18.440935],[-66.149928,18.440938],[-66.149956,18.440935],[-66.14998,18.440929],[-66.150005,18.440919],[-66.150027,18.440907],[-66.15006,18.440883],[-66.150097,18.440852],[-66.150168,18.44078],[-66.1502,18.440751],[-66.150233,18.440726]]]}},{"type":"Feature","properties":{"OBJECTID":3113033,"DFIRM_ID":"72000C","FLD_ZONE":"X","ZONE_SUBTY":"AREA OF MINIMAL FLOOD HAZARD","SFHA_TF":"F","STATIC_BFE":-9999,"V_DATUM":"","LEN_UNIT":"","SOURCE_CIT":"72000C_FIS1"},"geometry":{"type":"Polygon","coordinates":[[[-66.129558,18.440569],[-66.129538,18.440473],[-66.129507,18.440445],[-66.129469,18.440436],[-66.129204,18.440379],[-66.128676,18.440263],[-66.128648,18.440257],[-66.128592,18.440247],[-66.12855,18.440241],[-66.128521,18.440238],[-66.128278,18.440214],[-66.128206,18.440206],[-66.12816,18.440202],[-66.128255,18.440265],[-66.128469,18.440426],[-66.128846,18.440555],[-66.129276,18.440665],[-66.129439,18.440672],[-66.129534,18.44063],[-66.129558,18.440569]]]}},{"type":"Feature","properties":{"OBJECTID":3113092,"DFIRM_ID":"72000C","FLD_ZONE":"X","ZONE_SUBTY":"AREA OF MINIMAL FLOOD HAZARD","SFHA_TF":"F","STATIC_BFE":-9999,"V_DATUM":"","LEN_UNIT":"","SOURCE_CIT":"72000C_FIS1"},"geometry":{"type":"Polygon","coordinates":[[[-66.146321,18.451408],[-66.14632,18.451396],[-66.146318,18.451386],[-66.146313,18.451377],[-66.146306,18.451369],[-66.146298,18.451363],[-66.146287,18.451357],[-66.146276,18.451352],[-66.146264,18.451348],[-66.146251,18.451343],[-66.146238,18.451339],[-66.146198,18.451328],[-66.146157,18.451318],[-66.146131,18.451312],[-66.146119,18.45131],[-66.146107,18.451309],[-66.146096,18.451309],[-66.146086,18.45131],[-66.146078,18.451313],[-66.146072,18.45132],[-66.146067,18.451329],[-66.146063,18.451339],[-66.14606,18.451351],[-66.146059,18.451358],[-66.145821,18.451365],[-66.145755,18.451376],[-66.145748,18.451373],[-66.145734,18.451369],[-66.145721,18.451365],[-66.145693,18.451357],[-66.145679,18.451354],[-66.145653,18.451348],[-66.145641,18.451347],[-66.145629,18.451347],[-66.145619,18.451348],[-66.14561,18.451351],[-66.145604,18.451358],[-66.145599,18.451367],[-66.145595,18.451377],[-66.145589,18.451401],[-66.145588,18.451414],[-66.145586,18.451428],[-66.145583,18.451455],[-66.145572,18.45158],[-66.145561,18.451691],[-66.145551,18.451787],[-66.145538,18.451912],[-66.145535,18.451939],[-66.145534,18.451953],[-66.145533,18.451966],[-66.145533,18.45199],[-66.145535,18.452001],[-66.145538,18.45201],[-66.145543,18.452017],[-66.145551,18.452022],[-66.14556,18.452025],[-66.145571,18.452026],[-66.145584,18.452026],[-66.145596,18.452025],[-66.145652,18.452022],[-66.145666,18.452021],[-66.145704,18.45202],[-66.145716,18.45202],[-66.145729,18.452019],[-66.14574,18.452017],[-66.145751,18.452013],[-66.145762,18.452008],[-66.145782,18.451992],[-66.145792,18.451983],[-66.145801,18.451973],[-66.14581,18.451962],[-66.145836,18.45193],[-66.145855,18.451909],[-66.145864,18.451899],[-66.145874,18.45189],[-66.145885,18.451881],[-66.145895,18.451873],[-66.145907,18.451866],[-66.145918,18.451859],[-66.14593,18.451853],[-66.145942,18.451848],[-66.145953,18.451843],[-66.145965,18.451839],[-66.145976,18.451835],[-66.145987,18.451834],[-66.145997,18.451833],[-66.146005,18.451836],[-66.146013,18.451841],[-66.146019,18.451849],[-66.146025,18.451858],[-66.14603,18.451869],[-66.146034,18.451881],[-66.14605,18.451933],[-66.146065,18.451988],[-66.146073,18.452015],[-66.146081,18.452041],[-66.146086,18.452054],[-66.146092,18.452067],[-66.146098,18.452079],[-66.146105,18.45209],[-66.146113,18.452099],[-66.146122,18.452108],[-66.146131,18.452116],[-66.14614,18.452122],[-66.14615,18.452128],[-66.146158,18.452131],[-66.146165,18.452133],[-66.146171,18.452132],[-66.146175,18.452127],[-66.146177,18.45212],[-66.146177,18.452099],[-66.146175,18.452061],[-66.146174,18.452048],[-66.146174,18.452034],[-66.146175,18.452021],[-66.146177,18.452008],[-66.14618,18.451995],[-66.146188,18.451969],[-66.146197,18.451943],[-66.146228,18.451868],[-66.146237,18.451842],[-66.146242,18.45183],[-66.146246,18.451817],[-66.146249,18.451804],[-66.146253,18.451791],[-66.146258,18.451764],[-66.146264,18.451738],[-66.146288,18.451605],[-66.146311,18.451485],[-66.146315,18.451458],[-66.146319,18.451432],[-66.146321,18.451408]]]}},{"type":"Feature","properties":{"OBJECTID":3113159,"DFIRM_ID":"72000C","FLD_ZONE":"X","ZONE_SUBTY":"AREA OF MINIMAL FLOOD HAZARD","SFHA_TF":"F","STATIC_BFE":-9999,"V_DATUM":"","LEN_UNIT":"","SOURCE_CIT":"72000C_FIS1"},"geometry":{"type":"Polygon","coordinates":[[[-66.133398,18.439097],[-66.133393,18.439056],[-66.133384,18.439024],[-66.13337,18.438994],[-66.133348,18.438958],[-66.133334,18.438939],[-66.133316,18.438919],[-66.133262,18.438866],[-66.133226,18.438835],[-66.133168,18.438788],[-66.133062,18.438706],[-66.132967,18.438641],[-66.132928,18.438618],[-66.132833,18.438566],[-66.132787,18.438537],[-66.132716,18.438484],[-66.132693,18.438463],[-66.132674,18.438443],[-66.132651,18.438412],[-66.132633,18.438382],[-66.132622,18.438356],[-66.13261,18.438317],[-66.132603,18.438289],[-66.132597,18.438257],[-66.132587,18.438133],[-66.132579,18.438082],[-66.132566,18.438023],[-66.132554,18.437985],[-66.132541,18.437953],[-66.132528,18.437924],[-66.132505,18.437887],[-66.13247,18.437841],[-66.132436,18.437801],[-66.132396,18.43776],[-66.132354,18.437722],[-66.132303,18.437681],[-66.132255,18.437646],[-66.1322,18.43761],[-66.132124,18.437566],[-66.13204,18.437523],[-66.131953,18.437486],[-66.131861,18.437451],[-66.131758,18.437417],[-66.131717,18.437406],[-66.13168,18.437398],[-66.131602,18.437387],[-66.131535,18.437383],[-66.13148,18.437385],[-66.131402,18.437395],[-66.131344,18.437406],[-66.131221,18.437436],[-66.131167,18.437447],[-66.130982,18.437471],[-66.130954,18.437476],[-66.130937,18.437494],[-66.130928,18.437503],[-66.130912,18.437523],[-66.130905,18.437533],[-66.130899,18.437542],[-66.130894,18.437552],[-66.130892,18.437561],[-66.130892,18.43757],[-66.130894,18.437578],[-66.1309,18.437587],[-66.130906,18.437595],[-66.13093,18.437619],[-66.130937,18.437627],[-66.130943,18.437635],[-66.130946,18.437644],[-66.130946,18.437654],[-66.130944,18.437664],[-66.130941,18.437674],[-66.130936,18.437684],[-66.13093,18.437695],[-66.130916,18.437717],[-66.130909,18.437727],[-66.130893,18.437749],[-66.130885,18.437759],[-66.130876,18.437769],[-66.130868,18.437779],[-66.130859,18.437788],[-66.13085,18.437795],[-66.13084,18.437802],[-66.13083,18.437807],[-66.130818,18.437809],[-66.130806,18.43781],[-66.130794,18.437809],[-66.130781,18.437808],[-66.130768,18.437806],[-66.130717,18.437796],[-66.130705,18.437794],[-66.130693,18.437793],[-66.130683,18.437793],[-66.130674,18.437794],[-66.130668,18.437797],[-66.130663,18.437804],[-66.130661,18.437812],[-66.13066,18.437822],[-66.13066,18.437834],[-66.130664,18.437858],[-66.130666,18.437871],[-66.130669,18.437885],[-66.130675,18.437911],[-66.130679,18.437925],[-66.130683,18.437938],[-66.130688,18.437951],[-66.130693,18.437963],[-66.1307,18.437975],[-66.130706,18.437988],[-66.130721,18.438011],[-66.130743,18.438046],[-66.130804,18.438139],[-66.130894,18.438277],[-66.13091,18.4383],[-66.130918,18.438311],[-66.130927,18.438321],[-66.130936,18.438332],[-66.130945,18.438342],[-66.130965,18.43836],[-66.131016,18.438406],[-66.131027,18.438415],[-66.131037,18.438424],[-66.131046,18.438434],[-66.131056,18.438444],[-66.131065,18.438454],[-66.131074,18.438465],[-66.131108,18.438509],[-66.131216,18.438654],[-66.131302,18.438766],[-66.131319,18.438788],[-66.131334,18.43881],[-66.131341,18.43882],[-66.13135,18.438838],[-66.131352,18.438846],[-66.131351,18.438852],[-66.131346,18.438856],[-66.131338,18.438858],[-66.131329,18.438859],[-66.131317,18.43886],[-66.131304,18.438859],[-66.131277,18.438858],[-66.131176,18.438849],[-66.131147,18.438847],[-66.131132,18.438846],[-66.131074,18.438846],[-66.131045,18.438848],[-66.131003,18.438851],[-66.130989,18.438853],[-66.130976,18.438855],[-66.130964,18.438857],[-66.130953,18.438861],[-66.130943,18.438865],[-66.130935,18.438872],[-66.13093,18.43888],[-66.130927,18.43889],[-66.130925,18.438901],[-66.130924,18.438913],[-66.130924,18.438938],[-66.130925,18.438952],[-66.130927,18.438979],[-66.130939,18.439101],[-66.130946,18.439182],[-66.130955,18.439291],[-66.130963,18.439413],[-66.130966,18.43944],[-66.130967,18.439451],[-66.130986,18.439482],[-66.131022,18.439527],[-66.131064,18.439562],[-66.131128,18.439593],[-66.131218,18.43962],[-66.131328,18.439636],[-66.131467,18.439643],[-66.131687,18.439645],[-66.131796,18.439634],[-66.131916,18.439612],[-66.132354,18.439497],[-66.132531,18.439462],[-66.132678,18.439455],[-66.133041,18.439468],[-66.133123,18.439464],[-66.13319,18.439454],[-66.133261,18.43943],[-66.133282,18.439418],[-66.133307,18.4394],[-66.133328,18.439377],[-66.133348,18.439346],[-66.13336,18.43932],[-66.133373,18.439281],[-66.133385,18.439237],[-66.133393,18.43919],[-66.133398,18.439138],[-66.133398,18.439097]]]}},{"type":"Feature","properties":{"OBJECTID":3113324,"DFIRM_ID":"72000C","FLD_ZONE":"X","ZONE_SUBTY":"AREA OF MINIMAL FLOOD HAZARD","SFHA_TF":"F","STATIC_BFE":-9999,"V_DATUM":"","LEN_UNIT":"","SOURCE_CIT":"72000C_FIS1"},"geometry":{"type":"Polygon","coordinates":[[[-66.156558,18.441273],[-66.156556,18.441262],[-66.156548,18.441238],[-66.156543,18.441225],[-66.156537,18.441213],[-66.156526,18.441188],[-66.15652,18.441177],[-66.156513,18.441165],[-66.156507,18.441154],[-66.1565,18.441145],[-66.156493,18.441137],[-66.156486,18.441131],[-66.156479,18.441128],[-66.156471,18.441129],[-66.156462,18.441132],[-66.156453,18.441138],[-66.156444,18.441145],[-66.156435,18.441154],[-66.156425,18.441163],[-66.156387,18.441201],[-66.156377,18.44121],[-66.156368,18.441219],[-66.156358,18.441227],[-66.156348,18.441233],[-66.156338,18.441238],[-66.156328,18.44124],[-66.156318,18.441239],[-66.156308,18.441235],[-66.156297,18.44123],[-66.156287,18.441223],[-66.156267,18.441207],[-66.156257,18.441198],[-66.156247,18.441188],[-66.156238,18.441178],[-66.15623,18.441167],[-66.156223,18.441156],[-66.156213,18.441132],[-66.156209,18.441119],[-66.156206,18.441106],[-66.156203,18.441092],[-66.156201,18.441079],[-66.156196,18.441052],[-66.156169,18.440876],[-66.156165,18.440849],[-66.15616,18.440822],[-66.156157,18.440809],[-66.156155,18.440796],[-66.156151,18.440783],[-66.156147,18.440771],[-66.156143,18.440758],[-66.156137,18.440747],[-66.156123,18.440727],[-66.156114,18.440717],[-66.156096,18.440699],[-66.156068,18.440672],[-66.156049,18.440654],[-66.15604,18.440645],[-66.156032,18.440636],[-66.156025,18.440626],[-66.156019,18.440615],[-66.156014,18.440604],[-66.156011,18.440592],[-66.156008,18.440579],[-66.156006,18.440566],[-66.156004,18.44054],[-66.155999,18.440405],[-66.155999,18.440365],[-66.156,18.440325],[-66.156002,18.440272],[-66.15601,18.440087],[-66.156012,18.440047],[-66.156012,18.440007],[-66.156011,18.439981],[-66.15601,18.439954],[-66.156004,18.439782],[-66.156002,18.439742],[-66.156002,18.439715],[-66.156001,18.439674],[-66.156002,18.439647],[-66.156004,18.439607],[-66.156004,18.439558],[-66.156003,18.439548],[-66.156001,18.439539],[-66.155999,18.439532],[-66.155995,18.439528],[-66.155989,18.439528],[-66.155982,18.43953],[-66.155974,18.439534],[-66.155965,18.43954],[-66.155955,18.439547],[-66.155935,18.439563],[-66.155915,18.439581],[-66.155886,18.43961],[-66.155877,18.43962],[-66.155869,18.439631],[-66.155834,18.439686],[-66.155822,18.439709],[-66.155803,18.439744],[-66.155791,18.439767],[-66.155749,18.439848],[-66.155736,18.439871],[-66.15573,18.439882],[-66.155716,18.439904],[-66.155716,18.439905],[-66.155702,18.439963],[-66.155644,18.440218],[-66.155639,18.440232],[-66.155639,18.440239],[-66.15564,18.440317],[-66.15564,18.44037],[-66.155638,18.44041],[-66.155635,18.440464],[-66.155631,18.440544],[-66.15563,18.440571],[-66.155629,18.440597],[-66.155631,18.440623],[-66.155632,18.440635],[-66.155635,18.440647],[-66.15564,18.440658],[-66.155646,18.440668],[-66.155654,18.440677],[-66.155664,18.440686],[-66.155684,18.440702],[-66.155706,18.440718],[-66.155729,18.440733],[-66.155869,18.440824],[-66.155893,18.440839],[-66.155929,18.44086],[-66.155941,18.440865],[-66.155953,18.440871],[-66.155966,18.440875],[-66.15598,18.440877],[-66.155993,18.440879],[-66.156007,18.44088],[-66.156087,18.44088],[-66.156098,18.440881],[-66.156108,18.440883],[-66.156115,18.440885],[-66.156119,18.440889],[-66.156119,18.440894],[-66.156117,18.4409],[-66.156113,18.440907],[-66.156101,18.440923],[-66.156093,18.440932],[-66.156067,18.440958],[-66.15601,18.441009],[-66.155981,18.441038],[-66.155951,18.441067],[-66.155874,18.441148],[-66.155846,18.441176],[-66.155836,18.441184],[-66.155828,18.441191],[-66.155819,18.441196],[-66.155812,18.441199],[-66.155805,18.4412],[-66.155799,18.441196],[-66.155794,18.441189],[-66.155789,18.441181],[-66.155781,18.441159],[-66.155778,18.441146],[-66.155771,18.44112],[-66.15571,18.440861],[-66.155704,18.440834],[-66.1557,18.440821],[-66.155697,18.440809],[-66.155693,18.440797],[-66.155688,18.440786],[-66.155683,18.440777],[-66.155677,18.440769],[-66.15567,18.440765],[-66.155663,18.440763],[-66.155654,18.440764],[-66.155644,18.440767],[-66.155634,18.440771],[-66.155624,18.440776],[-66.155613,18.440782],[-66.155591,18.440796],[-66.155581,18.440803],[-66.15557,18.440811],[-66.155561,18.440819],[-66.155551,18.440827],[-66.155523,18.440852],[-66.155513,18.440861],[-66.155503,18.440868],[-66.155493,18.440876],[-66.155482,18.440883],[-66.155458,18.440897],[-66.155446,18.440903],[-66.155421,18.440915],[-66.155396,18.440926],[-66.155384,18.440931],[-66.155383,18.440932],[-66.155359,18.440973],[-66.155274,18.441096],[-66.155201,18.441262],[-66.155136,18.441413],[-66.155109,18.441453],[-66.155096,18.441509],[-66.15506,18.441657],[-66.155053,18.441684],[-66.155049,18.441697],[-66.155046,18.441709],[-66.155041,18.441721],[-66.155037,18.441732],[-66.155032,18.441741],[-66.155026,18.441749],[-66.155019,18.441754],[-66.155011,18.441755],[-66.155002,18.441754],[-66.154992,18.441751],[-66.154982,18.441747],[-66.154972,18.441742],[-66.154962,18.441736],[-66.154952,18.441729],[-66.154942,18.441721],[-66.154933,18.441713],[-66.154925,18.441704],[-66.154917,18.441693],[-66.15491,18.441681],[-66.154904,18.441669],[-66.154899,18.441658],[-66.154813,18.441688],[-66.154713,18.441699],[-66.154642,18.441678],[-66.15458,18.441645],[-66.154514,18.44156],[-66.154428,18.441447],[-66.154392,18.441326],[-66.154365,18.441234],[-66.154305,18.441065],[-66.154256,18.440988],[-66.154157,18.440869],[-66.154042,18.440759],[-66.153934,18.440685],[-66.15383,18.440636],[-66.15368,18.440605],[-66.153509,18.440583],[-66.153325,18.440596],[-66.153098,18.440633],[-66.15288,18.440637],[-66.152784,18.440608],[-66.152681,18.440558],[-66.15261,18.440505],[-66.152545,18.440397],[-66.152493,18.440268],[-66.152458,18.440111],[-66.15244,18.439943],[-66.152443,18.439739],[-66.152459,18.439532],[-66.152478,18.439364],[-66.152493,18.439212],[-66.152503,18.43902],[-66.152482,18.43878],[-66.152441,18.438475],[-66.1524,18.438171],[-66.152334,18.43789],[-66.15227,18.437709],[-66.152193,18.437556],[-66.152161,18.437503],[-66.152115,18.437427],[-66.152009,18.437277],[-66.151923,18.437184],[-66.151807,18.437115],[-66.15174,18.437106],[-66.15171,18.437125],[-66.151663,18.437188],[-66.151637,18.437248],[-66.151649,18.4373],[-66.151677,18.437356],[-66.151742,18.437484],[-66.151754,18.437503],[-66.151889,18.437711],[-66.151983,18.437848],[-66.152056,18.437977],[-66.152108,18.438138],[-66.152143,18.438278],[-66.15217,18.438434],[-66.152158,18.438642],[-66.152135,18.438782],[-66.152055,18.439036],[-66.151997,18.439257],[-66.151875,18.439575],[-66.151754,18.439785],[-66.151621,18.44001],[-66.151463,18.440176],[-66.151339,18.440318],[-66.151179,18.44042],[-66.15103,18.440516],[-66.151033,18.440518],[-66.151067,18.440537],[-66.151094,18.44056],[-66.151104,18.440572],[-66.151114,18.440587],[-66.151137,18.440636],[-66.15115,18.440669],[-66.15117,18.44075],[-66.151183,18.440785],[-66.151208,18.440841],[-66.151231,18.440877],[-66.151245,18.440894],[-66.151263,18.440911],[-66.15132,18.440957],[-66.15136,18.440984],[-66.15146,18.441039],[-66.151484,18.441056],[-66.151504,18.441073],[-66.151536,18.441106],[-66.151559,18.441134],[-66.151577,18.441165],[-66.151597,18.44121],[-66.151611,18.441246],[-66.151623,18.441284],[-66.151633,18.441322],[-66.15164,18.441361],[-66.151646,18.441406],[-66.151648,18.441442],[-66.151647,18.441476],[-66.151643,18.441506],[-66.151637,18.441533],[-66.151629,18.441558],[-66.15162,18.441581],[-66.151609,18.441602],[-66.151596,18.441622],[-66.151577,18.441643],[-66.151513,18.4417],[-66.151476,18.441729],[-66.151433,18.441759],[-66.151287,18.441847],[-66.151225,18.441883],[-66.151071,18.441964],[-66.151031,18.441988],[-66.150995,18.442011],[-66.150943,18.44205],[-66.150824,18.44215],[-66.150767,18.442192],[-66.150687,18.442248],[-66.15066,18.442264],[-66.150635,18.442277],[-66.1506,18.442293],[-66.150571,18.442303],[-66.15054,18.442311],[-66.150493,18.442319],[-66.150465,18.442322],[-66.150433,18.442324],[-66.150295,18.442324],[-66.150262,18.442327],[-66.150232,18.442332],[-66.150189,18.442343],[-66.150157,18.442354],[-66.150126,18.442368],[-66.150088,18.442389],[-66.150044,18.442417],[-66.149997,18.442452],[-66.149957,18.442487],[-66.149916,18.442527],[-66.149877,18.44257],[-66.14984,18.442616],[-66.149804,18.442666],[-66.149774,18.442713],[-66.149752,18.442755],[-66.149732,18.442797],[-66.149716,18.442838],[-66.149703,18.442877],[-66.149693,18.442927],[-66.149683,18.44303],[-66.149677,18.443073],[-66.149663,18.443138],[-66.14965,18.44318],[-66.149642,18.443196],[-66.149646,18.4432],[-66.149664,18.443222],[-66.149682,18.443243],[-66.149691,18.443253],[-66.149701,18.443264],[-66.14971,18.443274],[-66.14972,18.443283],[-66.149731,18.443293],[-66.149741,18.443302],[-66.149752,18.44331],[-66.149796,18.443344],[-66.149816,18.44336],[-66.149824,18.443368],[-66.149831,18.443377],[-66.149836,18.443385],[-66.149838,18.443393],[-66.149836,18.443402],[-66.149832,18.443411],[-66.149825,18.44342],[-66.149817,18.443429],[-66.149797,18.443447],[-66.149776,18.443465],[-66.14972,18.44351],[-66.149698,18.443527],[-66.149686,18.443536],[-66.149675,18.443544],[-66.149663,18.443552],[-66.149652,18.443558],[-66.14964,18.443564],[-66.149627,18.443568],[-66.149614,18.443571],[-66.149601,18.443572],[-66.149588,18.443572],[-66.14956,18.44357],[-66.149518,18.443564],[-66.149439,18.443551],[-66.149424,18.443597],[-66.1494,18.443677],[-66.149394,18.443705],[-66.149391,18.44373],[-66.149389,18.443766],[-66.149391,18.44379],[-66.149398,18.443814],[-66.149411,18.443845],[-66.14942,18.443862],[-66.149432,18.443879],[-66.149482,18.443938],[-66.1495,18.443964],[-66.149513,18.443987],[-66.149525,18.444013],[-66.149568,18.444125],[-66.149586,18.44416],[-66.149607,18.444172],[-66.149632,18.444185],[-66.149822,18.444283],[-66.149846,18.444296],[-66.149859,18.444303],[-66.149892,18.444324],[-66.149901,18.444332],[-66.149909,18.444341],[-66.149914,18.44435],[-66.149917,18.44436],[-66.149917,18.444372],[-66.149916,18.444383],[-66.149913,18.444396],[-66.14991,18.444408],[-66.149906,18.444421],[-66.149888,18.444473],[-66.149877,18.444498],[-66.149872,18.444511],[-66.149865,18.444524],[-66.149859,18.444536],[-66.149852,18.444548],[-66.149845,18.444559],[-66.149823,18.444594],[-66.149778,18.444663],[-66.149764,18.444686],[-66.149752,18.444708],[-66.149748,18.444719],[-66.149744,18.444729],[-66.149743,18.444738],[-66.149744,18.444747],[-66.149749,18.444754],[-66.149755,18.44476],[-66.149764,18.444766],[-66.149774,18.444771],[-66.149785,18.444776],[-66.149809,18.444784],[-66.149821,18.444787],[-66.149834,18.44479],[-66.149847,18.444792],[-66.149861,18.444794],[-66.149889,18.444794],[-66.149945,18.44479],[-66.149958,18.444789],[-66.14997,18.444789],[-66.149981,18.44479],[-66.14999,18.444792],[-66.149998,18.444797],[-66.150002,18.444803],[-66.150005,18.444812],[-66.150006,18.444822],[-66.150006,18.444846],[-66.150003,18.444885],[-66.150003,18.444925],[-66.150005,18.444965],[-66.150005,18.444991],[-66.149999,18.44503],[-66.14999,18.445066],[-66.149989,18.445078],[-66.149988,18.445089],[-66.14999,18.4451],[-66.149994,18.445109],[-66.149999,18.445118],[-66.150011,18.445137],[-66.150018,18.445148],[-66.150023,18.445159],[-66.150028,18.445171],[-66.150033,18.445184],[-66.150037,18.445196],[-66.150042,18.445209],[-66.150045,18.445222],[-66.150049,18.445235],[-66.150051,18.445247],[-66.150053,18.44526],[-66.150053,18.445271],[-66.150052,18.445282],[-66.150049,18.445293],[-66.150043,18.445302],[-66.150035,18.44531],[-66.150026,18.445317],[-66.150015,18.445324],[-66.150003,18.44533],[-66.149991,18.445337],[-66.149979,18.445343],[-66.149928,18.445367],[-66.149915,18.445373],[-66.149903,18.445379],[-66.149892,18.445386],[-66.149881,18.445392],[-66.149872,18.445399],[-66.149865,18.445407],[-66.14986,18.445416],[-66.149858,18.445426],[-66.149859,18.445436],[-66.149862,18.445447],[-66.149866,18.445459],[-66.149876,18.445483],[-66.149882,18.445496],[-66.149895,18.445521],[-66.149914,18.445558],[-66.149927,18.445583],[-66.149941,18.445607],[-66.149955,18.445627],[-66.149962,18.445635],[-66.14997,18.445642],[-66.149978,18.445645],[-66.149987,18.445646],[-66.149997,18.445643],[-66.150007,18.445639],[-66.150017,18.445633],[-66.150039,18.445619],[-66.150083,18.445586],[-66.150106,18.44557],[-66.150117,18.445563],[-66.150141,18.445549],[-66.150154,18.445544],[-66.150166,18.445539],[-66.150179,18.445534],[-66.150205,18.445526],[-66.150257,18.445511],[-66.15027,18.445507],[-66.150282,18.445503],[-66.150293,18.445499],[-66.150304,18.445494],[-66.150313,18.445489],[-66.15032,18.445483],[-66.150325,18.445475],[-66.150327,18.445467],[-66.150326,18.445457],[-66.150324,18.445447],[-66.15032,18.445435],[-66.150302,18.445389],[-66.150298,18.445377],[-66.150295,18.445366],[-66.150294,18.445355],[-66.150295,18.445345],[-66.150299,18.445336],[-66.150304,18.445328],[-66.150312,18.445321],[-66.15032,18.445316],[-66.150329,18.445312],[-66.150338,18.44531],[-66.150346,18.44531],[-66.150354,18.445314],[-66.150362,18.44532],[-66.150369,18.445327],[-66.150376,18.445336],[-66.150383,18.445346],[-66.15041,18.445389],[-66.150417,18.4454],[-66.150433,18.44542],[-66.150469,18.445456],[-66.150477,18.445467],[-66.150486,18.445477],[-66.150493,18.445489],[-66.150508,18.445512],[-66.150537,18.445558],[-66.150545,18.44557],[-66.150552,18.44558],[-66.15056,18.44559],[-66.150569,18.445599],[-66.150578,18.445607],[-66.150588,18.445613],[-66.150599,18.445617],[-66.150612,18.445619],[-66.150638,18.445619],[-66.150677,18.445617],[-66.15069,18.445617],[-66.150701,18.445618],[-66.15071,18.44562],[-66.150718,18.445625],[-66.150723,18.445631],[-66.150725,18.44564],[-66.150726,18.445651],[-66.150726,18.445675],[-66.150724,18.445688],[-66.150723,18.445701],[-66.150719,18.445728],[-66.150714,18.445756],[-66.15071,18.445783],[-66.150704,18.44581],[-66.150701,18.445824],[-66.150698,18.445837],[-66.150694,18.445849],[-66.150689,18.445862],[-66.150683,18.445873],[-66.150676,18.445883],[-66.150668,18.445892],[-66.150659,18.4459],[-66.15065,18.445909],[-66.15064,18.445917],[-66.150601,18.445949],[-66.150581,18.445967],[-66.150572,18.445976],[-66.150562,18.445987],[-66.150544,18.446008],[-66.150519,18.44604],[-66.15045,18.446129],[-66.150433,18.446151],[-66.150417,18.446173],[-66.150403,18.446195],[-66.150397,18.446205],[-66.150393,18.446216],[-66.15039,18.446225],[-66.150391,18.446235],[-66.150394,18.446243],[-66.150401,18.446252],[-66.150409,18.446259],[-66.150419,18.446267],[-66.150429,18.446274],[-66.150477,18.446302],[-66.150629,18.446386],[-66.150654,18.4464],[-66.150678,18.446414],[-66.1507,18.446428],[-66.150709,18.446435],[-66.150717,18.446442],[-66.150722,18.44645],[-66.150725,18.446457],[-66.150723,18.446465],[-66.150719,18.446472],[-66.150713,18.44648],[-66.150705,18.446488],[-66.150696,18.446496],[-66.150686,18.446503],[-66.150664,18.446519],[-66.150631,18.446544],[-66.150609,18.446561],[-66.150599,18.44657],[-66.150588,18.446579],[-66.150579,18.446588],[-66.15057,18.446598],[-66.150562,18.446607],[-66.150554,18.446617],[-66.150542,18.446637],[-66.150538,18.446646],[-66.150535,18.446654],[-66.150533,18.446661],[-66.150535,18.446666],[-66.15054,18.44667],[-66.150548,18.446672],[-66.150558,18.446673],[-66.150569,18.446672],[-66.150595,18.44667],[-66.150622,18.446666],[-66.150694,18.446656],[-66.150722,18.446652],[-66.150737,18.446651],[-66.150751,18.44665],[-66.150765,18.44665],[-66.150778,18.446651],[-66.150792,18.446653],[-66.150806,18.446656],[-66.150819,18.446659],[-66.150833,18.446664],[-66.150887,18.446682],[-66.150995,18.446722],[-66.151022,18.446733],[-66.151034,18.446738],[-66.151047,18.446743],[-66.151059,18.446749],[-66.151079,18.446761],[-66.151086,18.446768],[-66.15109,18.446776],[-66.151092,18.446785],[-66.15109,18.446794],[-66.151086,18.446805],[-66.151081,18.446816],[-66.151075,18.446827],[-66.151068,18.446838],[-66.151044,18.446871],[-66.151026,18.446891],[-66.151017,18.4469],[-66.151007,18.446908],[-66.150996,18.446914],[-66.150985,18.446917],[-66.150972,18.446919],[-66.150959,18.44692],[-66.150946,18.446919],[-66.150918,18.446917],[-66.15089,18.446913],[-66.150748,18.446892],[-66.150663,18.446879],[-66.150607,18.446871],[-66.150565,18.446866],[-66.150537,18.446863],[-66.150523,18.446862],[-66.150496,18.446862],[-66.150448,18.446863],[-66.150436,18.446863],[-66.150394,18.44686],[-66.150365,18.446856],[-66.150337,18.446852],[-66.150295,18.446845],[-66.149588,18.446732],[-66.149546,18.446726],[-66.149517,18.446722],[-66.149503,18.44672],[-66.149475,18.446717],[-66.149446,18.446715],[-66.149288,18.446704],[-66.149157,18.446695],[-66.149115,18.446692],[-66.149087,18.446692],[-66.149074,18.446693],[-66.149062,18.446694],[-66.149051,18.446698],[-66.149041,18.446703],[-66.149033,18.44671],[-66.149027,18.446719],[-66.149022,18.446729],[-66.149018,18.44674],[-66.149014,18.446752],[-66.14901,18.446765],[-66.149004,18.446791],[-66.148994,18.446843],[-66.148992,18.446857],[-66.14899,18.44687],[-66.148989,18.446883],[-66.148989,18.446895],[-66.148991,18.446908],[-66.148993,18.44692],[-66.148997,18.446932],[-66.149002,18.446944],[-66.149007,18.446955],[-66.149019,18.446979],[-66.149037,18.447013],[-66.149043,18.447025],[-66.149048,18.447037],[-66.149053,18.447048],[-66.149058,18.44706],[-66.149061,18.447072],[-66.149064,18.447085],[-66.149064,18.44709],[-66.149038,18.447126],[-66.148944,18.447158],[-66.148804,18.447156],[-66.14877,18.44716],[-66.148765,18.447158],[-66.148751,18.447154],[-66.148737,18.447151],[-66.148681,18.447143],[-66.148494,18.447124],[-66.148094,18.447081],[-66.148037,18.447075],[-66.147995,18.447069],[-66.14798,18.447067],[-66.147953,18.447062],[-66.147925,18.447056],[-66.147898,18.44705],[-66.147774,18.447021],[-66.147636,18.446987],[-66.147609,18.446981],[-66.147595,18.446978],[-66.147582,18.446976],[-66.147568,18.446973],[-66.147555,18.446972],[-66.147538,18.446972],[-66.147508,18.446958],[-66.147415,18.446957],[-66.147275,18.446944],[-66.147206,18.446864],[-66.147157,18.446869],[-66.147151,18.446866],[-66.147127,18.446856],[-66.147114,18.446852],[-66.1471,18.446849],[-66.147087,18.446846],[-66.147044,18.446837],[-66.146958,18.44682],[-66.14693,18.446814],[-66.146903,18.446808],[-66.14689,18.446805],[-66.146878,18.446802],[-66.146867,18.446798],[-66.146858,18.446794],[-66.146851,18.446789],[-66.146847,18.446784],[-66.146848,18.446778],[-66.146851,18.446771],[-66.146856,18.446763],[-66.146864,18.446756],[-66.146872,18.446747],[-66.146899,18.446721],[-66.146919,18.446702],[-66.146938,18.446682],[-66.146986,18.446632],[-66.147006,18.446612],[-66.147026,18.446593],[-66.147047,18.446575],[-66.147069,18.446558],[-66.147091,18.446542],[-66.147102,18.446535],[-66.147114,18.446528],[-66.147126,18.446522],[-66.147138,18.446518],[-66.14715,18.446515],[-66.147163,18.446513],[-66.147175,18.446512],[-66.147214,18.44651],[-66.147238,18.446508],[-66.14725,18.446505],[-66.14726,18.446501],[-66.14727,18.446495],[-66.147279,18.446487],[-66.147287,18.446478],[-66.147294,18.446469],[-66.147301,18.446459],[-66.147306,18.446449],[-66.147311,18.446438],[-66.147314,18.446428],[-66.147315,18.446418],[-66.147313,18.44641],[-66.147309,18.446401],[-66.147301,18.446394],[-66.147292,18.446387],[-66.147282,18.446381],[-66.147271,18.446375],[-66.147259,18.446369],[-66.147246,18.446363],[-66.147221,18.446352],[-66.147129,18.446314],[-66.147026,18.44627],[-66.147,18.446259],[-66.146987,18.446254],[-66.146948,18.446242],[-66.146935,18.44624],[-66.146921,18.446238],[-66.146907,18.446237],[-66.146879,18.446237],[-66.146837,18.446239],[-66.146823,18.44624],[-66.146809,18.44624],[-66.146781,18.446238],[-66.146768,18.446236],[-66.146755,18.446233],[-66.146742,18.446228],[-66.146718,18.446218],[-66.146696,18.446207],[-66.146694,18.446207],[-66.146644,18.446199],[-66.146532,18.446172],[-66.146513,18.446169],[-66.146504,18.446168],[-66.146479,18.446166],[-66.146431,18.446165],[-66.146375,18.446167],[-66.146319,18.446173],[-66.146254,18.446183],[-66.146197,18.446194],[-66.146142,18.446206],[-66.146089,18.446221],[-66.146041,18.446236],[-66.146039,18.446237],[-66.145981,18.446258],[-66.145928,18.44628],[-66.14588,18.446303],[-66.145836,18.446327],[-66.145794,18.446353],[-66.14576,18.446376],[-66.145731,18.446398],[-66.145706,18.44642],[-66.145687,18.44644],[-66.145667,18.446464],[-66.145652,18.446484],[-66.145614,18.446536],[-66.145586,18.446579],[-66.145558,18.446627],[-66.145551,18.44664],[-66.145475,18.446785],[-66.145431,18.446873],[-66.145329,18.447091],[-66.145281,18.44719],[-66.145209,18.447328],[-66.145185,18.44737],[-66.145162,18.447407],[-66.145104,18.447486],[-66.145043,18.447558],[-66.145,18.447603],[-66.144961,18.447641],[-66.144932,18.447666],[-66.144947,18.447703],[-66.144992,18.447817],[-66.145003,18.447842],[-66.145008,18.447854],[-66.145013,18.447867],[-66.145019,18.447879],[-66.145026,18.447891],[-66.145032,18.447902],[-66.14504,18.447913],[-66.145049,18.447923],[-66.145058,18.447932],[-66.145068,18.447941],[-66.145079,18.447949],[-66.145089,18.447957],[-66.145111,18.447973],[-66.145123,18.44798],[-66.145134,18.447987],[-66.145145,18.447993],[-66.145156,18.447998],[-66.145167,18.448002],[-66.145178,18.448004],[-66.145188,18.448004],[-66.145198,18.448001],[-66.145208,18.447996],[-66.145217,18.447989],[-66.145227,18.447981],[-66.145236,18.447971],[-66.145245,18.447962],[-66.145253,18.447951],[-66.145262,18.447941],[-66.145269,18.44793],[-66.145277,18.44792],[-66.145283,18.447909],[-66.145288,18.447898],[-66.145291,18.447888],[-66.145291,18.447878],[-66.145289,18.447868],[-66.145284,18.447859],[-66.145277,18.447849],[-66.145269,18.44784],[-66.14526,18.447831],[-66.14524,18.447813],[-66.145219,18.447795],[-66.145155,18.447742],[-66.145134,18.447724],[-66.145124,18.447715],[-66.145115,18.447706],[-66.145107,18.447697],[-66.145099,18.447687],[-66.145094,18.447678],[-66.14509,18.447667],[-66.145089,18.447657],[-66.14509,18.447645],[-66.145092,18.447634],[-66.1451,18.44761],[-66.14511,18.447586],[-66.145122,18.447561],[-66.145145,18.447512],[-66.145157,18.447488],[-66.145175,18.447455],[-66.145181,18.447446],[-66.145194,18.447433],[-66.145202,18.44743],[-66.14521,18.447431],[-66.145218,18.447435],[-66.145227,18.447441],[-66.145236,18.447448],[-66.145246,18.447457],[-66.145265,18.447476],[-66.145284,18.447497],[-66.145437,18.447665],[-66.145466,18.447696],[-66.145476,18.447706],[-66.145485,18.447716],[-66.145495,18.447725],[-66.145506,18.447734],[-66.145516,18.447742],[-66.145527,18.447748],[-66.145539,18.447753],[-66.145551,18.447755],[-66.145563,18.447756],[-66.145577,18.447755],[-66.14559,18.447754],[-66.145618,18.44775],[-66.145688,18.447735],[-66.145701,18.447732],[-66.145727,18.447728],[-66.145738,18.447727],[-66.145748,18.447727],[-66.145756,18.447728],[-66.145762,18.447732],[-66.145764,18.447738],[-66.145764,18.447745],[-66.145762,18.447754],[-66.145759,18.447765],[-66.145755,18.447775],[-66.145744,18.447798],[-66.145715,18.447859],[-66.145704,18.447884],[-66.145698,18.447896],[-66.145693,18.447908],[-66.145689,18.44792],[-66.145686,18.447932],[-66.145684,18.447945],[-66.145683,18.447956],[-66.145684,18.447963],[-66.145631,18.448013],[-66.145524,18.448078],[-66.145514,18.448097],[-66.145464,18.448189],[-66.145369,18.448255],[-66.145356,18.448265],[-66.145239,18.448353],[-66.145161,18.448434],[-66.145144,18.448452],[-66.144943,18.448594],[-66.144926,18.448618],[-66.144835,18.448749],[-66.144811,18.448779],[-66.144809,18.448777],[-66.144798,18.448771],[-66.144786,18.448765],[-66.144776,18.448761],[-66.144766,18.448759],[-66.144757,18.44876],[-66.144748,18.448764],[-66.144741,18.44877],[-66.144734,18.448779],[-66.144728,18.448789],[-66.144716,18.448811],[-66.14471,18.448823],[-66.144686,18.448873],[-66.14468,18.448886],[-66.144674,18.448898],[-66.144667,18.44891],[-66.14466,18.448921],[-66.144652,18.448932],[-66.144643,18.448943],[-66.144634,18.448953],[-66.144624,18.448963],[-66.144614,18.448972],[-66.144592,18.448991],[-66.144571,18.449009],[-66.144549,18.449027],[-66.144438,18.449115],[-66.144416,18.449133],[-66.144406,18.449142],[-66.144396,18.449152],[-66.144386,18.449161],[-66.14437,18.449181],[-66.144364,18.449192],[-66.14436,18.449204],[-66.144358,18.449216],[-66.144357,18.449228],[-66.144356,18.449241],[-66.144357,18.449254],[-66.144357,18.449268],[-66.144359,18.449294],[-66.144369,18.449417],[-66.144371,18.449443],[-66.144375,18.449469],[-66.144378,18.449481],[-66.144382,18.449493],[-66.144386,18.449504],[-66.144393,18.449513],[-66.144401,18.449521],[-66.144411,18.449528],[-66.144422,18.449533],[-66.144434,18.449538],[-66.144447,18.449543],[-66.144473,18.449551],[-66.144501,18.449559],[-66.144556,18.449573],[-66.144583,18.449581],[-66.144596,18.449585],[-66.144622,18.449595],[-66.144634,18.4496],[-66.144645,18.449607],[-66.144655,18.449614],[-66.144664,18.449623],[-66.144672,18.449633],[-66.14468,18.449644],[-66.144686,18.449655],[-66.144693,18.449667],[-66.144705,18.449692],[-66.144739,18.449768],[-66.144751,18.449793],[-66.144757,18.449805],[-66.144771,18.449827],[-66.144779,18.449836],[-66.144789,18.449845],[-66.144799,18.449852],[-66.14481,18.449857],[-66.144823,18.449861],[-66.144835,18.449865],[-66.144849,18.449869],[-66.144876,18.449874],[-66.144879,18.449875],[-66.144886,18.449889],[-66.144885,18.449978],[-66.144883,18.450101],[-66.144788,18.450155],[-66.144775,18.450155],[-66.144763,18.45015],[-66.144737,18.450142],[-66.144724,18.450139],[-66.144696,18.450133],[-66.144584,18.45011],[-66.144557,18.450105],[-66.144544,18.450103],[-66.144532,18.450101],[-66.14452,18.4501],[-66.144511,18.4501],[-66.144503,18.450102],[-66.144498,18.450105],[-66.144496,18.450111],[-66.144496,18.450118],[-66.144499,18.450127],[-66.144503,18.450137],[-66.144508,18.450147],[-66.14452,18.45017],[-66.14456,18.45024],[-66.144573,18.450263],[-66.144579,18.450275],[-66.144589,18.450299],[-66.144593,18.45031],[-66.144596,18.450322],[-66.144597,18.450334],[-66.144596,18.450346],[-66.144593,18.450358],[-66.144589,18.45037],[-66.144584,18.450382],[-66.144578,18.450395],[-66.144572,18.450407],[-66.144565,18.450419],[-66.144552,18.450443],[-66.144481,18.450565],[-66.144468,18.450589],[-66.14445,18.450625],[-66.144446,18.450638],[-66.144443,18.45065],[-66.144441,18.450662],[-66.144442,18.450675],[-66.144444,18.450687],[-66.144447,18.450699],[-66.144451,18.450712],[-66.144456,18.450724],[-66.144467,18.450749],[-66.144525,18.450875],[-66.14457,18.450977],[-66.144582,18.451002],[-66.144588,18.451015],[-66.144594,18.451027],[-66.1446,18.451038],[-66.144607,18.451049],[-66.144614,18.451058],[-66.144622,18.451066],[-66.144631,18.451072],[-66.144641,18.451075],[-66.144664,18.451075],[-66.144676,18.451073],[-66.144688,18.45107],[-66.144714,18.451064],[-66.144726,18.451059],[-66.144738,18.451055],[-66.14475,18.451049],[-66.144751,18.451049],[-66.144855,18.45106],[-66.145101,18.451064],[-66.145131,18.451065],[-66.145218,18.451066],[-66.145297,18.451067],[-66.145335,18.451068],[-66.145674,18.451063],[-66.145744,18.451063],[-66.145812,18.451064],[-66.145931,18.451065],[-66.146086,18.451083],[-66.146088,18.451089],[-66.146094,18.451102],[-66.146099,18.451114],[-66.146105,18.451126],[-66.146112,18.451136],[-66.146118,18.451145],[-66.146125,18.451153],[-66.146132,18.45116],[-66.146139,18.451165],[-66.146146,18.451168],[-66.146151,18.451168],[-66.146157,18.451165],[-66.146162,18.451158],[-66.146167,18.45115],[-66.146175,18.451128],[-66.146178,18.451115],[-66.146185,18.451089],[-66.146193,18.451056],[-66.146235,18.45107],[-66.146517,18.451041],[-66.146596,18.45103],[-66.146597,18.451031],[-66.146602,18.451039],[-66.146609,18.451046],[-66.146629,18.451054],[-66.146641,18.451057],[-66.146654,18.451059],[-66.146667,18.45106],[-66.14668,18.451062],[-66.146708,18.451063],[-66.146722,18.451064],[-66.146749,18.451064],[-66.146763,18.451063],[-66.146777,18.451061],[-66.146792,18.451059],[-66.146806,18.451057],[-66.146834,18.451052],[-66.146862,18.451046],[-66.147003,18.451016],[-66.147031,18.451009],[-66.147058,18.451003],[-66.147072,18.450999],[-66.147085,18.450995],[-66.147099,18.45099],[-66.147112,18.450985],[-66.147136,18.450973],[-66.147148,18.450966],[-66.147172,18.45095],[-66.147195,18.450934],[-66.147264,18.450885],[-66.147287,18.450869],[-66.147308,18.450855],[-66.147319,18.450848],[-66.147337,18.450839],[-66.147345,18.450837],[-66.147351,18.450838],[-66.147355,18.450843],[-66.147357,18.45085],[-66.147357,18.450882],[-66.147354,18.450908],[-66.147347,18.450963],[-66.147343,18.450991],[-66.147338,18.451018],[-66.147334,18.451046],[-66.147331,18.451059],[-66.147323,18.451085],[-66.147318,18.451098],[-66.147306,18.451122],[-66.147299,18.451135],[-66.147285,18.451159],[-66.147227,18.451255],[-66.147213,18.451278],[-66.147205,18.45129],[-66.147198,18.451301],[-66.14719,18.451312],[-66.147182,18.451322],[-66.147173,18.451331],[-66.147164,18.451339],[-66.147153,18.451344],[-66.147142,18.451348],[-66.14713,18.451349],[-66.147117,18.45135],[-66.147104,18.451349],[-66.14709,18.451347],[-66.147077,18.451345],[-66.147063,18.451343],[-66.147034,18.451338],[-66.146707,18.451275],[-66.146679,18.45127],[-66.146665,18.451267],[-66.146651,18.451265],[-66.146639,18.451264],[-66.146626,18.451263],[-66.146615,18.451264],[-66.146606,18.451266],[-66.146598,18.45127],[-66.146593,18.451277],[-66.14659,18.451286],[-66.146589,18.451296],[-66.146589,18.451319],[-66.14659,18.451332],[-66.146593,18.451358],[-66.146601,18.451426],[-66.146605,18.451453],[-66.146609,18.451479],[-66.146612,18.451492],[-66.146614,18.451504],[-66.146618,18.451515],[-66.146622,18.451525],[-66.146627,18.451534],[-66.146634,18.451541],[-66.146643,18.451546],[-66.146653,18.451548],[-66.146664,18.451549],[-66.146677,18.45155],[-66.146689,18.451549],[-66.146703,18.451548],[-66.146743,18.451544],[-66.146757,18.451543],[-66.14677,18.451542],[-66.146796,18.451542],[-66.146809,18.451544],[-66.146821,18.451547],[-66.146832,18.451552],[-66.146842,18.451559],[-66.146852,18.451567],[-66.146861,18.451575],[-66.14687,18.451584],[-66.146879,18.451594],[-66.146887,18.451603],[-66.146895,18.451613],[-66.146907,18.451633],[-66.146912,18.451643],[-66.146915,18.451652],[-66.146915,18.451662],[-66.146912,18.451671],[-66.146906,18.451681],[-66.146899,18.45169],[-66.14689,18.451699],[-66.14688,18.451707],[-66.146869,18.451716],[-66.1468,18.451767],[-66.146778,18.451785],[-66.146758,18.451803],[-66.14675,18.451812],[-66.146743,18.451822],[-66.146739,18.451832],[-66.146737,18.451843],[-66.146737,18.451855],[-66.146739,18.451867],[-66.146742,18.451879],[-66.14675,18.451905],[-66.146755,18.451918],[-66.146765,18.451943],[-66.146786,18.451996],[-66.146796,18.452021],[-66.146802,18.452034],[-66.146807,18.452046],[-66.146813,18.452058],[-66.14682,18.452069],[-66.146827,18.452079],[-66.146834,18.452088],[-66.146843,18.452095],[-66.146854,18.452099],[-66.146865,18.452101],[-66.146878,18.452103],[-66.146891,18.452103],[-66.146904,18.452102],[-66.146932,18.4521],[-66.14696,18.452097],[-66.146989,18.452093],[-66.147045,18.452085],[-66.147059,18.452082],[-66.147073,18.452078],[-66.147086,18.452075],[-66.147099,18.45207],[-66.147138,18.452052],[-66.14715,18.452045],[-66.147175,18.452032],[-66.147288,18.45197],[-66.147324,18.451949],[-66.147336,18.451941],[-66.147347,18.451933],[-66.147357,18.451925],[-66.147367,18.451916],[-66.147375,18.451907],[-66.147382,18.451896],[-66.147387,18.451884],[-66.147391,18.451872],[-66.147395,18.451859],[-66.147404,18.45182],[-66.147409,18.451793],[-66.147451,18.451548],[-66.147458,18.451508],[-66.147461,18.451495],[-66.147463,18.451482],[-66.147467,18.451469],[-66.147475,18.451445],[-66.147481,18.451434],[-66.147488,18.451425],[-66.147497,18.451417],[-66.147519,18.451405],[-66.147532,18.4514],[-66.147544,18.451396],[-66.147558,18.451392],[-66.147571,18.451388],[-66.147599,18.451381],[-66.147668,18.451363],[-66.147695,18.451355],[-66.147709,18.451352],[-66.147723,18.451347],[-66.147736,18.451343],[-66.147762,18.451333],[-66.147774,18.451327],[-66.147798,18.451313],[-66.147809,18.451306],[-66.147844,18.451284],[-66.147878,18.45126],[-66.1479,18.451245],[-66.147933,18.451221],[-66.147943,18.451213],[-66.147953,18.451204],[-66.147961,18.451195],[-66.147968,18.451186],[-66.147974,18.451175],[-66.147978,18.451165],[-66.14798,18.451154],[-66.147981,18.451143],[-66.147981,18.451131],[-66.14798,18.451119],[-66.147977,18.45107],[-66.147976,18.451057],[-66.147976,18.451044],[-66.147977,18.451031],[-66.147978,18.451017],[-66.14798,18.450991],[-66.147982,18.450978],[-66.147986,18.450954],[-66.147994,18.450932],[-66.147999,18.450924],[-66.148006,18.450917],[-66.148015,18.450912],[-66.148025,18.45091],[-66.148037,18.450908],[-66.14805,18.450908],[-66.148063,18.450909],[-66.148077,18.45091],[-66.148091,18.450912],[-66.148162,18.450922],[-66.14819,18.450925],[-66.148204,18.450927],[-66.148218,18.450927],[-66.148232,18.450928],[-66.148258,18.450926],[-66.14827,18.450922],[-66.148281,18.450917],[-66.148291,18.45091],[-66.148301,18.450902],[-66.148311,18.450893],[-66.148338,18.450863],[-66.148356,18.450841],[-66.148454,18.450724],[-66.148542,18.450617],[-66.148596,18.450554],[-66.148614,18.450534],[-66.148634,18.450514],[-66.148644,18.450505],[-66.148655,18.450495],[-66.148665,18.450487],[-66.148698,18.450461],[-66.148889,18.450316],[-66.149045,18.450197],[-66.149123,18.450137],[-66.149224,18.450058],[-66.149257,18.450034],[-66.149268,18.450028],[-66.149278,18.450022],[-66.149287,18.450018],[-66.149296,18.450015],[-66.149304,18.450016],[-66.14931,18.45002],[-66.149316,18.450026],[-66.149321,18.450034],[-66.149326,18.450043],[-66.149335,18.450063],[-66.14934,18.450074],[-66.149346,18.450084],[-66.149353,18.450093],[-66.149362,18.450103],[-66.149371,18.450111],[-66.149393,18.450127],[-66.149429,18.450148],[-66.149454,18.450161],[-66.149491,18.450181],[-66.149515,18.450193],[-66.149527,18.450198],[-66.149538,18.450203],[-66.149549,18.450207],[-66.149558,18.450209],[-66.149566,18.45021],[-66.149571,18.450208],[-66.149575,18.450203],[-66.149576,18.450195],[-66.149576,18.450186],[-66.149575,18.450175],[-66.149573,18.450164],[-66.149567,18.450138],[-66.149554,18.450086],[-66.149548,18.45006],[-66.149546,18.450047],[-66.149544,18.450035],[-66.149543,18.450024],[-66.149543,18.450014],[-66.149545,18.450006],[-66.149549,18.449999],[-66.149555,18.449996],[-66.149564,18.449994],[-66.149574,18.449994],[-66.149585,18.449995],[-66.149611,18.449999],[-66.149624,18.450002],[-66.149678,18.450014],[-66.149706,18.45002],[-66.149732,18.450024],[-66.149744,18.450025],[-66.149756,18.450025],[-66.149767,18.450023],[-66.149777,18.45002],[-66.149786,18.450014],[-66.1498,18.449996],[-66.149806,18.449985],[-66.149812,18.449973],[-66.149829,18.449937],[-66.149835,18.449926],[-66.149842,18.449914],[-66.149849,18.449904],[-66.149857,18.449894],[-66.149867,18.449886],[-66.149878,18.449879],[-66.149889,18.449873],[-66.149901,18.449867],[-66.149913,18.449862],[-66.149952,18.449847],[-66.150018,18.449824],[-66.150044,18.449815],[-66.150056,18.449811],[-66.150068,18.449806],[-66.150079,18.449801],[-66.150089,18.449796],[-66.150097,18.449791],[-66.150102,18.449785],[-66.150105,18.44978],[-66.150103,18.449773],[-66.150099,18.449767],[-66.150092,18.44976],[-66.150084,18.449753],[-66.150075,18.449746],[-66.150035,18.449718],[-66.150026,18.449711],[-66.150018,18.449704],[-66.150012,18.449697],[-66.150007,18.449691],[-66.150006,18.449686],[-66.150009,18.449681],[-66.150015,18.449676],[-66.150023,18.449672],[-66.150033,18.449669],[-66.150045,18.449665],[-66.150057,18.449662],[-66.150083,18.449655],[-66.150137,18.449643],[-66.150164,18.449638],[-66.150177,18.449635],[-66.150203,18.449633],[-66.150215,18.449633],[-66.150226,18.449635],[-66.150236,18.449638],[-66.150244,18.449644],[-66.150252,18.449653],[-66.150259,18.449662],[-66.150265,18.449673],[-66.150271,18.449685],[-66.150276,18.449698],[-66.150287,18.449723],[-66.150322,18.449815],[-66.150357,18.449906],[-66.150366,18.449932],[-66.150378,18.449971],[-66.15038,18.449984],[-66.150382,18.449998],[-66.150382,18.45001],[-66.150381,18.450023],[-66.150379,18.450035],[-66.150375,18.450061],[-66.150367,18.450098],[-66.150365,18.45011],[-66.150364,18.450122],[-66.150363,18.450133],[-66.150363,18.450143],[-66.150365,18.450153],[-66.150369,18.450161],[-66.150376,18.450167],[-66.150385,18.450172],[-66.150407,18.45018],[-66.15042,18.450183],[-66.150432,18.450185],[-66.15045471347199,18.450189076777022],[-66.1506439997564,18.45014799997328],[-66.15092300031397,18.450033999617652],[-66.15118799972952,18.44980400040398],[-66.15125999969955,18.449552999787993],[-66.15127992665428,18.44946502146634],[-66.151275,18.449459],[-66.151257,18.449439],[-66.151237,18.449419],[-66.151197,18.449383],[-66.151145,18.449341],[-66.151135,18.449332],[-66.151125,18.449324],[-66.151116,18.449315],[-66.151108,18.449306],[-66.151101,18.449297],[-66.151095,18.449287],[-66.151091,18.449277],[-66.151089,18.449266],[-66.151089,18.449255],[-66.151091,18.449243],[-66.151094,18.449231],[-66.151102,18.449207],[-66.151106,18.449194],[-66.151116,18.449169],[-66.151141,18.449107],[-66.151155,18.449069],[-66.151168,18.449031],[-66.151192,18.448956],[-66.151204,18.44892],[-66.151209,18.448908],[-66.151215,18.448897],[-66.15122,18.448886],[-66.151227,18.448877],[-66.151235,18.448868],[-66.151244,18.448861],[-66.151253,18.448855],[-66.151263,18.448849],[-66.151295,18.448834],[-66.151305,18.448828],[-66.151314,18.448822],[-66.151322,18.448815],[-66.151329,18.448805],[-66.151335,18.448795],[-66.15134,18.448783],[-66.151348,18.448759],[-66.15136,18.448707],[-66.151364,18.448693],[-66.151367,18.448681],[-66.151371,18.448668],[-66.151376,18.448655],[-66.151382,18.448643],[-66.151396,18.448619],[-66.151403,18.448608],[-66.151411,18.448596],[-66.151436,18.448562],[-66.15144834515431,18.44854502541283],[-66.15146200026423,18.448488999781407],[-66.15151180447054,18.448376255588183],[-66.151506,18.448369],[-66.151497,18.44836],[-66.151459,18.448324],[-66.151443,18.448306],[-66.151436,18.448297],[-66.151432,18.448288],[-66.15143,18.448279],[-66.151431,18.448269],[-66.151434,18.44826],[-66.15144,18.44825],[-66.151447,18.44824],[-66.151455,18.44823],[-66.151464,18.44822],[-66.151474,18.448211],[-66.151484,18.448201],[-66.151494,18.448192],[-66.151505,18.448183],[-66.151516,18.448175],[-66.151552,18.448154],[-66.151577,18.448142],[-66.151615,18.448125],[-66.151692,18.448092],[-66.151717,18.448081],[-66.151729,18.448075],[-66.151742,18.448069],[-66.151754,18.448062],[-66.151765,18.448055],[-66.15177019580214,18.448051693580457],[-66.15179997703453,18.44802491695779],[-66.151804,18.44802],[-66.151811,18.44801],[-66.151819,18.447999],[-66.151833,18.447976],[-66.151853,18.44794],[-66.151918,18.447821],[-66.151931,18.447797],[-66.151937,18.447784],[-66.151949,18.44776],[-66.151954,18.447748],[-66.151959,18.447735],[-66.151964,18.447723],[-66.151972,18.447697],[-66.15199,18.447647],[-66.152052,18.447456],[-66.152066,18.447418],[-66.152075,18.447393],[-66.152086,18.447367],[-66.152098,18.447342],[-66.152109,18.447317],[-66.152122,18.447293],[-66.152134,18.447269],[-66.152141,18.447257],[-66.152148,18.447246],[-66.152156,18.447235],[-66.152164,18.447225],[-66.152173,18.447216],[-66.152184,18.447209],[-66.152196,18.447202],[-66.152208,18.447197],[-66.152221,18.447191],[-66.152235,18.447187],[-66.152248,18.447182],[-66.152276,18.447174],[-66.152347,18.447154],[-66.152374,18.447146],[-66.152387,18.447141],[-66.1524,18.447137],[-66.152411,18.447131],[-66.152421,18.447126],[-66.152429,18.447119],[-66.152434,18.447112],[-66.152436,18.447104],[-66.152435,18.447095],[-66.152433,18.447085],[-66.152429,18.447075],[-66.152424,18.447065],[-66.152418,18.447055],[-66.152411,18.447046],[-66.152404,18.447036],[-66.152396,18.447028],[-66.152387,18.44702],[-66.152377,18.447014],[-66.152367,18.44701],[-66.152355,18.447007],[-66.152331,18.447003],[-66.152293,18.447001],[-66.152281,18.446999],[-66.15227,18.446997],[-66.15226,18.446993],[-66.152251,18.446989],[-66.152243,18.446981],[-66.152236,18.446972],[-66.15223,18.446961],[-66.152226,18.44695],[-66.152221,18.446937],[-66.152218,18.446925],[-66.152214,18.446911],[-66.152207,18.446884],[-66.152185,18.446788],[-66.152179,18.446761],[-66.152172,18.446736],[-66.152169,18.446724],[-66.152165,18.446714],[-66.152161,18.446706],[-66.152157,18.4467],[-66.152153,18.446697],[-66.152148,18.446698],[-66.152143,18.446703],[-66.152137,18.44671],[-66.152132,18.446719],[-66.152126,18.446729],[-66.15212,18.44674],[-66.152108,18.446763],[-66.152061,18.446862],[-66.152042,18.446898],[-66.15203,18.446922],[-66.152009,18.446958],[-66.151995,18.446981],[-66.151965,18.447028],[-66.151875,18.447168],[-66.151809,18.447268],[-66.151761,18.447268],[-66.151691,18.447256],[-66.151672,18.447244],[-66.151674,18.447236],[-66.151675,18.447222],[-66.151676,18.447209],[-66.151677,18.447195],[-66.151677,18.447168],[-66.151675,18.447128],[-66.151669,18.446992],[-66.151665,18.446883],[-66.151662,18.446802],[-66.151661,18.446774],[-66.151661,18.446748],[-66.151663,18.446671],[-66.151663,18.446644],[-66.151662,18.446618],[-66.151661,18.446578],[-66.151655,18.446446],[-66.151654,18.446419],[-66.151653,18.446393],[-66.151653,18.44638],[-66.151655,18.446354],[-66.151657,18.446342],[-66.15166,18.44633],[-66.151665,18.446317],[-66.15167,18.446305],[-66.151677,18.446294],[-66.151684,18.446282],[-66.151692,18.446271],[-66.1517,18.446259],[-66.151716,18.446236],[-66.151758,18.44618],[-66.151774,18.446157],[-66.151782,18.446146],[-66.151789,18.446134],[-66.151801,18.44611],[-66.151805,18.446098],[-66.151808,18.446085],[-66.15181,18.446072],[-66.151811,18.446059],[-66.151811,18.446032],[-66.15181,18.445979],[-66.15181,18.445953],[-66.151811,18.445941],[-66.151813,18.44593],[-66.151817,18.445919],[-66.151822,18.44591],[-66.15183,18.445902],[-66.15184,18.445896],[-66.151851,18.445891],[-66.151863,18.445887],[-66.151889,18.445879],[-66.151931,18.44587],[-66.152171,18.445819],[-66.152199,18.445813],[-66.152227,18.445806],[-66.152241,18.445802],[-66.152254,18.445799],[-66.152278,18.445789],[-66.152288,18.445783],[-66.152297,18.445775],[-66.152304,18.445766],[-66.152309,18.445755],[-66.152313,18.445744],[-66.152316,18.445731],[-66.152319,18.445719],[-66.152321,18.445705],[-66.152323,18.445692],[-66.152326,18.445665],[-66.152335,18.445582],[-66.152342,18.445527],[-66.152373,18.445267],[-66.152378,18.445226],[-66.152381,18.445199],[-66.152383,18.445171],[-66.152384,18.445158],[-66.152384,18.445144],[-66.152385,18.445131],[-66.152384,18.445081],[-66.152385,18.445069],[-66.152385,18.445057],[-66.152386,18.445045],[-66.152388,18.445034],[-66.152391,18.445023],[-66.152396,18.445013],[-66.152402,18.445003],[-66.152411,18.444994],[-66.152421,18.444985],[-66.152431,18.444977],[-66.152442,18.444969],[-66.152454,18.444962],[-66.152502,18.444932],[-66.152712,18.444807],[-66.152736,18.444792],[-66.152748,18.444784],[-66.15276,18.444777],[-66.152771,18.444769],[-66.152781,18.444761],[-66.15279,18.444752],[-66.152797,18.444743],[-66.152803,18.444733],[-66.152805,18.444723],[-66.152806,18.444712],[-66.152805,18.4447],[-66.152803,18.444688],[-66.152797,18.444664],[-66.152793,18.444651],[-66.152781,18.444613],[-66.152767,18.444575],[-66.152758,18.44455],[-66.152753,18.444537],[-66.152748,18.444525],[-66.152724,18.444477],[-66.152704,18.444441],[-66.152658,18.444359],[-66.152639,18.444323],[-66.152633,18.444312],[-66.152627,18.4443],[-66.152621,18.444287],[-66.152613,18.444263],[-66.152609,18.44425],[-66.152605,18.444224],[-66.152602,18.444185],[-66.1526,18.444158],[-66.152598,18.444105],[-66.152597,18.444078],[-66.152596,18.444052],[-66.152596,18.44404],[-66.152597,18.444028],[-66.152598,18.444017],[-66.152601,18.444007],[-66.152604,18.443999],[-66.15261,18.443992],[-66.152618,18.443988],[-66.152627,18.443987],[-66.152638,18.443986],[-66.15265,18.443987],[-66.152676,18.443991],[-66.152689,18.443994],[-66.152801,18.444018],[-66.152828,18.444025],[-66.152854,18.444033],[-66.152866,18.444037],[-66.152877,18.444042],[-66.152887,18.444048],[-66.152894,18.444056],[-66.1529,18.444065],[-66.152906,18.444087],[-66.152907,18.4441],[-66.152907,18.444139],[-66.152906,18.444166],[-66.152899,18.44429],[-66.152891,18.444441],[-66.152889,18.444482],[-66.152888,18.444509],[-66.152888,18.444523],[-66.152889,18.444537],[-66.152889,18.44455],[-66.15289,18.444564],[-66.152893,18.444577],[-66.152896,18.444589],[-66.1529,18.444602],[-66.152904,18.444614],[-66.152909,18.444626],[-66.15292,18.444651],[-66.152931,18.444674],[-66.152943,18.444697],[-66.152949,18.444708],[-66.152955,18.444718],[-66.152961,18.444727],[-66.152968,18.444735],[-66.152975,18.44474],[-66.152983,18.444744],[-66.152992,18.444743],[-66.153001,18.44474],[-66.153011,18.444735],[-66.153031,18.444721],[-66.153042,18.444712],[-66.153052,18.444703],[-66.153073,18.444684],[-66.153169,18.444598],[-66.153254,18.444523],[-66.153581,18.444234],[-66.153772,18.444067],[-66.153792,18.444048],[-66.153803,18.444039],[-66.153813,18.444029],[-66.153822,18.444019],[-66.153832,18.444009],[-66.15384,18.443998],[-66.153849,18.443987],[-66.153857,18.443976],[-66.153887,18.44393],[-66.154036,18.443698],[-66.154246,18.443373],[-66.15426,18.44335],[-66.154275,18.443326],[-66.154289,18.443303],[-66.154295,18.44329],[-66.154301,18.443278],[-66.154313,18.443253],[-66.154324,18.443228],[-66.154334,18.443203],[-66.154407,18.443025],[-66.154573,18.442618],[-66.154604,18.442542],[-66.154645,18.442439],[-66.154655,18.442414],[-66.154661,18.442401],[-66.154666,18.442389],[-66.154672,18.442377],[-66.154679,18.442366],[-66.154685,18.442355],[-66.154693,18.442346],[-66.154702,18.442339],[-66.154712,18.442333],[-66.154723,18.442329],[-66.154735,18.442326],[-66.154748,18.442324],[-66.154774,18.442322],[-66.154801,18.442321],[-66.154843,18.442321],[-66.154886,18.442322],[-66.155084,18.442331],[-66.155212,18.442337],[-66.155241,18.442338],[-66.155255,18.442339],[-66.155269,18.442339],[-66.155282,18.442338],[-66.155296,18.442337],[-66.155308,18.442336],[-66.15532,18.442333],[-66.155332,18.442328],[-66.155341,18.442321],[-66.15535,18.442313],[-66.155358,18.442304],[-66.155365,18.442294],[-66.155386,18.442261],[-66.155398,18.442237],[-66.155408,18.442213],[-66.155412,18.442201],[-66.155416,18.442188],[-66.155418,18.442176],[-66.15542,18.44215],[-66.15542,18.442123],[-66.155419,18.442096],[-66.155416,18.442029],[-66.155414,18.442003],[-66.155414,18.441967],[-66.155415,18.441956],[-66.155417,18.441948],[-66.155419,18.441941],[-66.155424,18.441937],[-66.155429,18.441936],[-66.155437,18.441938],[-66.155445,18.441942],[-66.155454,18.441948],[-66.155474,18.441962],[-66.155484,18.441971],[-66.155505,18.441988],[-66.155515,18.441997],[-66.155525,18.442007],[-66.155536,18.442017],[-66.155555,18.442037],[-66.155594,18.442078],[-66.15569,18.442179],[-66.155709,18.442199],[-66.155729,18.442217],[-66.155739,18.442225],[-66.155749,18.442232],[-66.15576,18.442237],[-66.155771,18.442241],[-66.155782,18.442242],[-66.155794,18.442241],[-66.155807,18.442238],[-66.155819,18.442235],[-66.155832,18.442231],[-66.155858,18.442221],[-66.155884,18.44221],[-66.155989,18.442166],[-66.156094,18.442124],[-66.15612,18.442113],[-66.156133,18.442107],[-66.156146,18.442102],[-66.156158,18.442096],[-66.15618,18.442082],[-66.156189,18.442075],[-66.156197,18.442066],[-66.156203,18.442056],[-66.156207,18.442045],[-66.156213,18.442021],[-66.156215,18.441995],[-66.156217,18.441968],[-66.156218,18.441942],[-66.156218,18.441902],[-66.156216,18.441876],[-66.156214,18.441863],[-66.156211,18.441851],[-66.156207,18.441839],[-66.156195,18.441815],[-66.156188,18.441804],[-66.15618,18.441793],[-66.156173,18.441782],[-66.156157,18.44176],[-66.156091,18.441672],[-66.156059,18.441628],[-66.156052,18.441617],[-66.15604,18.441595],[-66.156035,18.441584],[-66.156032,18.441573],[-66.156032,18.441563],[-66.156034,18.441553],[-66.156038,18.441543],[-66.15605,18.441523],[-66.156058,18.441514],[-66.156067,18.441504],[-66.156075,18.441495],[-66.156084,18.441486],[-66.156094,18.441477],[-66.156104,18.441469],[-66.156113,18.441461],[-66.156124,18.441453],[-66.156134,18.441447],[-66.156146,18.441442],[-66.156157,18.441438],[-66.15617,18.441436],[-66.156182,18.441435],[-66.156195,18.441434],[-66.156234,18.441432],[-66.156248,18.441431],[-66.156261,18.44143],[-66.156274,18.441428],[-66.156287,18.441425],[-66.156301,18.441421],[-66.156314,18.441417],[-66.156328,18.441412],[-66.156341,18.441407],[-66.156368,18.441396],[-66.156407,18.441378],[-66.156461,18.441355],[-66.156487,18.441343],[-66.156499,18.441337],[-66.156512,18.441331],[-66.156523,18.441324],[-66.156534,18.441318],[-66.156544,18.44131],[-66.156551,18.441302],[-66.156556,18.441294],[-66.156558,18.441284],[-66.156558,18.441273]]]}},{"type":"Feature","properties":{"OBJECTID":3113391,"DFIRM_ID":"72000C","FLD_ZONE":"X","ZONE_SUBTY":"AREA OF MINIMAL FLOOD HAZARD","SFHA_TF":"F","STATIC_BFE":-9999,"V_DATUM":"","LEN_UNIT":"","SOURCE_CIT":"72000C_FIS1"},"geometry":{"type":"Polygon","coordinates":[[[-66.143728,18.449602],[-66.143721,18.449511],[-66.143719,18.449499],[-66.143717,18.449486],[-66.143714,18.449474],[-66.14371,18.449463],[-66.143706,18.449453],[-66.143699,18.449444],[-66.143691,18.449436],[-66.143681,18.449429],[-66.14367,18.449423],[-66.143646,18.449413],[-66.143633,18.449409],[-66.143606,18.4494],[-66.143579,18.449392],[-66.143566,18.449389],[-66.143552,18.449385],[-66.143526,18.449379],[-66.1435,18.449377],[-66.143488,18.449377],[-66.143476,18.449379],[-66.143465,18.449384],[-66.143455,18.44939],[-66.143445,18.449398],[-66.143426,18.449417],[-66.143417,18.449427],[-66.143399,18.449448],[-66.143337,18.449524],[-66.143265,18.44961],[-66.143248,18.449631],[-66.143232,18.449653],[-66.143225,18.449664],[-66.143219,18.449676],[-66.143214,18.449688],[-66.143211,18.4497],[-66.143209,18.449713],[-66.143208,18.449726],[-66.143208,18.449752],[-66.14321,18.449779],[-66.143212,18.449805],[-66.143213,18.449819],[-66.143217,18.449845],[-66.14322,18.449858],[-66.143223,18.44987],[-66.143227,18.449882],[-66.143232,18.449893],[-66.143239,18.449904],[-66.143246,18.449913],[-66.143255,18.449923],[-66.143273,18.449941],[-66.143303,18.449966],[-66.14333,18.449993],[-66.143338,18.450002],[-66.143346,18.450012],[-66.143352,18.450022],[-66.14336,18.450042],[-66.143366,18.450063],[-66.143369,18.450074],[-66.143373,18.450084],[-66.143379,18.450094],[-66.143386,18.450104],[-66.143394,18.450114],[-66.143409,18.450133],[-66.143417,18.450143],[-66.143423,18.450153],[-66.143429,18.450164],[-66.143432,18.450176],[-66.143434,18.450188],[-66.143436,18.450214],[-66.143435,18.450227],[-66.143432,18.450281],[-66.143432,18.450308],[-66.143434,18.450334],[-66.143438,18.450347],[-66.143442,18.450359],[-66.143448,18.45037],[-66.143455,18.450381],[-66.143463,18.450391],[-66.143471,18.450402],[-66.143479,18.450412],[-66.143506,18.450442],[-66.143514,18.450451],[-66.143523,18.450459],[-66.143532,18.450466],[-66.14354,18.450471],[-66.143547,18.450474],[-66.143554,18.450475],[-66.143561,18.450472],[-66.143566,18.450465],[-66.143571,18.450457],[-66.143576,18.450447],[-66.143581,18.450436],[-66.143589,18.450411],[-66.143598,18.450385],[-66.143623,18.450305],[-66.143648,18.450227],[-66.14366,18.450188],[-66.143666,18.450162],[-66.143668,18.45015],[-66.143669,18.450138],[-66.143669,18.450126],[-66.143667,18.450115],[-66.143662,18.450105],[-66.143656,18.450095],[-66.14364,18.450077],[-66.143631,18.450068],[-66.143593,18.450034],[-66.143584,18.450026],[-66.143576,18.450017],[-66.143569,18.450008],[-66.143563,18.449999],[-66.14356,18.449989],[-66.143559,18.449979],[-66.143561,18.449968],[-66.143564,18.449957],[-66.143574,18.449935],[-66.14358,18.449923],[-66.143586,18.449912],[-66.1436,18.449889],[-66.143664,18.449784],[-66.143684,18.44975],[-66.143698,18.449726],[-66.143704,18.449714],[-66.14371,18.449703],[-66.143715,18.449691],[-66.14372,18.449678],[-66.143726,18.449654],[-66.143728,18.449628],[-66.143728,18.449602]]]}},{"type":"Feature","properties":{"OBJECTID":3113544,"DFIRM_ID":"72000C","FLD_ZONE":"X","ZONE_SUBTY":"AREA OF MINIMAL FLOOD HAZARD","SFHA_TF":"F","STATIC_BFE":-9999,"V_DATUM":"","LEN_UNIT":"","SOURCE_CIT":"72000C_FIS1"},"geometry":{"type":"Polygon","coordinates":[[[-66.128005,18.434794],[-66.128003,18.434784],[-66.127999,18.434776],[-66.127991,18.434768],[-66.127983,18.434761],[-66.127972,18.434754],[-66.127961,18.434748],[-66.127937,18.434736],[-66.127912,18.434724],[-66.127835,18.43469],[-66.12781,18.434678],[-66.127797,18.434672],[-66.127773,18.434658],[-66.127762,18.434651],[-66.127751,18.434643],[-66.127741,18.434635],[-66.127725,18.434615],[-66.127718,18.434605],[-66.127711,18.434594],[-66.127705,18.434582],[-66.127686,18.434548],[-66.12768,18.434537],[-66.127674,18.434527],[-66.127667,18.434517],[-66.12766,18.434509],[-66.127654,18.434502],[-66.127647,18.434497],[-66.12764,18.434495],[-66.127634,18.434494],[-66.127627,18.434497],[-66.127621,18.434504],[-66.127616,18.434512],[-66.127604,18.434532],[-66.12759,18.434552],[-66.127582,18.434561],[-66.127572,18.434569],[-66.127562,18.434576],[-66.127538,18.434588],[-66.127525,18.434593],[-66.127512,18.434597],[-66.127486,18.434606],[-66.127445,18.434619],[-66.127337,18.434651],[-66.127298,18.434663],[-66.127276,18.434673],[-66.127267,18.434678],[-66.12726,18.434684],[-66.127255,18.434691],[-66.127254,18.4347],[-66.127256,18.434709],[-66.12726,18.434719],[-66.127265,18.434729],[-66.127279,18.434751],[-66.127303,18.434784],[-66.12737,18.434875],[-66.127387,18.434898],[-66.127402,18.43492],[-66.127416,18.434942],[-66.127421,18.434952],[-66.127425,18.434962],[-66.127426,18.434971],[-66.127425,18.43498],[-66.127421,18.434987],[-66.127414,18.434993],[-66.127405,18.434998],[-66.127383,18.435008],[-66.127371,18.435013],[-66.127319,18.435029],[-66.127305,18.435032],[-66.127279,18.435038],[-66.127266,18.43504],[-66.127253,18.435041],[-66.127241,18.435041],[-66.127229,18.435039],[-66.127218,18.435035],[-66.127207,18.435029],[-66.127196,18.435022],[-66.127186,18.435014],[-66.127176,18.435005],[-66.127166,18.434995],[-66.127156,18.434986],[-66.127117,18.434946],[-66.127107,18.434936],[-66.127097,18.434927],[-66.127087,18.434919],[-66.127078,18.434911],[-66.127068,18.434905],[-66.127058,18.434901],[-66.127048,18.434899],[-66.127039,18.4349],[-66.127029,18.434904],[-66.12702,18.434909],[-66.127002,18.434923],[-66.126993,18.434932],[-66.126984,18.43494],[-66.126976,18.43495],[-66.126968,18.434959],[-66.12696,18.434969],[-66.126954,18.43498],[-66.126949,18.434991],[-66.126945,18.435003],[-66.126942,18.435016],[-66.12694,18.435029],[-66.126938,18.435057],[-66.126938,18.435113],[-66.126939,18.43514],[-66.126939,18.435154],[-66.12694,18.435167],[-66.126944,18.435193],[-66.126947,18.435204],[-66.126951,18.435215],[-66.126957,18.435224],[-66.126966,18.435232],[-66.126976,18.435237],[-66.126988,18.435242],[-66.127,18.435246],[-66.127013,18.435249],[-66.127027,18.435253],[-66.127041,18.435255],[-66.127069,18.435261],[-66.127141,18.435273],[-66.127198,18.435283],[-66.127355,18.435313],[-66.127397,18.435319],[-66.12741,18.43532],[-66.127424,18.435321],[-66.127437,18.43532],[-66.127449,18.435317],[-66.127461,18.435312],[-66.127472,18.435306],[-66.127482,18.435299],[-66.127493,18.43529],[-66.127513,18.435272],[-66.127533,18.435253],[-66.127603,18.435183],[-66.127664,18.435124],[-66.12769,18.435098],[-66.127698,18.435089],[-66.127712,18.435071],[-66.127717,18.435062],[-66.127721,18.435052],[-66.127723,18.43504],[-66.127724,18.435028],[-66.127723,18.435015],[-66.127721,18.435003],[-66.127715,18.434977],[-66.127712,18.434963],[-66.127689,18.434883],[-66.127682,18.434857],[-66.127679,18.434843],[-66.127677,18.43483],[-66.127675,18.434818],[-66.127674,18.434805],[-66.127675,18.434794],[-66.127678,18.434783],[-66.127683,18.434773],[-66.12769,18.434765],[-66.127698,18.434757],[-66.127707,18.43475],[-66.127717,18.434744],[-66.127737,18.434734],[-66.127747,18.434731],[-66.127756,18.43473],[-66.127765,18.434731],[-66.127774,18.434735],[-66.127782,18.434742],[-66.12779,18.434751],[-66.127797,18.434761],[-66.127804,18.434772],[-66.12781,18.434783],[-66.127823,18.434808],[-66.127854,18.434871],[-66.127867,18.434896],[-66.127879,18.43492],[-66.127886,18.43493],[-66.127892,18.43494],[-66.127899,18.434948],[-66.127905,18.434955],[-66.127911,18.434959],[-66.127918,18.434961],[-66.127925,18.434959],[-66.127931,18.434954],[-66.127938,18.434946],[-66.127944,18.434936],[-66.127951,18.434926],[-66.127957,18.434914],[-66.127964,18.434902],[-66.127976,18.434878],[-66.127982,18.434865],[-66.127988,18.434853],[-66.127993,18.43484],[-66.127998,18.434828],[-66.128002,18.434816],[-66.128005,18.434805],[-66.128005,18.434794]]]}},{"type":"Feature","properties":{"OBJECTID":3113593,"DFIRM_ID":"72000C","FLD_ZONE":"X","ZONE_SUBTY":"0.2 PCT ANNUAL CHANCE FLOOD HAZARD","SFHA_TF":"F","STATIC_BFE":-9999,"V_DATUM":"","LEN_UNIT":"","SOURCE_CIT":"72000C_FIS1"},"geometry":{"type":"Polygon","coordinates":[[[-66.143594,18.448127],[-66.143593,18.448116],[-66.14359,18.448105],[-66.143587,18.448093],[-66.143583,18.448081],[-66.143578,18.448069],[-66.143569,18.448043],[-66.143553,18.448004],[-66.143557,18.448034],[-66.143557,18.448048],[-66.143555,18.448061],[-66.143548,18.448082],[-66.14354,18.448104],[-66.143529,18.448123],[-66.143517,18.448141],[-66.143503,18.448157],[-66.143478,18.448181],[-66.143457,18.448199],[-66.143515,18.448183],[-66.143529,18.448179],[-66.143542,18.448175],[-66.143554,18.448171],[-66.143566,18.448166],[-66.143576,18.44816],[-66.143585,18.448154],[-66.143591,18.448146],[-66.143593,18.448137],[-66.143594,18.448127]]]}},{"type":"Feature","properties":{"OBJECTID":3113670,"DFIRM_ID":"72000C","FLD_ZONE":"X","ZONE_SUBTY":"AREA OF MINIMAL FLOOD HAZARD","SFHA_TF":"F","STATIC_BFE":-9999,"V_DATUM":"","LEN_UNIT":"","SOURCE_CIT":"72000C_FIS1"},"geometry":{"type":"Polygon","coordinates":[[[-66.143954,18.448191],[-66.143953,18.448181],[-66.143949,18.44817],[-66.143944,18.448159],[-66.143937,18.448149],[-66.14393,18.448138],[-66.143922,18.448127],[-66.143913,18.448117],[-66.143896,18.448095],[-66.143842,18.448031],[-66.143797,18.447977],[-66.143754,18.447924],[-66.143712,18.447872],[-66.143701,18.447872],[-66.143666,18.447874],[-66.143629,18.447881],[-66.143613,18.447887],[-66.143598,18.447894],[-66.143579,18.447905],[-66.143569,18.447913],[-66.143561,18.447925],[-66.143553,18.447944],[-66.143549,18.447956],[-66.143548,18.447971],[-66.143553,18.448004],[-66.143569,18.448043],[-66.143578,18.448069],[-66.143583,18.448081],[-66.143587,18.448093],[-66.14359,18.448105],[-66.143593,18.448116],[-66.143594,18.448127],[-66.143593,18.448137],[-66.143591,18.448146],[-66.143585,18.448154],[-66.143576,18.44816],[-66.143566,18.448166],[-66.143554,18.448171],[-66.143542,18.448175],[-66.143529,18.448179],[-66.143515,18.448183],[-66.143457,18.448199],[-66.14345,18.448205],[-66.143379,18.448257],[-66.143348,18.448282],[-66.143323,18.448307],[-66.1433,18.448334],[-66.143233,18.448422],[-66.143218,18.448442],[-66.143182,18.448484],[-66.143121,18.44855],[-66.14308,18.448588],[-66.14304,18.448618],[-66.143009,18.448638],[-66.142999,18.448642],[-66.142979,18.448664],[-66.14295,18.448693],[-66.14293,18.448711],[-66.142919,18.44872],[-66.142883,18.448741],[-66.142857,18.448753],[-66.142831,18.448764],[-66.142712,18.448813],[-66.142673,18.44883],[-66.142647,18.448842],[-66.142611,18.448863],[-66.1426,18.448872],[-66.14258,18.44889],[-66.14256,18.44891],[-66.142541,18.448931],[-66.142485,18.448995],[-66.142466,18.449016],[-66.142426,18.449056],[-66.142415,18.449065],[-66.142393,18.449081],[-66.142371,18.449093],[-66.142363,18.449097],[-66.142373,18.449195],[-66.142377,18.449214],[-66.142393,18.449278],[-66.142461,18.449371],[-66.142466,18.449371],[-66.142475,18.449369],[-66.142485,18.449364],[-66.142507,18.449352],[-66.14254,18.449328],[-66.142631,18.449259],[-66.142676,18.449225],[-66.142958,18.449014],[-66.142981,18.448997],[-66.143003,18.44898],[-66.143026,18.448964],[-66.14305,18.44895],[-66.143063,18.448944],[-66.143075,18.448938],[-66.143087,18.448933],[-66.143178,18.448905],[-66.14319,18.448901],[-66.143203,18.448897],[-66.143227,18.448887],[-66.143238,18.448881],[-66.143249,18.448874],[-66.143258,18.448866],[-66.143267,18.448856],[-66.143283,18.448836],[-66.143291,18.448824],[-66.143298,18.448813],[-66.143327,18.448767],[-66.143341,18.448744],[-66.143357,18.448722],[-66.143366,18.448712],[-66.143374,18.448702],[-66.143393,18.448683],[-66.143403,18.448675],[-66.143423,18.448657],[-66.143485,18.448606],[-66.143515,18.448579],[-66.143524,18.44857],[-66.143543,18.44855],[-66.143562,18.448531],[-66.143652,18.448431],[-66.143671,18.448411],[-66.14368,18.448402],[-66.1437,18.448384],[-66.143711,18.448377],[-66.143722,18.448369],[-66.143734,18.448362],[-66.143758,18.44835],[-66.143822,18.448322],[-66.143835,18.448316],[-66.143847,18.44831],[-66.143859,18.448303],[-66.14387,18.448296],[-66.143881,18.448288],[-66.143911,18.448261],[-66.14392,18.448251],[-66.143928,18.448241],[-66.143936,18.448232],[-66.143943,18.448222],[-66.143948,18.448212],[-66.143952,18.448201],[-66.143954,18.448191]]]}},{"type":"Feature","properties":{"OBJECTID":3113777,"DFIRM_ID":"72000C","FLD_ZONE":"X","ZONE_SUBTY":"0.2 PCT ANNUAL CHANCE FLOOD HAZARD","SFHA_TF":"F","STATIC_BFE":-9999,"V_DATUM":"","LEN_UNIT":"","SOURCE_CIT":"72000C_FIS1"},"geometry":{"type":"MultiPolygon","coordinates":[[[[-66.17015800026537,18.43404900002527],[-66.1701459996715,18.433994000218963],[-66.17010899986158,18.433816000043457],[-66.17009499961787,18.433751000182394],[-66.17006600020387,18.43372400006243],[-66.16995200040107,18.433617999708297],[-66.16991600041605,18.433582999745827],[-66.16975499985925,18.43352099962443],[-66.1697080000036,18.433512000140993],[-66.1696729998435,18.433505999632896],[-66.16937300026785,18.433477999815743],[-66.16916999987824,18.43345499999291],[-66.16880500000525,18.433459999991708],[-66.16853600039174,18.433464999990342],[-66.1683149995605,18.433432000167013],[-66.16812299993987,18.433385999653805],[-66.16783199968674,18.433196000367776],[-66.16777499978532,18.433003000182783],[-66.16775499969384,18.432751000074308],[-66.16777899998328,18.432553999881044],[-66.16796700030427,18.432301999966622],[-66.16828899962123,18.43221000002754],[-66.16856900000371,18.43218999988608],[-66.16870500044615,18.43214699974445],[-66.16923500017556,18.43210200025858],[-66.16966299979774,18.432051000202073],[-66.16967600021654,18.43204499964297],[-66.1698290003774,18.431961000316086],[-66.16986000033954,18.43194400000089],[-66.16986700001225,18.431903999653724],[-66.16990299999725,18.43168600032518],[-66.16990800002014,18.431656000020602],[-66.16988600027882,18.43154900042583],[-66.1698700003853,18.431472000254118],[-66.16965100010218,18.431268000041932],[-66.16947100017713,18.431124000398132],[-66.16936300022208,18.431036999897945],[-66.16912700022054,18.43094599980765],[-66.16886799975445,18.430832000347703],[-66.16864699982152,18.430694000092917],[-66.16832499960623,18.430552000172124],[-66.16825900038232,18.43053100016189],[-66.16802699968041,18.430460000148834],[-66.16772000043206,18.430418999779857],[-66.16728600006378,18.43038900010647],[-66.16706199975779,18.430379999606885],[-66.16658999975469,18.430362999987604],[-66.16620700033836,18.430323000124847],[-66.166110000254,18.430312999944608],[-66.16579800008444,18.43023500039398],[-66.16572500028951,18.430201999950633],[-66.1655960004181,18.430133999688554],[-66.16557899980134,18.430117000044962],[-66.16553000029585,18.430119999932078],[-66.16552400044807,18.43006999981841],[-66.16542999983842,18.429962000409617],[-66.16500200021625,18.429316000193776],[-66.16493365867068,18.429219567239947],[-66.164933,18.42922],[-66.164399,18.429571],[-66.163554,18.430071],[-66.161987,18.431033],[-66.161545,18.431346],[-66.160891,18.431948],[-66.160696,18.432253],[-66.160461,18.432811],[-66.160208,18.433419],[-66.160117,18.433723],[-66.160108,18.434174],[-66.16011,18.43437],[-66.160418,18.436088],[-66.16052,18.4368],[-66.160603,18.437452],[-66.160613,18.437509],[-66.160848,18.43869],[-66.161012,18.439522],[-66.161046,18.439813],[-66.161048,18.439994],[-66.161066,18.440322],[-66.161188,18.44101],[-66.161325,18.44172],[-66.161452,18.442578],[-66.161622,18.443621],[-66.161772,18.4444],[-66.161916,18.445284],[-66.162041,18.446237],[-66.162168,18.446867],[-66.162217,18.44712],[-66.162256,18.447332],[-66.16229565965013,18.44761906032472],[-66.16230200044211,18.447608000152698],[-66.16252000000199,18.447229000017195],[-66.16288499987498,18.446490999977662],[-66.16314500016597,18.445982000115453],[-66.1634139997795,18.445316999734047],[-66.16353900035126,18.444941000137266],[-66.16362600038991,18.44462500007537],[-66.16372699977394,18.444138999897476],[-66.16377000032995,18.44375399962749],[-66.1637610001091,18.44330900025474],[-66.16375600008625,18.442693999616935],[-66.16375600008625,18.44229099976624],[-66.16374699986541,18.441972999872345],[-66.1638230000334,18.441587999861703],[-66.16416899963981,18.440345000098826],[-66.16464499984087,18.438790000359845],[-66.16489500008613,18.438025000418317],[-66.16496000038346,18.43785999965029],[-66.16498999962236,18.437752999656354],[-66.16501499973673,18.43766500032026],[-66.16508000003407,18.437556999717675],[-66.1651679998976,18.437347000387536],[-66.16528000005059,18.43707500025692],[-66.165449000105,18.436804999826837],[-66.16569299960415,18.436446999865076],[-66.16581300015307,18.436327000234716],[-66.16597100033681,18.436167999956297],[-66.16606400022324,18.4360760003819],[-66.16647699977679,18.435657999694698],[-66.16684699967264,18.435355999788957],[-66.16720700042107,18.435098999770116],[-66.16751500039264,18.434962000034147],[-66.16762099979955,18.434940999710385],[-66.16777399996043,18.43491199962432],[-66.16804799959681,18.434888000342827],[-66.16833200017724,18.434925999842804],[-66.16853899986648,18.4350300000909],[-66.1685460004375,18.435037000195507],[-66.16870000042327,18.435221000407257],[-66.1688219997237,18.43538799959526],[-66.16897999990745,18.435512000173365],[-66.16931200016847,18.43557200028351],[-66.16945899958324,18.43554100015819],[-66.16965799977488,18.435498000002603],[-66.16974200033879,18.435413999806375],[-66.16983299967706,18.43538400015244],[-66.16990399982217,18.435215999607454],[-66.1699549998758,18.435095000320555],[-66.17001099995228,18.43496100038403],[-66.17001400032534,18.434935000104392],[-66.17009999964075,18.43450400030449],[-66.17015300024252,18.43427899987678],[-66.17015499989233,18.434177999842795],[-66.17015800026537,18.43404900002527]]],[[[-66.16470622440721,18.428944725408538],[-66.16460600038113,18.42883800023158],[-66.16459100031251,18.42882200014568],[-66.16439499959561,18.42864300004191],[-66.164202999975,18.42853300036183],[-66.16396199995059,18.428455000003698],[-66.16364999978103,18.428389999820254],[-66.16307800021882,18.428335999596726],[-66.16258299975118,18.428249000242584],[-66.16250400010846,18.428222999800102],[-66.16220899965737,18.428125000391503],[-66.16203600030333,18.4280240001512],[-66.16188899999024,18.427861000245805],[-66.16182200004309,18.42753599966476],[-66.16187899994448,18.42726499989854],[-66.1619280003483,18.427021000029832],[-66.16191300027967,18.42664999980709],[-66.16189099964005,18.426451000042377],[-66.16188800016532,18.426433000334953],[-66.16170099966925,18.426223000200196],[-66.16169300017164,18.426214000334813],[-66.16163600027024,18.42617899971742],[-66.16156799959987,18.42613700033077],[-66.16146899986566,18.426075999782874],[-66.16132300027579,18.426049000162156],[-66.16110900001554,18.426006999891477],[-66.16076800043201,18.425940999932426],[-66.160472000156,18.425883000128284],[-66.16006600027514,18.425514000269683],[-66.1599790002365,18.425422000107744],[-66.15995300029722,18.425393000120607],[-66.15979900031145,18.425163000313866],[-66.15968799998336,18.424910999794566],[-66.15955900011194,18.424540000133607],[-66.15946299985247,18.424227999767094],[-66.15933800017899,18.423929999948452],[-66.15917400014747,18.423513000130527],[-66.15909499960642,18.423374000250686],[-66.15900699974289,18.423218999651276],[-66.15868899972557,18.42284799974979],[-66.15844199985335,18.42252399964531],[-66.1584159999141,18.42248899998152],[-66.15832499967749,18.42226000027684],[-66.15829100024064,18.42189299976823],[-66.15836300021066,18.421699999681262],[-66.15842099993696,18.42157999998607],[-66.15784799965154,18.421668999611775],[-66.15753899985503,18.421695999920015],[-66.15743459393208,18.421707034573803],[-66.157474,18.42186],[-66.157518,18.422032],[-66.157802,18.423134],[-66.15786,18.423404],[-66.158152,18.424729],[-66.15829,18.425351],[-66.158675,18.427072],[-66.15896,18.428213],[-66.159138,18.429127],[-66.159315,18.43004],[-66.159401,18.430537],[-66.15957,18.431541],[-66.159742,18.432459],[-66.15982,18.43292],[-66.159848,18.432925],[-66.159889,18.432901],[-66.160072,18.432599],[-66.160367,18.432088],[-66.160794,18.431521],[-66.161272,18.431003],[-66.162136,18.430415],[-66.163728,18.429534],[-66.164386,18.429127],[-66.164704,18.428946],[-66.16470622440721,18.428944725408538]]]]}},{"type":"Feature","properties":{"OBJECTID":3113784,"DFIRM_ID":"72000C","FLD_ZONE":"X","ZONE_SUBTY":"0.2 PCT ANNUAL CHANCE FLOOD HAZARD","SFHA_TF":"F","STATIC_BFE":-9999,"V_DATUM":"","LEN_UNIT":"","SOURCE_CIT":"72000C_FIS1"},"geometry":{"type":"Polygon","coordinates":[[[-66.16178012249574,18.448401051230807],[-66.161779,18.448396],[-66.16159,18.447161],[-66.161565,18.447017],[-66.161345,18.445601],[-66.16107,18.443925],[-66.160902,18.442732],[-66.160835,18.442236],[-66.160611,18.440902],[-66.160445,18.44004],[-66.160399,18.439809],[-66.160187,18.438723],[-66.160138,18.438385],[-66.160034,18.437773],[-66.159985,18.437542],[-66.159974,18.437486],[-66.159943,18.437124],[-66.159912,18.436863],[-66.159898,18.436739],[-66.159541,18.434759],[-66.159275,18.43325],[-66.158996,18.431624],[-66.158884,18.43097],[-66.158517,18.428825],[-66.15825,18.427632],[-66.157756,18.425456],[-66.157648,18.424977],[-66.157099,18.422716],[-66.15686891549505,18.421786154356017],[-66.15601514782672,18.421907595590945],[-66.156059,18.422093],[-66.156206,18.42273],[-66.156598,18.424087],[-66.156895,18.425518],[-66.156906,18.425567],[-66.157372,18.427962],[-66.157914,18.430381],[-66.158104,18.431336],[-66.158113,18.431394],[-66.158251,18.43236],[-66.1584,18.433317],[-66.15855,18.434274],[-66.15871,18.435127],[-66.158871,18.43598],[-66.159004,18.436749],[-66.159039,18.436934],[-66.159144,18.437503],[-66.159166,18.437623],[-66.159254,18.438091],[-66.159312,18.438497],[-66.159393,18.439112],[-66.159521,18.439629],[-66.159518,18.439798],[-66.159561,18.439942],[-66.159632,18.440398],[-66.159679,18.440754],[-66.159698,18.440911],[-66.159725,18.441111],[-66.159799,18.441532],[-66.160048,18.442909],[-66.160097,18.443211],[-66.160216,18.443933],[-66.160351,18.444792],[-66.160537,18.445701],[-66.160569,18.445997],[-66.160637,18.446541],[-66.160682,18.446839],[-66.160757,18.447357],[-66.160824,18.447686],[-66.160876,18.447842],[-66.160929,18.447997],[-66.160952,18.448197],[-66.161079,18.448924],[-66.16110674144646,18.449080604939727],[-66.16110999984046,18.449076999859837],[-66.16147700026157,18.44873000028746],[-66.16177500018742,18.448408000391094],[-66.16178012249574,18.448401051230807]]]}},{"type":"Feature","properties":{"OBJECTID":3113785,"DFIRM_ID":"72000C","FLD_ZONE":"X","ZONE_SUBTY":"AREA OF MINIMAL FLOOD HAZARD","SFHA_TF":"F","STATIC_BFE":-9999,"V_DATUM":"","LEN_UNIT":"","SOURCE_CIT":"72000C_FIS1"},"geometry":{"type":"Polygon","coordinates":[[[-66.126897,18.440334],[-66.126863,18.440116],[-66.126838,18.440084],[-66.126803,18.440041],[-66.126786,18.440019],[-66.126777,18.440009],[-66.126768,18.439998],[-66.126749,18.439979],[-66.126739,18.43997],[-66.126728,18.439961],[-66.126718,18.439953],[-66.126695,18.439936],[-66.126673,18.43992],[-66.126604,18.439873],[-66.126558,18.439841],[-66.126535,18.439826],[-66.126524,18.439819],[-66.126512,18.439811],[-66.1265,18.439804],[-66.12644,18.439774],[-66.126379,18.439746],[-66.126355,18.439735],[-66.126331,18.439723],[-66.126236,18.439676],[-66.126212,18.439665],[-66.126186,18.439653],[-66.126147,18.439636],[-66.126,18.439575],[-66.12596,18.439559],[-66.125948,18.439554],[-66.125936,18.43955],[-66.125926,18.439547],[-66.125916,18.439545],[-66.125909,18.439544],[-66.125904,18.439546],[-66.125903,18.439551],[-66.125904,18.439558],[-66.125907,18.439567],[-66.125911,18.439577],[-66.125916,18.439588],[-66.125922,18.439599],[-66.125956,18.439661],[-66.12597,18.439686],[-66.125976,18.439698],[-66.125982,18.439711],[-66.125987,18.439723],[-66.125991,18.439735],[-66.125993,18.439745],[-66.125994,18.439754],[-66.125994,18.439763],[-66.125993,18.43977],[-66.125991,18.439776],[-66.125988,18.439779],[-66.125982,18.43978],[-66.125974,18.439778],[-66.125965,18.439775],[-66.125955,18.439769],[-66.125944,18.439763],[-66.125933,18.439756],[-66.12591,18.43974],[-66.125781,18.43965],[-66.125676,18.439577],[-66.125433,18.439408],[-66.125282,18.439304],[-66.125247,18.43928],[-66.125225,18.439264],[-66.125213,18.439255],[-66.125203,18.439247],[-66.125192,18.439238],[-66.125182,18.439228],[-66.125164,18.439208],[-66.125156,18.439197],[-66.125147,18.439186],[-66.12514,18.439175],[-66.125124,18.439152],[-66.125024,18.439003],[-66.124998,18.438965],[-66.124932,18.438866],[-66.124863,18.438764],[-66.124769,18.438627],[-66.124754,18.438604],[-66.124747,18.438592],[-66.12474,18.438581],[-66.124728,18.438557],[-66.124723,18.438544],[-66.124719,18.438532],[-66.124716,18.438519],[-66.124713,18.438505],[-66.124711,18.438492],[-66.124708,18.438465],[-66.124703,18.438424],[-66.124687,18.438247],[-66.124647,18.437838],[-66.124628,18.437647],[-66.124622,18.437593],[-66.12462,18.437579],[-66.124614,18.437553],[-66.124602,18.437514],[-66.124597,18.437503],[-66.124581,18.437463],[-66.124499,18.437272],[-66.124357,18.436943],[-66.124292,18.43679],[-66.124233,18.43665],[-66.124231,18.436646],[-66.124184,18.436728],[-66.124107,18.436781],[-66.123972,18.436927],[-66.123952,18.437022],[-66.123985,18.437175],[-66.123945,18.437329],[-66.123966,18.437503],[-66.123978,18.437605],[-66.124098,18.437977],[-66.124172,18.438251],[-66.124346,18.438578],[-66.124592,18.439029],[-66.124687,18.439158],[-66.124998,18.439492],[-66.125117,18.439619],[-66.12521,18.439713],[-66.125385,18.439889],[-66.125687,18.440114],[-66.126124,18.440365],[-66.1265,18.440453],[-66.126765,18.440445],[-66.126855,18.440399],[-66.126897,18.440334]]]}},{"type":"Feature","properties":{"OBJECTID":3113790,"DFIRM_ID":"72000C","FLD_ZONE":"X","ZONE_SUBTY":"AREA OF MINIMAL FLOOD HAZARD","SFHA_TF":"F","STATIC_BFE":-9999,"V_DATUM":"","LEN_UNIT":"","SOURCE_CIT":"72000C_FIS1"},"geometry":{"type":"Polygon","coordinates":[[[-66.140999,18.430953],[-66.140783,18.43047],[-66.139933,18.429904],[-66.139186,18.429234],[-66.138404,18.42866],[-66.138397,18.428663],[-66.138355,18.42868],[-66.138319,18.428691],[-66.138302,18.428694],[-66.138282,18.428696],[-66.138198,18.428698],[-66.138166,18.428704],[-66.13813,18.428714],[-66.138109,18.428723],[-66.138096,18.428733],[-66.138083,18.428746],[-66.138071,18.428763],[-66.138055,18.428788],[-66.138044,18.42881],[-66.138034,18.428834],[-66.138026,18.428862],[-66.138019,18.428893],[-66.138012,18.428946],[-66.138012,18.428997],[-66.138016,18.429024],[-66.138021,18.429053],[-66.138029,18.429082],[-66.138039,18.429112],[-66.138063,18.429164],[-66.138092,18.429213],[-66.138111,18.429239],[-66.138131,18.429263],[-66.138151,18.429284],[-66.138172,18.429303],[-66.138204,18.429328],[-66.138228,18.429342],[-66.138249,18.429349],[-66.13828,18.429356],[-66.138307,18.429359],[-66.138336,18.429358],[-66.138368,18.429353],[-66.138457,18.429335],[-66.138485,18.429333],[-66.138509,18.429333],[-66.13856,18.429336],[-66.138588,18.429343],[-66.138611,18.429355],[-66.138639,18.429375],[-66.138666,18.429398],[-66.138692,18.429426],[-66.138716,18.429454],[-66.138733,18.42948],[-66.138745,18.429505],[-66.138755,18.429531],[-66.138762,18.429561],[-66.138766,18.4296],[-66.138767,18.429635],[-66.138764,18.429689],[-66.138756,18.429783],[-66.13875,18.429822],[-66.138743,18.429858],[-66.138731,18.42991],[-66.138719,18.429939],[-66.138699,18.429969],[-66.138673,18.429997],[-66.138658,18.430007],[-66.13864,18.430016],[-66.138618,18.430023],[-66.138553,18.430039],[-66.138535,18.430046],[-66.138519,18.430055],[-66.138488,18.430078],[-66.13846,18.430104],[-66.138437,18.430131],[-66.13842,18.430156],[-66.138406,18.430181],[-66.1384,18.4302],[-66.138398,18.430217],[-66.1384,18.430232],[-66.138406,18.430247],[-66.13842,18.430267],[-66.138435,18.430284],[-66.138453,18.430301],[-66.138476,18.430318],[-66.138508,18.430339],[-66.138535,18.430354],[-66.138562,18.430368],[-66.138589,18.430379],[-66.138616,18.430388],[-66.138643,18.430395],[-66.138671,18.4304],[-66.138699,18.430404],[-66.138727,18.430405],[-66.138754,18.430405],[-66.138783,18.430402],[-66.138846,18.43039],[-66.138893,18.430377],[-66.138931,18.430362],[-66.138955,18.43035],[-66.138983,18.430333],[-66.139007,18.430316],[-66.139033,18.430294],[-66.139114,18.430211],[-66.139147,18.430182],[-66.139209,18.430131],[-66.13925,18.430099],[-66.139289,18.430072],[-66.139326,18.430051],[-66.139372,18.430026],[-66.139402,18.430015],[-66.139436,18.430008],[-66.139471,18.430007],[-66.139506,18.430011],[-66.139564,18.430028],[-66.1396,18.430039],[-66.13964,18.430055],[-66.139764,18.43011],[-66.139838,18.430147],[-66.140018,18.430247],[-66.14007,18.430271],[-66.140118,18.43029],[-66.14017,18.430305],[-66.140293,18.430333],[-66.140324,18.430342],[-66.14035,18.430352],[-66.1404,18.430373],[-66.140435,18.430392],[-66.140467,18.430412],[-66.140496,18.430434],[-66.140522,18.430457],[-66.140527,18.430463],[-66.140544,18.430481],[-66.140563,18.430503],[-66.140573,18.430519],[-66.140581,18.430538],[-66.140584,18.430553],[-66.140583,18.430561],[-66.140581,18.430571],[-66.140566,18.430601],[-66.140557,18.430617],[-66.140543,18.430633],[-66.140492,18.43068],[-66.140476,18.430697],[-66.140463,18.430715],[-66.140456,18.430733],[-66.140451,18.430754],[-66.14045,18.43077],[-66.140453,18.430789],[-66.140464,18.430816],[-66.140476,18.430839],[-66.140502,18.430875],[-66.140549,18.430937],[-66.14061,18.431006],[-66.140631,18.431027],[-66.140656,18.431049],[-66.140744,18.431117],[-66.140768,18.431137],[-66.140778,18.431138],[-66.14079,18.431138],[-66.140802,18.431136],[-66.140813,18.431132],[-66.140824,18.431126],[-66.140835,18.431118],[-66.140845,18.43111],[-66.140855,18.431101],[-66.140875,18.431081],[-66.140895,18.43106],[-66.140954,18.430998],[-66.140973,18.430978],[-66.140982,18.430969],[-66.140991,18.430961],[-66.140999,18.430953]]]}},{"type":"Feature","properties":{"OBJECTID":3113940,"DFIRM_ID":"72000C","FLD_ZONE":"X","ZONE_SUBTY":"AREA OF MINIMAL FLOOD HAZARD","SFHA_TF":"F","STATIC_BFE":-9999,"V_DATUM":"","LEN_UNIT":"","SOURCE_CIT":"72000C_FIS1"},"geometry":{"type":"MultiPolygon","coordinates":[[[[-66.16006038842136,18.449736391597604],[-66.159998,18.449287],[-66.159811,18.448065],[-66.159756,18.447691],[-66.1597493622789,18.447646705976535],[-66.1596279997089,18.44789300023882],[-66.15957300035564,18.447997999882237],[-66.15954900006619,18.44804399989246],[-66.15953700037063,18.448065999893004],[-66.15951599955592,18.448107000312564],[-66.1594939998146,18.44814799987016],[-66.15948700014191,18.448161999862354],[-66.15942799969237,18.44823799980006],[-66.15939300043058,18.448281999748605],[-66.15927799990453,18.44860300031043],[-66.15920599993451,18.44891899987134],[-66.1591549998809,18.44938700029942],[-66.15912499974367,18.449460999711373],[-66.15909100030679,18.449826999742694],[-66.15909100030679,18.450161000240726],[-66.15914900003311,18.450134999704815],[-66.15930100036907,18.450066000098868],[-66.15968399978541,18.449892999902808],[-66.1598040003343,18.449843999992943],[-66.16006038842136,18.449736391597604]]],[[[-66.15918738186744,18.44565496537832],[-66.15918,18.445628],[-66.159156,18.445542],[-66.158836,18.443844],[-66.158548,18.442371],[-66.15842,18.441492],[-66.158352,18.441091],[-66.158095,18.439557],[-66.157943,18.438716],[-66.157821,18.437944],[-66.157757,18.437679],[-66.157714,18.437503],[-66.157703,18.437458],[-66.157653,18.437095],[-66.157649,18.437068],[-66.15751,18.436163],[-66.15738,18.435443],[-66.157295,18.434814],[-66.157285,18.434796],[-66.157243,18.43474],[-66.157155,18.434684],[-66.157071,18.434645],[-66.156998,18.434621],[-66.156911,18.434605],[-66.156815,18.434601],[-66.156616,18.434598],[-66.156551,18.434611],[-66.156493,18.434638],[-66.156429,18.434684],[-66.156395,18.43474],[-66.156431,18.434953],[-66.156495,18.435327],[-66.156556,18.435682],[-66.156587,18.435822],[-66.156546,18.436001],[-66.156486,18.436104],[-66.156405,18.436183],[-66.156329,18.436234],[-66.15619,18.436292],[-66.156013,18.436365],[-66.155831,18.436482],[-66.155716,18.436628],[-66.155647,18.436747],[-66.155598,18.43689],[-66.155578,18.437078],[-66.155597,18.437242],[-66.155644,18.437423],[-66.155691,18.437503],[-66.155729,18.437568],[-66.155802,18.437725],[-66.155858,18.437886],[-66.155954,18.438131],[-66.156006,18.438316],[-66.156028,18.438512],[-66.156013,18.43864],[-66.155999,18.438739],[-66.155989,18.438843],[-66.155957,18.438995],[-66.155899,18.43921],[-66.155886,18.439247],[-66.155921,18.439262],[-66.155999,18.439292],[-66.156012,18.439296],[-66.156025,18.439299],[-66.156038,18.439301],[-66.156051,18.439302],[-66.156062,18.439302],[-66.156074,18.4393],[-66.156084,18.439298],[-66.156094,18.439295],[-66.156103,18.439291],[-66.15611,18.439286],[-66.156116,18.439281],[-66.156118,18.439275],[-66.156117,18.439269],[-66.156113,18.439261],[-66.156107,18.439254],[-66.1561,18.439246],[-66.156091,18.439238],[-66.156081,18.439229],[-66.15605,18.439204],[-66.15603,18.439186],[-66.156021,18.439177],[-66.156012,18.439167],[-66.156005,18.439157],[-66.155999,18.439147],[-66.155995,18.439135],[-66.155992,18.439123],[-66.155991,18.439111],[-66.155991,18.439072],[-66.155994,18.439046],[-66.155995,18.439033],[-66.155997,18.439021],[-66.155999,18.439008],[-66.156001,18.438996],[-66.156004,18.438985],[-66.156008,18.438975],[-66.156014,18.438966],[-66.15602,18.438959],[-66.156029,18.438954],[-66.15604,18.438951],[-66.156052,18.438949],[-66.156078,18.438949],[-66.156092,18.43895],[-66.156121,18.438952],[-66.156252,18.438965],[-66.156281,18.438968],[-66.156309,18.438972],[-66.156322,18.438974],[-66.156334,18.438977],[-66.156346,18.438981],[-66.156355,18.438986],[-66.156363,18.438993],[-66.156368,18.439001],[-66.15637,18.439011],[-66.156372,18.439022],[-66.156372,18.439045],[-66.15637,18.439071],[-66.156364,18.439122],[-66.156363,18.439135],[-66.156363,18.439158],[-66.156365,18.439168],[-66.156368,18.439177],[-66.156372,18.439184],[-66.15638,18.439189],[-66.15639,18.439192],[-66.156401,18.439194],[-66.156426,18.439194],[-66.156454,18.439192],[-66.156482,18.439189],[-66.156656,18.43917],[-66.156685,18.439167],[-66.156713,18.439165],[-66.156728,18.439164],[-66.156742,18.439163],[-66.15677,18.439163],[-66.156783,18.439164],[-66.156796,18.439167],[-66.156809,18.439171],[-66.156821,18.439176],[-66.156833,18.439182],[-66.156845,18.439189],[-66.156856,18.439196],[-66.156868,18.439204],[-66.156891,18.43922],[-66.156994,18.439293],[-66.157017,18.439309],[-66.157039,18.439323],[-66.157049,18.43933],[-66.157059,18.439335],[-66.157068,18.439338],[-66.157075,18.43934],[-66.157081,18.439339],[-66.157085,18.439335],[-66.157087,18.439327],[-66.157088,18.439318],[-66.157088,18.439296],[-66.157085,18.439244],[-66.157084,18.439231],[-66.157084,18.439217],[-66.157085,18.439203],[-66.157087,18.439177],[-66.157089,18.439164],[-66.157095,18.439142],[-66.1571,18.439134],[-66.157106,18.439128],[-66.157115,18.439125],[-66.157125,18.439125],[-66.157136,18.439126],[-66.157148,18.439128],[-66.157174,18.439136],[-66.157187,18.439141],[-66.157214,18.439151],[-66.157324,18.439193],[-66.157352,18.439203],[-66.157378,18.439212],[-66.157391,18.439217],[-66.157404,18.43922],[-66.157415,18.439223],[-66.157426,18.439224],[-66.157435,18.439224],[-66.157443,18.439221],[-66.157447,18.439215],[-66.15745,18.439207],[-66.157452,18.439197],[-66.157452,18.439162],[-66.157448,18.439109],[-66.157446,18.439059],[-66.157445,18.439048],[-66.157444,18.439036],[-66.157441,18.439025],[-66.157438,18.439012],[-66.157433,18.439],[-66.157427,18.438988],[-66.157421,18.438975],[-66.157415,18.438963],[-66.157408,18.438952],[-66.157393,18.438928],[-66.157342,18.438845],[-66.157328,18.438822],[-66.157322,18.43881],[-66.157316,18.438799],[-66.157312,18.438787],[-66.157308,18.438776],[-66.157307,18.438766],[-66.157308,18.438756],[-66.157312,18.438747],[-66.157319,18.438738],[-66.157327,18.43873],[-66.157347,18.438714],[-66.157359,18.438706],[-66.157371,18.438699],[-66.157395,18.438684],[-66.15742,18.438669],[-66.157444,18.438655],[-66.157456,18.438649],[-66.157467,18.438643],[-66.157478,18.438638],[-66.157489,18.438635],[-66.157498,18.438634],[-66.157506,18.438635],[-66.157512,18.43864],[-66.157517,18.438648],[-66.157522,18.438657],[-66.157525,18.438668],[-66.157528,18.43868],[-66.157531,18.438693],[-66.157533,18.438706],[-66.157537,18.438733],[-66.157552,18.438829],[-66.15756,18.438884],[-66.157593,18.439087],[-66.157617,18.439235],[-66.157626,18.43929],[-66.157641,18.439371],[-66.157645,18.439398],[-66.157647,18.439412],[-66.157649,18.439425],[-66.15765,18.439438],[-66.15765,18.43945],[-66.157649,18.439462],[-66.157647,18.439472],[-66.157642,18.439482],[-66.157635,18.43949],[-66.157626,18.439496],[-66.157615,18.439502],[-66.157603,18.439507],[-66.157591,18.439511],[-66.157578,18.439516],[-66.15755,18.439523],[-66.157425,18.439557],[-66.157397,18.439565],[-66.15737,18.439573],[-66.157342,18.439582],[-66.157301,18.439596],[-66.157164,18.439644],[-66.157137,18.439653],[-66.157123,18.439658],[-66.157099,18.439668],[-66.157089,18.439674],[-66.15708,18.439679],[-66.157073,18.439685],[-66.15707,18.439692],[-66.157071,18.439699],[-66.157074,18.439706],[-66.157088,18.439722],[-66.157097,18.43973],[-66.157107,18.439739],[-66.157117,18.439747],[-66.157138,18.439765],[-66.157182,18.439799],[-66.157204,18.439815],[-66.157216,18.439823],[-66.157238,18.439837],[-66.15725,18.439843],[-66.157263,18.439847],[-66.157275,18.43985],[-66.157303,18.439852],[-66.157316,18.439851],[-66.15733,18.43985],[-66.157345,18.439849],[-66.157416,18.439842],[-66.15743,18.439841],[-66.157443,18.43984],[-66.157457,18.439839],[-66.157483,18.439841],[-66.157494,18.439843],[-66.157505,18.439848],[-66.157514,18.439854],[-66.157522,18.439862],[-66.157536,18.439882],[-66.157542,18.439893],[-66.157554,18.439917],[-66.157577,18.439965],[-66.157589,18.43999],[-66.157601,18.440013],[-66.157627,18.440058],[-66.157633,18.440069],[-66.157638,18.440081],[-66.157643,18.440092],[-66.157647,18.440104],[-66.157651,18.440115],[-66.157652,18.440127],[-66.157652,18.440139],[-66.157651,18.440151],[-66.157648,18.440163],[-66.15764,18.440187],[-66.157631,18.440212],[-66.157616,18.440249],[-66.157612,18.440261],[-66.157607,18.440273],[-66.157601,18.440297],[-66.157599,18.440308],[-66.157599,18.440319],[-66.1576,18.44033],[-66.157604,18.44034],[-66.15761,18.440349],[-66.157626,18.440367],[-66.157636,18.440376],[-66.157645,18.440385],[-66.157676,18.44041],[-66.157706,18.440437],[-66.157722,18.440457],[-66.157729,18.440468],[-66.157735,18.440479],[-66.157745,18.440503],[-66.15775,18.440516],[-66.157758,18.440541],[-66.157777,18.440604],[-66.157786,18.440629],[-66.157796,18.440653],[-66.157802,18.440665],[-66.157809,18.440676],[-66.157817,18.440686],[-66.157826,18.440696],[-66.157835,18.440705],[-66.157845,18.440714],[-66.157856,18.440723],[-66.157908,18.440765],[-66.157918,18.440773],[-66.157935,18.44079],[-66.157941,18.440798],[-66.157945,18.440807],[-66.157947,18.440815],[-66.157945,18.440823],[-66.157941,18.440832],[-66.157935,18.44084],[-66.157918,18.440857],[-66.157898,18.440873],[-66.157855,18.440907],[-66.157815,18.440943],[-66.157807,18.440953],[-66.157798,18.440964],[-66.157791,18.440975],[-66.157784,18.440987],[-66.157778,18.440999],[-66.157765,18.441023],[-66.157742,18.441072],[-66.15772,18.441122],[-66.15771,18.441147],[-66.157705,18.44116],[-66.157701,18.441172],[-66.157697,18.441185],[-66.157694,18.441198],[-66.157692,18.441224],[-66.157692,18.441238],[-66.157693,18.441251],[-66.157695,18.441278],[-66.157698,18.441305],[-66.15771,18.441414],[-66.157717,18.441483],[-66.157724,18.441551],[-66.157732,18.441635],[-66.157734,18.441662],[-66.157738,18.441688],[-66.15774,18.4417],[-66.157743,18.441711],[-66.157746,18.44172],[-66.15775,18.441728],[-66.157756,18.441732],[-66.157763,18.441733],[-66.157772,18.441731],[-66.157781,18.441728],[-66.157791,18.441723],[-66.157813,18.441709],[-66.157835,18.441694],[-66.15787,18.44167],[-66.157974,18.441596],[-66.157997,18.44158],[-66.15803,18.441559],[-66.158041,18.441554],[-66.158051,18.44155],[-66.158061,18.441548],[-66.15807,18.441549],[-66.158078,18.441553],[-66.158085,18.441559],[-66.158092,18.441568],[-66.158104,18.441588],[-66.158116,18.441612],[-66.15815,18.441687],[-66.158168,18.441723],[-66.158182,18.441747],[-66.158223,18.441818],[-66.158236,18.441841],[-66.158242,18.441853],[-66.158252,18.441877],[-66.158255,18.441889],[-66.158257,18.441902],[-66.158258,18.441915],[-66.158258,18.441942],[-66.158257,18.441955],[-66.158253,18.442009],[-66.158244,18.442091],[-66.158241,18.442118],[-66.158237,18.442144],[-66.158235,18.442156],[-66.158232,18.442167],[-66.158228,18.442178],[-66.158223,18.442187],[-66.158216,18.442194],[-66.158207,18.442199],[-66.158196,18.442202],[-66.158184,18.442204],[-66.158145,18.442204],[-66.158131,18.442203],[-66.158073,18.442197],[-66.158031,18.442191],[-66.158018,18.442189],[-66.157992,18.442181],[-66.157981,18.442176],[-66.157971,18.44217],[-66.157963,18.442162],[-66.157957,18.442152],[-66.157951,18.442141],[-66.157946,18.44213],[-66.157941,18.442118],[-66.157928,18.442083],[-66.157923,18.442071],[-66.157913,18.442051],[-66.157906,18.442043],[-66.157898,18.442037],[-66.157889,18.442034],[-66.157879,18.442032],[-66.157867,18.442032],[-66.157856,18.442034],[-66.157843,18.442036],[-66.157831,18.442039],[-66.157818,18.442042],[-66.157806,18.442046],[-66.157793,18.442051],[-66.157782,18.442056],[-66.15777,18.442061],[-66.15776,18.442068],[-66.157751,18.442075],[-66.157743,18.442085],[-66.157736,18.442096],[-66.157731,18.442107],[-66.157726,18.44212],[-66.157722,18.442133],[-66.157717,18.442146],[-66.157714,18.442159],[-66.157706,18.442186],[-66.157685,18.442268],[-66.157676,18.442307],[-66.157674,18.442319],[-66.157672,18.442329],[-66.157672,18.442339],[-66.157673,18.442346],[-66.157676,18.442351],[-66.157682,18.442353],[-66.15769,18.442352],[-66.157699,18.442349],[-66.157721,18.442339],[-66.157769,18.442313],[-66.157832,18.442277],[-66.157857,18.442263],[-66.15787,18.442257],[-66.157882,18.442251],[-66.157906,18.442243],[-66.157917,18.442241],[-66.157928,18.442242],[-66.157939,18.442245],[-66.157949,18.44225],[-66.157969,18.442266],[-66.157978,18.442276],[-66.157988,18.442285],[-66.158006,18.442306],[-66.158071,18.442382],[-66.158147,18.442469],[-66.158165,18.44249],[-66.158173,18.4425],[-66.15818,18.44251],[-66.158187,18.442519],[-66.158191,18.442528],[-66.158194,18.442535],[-66.158193,18.44254],[-66.158189,18.442544],[-66.158181,18.442546],[-66.158172,18.442547],[-66.15816,18.442547],[-66.158148,18.442546],[-66.158106,18.442543],[-66.158004,18.442531],[-66.157975,18.442528],[-66.157948,18.442526],[-66.157936,18.442525],[-66.157916,18.442525],[-66.157909,18.442526],[-66.157906,18.442528],[-66.157907,18.442532],[-66.157911,18.442538],[-66.157918,18.442544],[-66.157926,18.44255],[-66.157947,18.442565],[-66.157994,18.442596],[-66.15814,18.442691],[-66.158176,18.442714],[-66.158199,18.44273],[-66.15821,18.442738],[-66.158221,18.442747],[-66.15823,18.442755],[-66.158239,18.442764],[-66.158246,18.442773],[-66.15825,18.442783],[-66.158252,18.442793],[-66.158252,18.442803],[-66.158251,18.442814],[-66.158246,18.442846],[-66.158245,18.442857],[-66.158245,18.442868],[-66.158247,18.442878],[-66.158251,18.442888],[-66.158257,18.442897],[-66.158265,18.442907],[-66.158274,18.442915],[-66.158294,18.442933],[-66.158336,18.442967],[-66.158356,18.442985],[-66.158365,18.442994],[-66.158372,18.443004],[-66.158378,18.443015],[-66.158381,18.443025],[-66.158383,18.443037],[-66.158384,18.443049],[-66.158384,18.443061],[-66.158382,18.443087],[-66.158376,18.443138],[-66.158373,18.443177],[-66.158373,18.443217],[-66.158375,18.443244],[-66.15838,18.443283],[-66.158385,18.443323],[-66.158399,18.443429],[-66.158404,18.443469],[-66.158407,18.443495],[-66.158408,18.443509],[-66.158408,18.443522],[-66.158409,18.443535],[-66.158408,18.443548],[-66.158408,18.443562],[-66.158407,18.443575],[-66.158404,18.443602],[-66.158397,18.443656],[-66.15838,18.443777],[-66.158377,18.443804],[-66.158373,18.44383],[-66.158371,18.443857],[-66.158371,18.443871],[-66.15837,18.443884],[-66.158371,18.443898],[-66.158372,18.443911],[-66.158374,18.443925],[-66.158375,18.443938],[-66.158379,18.443965],[-66.158409,18.444141],[-66.158434,18.444289],[-66.158438,18.444316],[-66.158443,18.444343],[-66.158449,18.44437],[-66.158452,18.444383],[-66.158464,18.444422],[-66.158475,18.444448],[-66.158486,18.444473],[-66.158633,18.444799],[-66.158655,18.444849],[-66.158671,18.444887],[-66.158681,18.444912],[-66.158695,18.444951],[-66.158809,18.445257],[-66.158881,18.445448],[-66.15889,18.445474],[-66.158894,18.445487],[-66.158898,18.445499],[-66.158902,18.445512],[-66.158905,18.445525],[-66.158907,18.445538],[-66.158908,18.445552],[-66.158908,18.445565],[-66.158907,18.445579],[-66.158906,18.445592],[-66.158905,18.445606],[-66.158902,18.445633],[-66.15889471305776,18.445684818255874],[-66.15892499972712,18.445674999963252],[-66.15896200043537,18.44567200034768],[-66.15903100003233,18.445666000264175],[-66.15909299995661,18.445662000208408],[-66.15910999967505,18.445660999768343],[-66.15916099972868,18.44565699971245],[-66.15917599979728,18.445656000124547],[-66.15918738186744,18.44565496537832]]],[[[-66.14752373447142,18.453173849376164],[-66.147521,18.453162],[-66.147519,18.453149],[-66.147508,18.45311],[-66.147487,18.453031],[-66.14748,18.453005],[-66.147472,18.452981],[-66.147468,18.45297],[-66.147464,18.45296],[-66.14746,18.452952],[-66.147455,18.452946],[-66.14745,18.452944],[-66.147444,18.452945],[-66.147438,18.452949],[-66.147431,18.452956],[-66.147424,18.452964],[-66.147417,18.452974],[-66.147409,18.452985],[-66.147387,18.453019],[-66.147311,18.453136],[-66.147228,18.453263],[-66.147197,18.453309],[-66.147173,18.453342],[-66.147148,18.453375],[-66.147113,18.453419],[-66.147087,18.453451],[-66.14707,18.453471],[-66.147061,18.453481],[-66.147053,18.45349],[-66.147044,18.453498],[-66.147035,18.453504],[-66.147026,18.453508],[-66.147018,18.45351],[-66.147009,18.453509],[-66.147,18.453504],[-66.146991,18.453498],[-66.146983,18.453491],[-66.146965,18.453473],[-66.146938,18.453445],[-66.146928,18.453436],[-66.146919,18.453428],[-66.146909,18.45342],[-66.146899,18.453415],[-66.146888,18.45341],[-66.146876,18.453409],[-66.146864,18.453409],[-66.146838,18.453413],[-66.146812,18.453421],[-66.146798,18.453426],[-66.146743,18.453445],[-66.146716,18.453454],[-66.146702,18.453457],[-66.146688,18.453461],[-66.146674,18.453464],[-66.146662,18.453465],[-66.146649,18.453466],[-66.146637,18.453467],[-66.146588,18.453467],[-66.146576,18.453466],[-66.146565,18.453465],[-66.146554,18.453463],[-66.146545,18.453459],[-66.146538,18.453454],[-66.146533,18.453447],[-66.14653,18.453438],[-66.146528,18.453428],[-66.146527,18.453416],[-66.146527,18.453404],[-66.146528,18.453392],[-66.146529,18.453354],[-66.146529,18.453341],[-66.146528,18.453328],[-66.146527,18.453316],[-66.146524,18.453304],[-66.14652,18.453291],[-66.146514,18.453279],[-66.1465,18.453257],[-66.146492,18.453245],[-66.146475,18.453223],[-66.14636,18.45308],[-66.146334,18.453048],[-66.146325,18.453038],[-66.146317,18.453029],[-66.146308,18.453021],[-66.146301,18.453015],[-66.146293,18.453011],[-66.146286,18.45301],[-66.14628,18.453013],[-66.146275,18.453019],[-66.14627,18.453028],[-66.146265,18.453038],[-66.14626,18.453049],[-66.146256,18.453061],[-66.146244,18.4531],[-66.146211,18.453207],[-66.146153,18.453391],[-66.146117,18.45351],[-66.146109,18.453537],[-66.146105,18.453549],[-66.1461,18.453562],[-66.146095,18.453574],[-66.14609,18.453585],[-66.146084,18.453596],[-66.146077,18.453605],[-66.146068,18.453612],[-66.146058,18.453617],[-66.146047,18.453619],[-66.146035,18.453621],[-66.146022,18.453622],[-66.146008,18.453622],[-66.145966,18.453619],[-66.145851,18.453609],[-66.145808,18.453605],[-66.145779,18.453603],[-66.145751,18.453601],[-66.145712,18.453601],[-66.14564,18.453602],[-66.145627,18.453603],[-66.145615,18.453603],[-66.145603,18.453605],[-66.145592,18.453607],[-66.145578,18.45361],[-66.145565,18.453615],[-66.145553,18.45362],[-66.14554,18.453626],[-66.145515,18.453638],[-66.145489,18.453651],[-66.145426,18.453685],[-66.145401,18.453698],[-66.145377,18.453711],[-66.145355,18.453725],[-66.145348,18.45373],[-66.145482,18.453793],[-66.145498,18.45381],[-66.145561,18.453844],[-66.145728,18.453905],[-66.145875,18.453938],[-66.145975,18.453949],[-66.146151,18.45395],[-66.146228,18.453954],[-66.146606,18.454011],[-66.146891,18.454034],[-66.147037,18.45403],[-66.147198,18.45399],[-66.14723532100784,18.453987566021226],[-66.14723799962744,18.453980000086723],[-66.14726299974177,18.45390799999765],[-66.14732279588758,18.45373977902673],[-66.147297,18.453738],[-66.147268,18.453735],[-66.147226,18.453729],[-66.147198,18.453721],[-66.147172,18.453711],[-66.147146,18.453699],[-66.147121,18.453687],[-66.147109,18.45368],[-66.147087,18.453668],[-66.147078,18.453661],[-66.14707,18.453654],[-66.147065,18.453648],[-66.147062,18.453641],[-66.147064,18.453634],[-66.147069,18.453627],[-66.147076,18.45362],[-66.147085,18.453613],[-66.147095,18.453606],[-66.147106,18.453599],[-66.147142,18.453578],[-66.147252,18.453514],[-66.147276,18.4535],[-66.1473,18.453485],[-66.147323,18.453471],[-66.147345,18.453455],[-66.147356,18.453446],[-66.147366,18.453437],[-66.147376,18.453427],[-66.147394,18.453407],[-66.14742,18.453376],[-66.147472,18.453312],[-66.14747688476771,18.453305965875177],[-66.14752373447142,18.453173849376164]]]]}},{"type":"Feature","properties":{"OBJECTID":3114120,"DFIRM_ID":"72000C","FLD_ZONE":"X","ZONE_SUBTY":"AREA OF MINIMAL FLOOD HAZARD","SFHA_TF":"F","STATIC_BFE":-9999,"V_DATUM":"","LEN_UNIT":"","SOURCE_CIT":"72000C_FIS1"},"geometry":{"type":"Polygon","coordinates":[[[-66.156588,18.443487],[-66.156587,18.443474],[-66.156586,18.44346],[-66.156584,18.443447],[-66.156582,18.443433],[-66.156578,18.443406],[-66.156549,18.443257],[-66.156528,18.443148],[-66.15651,18.443053],[-66.156482,18.442901],[-66.156477,18.442876],[-66.156474,18.442864],[-66.156471,18.442853],[-66.156468,18.442845],[-66.156464,18.442839],[-66.15646,18.442836],[-66.156455,18.442837],[-66.15645,18.442842],[-66.156445,18.44285],[-66.156439,18.442859],[-66.156433,18.442869],[-66.156421,18.442892],[-66.156377,18.442978],[-66.156351,18.443028],[-66.156331,18.443064],[-66.156263,18.443186],[-66.15625,18.443209],[-66.156243,18.443221],[-66.156236,18.443232],[-66.156228,18.443243],[-66.156221,18.443252],[-66.156213,18.443261],[-66.156204,18.443268],[-66.156195,18.443272],[-66.156185,18.443273],[-66.156174,18.443272],[-66.156162,18.443269],[-66.15615,18.443265],[-66.156138,18.44326],[-66.156125,18.443255],[-66.156087,18.443236],[-66.15601,18.443197],[-66.155947,18.443165],[-66.155832,18.443108],[-66.155768,18.443077],[-66.155707,18.443047],[-66.15567,18.44303],[-66.155646,18.443019],[-66.155622,18.443011],[-66.155611,18.443008],[-66.155601,18.443006],[-66.155591,18.443006],[-66.155582,18.443008],[-66.155575,18.443013],[-66.155568,18.44302],[-66.155562,18.443028],[-66.155557,18.443038],[-66.155542,18.443067],[-66.155537,18.443076],[-66.155531,18.443084],[-66.155525,18.44309],[-66.155519,18.443094],[-66.15551,18.443095],[-66.155501,18.443093],[-66.155491,18.443089],[-66.155481,18.443083],[-66.155471,18.443076],[-66.15546,18.443069],[-66.15545,18.44306],[-66.155432,18.443042],[-66.155425,18.443032],[-66.155419,18.443021],[-66.155415,18.443009],[-66.155413,18.442997],[-66.155412,18.442984],[-66.155412,18.442971],[-66.155414,18.442945],[-66.155418,18.442891],[-66.155419,18.442877],[-66.155421,18.442842],[-66.155422,18.44283],[-66.155423,18.442819],[-66.155429,18.442795],[-66.155434,18.442784],[-66.155439,18.442772],[-66.155445,18.442761],[-66.15547,18.442715],[-66.155476,18.442703],[-66.155481,18.442692],[-66.155486,18.44268],[-66.155489,18.442669],[-66.155491,18.442656],[-66.155491,18.442644],[-66.15549,18.442633],[-66.155488,18.442622],[-66.155484,18.442612],[-66.15548,18.442603],[-66.155473,18.442596],[-66.155464,18.442591],[-66.155454,18.442588],[-66.155442,18.442587],[-66.155429,18.442586],[-66.155416,18.442587],[-66.155402,18.442587],[-66.155388,18.442589],[-66.155375,18.44259],[-66.155333,18.442596],[-66.155321,18.442599],[-66.155308,18.442602],[-66.155297,18.442606],[-66.155288,18.442611],[-66.15528,18.442618],[-66.155276,18.442627],[-66.155273,18.442637],[-66.155271,18.442648],[-66.155271,18.442672],[-66.155272,18.442685],[-66.155274,18.442698],[-66.155277,18.442724],[-66.155293,18.442832],[-66.155299,18.442872],[-66.155301,18.442898],[-66.155302,18.44291],[-66.1553,18.442932],[-66.155297,18.442941],[-66.155292,18.442948],[-66.155284,18.442952],[-66.155275,18.442955],[-66.155264,18.442957],[-66.15524,18.442957],[-66.155227,18.442956],[-66.155214,18.442954],[-66.155201,18.442953],[-66.155188,18.44295],[-66.155175,18.442948],[-66.155153,18.44294],[-66.155144,18.442935],[-66.155136,18.442928],[-66.155132,18.44292],[-66.155129,18.44291],[-66.155127,18.442899],[-66.155127,18.442887],[-66.155129,18.442863],[-66.15513,18.44285],[-66.155134,18.442823],[-66.155141,18.44277],[-66.155143,18.442757],[-66.155145,18.442731],[-66.155145,18.442706],[-66.155143,18.442695],[-66.15514,18.442683],[-66.155134,18.442673],[-66.155127,18.442663],[-66.155119,18.442654],[-66.15511,18.442644],[-66.1551,18.442636],[-66.15509,18.442627],[-66.155057,18.442603],[-66.155035,18.442589],[-66.155023,18.442584],[-66.155012,18.442579],[-66.155,18.442577],[-66.154987,18.442576],[-66.154974,18.442577],[-66.15496,18.442579],[-66.154947,18.442583],[-66.154933,18.442587],[-66.15492,18.442591],[-66.154892,18.442601],[-66.15484,18.442621],[-66.154829,18.442626],[-66.154819,18.442631],[-66.154811,18.442637],[-66.154805,18.442642],[-66.154803,18.442647],[-66.154805,18.442652],[-66.154811,18.442657],[-66.15482,18.442663],[-66.15483,18.442668],[-66.154841,18.442673],[-66.154867,18.442684],[-66.15492,18.442705],[-66.154933,18.442711],[-66.154944,18.442716],[-66.154955,18.442722],[-66.154963,18.442727],[-66.15497,18.442733],[-66.154972,18.442739],[-66.154971,18.442746],[-66.154966,18.442752],[-66.154959,18.442759],[-66.15495,18.442766],[-66.154917,18.442787],[-66.154842,18.442829],[-66.154817,18.442844],[-66.154805,18.442851],[-66.154793,18.442859],[-66.154782,18.442867],[-66.154771,18.442876],[-66.154761,18.442884],[-66.154752,18.442892],[-66.15469,18.442954],[-66.154662,18.442979],[-66.154644,18.442995],[-66.154636,18.443004],[-66.15462,18.443024],[-66.154613,18.443035],[-66.154607,18.443047],[-66.1546,18.443059],[-66.154589,18.443083],[-66.154572,18.44312],[-66.154518,18.443244],[-66.154507,18.443269],[-66.154497,18.443294],[-66.154492,18.443306],[-66.154484,18.443332],[-66.154478,18.443358],[-66.154474,18.443386],[-66.154469,18.443427],[-66.154458,18.443524],[-66.154455,18.44355],[-66.154454,18.443575],[-66.154453,18.443585],[-66.154454,18.443594],[-66.154455,18.443601],[-66.154458,18.443604],[-66.154463,18.443604],[-66.154469,18.4436],[-66.154476,18.443594],[-66.154483,18.443586],[-66.154492,18.443577],[-66.154509,18.443557],[-66.154562,18.443491],[-66.154581,18.44347],[-66.15459,18.443459],[-66.154599,18.443449],[-66.154609,18.44344],[-66.154629,18.443424],[-66.154641,18.443419],[-66.154652,18.443415],[-66.154665,18.443413],[-66.154691,18.443413],[-66.154705,18.443414],[-66.154718,18.443415],[-66.154732,18.443416],[-66.15476,18.443419],[-66.154873,18.443433],[-66.154971,18.443445],[-66.154999,18.443448],[-66.155013,18.44345],[-66.155026,18.443452],[-66.155039,18.443455],[-66.155051,18.443458],[-66.155062,18.443462],[-66.155072,18.443468],[-66.155079,18.443474],[-66.155084,18.443483],[-66.155088,18.443493],[-66.155089,18.443504],[-66.15509,18.443516],[-66.15509,18.443541],[-66.155088,18.443567],[-66.155085,18.443593],[-66.155083,18.443606],[-66.155081,18.443618],[-66.155079,18.443629],[-66.155077,18.443639],[-66.155073,18.443648],[-66.15507,18.443654],[-66.155065,18.443657],[-66.155058,18.443657],[-66.15505,18.443654],[-66.155042,18.443649],[-66.155006,18.443621],[-66.154998,18.443616],[-66.15499,18.443613],[-66.154983,18.443613],[-66.154977,18.443616],[-66.154973,18.443622],[-66.154969,18.44363],[-66.154965,18.44364],[-66.154962,18.44365],[-66.154959,18.443662],[-66.154948,18.443712],[-66.154945,18.443724],[-66.154941,18.443736],[-66.154937,18.443747],[-66.154932,18.443758],[-66.154926,18.443768],[-66.154919,18.443776],[-66.154909,18.443783],[-66.154898,18.443788],[-66.154886,18.443791],[-66.15486,18.443797],[-66.154846,18.443799],[-66.154818,18.443801],[-66.154781,18.443801],[-66.15477,18.443799],[-66.154761,18.443796],[-66.154755,18.443791],[-66.154752,18.443784],[-66.154751,18.443775],[-66.154752,18.443764],[-66.154755,18.443753],[-66.15476,18.443728],[-66.154763,18.443716],[-66.154765,18.443703],[-66.154766,18.44369],[-66.154766,18.443678],[-66.154765,18.443666],[-66.154762,18.443655],[-66.154758,18.443646],[-66.154752,18.443638],[-66.154744,18.443633],[-66.154734,18.443629],[-66.154722,18.443627],[-66.15471,18.443626],[-66.154696,18.443625],[-66.154683,18.443625],[-66.154669,18.443626],[-66.15464,18.443627],[-66.154612,18.443629],[-66.154597,18.443631],[-66.154584,18.443633],[-66.15457,18.443636],[-66.154557,18.44364],[-66.154545,18.443645],[-66.154534,18.443651],[-66.154523,18.443658],[-66.154513,18.443666],[-66.154503,18.443675],[-66.154494,18.443684],[-66.154447,18.443732],[-66.154427,18.44375],[-66.154407,18.443766],[-66.154396,18.443774],[-66.154384,18.443781],[-66.15436,18.443793],[-66.154336,18.443804],[-66.154299,18.443821],[-66.154274,18.443833],[-66.154263,18.443839],[-66.154251,18.443846],[-66.15424,18.443853],[-66.154229,18.443861],[-66.154209,18.443879],[-66.154189,18.443898],[-66.154161,18.443927],[-66.154077,18.444017],[-66.154058,18.444036],[-66.154038,18.444055],[-66.153998,18.444091],[-66.153893,18.44418],[-66.153862,18.444206],[-66.153842,18.444224],[-66.153822,18.444243],[-66.153784,18.444281],[-66.153681,18.44439],[-66.153643,18.444429],[-66.153614,18.444458],[-66.153578,18.444492],[-66.153552,18.444518],[-66.153545,18.444528],[-66.153537,18.444539],[-66.153523,18.444561],[-66.15351,18.444585],[-66.153492,18.444621],[-66.153398,18.444815],[-66.153386,18.44484],[-66.153371,18.444876],[-66.153365,18.4449],[-66.153364,18.444913],[-66.153365,18.444925],[-66.153367,18.444937],[-66.15337,18.44495],[-66.153378,18.444974],[-66.153383,18.444987],[-66.153394,18.445011],[-66.153432,18.445098],[-66.153454,18.445148],[-66.15347,18.445186],[-66.153502,18.445261],[-66.153513,18.445286],[-66.153518,18.445298],[-66.153524,18.44531],[-66.15353,18.445321],[-66.153536,18.445331],[-66.153543,18.445341],[-66.153551,18.445348],[-66.15356,18.445354],[-66.15357,18.445357],[-66.153581,18.445359],[-66.153605,18.445357],[-66.153618,18.445355],[-66.153644,18.445349],[-66.153671,18.445342],[-66.153752,18.44532],[-66.153793,18.44531],[-66.15382,18.445303],[-66.153847,18.445297],[-66.153874,18.445292],[-66.153887,18.445289],[-66.153901,18.445287],[-66.153937,18.445283],[-66.153949,18.445281],[-66.15396,18.445279],[-66.153972,18.445276],[-66.153984,18.445271],[-66.153995,18.445264],[-66.154007,18.445257],[-66.154029,18.445241],[-66.154039,18.445232],[-66.154061,18.445215],[-66.154188,18.445104],[-66.154336,18.444977],[-66.154443,18.444886],[-66.15455,18.444796],[-66.154571,18.444777],[-66.154581,18.444768],[-66.1546,18.444749],[-66.154609,18.444739],[-66.154616,18.444728],[-66.154622,18.444717],[-66.154626,18.444706],[-66.154628,18.444694],[-66.15463,18.444668],[-66.15463,18.444655],[-66.154629,18.444642],[-66.154628,18.444615],[-66.154622,18.444533],[-66.15462,18.444505],[-66.15462,18.444466],[-66.154622,18.444442],[-66.154626,18.44442],[-66.15463,18.44441],[-66.154634,18.444402],[-66.15464,18.444395],[-66.154649,18.44439],[-66.154659,18.444386],[-66.154683,18.444384],[-66.15471,18.444384],[-66.154724,18.444385],[-66.15481,18.444391],[-66.154839,18.444392],[-66.154853,18.444393],[-66.154866,18.444392],[-66.15488,18.444391],[-66.154893,18.444389],[-66.154906,18.444386],[-66.154918,18.444381],[-66.15493,18.444375],[-66.154942,18.444368],[-66.154975,18.444344],[-66.154997,18.444326],[-66.155127,18.444216],[-66.155247,18.444117],[-66.15541,18.443982],[-66.155443,18.443955],[-66.155485,18.443917],[-66.155495,18.443908],[-66.155525,18.443878],[-66.155631,18.443766],[-66.15565,18.443745],[-66.155669,18.443725],[-66.155678,18.443714],[-66.155686,18.443704],[-66.155694,18.443693],[-66.1557,18.443681],[-66.155706,18.44367],[-66.155709,18.443658],[-66.155711,18.443645],[-66.155713,18.443619],[-66.155713,18.443605],[-66.155711,18.443578],[-66.155709,18.443524],[-66.155708,18.443496],[-66.155708,18.443482],[-66.155709,18.443469],[-66.15571,18.443441],[-66.155717,18.443343],[-66.155719,18.443316],[-66.15572,18.443303],[-66.155722,18.44329],[-66.155724,18.443278],[-66.155727,18.443267],[-66.15573,18.443257],[-66.155734,18.443249],[-66.15574,18.443244],[-66.155748,18.443242],[-66.155758,18.443243],[-66.155768,18.443245],[-66.155779,18.443249],[-66.155791,18.443255],[-66.155803,18.44326],[-66.155829,18.443273],[-66.155906,18.443314],[-66.155957,18.44334],[-66.155997,18.443359],[-66.156059,18.443388],[-66.156071,18.443394],[-66.156083,18.443399],[-66.156094,18.443405],[-66.156104,18.443412],[-66.156112,18.443418],[-66.156119,18.443426],[-66.156124,18.443434],[-66.156125,18.443443],[-66.156124,18.443452],[-66.156121,18.443462],[-66.156117,18.443473],[-66.156112,18.443484],[-66.156096,18.443518],[-66.15609,18.44353],[-66.156085,18.443542],[-66.156077,18.443566],[-66.156075,18.443579],[-66.156073,18.443591],[-66.156072,18.443604],[-66.156072,18.443617],[-66.156071,18.443656],[-66.15607,18.443669],[-66.156069,18.443681],[-66.156066,18.443693],[-66.156062,18.443704],[-66.156057,18.443715],[-66.156049,18.443726],[-66.156041,18.443736],[-66.156031,18.443745],[-66.156021,18.443755],[-66.156001,18.443773],[-66.155979,18.443792],[-66.155858,18.443891],[-66.155837,18.443909],[-66.155827,18.443919],[-66.155817,18.443928],[-66.155799,18.443948],[-66.155792,18.443958],[-66.155787,18.443969],[-66.155784,18.443981],[-66.155782,18.443993],[-66.155782,18.444019],[-66.155783,18.444033],[-66.155786,18.44406],[-66.15579,18.444087],[-66.155795,18.444115],[-66.1558,18.444141],[-66.155802,18.444154],[-66.155805,18.444166],[-66.155809,18.444177],[-66.155813,18.444187],[-66.155818,18.444194],[-66.155825,18.444199],[-66.155833,18.444201],[-66.155842,18.4442],[-66.155853,18.444197],[-66.155864,18.444193],[-66.155876,18.444188],[-66.1559,18.444176],[-66.155925,18.444163],[-66.156026,18.444108],[-66.156064,18.444087],[-66.156101,18.444068],[-66.15614,18.44405],[-66.156153,18.444045],[-66.156207,18.444027],[-66.156276,18.444006],[-66.156302,18.443997],[-66.156316,18.443992],[-66.156329,18.443987],[-66.156341,18.443981],[-66.156354,18.443975],[-66.156364,18.443968],[-66.156375,18.44396],[-66.156395,18.443944],[-66.156404,18.443935],[-66.156414,18.443926],[-66.156423,18.443916],[-66.156432,18.443907],[-66.15644,18.443897],[-66.156449,18.443888],[-66.156456,18.443877],[-66.156464,18.443867],[-66.156476,18.443843],[-66.156486,18.443819],[-66.156496,18.443794],[-66.156561,18.443603],[-66.156569,18.443577],[-66.156577,18.443552],[-66.156581,18.443539],[-66.156584,18.443526],[-66.156588,18.4435],[-66.156588,18.443487]]]}},{"type":"Feature","properties":{"OBJECTID":3114295,"DFIRM_ID":"72000C","FLD_ZONE":"X","ZONE_SUBTY":"0.2 PCT ANNUAL CHANCE FLOOD HAZARD","SFHA_TF":"F","STATIC_BFE":-9999,"V_DATUM":"","LEN_UNIT":"","SOURCE_CIT":"72000C_FIS1"},"geometry":{"type":"Polygon","coordinates":[[[-66.151092,18.446785],[-66.15109,18.446776],[-66.151086,18.446768],[-66.151079,18.446761],[-66.151059,18.446749],[-66.151047,18.446743],[-66.151034,18.446738],[-66.151022,18.446733],[-66.150995,18.446722],[-66.150887,18.446682],[-66.150833,18.446664],[-66.150819,18.446659],[-66.150806,18.446656],[-66.150792,18.446653],[-66.150778,18.446651],[-66.150765,18.44665],[-66.150751,18.44665],[-66.150737,18.446651],[-66.150722,18.446652],[-66.150694,18.446656],[-66.150622,18.446666],[-66.150595,18.44667],[-66.150569,18.446672],[-66.150558,18.446673],[-66.150548,18.446672],[-66.15054,18.44667],[-66.150535,18.446666],[-66.150533,18.446661],[-66.150535,18.446654],[-66.150538,18.446646],[-66.150542,18.446637],[-66.150554,18.446617],[-66.150562,18.446607],[-66.15057,18.446598],[-66.150579,18.446588],[-66.150588,18.446579],[-66.150599,18.44657],[-66.150609,18.446561],[-66.150631,18.446544],[-66.150664,18.446519],[-66.150686,18.446503],[-66.150696,18.446496],[-66.150705,18.446488],[-66.150713,18.44648],[-66.150719,18.446472],[-66.150723,18.446465],[-66.150725,18.446457],[-66.150722,18.44645],[-66.150717,18.446442],[-66.150709,18.446435],[-66.1507,18.446428],[-66.150678,18.446414],[-66.150654,18.4464],[-66.150629,18.446386],[-66.150477,18.446302],[-66.150429,18.446274],[-66.150419,18.446267],[-66.150409,18.446259],[-66.150401,18.446252],[-66.150394,18.446243],[-66.150391,18.446235],[-66.15039,18.446225],[-66.150393,18.446216],[-66.150397,18.446205],[-66.150403,18.446195],[-66.150417,18.446173],[-66.150433,18.446151],[-66.15045,18.446129],[-66.150519,18.44604],[-66.150544,18.446008],[-66.150562,18.445987],[-66.150572,18.445976],[-66.150581,18.445967],[-66.150601,18.445949],[-66.15064,18.445917],[-66.15065,18.445909],[-66.150659,18.4459],[-66.150668,18.445892],[-66.150676,18.445883],[-66.150683,18.445873],[-66.150689,18.445862],[-66.150694,18.445849],[-66.150698,18.445837],[-66.150701,18.445824],[-66.150704,18.44581],[-66.15071,18.445783],[-66.150714,18.445756],[-66.150719,18.445728],[-66.150723,18.445701],[-66.150724,18.445688],[-66.150726,18.445675],[-66.150726,18.445651],[-66.150725,18.44564],[-66.150723,18.445631],[-66.150718,18.445625],[-66.15071,18.44562],[-66.150701,18.445618],[-66.15069,18.445617],[-66.150677,18.445617],[-66.150638,18.445619],[-66.150612,18.445619],[-66.150599,18.445617],[-66.150588,18.445613],[-66.150578,18.445607],[-66.150569,18.445599],[-66.15056,18.44559],[-66.150552,18.44558],[-66.150545,18.44557],[-66.150537,18.445558],[-66.150508,18.445512],[-66.150493,18.445489],[-66.150486,18.445477],[-66.150477,18.445467],[-66.150469,18.445456],[-66.150433,18.44542],[-66.150417,18.4454],[-66.15041,18.445389],[-66.150383,18.445346],[-66.150376,18.445336],[-66.150369,18.445327],[-66.150362,18.44532],[-66.150354,18.445314],[-66.150346,18.44531],[-66.150338,18.44531],[-66.150329,18.445312],[-66.15032,18.445316],[-66.150312,18.445321],[-66.150304,18.445328],[-66.150299,18.445336],[-66.150295,18.445345],[-66.150294,18.445355],[-66.150295,18.445366],[-66.150298,18.445377],[-66.150302,18.445389],[-66.15032,18.445435],[-66.150324,18.445447],[-66.150326,18.445457],[-66.150327,18.445467],[-66.150325,18.445475],[-66.15032,18.445483],[-66.150313,18.445489],[-66.150304,18.445494],[-66.150293,18.445499],[-66.150282,18.445503],[-66.15027,18.445507],[-66.150257,18.445511],[-66.150205,18.445526],[-66.150179,18.445534],[-66.150166,18.445539],[-66.150154,18.445544],[-66.150141,18.445549],[-66.150117,18.445563],[-66.150106,18.44557],[-66.150083,18.445586],[-66.150039,18.445619],[-66.150017,18.445633],[-66.150007,18.445639],[-66.149997,18.445643],[-66.149987,18.445646],[-66.149978,18.445645],[-66.14997,18.445642],[-66.149962,18.445635],[-66.149955,18.445627],[-66.149941,18.445607],[-66.149927,18.445583],[-66.149914,18.445558],[-66.149895,18.445521],[-66.149882,18.445496],[-66.149876,18.445483],[-66.149866,18.445459],[-66.149862,18.445447],[-66.149859,18.445436],[-66.149858,18.445426],[-66.14986,18.445416],[-66.149865,18.445407],[-66.149872,18.445399],[-66.149881,18.445392],[-66.149892,18.445386],[-66.149903,18.445379],[-66.149915,18.445373],[-66.149928,18.445367],[-66.149979,18.445343],[-66.149991,18.445337],[-66.150003,18.44533],[-66.150015,18.445324],[-66.150026,18.445317],[-66.150035,18.44531],[-66.150043,18.445302],[-66.150049,18.445293],[-66.150052,18.445282],[-66.150053,18.445271],[-66.150053,18.44526],[-66.150051,18.445247],[-66.150049,18.445235],[-66.150045,18.445222],[-66.150042,18.445209],[-66.150037,18.445196],[-66.150033,18.445184],[-66.150028,18.445171],[-66.150023,18.445159],[-66.150018,18.445148],[-66.150011,18.445137],[-66.149999,18.445118],[-66.149994,18.445109],[-66.14999,18.4451],[-66.149988,18.445089],[-66.149989,18.445078],[-66.14999,18.445066],[-66.149999,18.44503],[-66.150005,18.444991],[-66.150005,18.444965],[-66.150003,18.444925],[-66.150003,18.444885],[-66.150006,18.444846],[-66.150006,18.444822],[-66.150005,18.444812],[-66.150002,18.444803],[-66.149998,18.444797],[-66.14999,18.444792],[-66.149981,18.44479],[-66.14997,18.444789],[-66.149958,18.444789],[-66.149945,18.44479],[-66.149889,18.444794],[-66.149861,18.444794],[-66.149847,18.444792],[-66.149834,18.44479],[-66.149821,18.444787],[-66.149809,18.444784],[-66.149785,18.444776],[-66.149774,18.444771],[-66.149764,18.444766],[-66.149755,18.44476],[-66.149749,18.444754],[-66.149744,18.444747],[-66.149743,18.444738],[-66.149744,18.444729],[-66.149748,18.444719],[-66.149752,18.444708],[-66.149764,18.444686],[-66.149778,18.444663],[-66.149823,18.444594],[-66.149845,18.444559],[-66.149852,18.444548],[-66.149859,18.444536],[-66.149865,18.444524],[-66.149872,18.444511],[-66.149877,18.444498],[-66.149888,18.444473],[-66.149906,18.444421],[-66.14991,18.444408],[-66.149913,18.444396],[-66.149916,18.444383],[-66.149917,18.444372],[-66.149917,18.44436],[-66.149914,18.44435],[-66.149909,18.444341],[-66.149901,18.444332],[-66.149892,18.444324],[-66.149859,18.444303],[-66.149846,18.444296],[-66.149822,18.444283],[-66.149632,18.444185],[-66.149607,18.444172],[-66.149586,18.44416],[-66.14959,18.444168],[-66.149616,18.444203],[-66.149682,18.444277],[-66.149705,18.44431],[-66.14974,18.444368],[-66.149748,18.444387],[-66.149752,18.444405],[-66.149754,18.444421],[-66.149753,18.444439],[-66.149746,18.444479],[-66.149734,18.444512],[-66.149711,18.444554],[-66.149684,18.444593],[-66.149646,18.444639],[-66.14961,18.444675],[-66.149567,18.444713],[-66.149511,18.444757],[-66.149461,18.444789],[-66.149402,18.444817],[-66.149373,18.444828],[-66.149345,18.444837],[-66.149293,18.444847],[-66.149213,18.444854],[-66.149165,18.444857],[-66.149112,18.444858],[-66.148987,18.444853],[-66.148872,18.444844],[-66.148759,18.444828],[-66.148708,18.444818],[-66.148653,18.444803],[-66.148592,18.444785],[-66.14841,18.444724],[-66.148351,18.444707],[-66.148297,18.444695],[-66.148226,18.444682],[-66.148181,18.444676],[-66.148123,18.444674],[-66.148066,18.444675],[-66.148003,18.444684],[-66.14792,18.444701],[-66.14785,18.444719],[-66.147775,18.444743],[-66.147703,18.44477],[-66.147631,18.4448],[-66.147562,18.444834],[-66.147493,18.444872],[-66.147408,18.444924],[-66.147335,18.444976],[-66.147263,18.445037],[-66.147255,18.445044],[-66.147252,18.445061],[-66.14725,18.445089],[-66.147249,18.445102],[-66.147249,18.445116],[-66.147251,18.445142],[-66.147253,18.445169],[-66.147258,18.445209],[-66.147264,18.445248],[-66.147267,18.44526],[-66.147273,18.445282],[-66.147277,18.445291],[-66.147281,18.445298],[-66.147287,18.445302],[-66.147295,18.445303],[-66.147303,18.445301],[-66.147313,18.445297],[-66.147323,18.445292],[-66.147345,18.445278],[-66.147356,18.44527],[-66.147379,18.445254],[-66.147471,18.445187],[-66.147494,18.445171],[-66.147505,18.445163],[-66.147529,18.445149],[-66.147553,18.445137],[-66.147565,18.445134],[-66.147578,18.445131],[-66.147618,18.445131],[-66.147632,18.445133],[-66.147645,18.445134],[-66.147701,18.445142],[-66.147729,18.445145],[-66.147742,18.445146],[-66.147756,18.445147],[-66.147784,18.445147],[-66.147812,18.445145],[-66.14784,18.445142],[-66.147909,18.445132],[-66.147936,18.445128],[-66.14795,18.445127],[-66.147963,18.445126],[-66.147976,18.445126],[-66.147988,18.445127],[-66.148,18.445129],[-66.148011,18.445132],[-66.14802,18.445138],[-66.148029,18.445146],[-66.148037,18.445155],[-66.148044,18.445165],[-66.148052,18.445176],[-66.148058,18.445187],[-66.148072,18.44521],[-66.148096,18.445258],[-66.148106,18.445282],[-66.148109,18.445294],[-66.148112,18.445305],[-66.148112,18.445317],[-66.148111,18.445329],[-66.148107,18.445341],[-66.148097,18.445365],[-66.148083,18.445389],[-66.148069,18.445412],[-66.148009,18.445507],[-66.147994,18.44553],[-66.147986,18.445542],[-66.147978,18.445553],[-66.147971,18.445564],[-66.147962,18.445574],[-66.147954,18.445583],[-66.147944,18.445591],[-66.147934,18.445597],[-66.147922,18.4456],[-66.14791,18.445602],[-66.147897,18.445603],[-66.147884,18.445602],[-66.147856,18.4456],[-66.147814,18.445594],[-66.147671,18.445572],[-66.147472,18.445543],[-66.14743,18.445538],[-66.147415,18.445536],[-66.147387,18.445534],[-66.147358,18.445534],[-66.14733,18.445536],[-66.147316,18.445538],[-66.147273,18.445543],[-66.147173,18.445558],[-66.147145,18.445562],[-66.147131,18.445563],[-66.147116,18.445564],[-66.147089,18.445564],[-66.147075,18.445562],[-66.147062,18.445559],[-66.14705,18.445555],[-66.147037,18.445549],[-66.147025,18.445544],[-66.147012,18.445537],[-66.147007,18.445535],[-66.147015,18.44555],[-66.147048,18.445599],[-66.147069,18.445628],[-66.147124,18.445693],[-66.147147,18.445728],[-66.147169,18.445767],[-66.147181,18.445794],[-66.147189,18.445818],[-66.147193,18.445841],[-66.147191,18.445875],[-66.147182,18.44592],[-66.147171,18.445957],[-66.147154,18.445997],[-66.147134,18.446035],[-66.147115,18.446065],[-66.14709,18.446094],[-66.147061,18.44612],[-66.147038,18.446137],[-66.14701,18.446152],[-66.146978,18.446167],[-66.146937,18.446183],[-66.146902,18.446195],[-66.14687,18.446203],[-66.14684,18.44621],[-66.146812,18.446213],[-66.146765,18.446214],[-66.146696,18.446207],[-66.146718,18.446218],[-66.146742,18.446228],[-66.146755,18.446233],[-66.146768,18.446236],[-66.146781,18.446238],[-66.146809,18.44624],[-66.146823,18.44624],[-66.146837,18.446239],[-66.146879,18.446237],[-66.146907,18.446237],[-66.146921,18.446238],[-66.146935,18.44624],[-66.146948,18.446242],[-66.146987,18.446254],[-66.147,18.446259],[-66.147026,18.44627],[-66.147129,18.446314],[-66.147221,18.446352],[-66.147246,18.446363],[-66.147259,18.446369],[-66.147271,18.446375],[-66.147282,18.446381],[-66.147292,18.446387],[-66.147301,18.446394],[-66.147309,18.446401],[-66.147313,18.44641],[-66.147315,18.446418],[-66.147314,18.446428],[-66.147311,18.446438],[-66.147306,18.446449],[-66.147301,18.446459],[-66.147294,18.446469],[-66.147287,18.446478],[-66.147279,18.446487],[-66.14727,18.446495],[-66.14726,18.446501],[-66.14725,18.446505],[-66.147238,18.446508],[-66.147214,18.44651],[-66.147175,18.446512],[-66.147163,18.446513],[-66.14715,18.446515],[-66.147138,18.446518],[-66.147126,18.446522],[-66.147114,18.446528],[-66.147102,18.446535],[-66.147091,18.446542],[-66.147069,18.446558],[-66.147047,18.446575],[-66.147026,18.446593],[-66.147006,18.446612],[-66.146986,18.446632],[-66.146938,18.446682],[-66.146919,18.446702],[-66.146899,18.446721],[-66.146872,18.446747],[-66.146864,18.446756],[-66.146856,18.446763],[-66.146851,18.446771],[-66.146848,18.446778],[-66.146847,18.446784],[-66.146851,18.446789],[-66.146858,18.446794],[-66.146867,18.446798],[-66.146878,18.446802],[-66.14689,18.446805],[-66.146903,18.446808],[-66.14693,18.446814],[-66.146958,18.44682],[-66.147044,18.446837],[-66.147087,18.446846],[-66.1471,18.446849],[-66.147114,18.446852],[-66.147127,18.446856],[-66.147151,18.446866],[-66.147157,18.446869],[-66.147206,18.446864],[-66.147275,18.446944],[-66.147415,18.446957],[-66.147508,18.446958],[-66.147538,18.446972],[-66.147555,18.446972],[-66.147568,18.446973],[-66.147582,18.446976],[-66.147595,18.446978],[-66.147609,18.446981],[-66.147636,18.446987],[-66.147774,18.447021],[-66.147898,18.44705],[-66.147925,18.447056],[-66.147953,18.447062],[-66.14798,18.447067],[-66.147995,18.447069],[-66.148037,18.447075],[-66.148094,18.447081],[-66.148494,18.447124],[-66.148681,18.447143],[-66.148737,18.447151],[-66.148751,18.447154],[-66.148765,18.447158],[-66.14877,18.44716],[-66.148804,18.447156],[-66.148944,18.447158],[-66.149038,18.447126],[-66.149064,18.44709],[-66.149064,18.447085],[-66.149061,18.447072],[-66.149058,18.44706],[-66.149053,18.447048],[-66.149048,18.447037],[-66.149043,18.447025],[-66.149037,18.447013],[-66.149019,18.446979],[-66.149007,18.446955],[-66.149002,18.446944],[-66.148997,18.446932],[-66.148993,18.44692],[-66.148991,18.446908],[-66.148989,18.446895],[-66.148989,18.446883],[-66.14899,18.44687],[-66.148992,18.446857],[-66.148994,18.446843],[-66.149004,18.446791],[-66.14901,18.446765],[-66.149014,18.446752],[-66.149018,18.44674],[-66.149022,18.446729],[-66.149027,18.446719],[-66.149033,18.44671],[-66.149041,18.446703],[-66.149051,18.446698],[-66.149062,18.446694],[-66.149074,18.446693],[-66.149087,18.446692],[-66.149115,18.446692],[-66.149157,18.446695],[-66.149288,18.446704],[-66.149446,18.446715],[-66.149475,18.446717],[-66.149503,18.44672],[-66.149517,18.446722],[-66.149546,18.446726],[-66.149588,18.446732],[-66.150295,18.446845],[-66.150337,18.446852],[-66.150365,18.446856],[-66.150394,18.44686],[-66.150436,18.446863],[-66.150448,18.446863],[-66.150496,18.446862],[-66.150523,18.446862],[-66.150537,18.446863],[-66.150565,18.446866],[-66.150607,18.446871],[-66.150663,18.446879],[-66.150748,18.446892],[-66.15089,18.446913],[-66.150918,18.446917],[-66.150946,18.446919],[-66.150959,18.44692],[-66.150972,18.446919],[-66.150985,18.446917],[-66.150996,18.446914],[-66.151007,18.446908],[-66.151017,18.4469],[-66.151026,18.446891],[-66.151044,18.446871],[-66.151068,18.446838],[-66.151075,18.446827],[-66.151081,18.446816],[-66.151086,18.446805],[-66.15109,18.446794],[-66.151092,18.446785]]]}},{"type":"Feature","properties":{"OBJECTID":3114354,"DFIRM_ID":"72000C","FLD_ZONE":"X","ZONE_SUBTY":"AREA OF MINIMAL FLOOD HAZARD","SFHA_TF":"F","STATIC_BFE":-9999,"V_DATUM":"","LEN_UNIT":"","SOURCE_CIT":"72000C_FIS1"},"geometry":{"type":"MultiPolygon","coordinates":[[[[-66.1406771434181,18.423425274508016],[-66.14057299968255,18.42339500028264],[-66.14050999993334,18.423377000255392],[-66.14042500044286,18.423347999923443],[-66.14022000040346,18.423260000032354],[-66.14000199994523,18.42318100012084],[-66.1397940004311,18.42312099994804],[-66.13954300036092,18.423048999713057],[-66.13949499978204,18.423050000284697],[-66.13855300032397,18.423068000346163],[-66.1354869999536,18.423103999611193],[-66.13553100033454,18.422844999735812],[-66.13555600044891,18.42269300038094],[-66.13567100007663,18.4220090003434],[-66.13533499961765,18.422223999982915],[-66.13462999998603,18.42267999974022],[-66.13442599977154,18.422811999578933],[-66.13418731423293,18.422966650414683],[-66.134325,18.422958],[-66.134396,18.422952],[-66.134502,18.422938],[-66.134748,18.422894],[-66.134811,18.422885],[-66.134868,18.422881],[-66.134935,18.422877],[-66.134977,18.422876],[-66.135028,18.422879],[-66.135069,18.422885],[-66.135109,18.422893],[-66.135142,18.422904],[-66.135172,18.422916],[-66.135205,18.422934],[-66.135251,18.422962],[-66.135291,18.422991],[-66.135323,18.423022],[-66.135349,18.423053],[-66.135364,18.423075],[-66.135372,18.42309],[-66.135376,18.423106],[-66.135379,18.423128],[-66.13538,18.423153],[-66.135377,18.423181],[-66.135371,18.423212],[-66.13536,18.423245],[-66.135347,18.423274],[-66.135324,18.423315],[-66.13531,18.423337],[-66.135292,18.423361],[-66.135223,18.423444],[-66.135196,18.423479],[-66.135148,18.423554],[-66.135077,18.423678],[-66.135029,18.423766],[-66.134979,18.423865],[-66.13481,18.424225],[-66.134739,18.42437],[-66.134668,18.424508],[-66.134625,18.424584],[-66.134578,18.424655],[-66.134459,18.424809],[-66.134409,18.424881],[-66.134368,18.424945],[-66.134347,18.424984],[-66.134325,18.425034],[-66.134309,18.425083],[-66.134297,18.425144],[-66.134292,18.425207],[-66.134291,18.425253],[-66.134295,18.42528],[-66.134303,18.425301],[-66.134319,18.425332],[-66.134333,18.425354],[-66.13435,18.425375],[-66.13437,18.425397],[-66.134393,18.425418],[-66.134442,18.425456],[-66.134558,18.425536],[-66.134618,18.425581],[-66.134656,18.425604],[-66.134689,18.425619],[-66.134732,18.425634],[-66.134752,18.42564],[-66.134776,18.425644],[-66.134881,18.425657],[-66.134906,18.425663],[-66.134928,18.425671],[-66.134974,18.425695],[-66.13501,18.42572],[-66.135039,18.425747],[-66.135074,18.42579],[-66.135106,18.425836],[-66.135134,18.425886],[-66.135143,18.425906],[-66.135151,18.425929],[-66.135178,18.426039],[-66.135186,18.426065],[-66.135196,18.426087],[-66.135227,18.426146],[-66.135265,18.426201],[-66.135293,18.426237],[-66.13532,18.426268],[-66.13535,18.426297],[-66.135377,18.42632],[-66.135408,18.426341],[-66.135435,18.426356],[-66.135456,18.426365],[-66.135492,18.426376],[-66.135541,18.426389],[-66.135593,18.426399],[-66.135648,18.426406],[-66.135708,18.42641],[-66.135768,18.426411],[-66.135836,18.426409],[-66.13603,18.426397],[-66.136093,18.426392],[-66.136131,18.426387],[-66.136182,18.426376],[-66.136241,18.426359],[-66.136311,18.426335],[-66.136368,18.426309],[-66.136425,18.426277],[-66.136446,18.426262],[-66.136464,18.426248],[-66.136484,18.426228],[-66.136512,18.426194],[-66.136541,18.426155],[-66.136598,18.426059],[-66.136614,18.426038],[-66.136629,18.426019],[-66.136673,18.425977],[-66.136732,18.425928],[-66.136777,18.425894],[-66.136808,18.425874],[-66.136841,18.425856],[-66.136865,18.425848],[-66.136891,18.425843],[-66.136912,18.425843],[-66.136933,18.425848],[-66.136959,18.42586],[-66.136983,18.425875],[-66.137012,18.4259],[-66.137044,18.425932],[-66.13707,18.425966],[-66.13709,18.426001],[-66.137101,18.42603],[-66.137106,18.42606],[-66.137105,18.426099],[-66.1371,18.426134],[-66.137086,18.426189],[-66.137064,18.426263],[-66.13703,18.426351],[-66.137001,18.42641],[-66.136919,18.426552],[-66.1369,18.426587],[-66.136886,18.42662],[-66.13687,18.426659],[-66.136856,18.426704],[-66.136809,18.426882],[-66.136785,18.426956],[-66.136758,18.42703],[-66.13674,18.427073],[-66.136719,18.42711],[-66.136687,18.42716],[-66.136655,18.427204],[-66.136576,18.4273],[-66.136545,18.427345],[-66.136515,18.427394],[-66.136498,18.427431],[-66.136481,18.427476],[-66.136469,18.427521],[-66.136462,18.427566],[-66.13646,18.427609],[-66.136461,18.427643],[-66.136465,18.427664],[-66.136473,18.427683],[-66.136485,18.427701],[-66.136495,18.427711],[-66.136509,18.427721],[-66.13656,18.427746],[-66.136587,18.427758],[-66.136619,18.427769],[-66.13674,18.427798],[-66.136787,18.427813],[-66.136827,18.427829],[-66.136869,18.42785],[-66.137014,18.427929],[-66.137073,18.427958],[-66.137205,18.428017],[-66.137308,18.428058],[-66.137373,18.42808],[-66.137444,18.428103],[-66.137569,18.428144],[-66.137626,18.428161],[-66.137683,18.428173],[-66.137736,18.428178],[-66.137787,18.42818],[-66.137802,18.428178],[-66.137815,18.428175],[-66.137839,18.428164],[-66.137867,18.428144],[-66.137887,18.428123],[-66.137903,18.428096],[-66.137915,18.428067],[-66.137939,18.427996],[-66.137953,18.427963],[-66.138002,18.427881],[-66.138046,18.427819],[-66.138085,18.42777],[-66.138093,18.427763],[-66.138228,18.427429],[-66.138542,18.426862],[-66.138772,18.426294],[-66.1392,18.425448],[-66.139593,18.424829],[-66.139729,18.424666],[-66.140106,18.424339],[-66.140255,18.424191],[-66.140387,18.424014],[-66.140507,18.423842],[-66.140664,18.423457],[-66.1406771434181,18.423425274508016]]],[[[-66.133446,18.429327],[-66.133443,18.429303],[-66.133439,18.429279],[-66.133432,18.429254],[-66.133422,18.429228],[-66.133397,18.429176],[-66.133363,18.429122],[-66.13332,18.429065],[-66.133268,18.429004],[-66.1332,18.428933],[-66.133167,18.428903],[-66.133126,18.428873],[-66.133082,18.428844],[-66.132956,18.428769],[-66.132919,18.428744],[-66.132888,18.428719],[-66.132768,18.428624],[-66.132716,18.428578],[-66.132693,18.428552],[-66.132675,18.428527],[-66.13266,18.428502],[-66.13265,18.428478],[-66.132644,18.428453],[-66.132639,18.428427],[-66.132636,18.428398],[-66.132635,18.428369],[-66.132636,18.428339],[-66.132639,18.428308],[-66.132644,18.428279],[-66.132651,18.42825],[-66.132666,18.428207],[-66.132688,18.428162],[-66.132718,18.428115],[-66.132755,18.428066],[-66.132775,18.428045],[-66.132801,18.428025],[-66.13283,18.428008],[-66.132902,18.427967],[-66.132936,18.427943],[-66.132952,18.42793],[-66.132964,18.427916],[-66.132974,18.427901],[-66.132981,18.427885],[-66.13299,18.427848],[-66.132995,18.427836],[-66.133007,18.427815],[-66.133033,18.427784],[-66.133047,18.427769],[-66.133063,18.427754],[-66.133142,18.427694],[-66.133174,18.427665],[-66.133206,18.427627],[-66.133238,18.427584],[-66.13327,18.427533],[-66.1333,18.427477],[-66.133325,18.427422],[-66.133344,18.427371],[-66.133361,18.427312],[-66.133369,18.427267],[-66.133372,18.427218],[-66.133369,18.427182],[-66.133361,18.427157],[-66.13335,18.427129],[-66.133336,18.427105],[-66.133314,18.427074],[-66.133291,18.427045],[-66.133262,18.427016],[-66.133228,18.426988],[-66.133164,18.426937],[-66.133095,18.426884],[-66.133,18.426819],[-66.132958,18.426792],[-66.132911,18.426764],[-66.132708,18.426653],[-66.132665,18.426627],[-66.132626,18.426601],[-66.132538,18.426538],[-66.132454,18.426473],[-66.132375,18.426407],[-66.132302,18.42634],[-66.132244,18.426283],[-66.132176,18.426211],[-66.132112,18.426137],[-66.131975,18.425965],[-66.13191,18.425892],[-66.131837,18.425817],[-66.131789,18.425774],[-66.131751,18.425745],[-66.131719,18.425722],[-66.131688,18.425703],[-66.131658,18.425688],[-66.131623,18.425673],[-66.131592,18.425663],[-66.13156,18.425655],[-66.131525,18.425649],[-66.131498,18.425646],[-66.131466,18.425646],[-66.131369,18.425652],[-66.131327,18.425656],[-66.131281,18.425663],[-66.131073,18.425707],[-66.131024,18.425715],[-66.130979,18.42572],[-66.130939,18.425723],[-66.130895,18.425723],[-66.130688,18.425715],[-66.130638,18.425715],[-66.130593,18.425717],[-66.1305,18.425725],[-66.130446,18.425733],[-66.130441,18.425734],[-66.13043294270729,18.425736057181116],[-66.12953800040933,18.42659399963962],[-66.12590399977638,18.430133999688554],[-66.12488500032543,18.431119000331357],[-66.12460699959277,18.43137600033482],[-66.12333200004876,18.432781999850544],[-66.12317300004011,18.432958000068766],[-66.12305000001646,18.43309400003648],[-66.12306599990998,18.433132999593774],[-66.12301999987922,18.43318700001513],[-66.12297218120882,18.433241704701906],[-66.123017,18.433469],[-66.123151,18.43395],[-66.123294,18.434339],[-66.123401,18.434479],[-66.123459,18.434515],[-66.123586,18.434591],[-66.123659,18.43468],[-66.123761,18.434862],[-66.123874,18.435324],[-66.124036,18.43561],[-66.124101,18.435748],[-66.124152,18.435933],[-66.12418,18.435927],[-66.124193,18.435925],[-66.124207,18.435923],[-66.12422,18.435922],[-66.124234,18.435921],[-66.124247,18.435922],[-66.124261,18.435923],[-66.124274,18.435924],[-66.124288,18.435926],[-66.124315,18.435932],[-66.124342,18.435937],[-66.124423,18.435956],[-66.12445,18.435961],[-66.124463,18.435964],[-66.124476,18.435966],[-66.12449,18.435967],[-66.124502,18.435968],[-66.124515,18.435968],[-66.124528,18.435966],[-66.12454,18.435962],[-66.124552,18.435957],[-66.124564,18.435951],[-66.124576,18.435944],[-66.124587,18.435936],[-66.12461,18.43592],[-66.124633,18.435903],[-66.124701,18.435852],[-66.124735,18.435827],[-66.124759,18.435811],[-66.12477,18.435804],[-66.124782,18.435796],[-66.124795,18.43579],[-66.124807,18.435783],[-66.124832,18.43577],[-66.124894,18.435738],[-66.12512,18.435625],[-66.125171,18.435599],[-66.12526,18.435556],[-66.125285,18.435543],[-66.125297,18.435537],[-66.125309,18.43553],[-66.125331,18.435516],[-66.12534,18.435508],[-66.125348,18.4355],[-66.125354,18.43549],[-66.125358,18.43548],[-66.125359,18.435469],[-66.125359,18.435458],[-66.125358,18.435446],[-66.125356,18.435433],[-66.125353,18.435421],[-66.125347,18.435395],[-66.12534,18.435369],[-66.125336,18.435357],[-66.125326,18.435333],[-66.125314,18.435311],[-66.125306,18.435302],[-66.125297,18.435295],[-66.125286,18.435288],[-66.125275,18.435283],[-66.125263,18.435277],[-66.125251,18.435273],[-66.125215,18.43526],[-66.125205,18.435255],[-66.125195,18.435251],[-66.125186,18.435246],[-66.12518,18.43524],[-66.125177,18.435234],[-66.125177,18.435227],[-66.12518,18.43522],[-66.125185,18.435212],[-66.125192,18.435203],[-66.1252,18.435194],[-66.125209,18.435185],[-66.125219,18.435176],[-66.125239,18.435157],[-66.125289,18.435111],[-66.125307,18.435094],[-66.125327,18.435078],[-66.125336,18.435071],[-66.125346,18.435064],[-66.125357,18.435058],[-66.125369,18.435053],[-66.125382,18.435048],[-66.125395,18.435044],[-66.125409,18.435041],[-66.125436,18.435035],[-66.125464,18.435029],[-66.125604,18.435005],[-66.125632,18.435],[-66.12566,18.434994],[-66.125687,18.434988],[-66.125701,18.434984],[-66.125727,18.434976],[-66.125751,18.434966],[-66.125763,18.43496],[-66.125787,18.434949],[-66.125859,18.434915],[-66.125956,18.434869],[-66.12598,18.434857],[-66.125991,18.434851],[-66.126003,18.434845],[-66.126015,18.434838],[-66.126038,18.434824],[-66.126072,18.434803],[-66.12614,18.434759],[-66.126163,18.434744],[-66.126174,18.434737],[-66.126186,18.434731],[-66.126198,18.434724],[-66.126209,18.434718],[-66.126248,18.434703],[-66.126261,18.434699],[-66.126289,18.434692],[-66.12633,18.434682],[-66.126413,18.434664],[-66.126441,18.434657],[-66.126454,18.434654],[-66.126468,18.43465],[-66.126481,18.434646],[-66.126507,18.434636],[-66.12652,18.43463],[-66.126532,18.434623],[-66.126544,18.434615],[-66.126567,18.4346],[-66.126602,18.434575],[-66.126751,18.434467],[-66.126854,18.434392],[-66.126888,18.434368],[-66.126912,18.434352],[-66.126936,18.434338],[-66.126961,18.434324],[-66.126987,18.434311],[-66.127012,18.434298],[-66.127153,18.43423],[-66.127178,18.434217],[-66.127204,18.434206],[-66.127217,18.434201],[-66.127231,18.434196],[-66.127244,18.434191],[-66.127257,18.434187],[-66.127311,18.434173],[-66.127338,18.434167],[-66.127515,18.434127],[-66.12761,18.434105],[-66.127651,18.434095],[-66.127692,18.434084],[-66.127775,18.434062],[-66.128094,18.433974],[-66.128178,18.433951],[-66.128303,18.433915],[-66.128331,18.433907],[-66.128345,18.433904],[-66.128358,18.433901],[-66.128384,18.433899],[-66.128396,18.433899],[-66.128407,18.433902],[-66.128416,18.433906],[-66.128424,18.433912],[-66.128438,18.433928],[-66.128443,18.433937],[-66.128448,18.433947],[-66.128452,18.433957],[-66.128455,18.43397],[-66.128457,18.433982],[-66.128458,18.433996],[-66.128458,18.434036],[-66.128456,18.434091],[-66.128456,18.434141],[-66.128457,18.434152],[-66.12846,18.434162],[-66.128463,18.43417],[-66.128468,18.434175],[-66.128475,18.434177],[-66.128484,18.434177],[-66.128495,18.434175],[-66.128506,18.434171],[-66.128518,18.434167],[-66.128531,18.434162],[-66.128543,18.434156],[-66.128569,18.434144],[-66.128648,18.434107],[-66.128701,18.434082],[-66.128883,18.433998],[-66.128896,18.433991],[-66.128908,18.433985],[-66.128921,18.433978],[-66.128943,18.433962],[-66.128953,18.433953],[-66.128971,18.433933],[-66.128978,18.433921],[-66.128985,18.43391],[-66.129005,18.433875],[-66.129011,18.433865],[-66.129018,18.433855],[-66.129025,18.433847],[-66.129032,18.433841],[-66.12904,18.433838],[-66.129048,18.433838],[-66.129056,18.433842],[-66.129065,18.433847],[-66.129074,18.433854],[-66.129084,18.433862],[-66.129112,18.43389],[-66.12916,18.43394],[-66.129179,18.433959],[-66.129199,18.433977],[-66.129208,18.433985],[-66.129217,18.433992],[-66.129226,18.433998],[-66.129235,18.434001],[-66.129244,18.434002],[-66.129252,18.433999],[-66.129259,18.433994],[-66.129266,18.433987],[-66.129274,18.433978],[-66.12928,18.433969],[-66.129287,18.433959],[-66.129294,18.433948],[-66.1293,18.433937],[-66.129306,18.433925],[-66.129312,18.433914],[-66.129318,18.433902],[-66.129322,18.43389],[-66.129326,18.433879],[-66.129329,18.433867],[-66.12933,18.433855],[-66.129329,18.433843],[-66.129326,18.433831],[-66.129322,18.433818],[-66.129312,18.433794],[-66.129306,18.433782],[-66.129299,18.433769],[-66.129286,18.433745],[-66.129231,18.433647],[-66.129218,18.433623],[-66.129206,18.433599],[-66.129202,18.433587],[-66.129199,18.433576],[-66.129197,18.433565],[-66.129198,18.433554],[-66.129202,18.433544],[-66.129208,18.433534],[-66.129216,18.433524],[-66.129234,18.433506],[-66.129245,18.433497],[-66.129267,18.43348],[-66.129346,18.433419],[-66.129403,18.433375],[-66.129447,18.433339],[-66.129537,18.433267],[-66.129559,18.43325],[-66.12957,18.433242],[-66.129582,18.433235],[-66.129593,18.433228],[-66.129604,18.433223],[-66.129614,18.43322],[-66.129625,18.433219],[-66.129635,18.433222],[-66.129645,18.433227],[-66.129655,18.433233],[-66.129665,18.433241],[-66.129684,18.43326],[-66.129693,18.43327],[-66.129702,18.433281],[-66.129711,18.433291],[-66.129719,18.433302],[-66.129726,18.433313],[-66.129732,18.433324],[-66.129737,18.433335],[-66.129739,18.433347],[-66.129739,18.433358],[-66.129737,18.43337],[-66.129734,18.433382],[-66.129729,18.433394],[-66.129723,18.433407],[-66.129717,18.433419],[-66.129704,18.433444],[-66.12969,18.433468],[-66.129648,18.433543],[-66.129622,18.433591],[-66.129617,18.433602],[-66.129613,18.433612],[-66.12961,18.433621],[-66.12961,18.433629],[-66.129612,18.433635],[-66.129617,18.433638],[-66.129625,18.433639],[-66.129635,18.433639],[-66.129646,18.433638],[-66.129658,18.433635],[-66.129684,18.43363],[-66.129712,18.433624],[-66.129824,18.433597],[-66.129963,18.433565],[-66.129991,18.433558],[-66.130018,18.43355],[-66.130031,18.433546],[-66.130045,18.433542],[-66.130058,18.433537],[-66.130136,18.433501],[-66.130226,18.433455],[-66.130251,18.433443],[-66.130275,18.433433],[-66.130287,18.433429],[-66.130297,18.433426],[-66.130306,18.433426],[-66.130314,18.433428],[-66.13032,18.433433],[-66.130324,18.433441],[-66.130327,18.433451],[-66.130331,18.433475],[-66.130332,18.433488],[-66.130332,18.433501],[-66.130333,18.433529],[-66.130333,18.433625],[-66.130335,18.433651],[-66.130338,18.433664],[-66.130341,18.433676],[-66.130347,18.433687],[-66.130353,18.433697],[-66.130361,18.433707],[-66.130369,18.433716],[-66.130378,18.433724],[-66.130388,18.433732],[-66.130398,18.433738],[-66.13041,18.433743],[-66.130422,18.433747],[-66.130434,18.43375],[-66.130447,18.433751],[-66.130461,18.433752],[-66.130488,18.433752],[-66.130558,18.43375],[-66.130585,18.43375],[-66.130599,18.433751],[-66.130611,18.433752],[-66.130624,18.433754],[-66.130635,18.433757],[-66.130646,18.433762],[-66.130656,18.433769],[-66.130664,18.433777],[-66.130672,18.433786],[-66.130686,18.433806],[-66.130692,18.433817],[-66.130699,18.433829],[-66.130711,18.433852],[-66.130724,18.433875],[-66.13076,18.433946],[-66.130796,18.434016],[-66.130814,18.43405],[-66.130827,18.434073],[-66.130833,18.434084],[-66.13084,18.434095],[-66.130861,18.434124],[-66.130867,18.434135],[-66.130874,18.434146],[-66.13088,18.434158],[-66.130902,18.434208],[-66.130914,18.434232],[-66.130921,18.434243],[-66.130945,18.434276],[-66.130954,18.434286],[-66.130972,18.434307],[-66.131198,18.434565],[-66.131234,18.434606],[-66.131252,18.434627],[-66.131269,18.434648],[-66.131277,18.434659],[-66.131285,18.434671],[-66.131302,18.434693],[-66.131333,18.43474],[-66.131401,18.434842],[-66.13143,18.434841],[-66.131467,18.434837],[-66.131506,18.434831],[-66.131539,18.434822],[-66.131584,18.434803],[-66.131629,18.434781],[-66.131672,18.434757],[-66.131712,18.43473],[-66.131749,18.434702],[-66.131783,18.434672],[-66.131812,18.434641],[-66.131837,18.434609],[-66.131855,18.434581],[-66.131873,18.434551],[-66.131888,18.434522],[-66.1319,18.434492],[-66.13191,18.434464],[-66.131918,18.434436],[-66.131923,18.434408],[-66.131926,18.434382],[-66.131925,18.434351],[-66.131912,18.434283],[-66.131912,18.434254],[-66.131915,18.434229],[-66.13192,18.434202],[-66.131928,18.434175],[-66.131937,18.434149],[-66.131948,18.434125],[-66.13196,18.434103],[-66.131973,18.434085],[-66.131986,18.43407],[-66.132002,18.434058],[-66.132021,18.43405],[-66.132044,18.434045],[-66.132072,18.434043],[-66.132097,18.434044],[-66.132127,18.434047],[-66.132237,18.434066],[-66.132281,18.434072],[-66.132323,18.434074],[-66.132358,18.434071],[-66.132442,18.434052],[-66.132526,18.434027],[-66.132607,18.433996],[-66.132681,18.43396],[-66.132748,18.433922],[-66.132778,18.433901],[-66.132806,18.433879],[-66.132831,18.433857],[-66.132855,18.433835],[-66.132876,18.433811],[-66.132894,18.433788],[-66.13291,18.433763],[-66.132924,18.433736],[-66.132938,18.433706],[-66.13295,18.433672],[-66.132968,18.433611],[-66.132999,18.433484],[-66.133014,18.433433],[-66.133074,18.433232],[-66.133108,18.43311],[-66.133133,18.432997],[-66.133142,18.432944],[-66.133148,18.432894],[-66.133157,18.432843],[-66.133185,18.432711],[-66.13319,18.432675],[-66.133192,18.432643],[-66.133191,18.432608],[-66.133185,18.432577],[-66.133174,18.43255],[-66.133158,18.432526],[-66.13313,18.432497],[-66.133096,18.432471],[-66.133057,18.432448],[-66.133011,18.432428],[-66.132988,18.43242],[-66.132961,18.432414],[-66.132898,18.432404],[-66.132835,18.4324],[-66.132764,18.432403],[-66.132688,18.432411],[-66.132654,18.432418],[-66.132624,18.432426],[-66.132585,18.432438],[-66.132545,18.432455],[-66.132503,18.432476],[-66.132457,18.432503],[-66.13243,18.432522],[-66.132402,18.432544],[-66.132302,18.432638],[-66.132258,18.432675],[-66.132185,18.432727],[-66.132123,18.432768],[-66.132064,18.432801],[-66.132008,18.432829],[-66.131959,18.43285],[-66.131921,18.432863],[-66.131877,18.432873],[-66.131829,18.432882],[-66.13178,18.432887],[-66.131726,18.432888],[-66.131675,18.432887],[-66.13162,18.432882],[-66.131545,18.432871],[-66.131465,18.432853],[-66.13139,18.432832],[-66.131315,18.432805],[-66.131241,18.432773],[-66.131174,18.432739],[-66.131105,18.432698],[-66.131047,18.432657],[-66.131019,18.432634],[-66.13099,18.432622],[-66.130963,18.432612],[-66.13095,18.432607],[-66.130936,18.432603],[-66.130923,18.432599],[-66.13091,18.432596],[-66.130884,18.432594],[-66.130871,18.432596],[-66.130859,18.432599],[-66.130847,18.432603],[-66.130835,18.432608],[-66.130822,18.432613],[-66.130786,18.432631],[-66.130762,18.432644],[-66.130713,18.43267],[-66.130677,18.432689],[-66.130654,18.432703],[-66.130642,18.43271],[-66.130631,18.432717],[-66.130609,18.432733],[-66.130598,18.432742],[-66.130578,18.43276],[-66.130558,18.43278],[-66.130528,18.432809],[-66.130391,18.432946],[-66.130293,18.433045],[-66.130273,18.433064],[-66.130263,18.433074],[-66.130243,18.433092],[-66.130233,18.4331],[-66.130222,18.433107],[-66.130211,18.433113],[-66.130199,18.433118],[-66.130187,18.43312],[-66.130175,18.433121],[-66.130162,18.43312],[-66.130148,18.433119],[-66.130135,18.433117],[-66.130107,18.433111],[-66.13008,18.433105],[-66.129953,18.433077],[-66.129926,18.43307],[-66.129912,18.433067],[-66.129898,18.433063],[-66.129886,18.433059],[-66.129873,18.433055],[-66.129862,18.43305],[-66.129852,18.433043],[-66.129844,18.433036],[-66.129838,18.433027],[-66.129833,18.433016],[-66.129829,18.432992],[-66.129829,18.432979],[-66.129831,18.432955],[-66.129835,18.432943],[-66.12984,18.432931],[-66.129847,18.432921],[-66.129855,18.432912],[-66.129865,18.432903],[-66.129876,18.432895],[-66.129887,18.432886],[-66.129899,18.432879],[-66.129923,18.432863],[-66.13007,18.432774],[-66.130118,18.432744],[-66.130141,18.432728],[-66.130153,18.43272],[-66.130164,18.432711],[-66.130174,18.432702],[-66.130183,18.432692],[-66.130193,18.432682],[-66.130201,18.432671],[-66.13021,18.43266],[-66.130226,18.432638],[-66.13025,18.432604],[-66.13032,18.4325],[-66.13036,18.432443],[-66.130384,18.432408],[-66.1304,18.432386],[-66.130409,18.432375],[-66.130417,18.432364],[-66.130435,18.432343],[-66.130462,18.432312],[-66.130738,18.43201],[-66.130792,18.432095],[-66.130802,18.432078],[-66.130818,18.432054],[-66.130874,18.431985],[-66.130904,18.431952],[-66.130938,18.431916],[-66.131057,18.431806],[-66.131098,18.431765],[-66.131169,18.43169],[-66.13132,18.431522],[-66.131382,18.431457],[-66.131449,18.431389],[-66.131525,18.431315],[-66.131766,18.431092],[-66.131923,18.430949],[-66.13228,18.430634],[-66.132434,18.430492],[-66.132523,18.430407],[-66.132737,18.430195],[-66.132852,18.430088],[-66.132912,18.430035],[-66.133065,18.429908],[-66.133142,18.429837],[-66.133235,18.429747],[-66.133264,18.429716],[-66.13329,18.429686],[-66.133321,18.429646],[-66.133347,18.42961],[-66.133368,18.429576],[-66.133387,18.429543],[-66.133407,18.429499],[-66.133423,18.42946],[-66.133436,18.429414],[-66.133444,18.429373],[-66.133446,18.42935],[-66.133446,18.429327]]]]}},{"type":"Feature","properties":{"OBJECTID":3114415,"DFIRM_ID":"72000C","FLD_ZONE":"X","ZONE_SUBTY":"0.2 PCT ANNUAL CHANCE FLOOD HAZARD","SFHA_TF":"F","STATIC_BFE":-9999,"V_DATUM":"","LEN_UNIT":"","SOURCE_CIT":"72000C_FIS1"},"geometry":{"type":"Polygon","coordinates":[[[-66.131401,18.434842],[-66.131333,18.43474],[-66.131302,18.434693],[-66.131285,18.434671],[-66.131277,18.434659],[-66.131269,18.434648],[-66.131252,18.434627],[-66.131234,18.434606],[-66.131198,18.434565],[-66.130972,18.434307],[-66.130954,18.434286],[-66.130945,18.434276],[-66.130921,18.434243],[-66.130914,18.434232],[-66.130902,18.434208],[-66.13088,18.434158],[-66.130874,18.434146],[-66.130867,18.434135],[-66.130861,18.434124],[-66.13084,18.434095],[-66.130833,18.434084],[-66.130827,18.434073],[-66.130814,18.43405],[-66.130796,18.434016],[-66.13076,18.433946],[-66.130724,18.433875],[-66.130711,18.433852],[-66.130699,18.433829],[-66.130692,18.433817],[-66.130686,18.433806],[-66.130672,18.433786],[-66.130664,18.433777],[-66.130656,18.433769],[-66.130646,18.433762],[-66.130635,18.433757],[-66.130624,18.433754],[-66.130611,18.433752],[-66.130599,18.433751],[-66.130585,18.43375],[-66.130558,18.43375],[-66.130488,18.433752],[-66.130461,18.433752],[-66.130447,18.433751],[-66.130434,18.43375],[-66.130422,18.433747],[-66.13041,18.433743],[-66.130398,18.433738],[-66.130388,18.433732],[-66.130378,18.433724],[-66.130369,18.433716],[-66.130361,18.433707],[-66.130353,18.433697],[-66.130347,18.433687],[-66.130341,18.433676],[-66.130338,18.433664],[-66.130335,18.433651],[-66.130333,18.433625],[-66.130333,18.433529],[-66.130332,18.433501],[-66.130332,18.433488],[-66.130331,18.433475],[-66.130327,18.433451],[-66.130324,18.433441],[-66.13032,18.433433],[-66.130314,18.433428],[-66.130306,18.433426],[-66.130297,18.433426],[-66.130287,18.433429],[-66.130275,18.433433],[-66.130251,18.433443],[-66.130226,18.433455],[-66.130136,18.433501],[-66.130058,18.433537],[-66.130045,18.433542],[-66.130031,18.433546],[-66.130018,18.43355],[-66.129991,18.433558],[-66.129963,18.433565],[-66.129824,18.433597],[-66.129712,18.433624],[-66.129684,18.43363],[-66.129658,18.433635],[-66.129646,18.433638],[-66.129635,18.433639],[-66.129625,18.433639],[-66.129617,18.433638],[-66.129612,18.433635],[-66.12961,18.433629],[-66.12961,18.433621],[-66.129613,18.433612],[-66.129617,18.433602],[-66.129622,18.433591],[-66.129648,18.433543],[-66.12969,18.433468],[-66.129704,18.433444],[-66.129717,18.433419],[-66.129723,18.433407],[-66.129729,18.433394],[-66.129734,18.433382],[-66.129737,18.43337],[-66.129739,18.433358],[-66.129739,18.433347],[-66.129737,18.433335],[-66.129732,18.433324],[-66.129726,18.433313],[-66.129719,18.433302],[-66.129711,18.433291],[-66.129702,18.433281],[-66.129693,18.43327],[-66.129684,18.43326],[-66.129665,18.433241],[-66.129655,18.433233],[-66.129645,18.433227],[-66.129635,18.433222],[-66.129625,18.433219],[-66.129614,18.43322],[-66.129604,18.433223],[-66.129593,18.433228],[-66.129582,18.433235],[-66.12957,18.433242],[-66.129559,18.43325],[-66.129537,18.433267],[-66.129447,18.433339],[-66.129403,18.433375],[-66.129346,18.433419],[-66.129267,18.43348],[-66.129245,18.433497],[-66.129234,18.433506],[-66.129216,18.433524],[-66.129208,18.433534],[-66.129202,18.433544],[-66.129198,18.433554],[-66.129197,18.433565],[-66.129199,18.433576],[-66.129202,18.433587],[-66.129206,18.433599],[-66.129218,18.433623],[-66.129231,18.433647],[-66.129286,18.433745],[-66.129299,18.433769],[-66.129306,18.433782],[-66.129312,18.433794],[-66.129322,18.433818],[-66.129326,18.433831],[-66.129329,18.433843],[-66.12933,18.433855],[-66.129329,18.433867],[-66.129326,18.433879],[-66.129322,18.43389],[-66.129318,18.433902],[-66.129312,18.433914],[-66.129306,18.433925],[-66.1293,18.433937],[-66.129294,18.433948],[-66.129287,18.433959],[-66.12928,18.433969],[-66.129274,18.433978],[-66.129266,18.433987],[-66.129259,18.433994],[-66.129252,18.433999],[-66.129244,18.434002],[-66.129235,18.434001],[-66.129226,18.433998],[-66.129217,18.433992],[-66.129208,18.433985],[-66.129199,18.433977],[-66.129179,18.433959],[-66.12916,18.43394],[-66.129112,18.43389],[-66.129084,18.433862],[-66.129074,18.433854],[-66.129065,18.433847],[-66.129056,18.433842],[-66.129048,18.433838],[-66.12904,18.433838],[-66.129032,18.433841],[-66.129025,18.433847],[-66.129018,18.433855],[-66.129011,18.433865],[-66.129005,18.433875],[-66.128985,18.43391],[-66.128978,18.433921],[-66.128971,18.433933],[-66.128953,18.433953],[-66.128943,18.433962],[-66.128921,18.433978],[-66.128908,18.433985],[-66.128896,18.433991],[-66.128883,18.433998],[-66.128701,18.434082],[-66.128648,18.434107],[-66.128569,18.434144],[-66.128543,18.434156],[-66.128531,18.434162],[-66.128518,18.434167],[-66.128506,18.434171],[-66.128495,18.434175],[-66.128484,18.434177],[-66.128475,18.434177],[-66.128468,18.434175],[-66.128463,18.43417],[-66.12846,18.434162],[-66.128457,18.434152],[-66.128456,18.434141],[-66.128456,18.434091],[-66.128458,18.434036],[-66.128458,18.433996],[-66.128457,18.433982],[-66.128455,18.43397],[-66.128452,18.433957],[-66.128448,18.433947],[-66.128443,18.433937],[-66.128438,18.433928],[-66.128424,18.433912],[-66.128416,18.433906],[-66.128407,18.433902],[-66.128396,18.433899],[-66.128384,18.433899],[-66.128358,18.433901],[-66.128345,18.433904],[-66.128331,18.433907],[-66.128303,18.433915],[-66.128178,18.433951],[-66.128094,18.433974],[-66.127775,18.434062],[-66.127692,18.434084],[-66.127651,18.434095],[-66.12761,18.434105],[-66.127515,18.434127],[-66.127338,18.434167],[-66.127311,18.434173],[-66.127257,18.434187],[-66.127244,18.434191],[-66.127231,18.434196],[-66.127217,18.434201],[-66.127204,18.434206],[-66.127178,18.434217],[-66.127153,18.43423],[-66.127012,18.434298],[-66.126987,18.434311],[-66.126961,18.434324],[-66.126936,18.434338],[-66.126912,18.434352],[-66.126888,18.434368],[-66.126854,18.434392],[-66.126751,18.434467],[-66.126602,18.434575],[-66.126567,18.4346],[-66.126544,18.434615],[-66.126532,18.434623],[-66.12652,18.43463],[-66.126507,18.434636],[-66.126481,18.434646],[-66.126468,18.43465],[-66.126454,18.434654],[-66.126441,18.434657],[-66.126413,18.434664],[-66.12633,18.434682],[-66.126289,18.434692],[-66.126261,18.434699],[-66.126248,18.434703],[-66.126209,18.434718],[-66.126198,18.434724],[-66.126186,18.434731],[-66.126174,18.434737],[-66.126163,18.434744],[-66.12614,18.434759],[-66.126072,18.434803],[-66.126038,18.434824],[-66.126015,18.434838],[-66.126003,18.434845],[-66.125991,18.434851],[-66.12598,18.434857],[-66.125956,18.434869],[-66.125859,18.434915],[-66.125787,18.434949],[-66.125763,18.43496],[-66.125751,18.434966],[-66.125727,18.434976],[-66.125701,18.434984],[-66.125687,18.434988],[-66.12566,18.434994],[-66.125632,18.435],[-66.125604,18.435005],[-66.125464,18.435029],[-66.125436,18.435035],[-66.125409,18.435041],[-66.125395,18.435044],[-66.125382,18.435048],[-66.125369,18.435053],[-66.125357,18.435058],[-66.125346,18.435064],[-66.125336,18.435071],[-66.125327,18.435078],[-66.125307,18.435094],[-66.125289,18.435111],[-66.125239,18.435157],[-66.125219,18.435176],[-66.125209,18.435185],[-66.1252,18.435194],[-66.125192,18.435203],[-66.125185,18.435212],[-66.12518,18.43522],[-66.125177,18.435227],[-66.125177,18.435234],[-66.12518,18.43524],[-66.125186,18.435246],[-66.125195,18.435251],[-66.125205,18.435255],[-66.125215,18.43526],[-66.125251,18.435273],[-66.125263,18.435277],[-66.125275,18.435283],[-66.125286,18.435288],[-66.125297,18.435295],[-66.125306,18.435302],[-66.125314,18.435311],[-66.125326,18.435333],[-66.125336,18.435357],[-66.12534,18.435369],[-66.125347,18.435395],[-66.125353,18.435421],[-66.125356,18.435433],[-66.125358,18.435446],[-66.125359,18.435458],[-66.125359,18.435469],[-66.125358,18.43548],[-66.125354,18.43549],[-66.125348,18.4355],[-66.12534,18.435508],[-66.125331,18.435516],[-66.125309,18.43553],[-66.125297,18.435537],[-66.125285,18.435543],[-66.12526,18.435556],[-66.125171,18.435599],[-66.12512,18.435625],[-66.124894,18.435738],[-66.124832,18.43577],[-66.124807,18.435783],[-66.124795,18.43579],[-66.124782,18.435796],[-66.12477,18.435804],[-66.124759,18.435811],[-66.124735,18.435827],[-66.124701,18.435852],[-66.124633,18.435903],[-66.12461,18.43592],[-66.124587,18.435936],[-66.124576,18.435944],[-66.124564,18.435951],[-66.124552,18.435957],[-66.12454,18.435962],[-66.124528,18.435966],[-66.124515,18.435968],[-66.124502,18.435968],[-66.12449,18.435967],[-66.124476,18.435966],[-66.124463,18.435964],[-66.12445,18.435961],[-66.124423,18.435956],[-66.124342,18.435937],[-66.124315,18.435932],[-66.124288,18.435926],[-66.124274,18.435924],[-66.124261,18.435923],[-66.124247,18.435922],[-66.124234,18.435921],[-66.12422,18.435922],[-66.124207,18.435923],[-66.124193,18.435925],[-66.12418,18.435927],[-66.124152,18.435933],[-66.124202,18.436114],[-66.124278,18.436387],[-66.124269,18.436582],[-66.124231,18.436646],[-66.124233,18.43665],[-66.124292,18.43679],[-66.124357,18.436943],[-66.124499,18.437272],[-66.124581,18.437463],[-66.124597,18.437503],[-66.124602,18.437514],[-66.124614,18.437553],[-66.12462,18.437579],[-66.124622,18.437593],[-66.124628,18.437647],[-66.124647,18.437838],[-66.124687,18.438247],[-66.124703,18.438424],[-66.124708,18.438465],[-66.124711,18.438492],[-66.124713,18.438505],[-66.124716,18.438519],[-66.124719,18.438532],[-66.124723,18.438544],[-66.124728,18.438557],[-66.12474,18.438581],[-66.124747,18.438592],[-66.124754,18.438604],[-66.124769,18.438627],[-66.124863,18.438764],[-66.124932,18.438866],[-66.124998,18.438965],[-66.125024,18.439003],[-66.125124,18.439152],[-66.12514,18.439175],[-66.125147,18.439186],[-66.125156,18.439197],[-66.125164,18.439208],[-66.125182,18.439228],[-66.125192,18.439238],[-66.125203,18.439247],[-66.125213,18.439255],[-66.125225,18.439264],[-66.125247,18.43928],[-66.125282,18.439304],[-66.125433,18.439408],[-66.125676,18.439577],[-66.125781,18.43965],[-66.12591,18.43974],[-66.125933,18.439756],[-66.125944,18.439763],[-66.125955,18.439769],[-66.125965,18.439775],[-66.125974,18.439778],[-66.125982,18.43978],[-66.125988,18.439779],[-66.125991,18.439776],[-66.125993,18.43977],[-66.125994,18.439763],[-66.125994,18.439754],[-66.125993,18.439745],[-66.125991,18.439735],[-66.125987,18.439723],[-66.125982,18.439711],[-66.125976,18.439698],[-66.12597,18.439686],[-66.125956,18.439661],[-66.125922,18.439599],[-66.125916,18.439588],[-66.125911,18.439577],[-66.125907,18.439567],[-66.125904,18.439558],[-66.125903,18.439551],[-66.125904,18.439546],[-66.125909,18.439544],[-66.125916,18.439545],[-66.125926,18.439547],[-66.125936,18.43955],[-66.125948,18.439554],[-66.12596,18.439559],[-66.126,18.439575],[-66.126147,18.439636],[-66.126186,18.439653],[-66.126212,18.439665],[-66.126236,18.439676],[-66.126331,18.439723],[-66.126355,18.439735],[-66.126379,18.439746],[-66.12644,18.439774],[-66.1265,18.439804],[-66.126512,18.439811],[-66.126524,18.439819],[-66.126535,18.439826],[-66.126558,18.439841],[-66.126604,18.439873],[-66.126673,18.43992],[-66.126695,18.439936],[-66.126718,18.439953],[-66.126728,18.439961],[-66.126739,18.43997],[-66.126749,18.439979],[-66.126768,18.439998],[-66.126777,18.440009],[-66.126786,18.440019],[-66.126803,18.440041],[-66.126838,18.440084],[-66.126863,18.440116],[-66.126857,18.440077],[-66.126921,18.439895],[-66.126979,18.439841],[-66.127059,18.439831],[-66.127154,18.439857],[-66.127368,18.439962],[-66.12769,18.440053],[-66.12773,18.440066],[-66.127896,18.440091],[-66.128137,18.440186],[-66.12816,18.440202],[-66.128206,18.440206],[-66.128278,18.440214],[-66.128521,18.440238],[-66.12855,18.440241],[-66.128592,18.440247],[-66.128648,18.440257],[-66.128676,18.440263],[-66.129204,18.440379],[-66.129469,18.440436],[-66.129507,18.440445],[-66.129335,18.44029],[-66.129262,18.440247],[-66.129227,18.440218],[-66.129201,18.440189],[-66.129185,18.440159],[-66.129177,18.440124],[-66.129176,18.440064],[-66.129189,18.439989],[-66.129293,18.439635],[-66.129318,18.439577],[-66.129346,18.439535],[-66.129378,18.439507],[-66.129413,18.439494],[-66.129453,18.439491],[-66.129502,18.439498],[-66.129738,18.439566],[-66.130039,18.439621],[-66.130139,18.439633],[-66.13022,18.43963],[-66.130279,18.439615],[-66.130327,18.439588],[-66.130362,18.439553],[-66.130454,18.439438],[-66.130483,18.439414],[-66.13054,18.439377],[-66.130612,18.439341],[-66.130682,18.439314],[-66.130745,18.439299],[-66.1308,18.439296],[-66.130844,18.439305],[-66.130879,18.439328],[-66.130915,18.439369],[-66.130967,18.439451],[-66.130966,18.43944],[-66.130963,18.439413],[-66.130955,18.439291],[-66.130946,18.439182],[-66.130939,18.439101],[-66.130927,18.438979],[-66.130925,18.438952],[-66.130924,18.438938],[-66.130924,18.438913],[-66.130925,18.438901],[-66.130927,18.43889],[-66.13093,18.43888],[-66.130935,18.438872],[-66.130943,18.438865],[-66.130953,18.438861],[-66.130964,18.438857],[-66.130976,18.438855],[-66.130989,18.438853],[-66.131003,18.438851],[-66.131045,18.438848],[-66.131074,18.438846],[-66.131132,18.438846],[-66.131147,18.438847],[-66.131176,18.438849],[-66.131277,18.438858],[-66.131304,18.438859],[-66.131317,18.43886],[-66.131329,18.438859],[-66.131338,18.438858],[-66.131346,18.438856],[-66.131351,18.438852],[-66.131352,18.438846],[-66.13135,18.438838],[-66.131341,18.43882],[-66.131334,18.43881],[-66.131319,18.438788],[-66.131302,18.438766],[-66.131216,18.438654],[-66.131108,18.438509],[-66.131074,18.438465],[-66.131065,18.438454],[-66.131056,18.438444],[-66.131046,18.438434],[-66.131037,18.438424],[-66.131027,18.438415],[-66.131016,18.438406],[-66.130965,18.43836],[-66.130945,18.438342],[-66.130936,18.438332],[-66.130927,18.438321],[-66.130918,18.438311],[-66.13091,18.4383],[-66.130894,18.438277],[-66.130804,18.438139],[-66.130743,18.438046],[-66.130721,18.438011],[-66.130706,18.437988],[-66.1307,18.437975],[-66.130693,18.437963],[-66.130688,18.437951],[-66.130683,18.437938],[-66.130679,18.437925],[-66.130675,18.437911],[-66.130669,18.437885],[-66.130666,18.437871],[-66.130664,18.437858],[-66.13066,18.437834],[-66.13066,18.437822],[-66.130661,18.437812],[-66.130663,18.437804],[-66.130668,18.437797],[-66.130674,18.437794],[-66.130683,18.437793],[-66.130693,18.437793],[-66.130705,18.437794],[-66.130717,18.437796],[-66.130768,18.437806],[-66.130781,18.437808],[-66.130794,18.437809],[-66.130806,18.43781],[-66.130818,18.437809],[-66.13083,18.437807],[-66.13084,18.437802],[-66.13085,18.437795],[-66.130859,18.437788],[-66.130868,18.437779],[-66.130876,18.437769],[-66.130885,18.437759],[-66.130893,18.437749],[-66.130909,18.437727],[-66.130916,18.437717],[-66.13093,18.437695],[-66.130936,18.437684],[-66.130941,18.437674],[-66.130944,18.437664],[-66.130946,18.437654],[-66.130946,18.437644],[-66.130943,18.437635],[-66.130937,18.437627],[-66.13093,18.437619],[-66.130906,18.437595],[-66.1309,18.437587],[-66.130894,18.437578],[-66.130892,18.43757],[-66.130892,18.437561],[-66.130894,18.437552],[-66.130899,18.437542],[-66.130905,18.437533],[-66.130912,18.437523],[-66.130928,18.437503],[-66.130937,18.437494],[-66.130954,18.437476],[-66.130922,18.437481],[-66.130856,18.437496],[-66.130581,18.437566],[-66.13052,18.437579],[-66.130463,18.437588],[-66.130248,18.437622],[-66.130191,18.437629],[-66.130141,18.437633],[-66.130089,18.437634],[-66.130041,18.437632],[-66.129997,18.437626],[-66.129957,18.437616],[-66.129925,18.437604],[-66.129893,18.437588],[-66.12986,18.437568],[-66.129827,18.437542],[-66.129799,18.437517],[-66.129767,18.437487],[-66.12966,18.437375],[-66.129617,18.437332],[-66.12957,18.437292],[-66.129526,18.43726],[-66.129494,18.437242],[-66.129456,18.437223],[-66.129313,18.437164],[-66.129259,18.437139],[-66.129232,18.437124],[-66.129208,18.437108],[-66.129188,18.437092],[-66.12917,18.437075],[-66.129151,18.437054],[-66.129133,18.43703],[-66.1291,18.436976],[-66.129071,18.436915],[-66.129047,18.43685],[-66.12903,18.436781],[-66.129019,18.436714],[-66.129017,18.43665],[-66.129018,18.43662],[-66.129022,18.436592],[-66.129031,18.436556],[-66.129046,18.43652],[-66.129068,18.436483],[-66.129097,18.436444],[-66.129126,18.436411],[-66.129161,18.436375],[-66.129284,18.43626],[-66.129326,18.436218],[-66.129364,18.436177],[-66.129394,18.436139],[-66.129417,18.436106],[-66.12944,18.436069],[-66.129523,18.43592],[-66.12956,18.435859],[-66.129582,18.435828],[-66.129603,18.435801],[-66.129625,18.435777],[-66.129648,18.435756],[-66.129683,18.43573],[-66.129722,18.435706],[-66.129766,18.435686],[-66.129817,18.435668],[-66.129864,18.435654],[-66.129918,18.435642],[-66.130109,18.435605],[-66.130184,18.435588],[-66.130256,18.435567],[-66.130318,18.435544],[-66.130404,18.435504],[-66.130485,18.435465],[-66.130561,18.435426],[-66.130633,18.435386],[-66.130702,18.435345],[-66.130766,18.435303],[-66.130826,18.435261],[-66.130884,18.435218],[-66.130919,18.435187],[-66.130956,18.435148],[-66.13099,18.435107],[-66.131076,18.434998],[-66.131126,18.434943],[-66.131155,18.434916],[-66.131183,18.434895],[-66.131212,18.434877],[-66.131241,18.434864],[-66.131269,18.434855],[-66.131302,18.434849],[-66.131342,18.434845],[-66.131401,18.434842]],[[-66.128005,18.434794],[-66.128005,18.434805],[-66.128002,18.434816],[-66.127998,18.434828],[-66.127993,18.43484],[-66.127988,18.434853],[-66.127982,18.434865],[-66.127976,18.434878],[-66.127964,18.434902],[-66.127957,18.434914],[-66.127951,18.434926],[-66.127944,18.434936],[-66.127938,18.434946],[-66.127931,18.434954],[-66.127925,18.434959],[-66.127918,18.434961],[-66.127911,18.434959],[-66.127905,18.434955],[-66.127899,18.434948],[-66.127892,18.43494],[-66.127886,18.43493],[-66.127879,18.43492],[-66.127867,18.434896],[-66.127854,18.434871],[-66.127823,18.434808],[-66.12781,18.434783],[-66.127804,18.434772],[-66.127797,18.434761],[-66.12779,18.434751],[-66.127782,18.434742],[-66.127774,18.434735],[-66.127765,18.434731],[-66.127756,18.43473],[-66.127747,18.434731],[-66.127737,18.434734],[-66.127717,18.434744],[-66.127707,18.43475],[-66.127698,18.434757],[-66.12769,18.434765],[-66.127683,18.434773],[-66.127678,18.434783],[-66.127675,18.434794],[-66.127674,18.434805],[-66.127675,18.434818],[-66.127677,18.43483],[-66.127679,18.434843],[-66.127682,18.434857],[-66.127689,18.434883],[-66.127712,18.434963],[-66.127715,18.434977],[-66.127721,18.435003],[-66.127723,18.435015],[-66.127724,18.435028],[-66.127723,18.43504],[-66.127721,18.435052],[-66.127717,18.435062],[-66.127712,18.435071],[-66.127698,18.435089],[-66.12769,18.435098],[-66.127664,18.435124],[-66.127603,18.435183],[-66.127533,18.435253],[-66.127513,18.435272],[-66.127493,18.43529],[-66.127482,18.435299],[-66.127472,18.435306],[-66.127461,18.435312],[-66.127449,18.435317],[-66.127437,18.43532],[-66.127424,18.435321],[-66.12741,18.43532],[-66.127397,18.435319],[-66.127355,18.435313],[-66.127198,18.435283],[-66.127141,18.435273],[-66.127069,18.435261],[-66.127041,18.435255],[-66.127027,18.435253],[-66.127013,18.435249],[-66.127,18.435246],[-66.126988,18.435242],[-66.126976,18.435237],[-66.126966,18.435232],[-66.126957,18.435224],[-66.126951,18.435215],[-66.126947,18.435204],[-66.126944,18.435193],[-66.12694,18.435167],[-66.126939,18.435154],[-66.126939,18.43514],[-66.126938,18.435113],[-66.126938,18.435057],[-66.12694,18.435029],[-66.126942,18.435016],[-66.126945,18.435003],[-66.126949,18.434991],[-66.126954,18.43498],[-66.12696,18.434969],[-66.126968,18.434959],[-66.126976,18.43495],[-66.126984,18.43494],[-66.126993,18.434932],[-66.127002,18.434923],[-66.12702,18.434909],[-66.127029,18.434904],[-66.127039,18.4349],[-66.127048,18.434899],[-66.127058,18.434901],[-66.127068,18.434905],[-66.127078,18.434911],[-66.127087,18.434919],[-66.127097,18.434927],[-66.127107,18.434936],[-66.127117,18.434946],[-66.127156,18.434986],[-66.127166,18.434995],[-66.127176,18.435005],[-66.127186,18.435014],[-66.127196,18.435022],[-66.127207,18.435029],[-66.127218,18.435035],[-66.127229,18.435039],[-66.127241,18.435041],[-66.127253,18.435041],[-66.127266,18.43504],[-66.127279,18.435038],[-66.127305,18.435032],[-66.127319,18.435029],[-66.127371,18.435013],[-66.127383,18.435008],[-66.127405,18.434998],[-66.127414,18.434993],[-66.127421,18.434987],[-66.127425,18.43498],[-66.127426,18.434971],[-66.127425,18.434962],[-66.127421,18.434952],[-66.127416,18.434942],[-66.127402,18.43492],[-66.127387,18.434898],[-66.12737,18.434875],[-66.127303,18.434784],[-66.127279,18.434751],[-66.127265,18.434729],[-66.12726,18.434719],[-66.127256,18.434709],[-66.127254,18.4347],[-66.127255,18.434691],[-66.12726,18.434684],[-66.127267,18.434678],[-66.127276,18.434673],[-66.127298,18.434663],[-66.127337,18.434651],[-66.127445,18.434619],[-66.127486,18.434606],[-66.127512,18.434597],[-66.127525,18.434593],[-66.127538,18.434588],[-66.127562,18.434576],[-66.127572,18.434569],[-66.127582,18.434561],[-66.12759,18.434552],[-66.127604,18.434532],[-66.127616,18.434512],[-66.127621,18.434504],[-66.127627,18.434497],[-66.127634,18.434494],[-66.12764,18.434495],[-66.127647,18.434497],[-66.127654,18.434502],[-66.12766,18.434509],[-66.127667,18.434517],[-66.127674,18.434527],[-66.12768,18.434537],[-66.127686,18.434548],[-66.127705,18.434582],[-66.127711,18.434594],[-66.127718,18.434605],[-66.127725,18.434615],[-66.127741,18.434635],[-66.127751,18.434643],[-66.127762,18.434651],[-66.127773,18.434658],[-66.127797,18.434672],[-66.12781,18.434678],[-66.127835,18.43469],[-66.127912,18.434724],[-66.127937,18.434736],[-66.127961,18.434748],[-66.127972,18.434754],[-66.127983,18.434761],[-66.127991,18.434768],[-66.127999,18.434776],[-66.128003,18.434784],[-66.128005,18.434794]]]}},{"type":"Feature","properties":{"OBJECTID":3114457,"DFIRM_ID":"72000C","FLD_ZONE":"X","ZONE_SUBTY":"0.2 PCT ANNUAL CHANCE FLOOD HAZARD","SFHA_TF":"F","STATIC_BFE":-9999,"V_DATUM":"","LEN_UNIT":"","SOURCE_CIT":"72000C_FIS1"},"geometry":{"type":"MultiPolygon","coordinates":[[[[-66.158908,18.445552],[-66.158907,18.445538],[-66.158905,18.445525],[-66.158902,18.445512],[-66.158898,18.445499],[-66.158894,18.445487],[-66.15889,18.445474],[-66.158881,18.445448],[-66.158809,18.445257],[-66.158695,18.444951],[-66.158681,18.444912],[-66.158671,18.444887],[-66.158655,18.444849],[-66.158633,18.444799],[-66.158486,18.444473],[-66.158475,18.444448],[-66.158464,18.444422],[-66.158452,18.444383],[-66.158449,18.44437],[-66.158443,18.444343],[-66.158438,18.444316],[-66.158434,18.444289],[-66.158409,18.444141],[-66.158379,18.443965],[-66.158375,18.443938],[-66.158374,18.443925],[-66.158372,18.443911],[-66.158371,18.443898],[-66.15837,18.443884],[-66.158371,18.443871],[-66.158371,18.443857],[-66.158373,18.44383],[-66.158377,18.443804],[-66.15838,18.443777],[-66.158397,18.443656],[-66.158404,18.443602],[-66.158407,18.443575],[-66.158408,18.443562],[-66.158408,18.443548],[-66.158409,18.443535],[-66.158408,18.443522],[-66.158408,18.443509],[-66.158407,18.443495],[-66.158404,18.443469],[-66.158399,18.443429],[-66.158385,18.443323],[-66.15838,18.443283],[-66.158375,18.443244],[-66.158373,18.443217],[-66.158373,18.443177],[-66.158376,18.443138],[-66.158382,18.443087],[-66.158384,18.443061],[-66.158384,18.443049],[-66.158383,18.443037],[-66.158381,18.443025],[-66.158378,18.443015],[-66.158372,18.443004],[-66.158365,18.442994],[-66.158356,18.442985],[-66.158336,18.442967],[-66.158294,18.442933],[-66.158274,18.442915],[-66.158265,18.442907],[-66.158257,18.442897],[-66.158251,18.442888],[-66.158247,18.442878],[-66.158245,18.442868],[-66.158245,18.442857],[-66.158246,18.442846],[-66.158251,18.442814],[-66.158252,18.442803],[-66.158252,18.442793],[-66.15825,18.442783],[-66.158246,18.442773],[-66.158239,18.442764],[-66.15823,18.442755],[-66.158221,18.442747],[-66.15821,18.442738],[-66.158199,18.44273],[-66.158176,18.442714],[-66.15814,18.442691],[-66.157994,18.442596],[-66.157947,18.442565],[-66.157926,18.44255],[-66.157918,18.442544],[-66.157911,18.442538],[-66.157907,18.442532],[-66.157906,18.442528],[-66.157909,18.442526],[-66.157916,18.442525],[-66.157936,18.442525],[-66.157948,18.442526],[-66.157975,18.442528],[-66.158004,18.442531],[-66.158106,18.442543],[-66.158148,18.442546],[-66.15816,18.442547],[-66.158172,18.442547],[-66.158181,18.442546],[-66.158189,18.442544],[-66.158193,18.44254],[-66.158194,18.442535],[-66.158191,18.442528],[-66.158187,18.442519],[-66.15818,18.44251],[-66.158173,18.4425],[-66.158165,18.44249],[-66.158147,18.442469],[-66.158071,18.442382],[-66.158006,18.442306],[-66.157988,18.442285],[-66.157978,18.442276],[-66.157969,18.442266],[-66.157949,18.44225],[-66.157939,18.442245],[-66.157928,18.442242],[-66.157917,18.442241],[-66.157906,18.442243],[-66.157882,18.442251],[-66.15787,18.442257],[-66.157857,18.442263],[-66.157832,18.442277],[-66.157769,18.442313],[-66.157721,18.442339],[-66.157699,18.442349],[-66.15769,18.442352],[-66.157682,18.442353],[-66.157676,18.442351],[-66.157673,18.442346],[-66.157672,18.442339],[-66.157672,18.442329],[-66.157674,18.442319],[-66.157676,18.442307],[-66.157685,18.442268],[-66.157706,18.442186],[-66.157714,18.442159],[-66.157717,18.442146],[-66.157722,18.442133],[-66.157726,18.44212],[-66.157731,18.442107],[-66.157736,18.442096],[-66.157743,18.442085],[-66.157751,18.442075],[-66.15776,18.442068],[-66.15777,18.442061],[-66.157782,18.442056],[-66.157793,18.442051],[-66.157806,18.442046],[-66.157818,18.442042],[-66.157831,18.442039],[-66.157843,18.442036],[-66.157856,18.442034],[-66.157867,18.442032],[-66.157879,18.442032],[-66.157889,18.442034],[-66.157898,18.442037],[-66.157906,18.442043],[-66.157913,18.442051],[-66.157923,18.442071],[-66.157928,18.442083],[-66.157941,18.442118],[-66.157946,18.44213],[-66.157951,18.442141],[-66.157957,18.442152],[-66.157963,18.442162],[-66.157971,18.44217],[-66.157981,18.442176],[-66.157992,18.442181],[-66.158018,18.442189],[-66.158031,18.442191],[-66.158073,18.442197],[-66.158131,18.442203],[-66.158145,18.442204],[-66.158184,18.442204],[-66.158196,18.442202],[-66.158207,18.442199],[-66.158216,18.442194],[-66.158223,18.442187],[-66.158228,18.442178],[-66.158232,18.442167],[-66.158235,18.442156],[-66.158237,18.442144],[-66.158241,18.442118],[-66.158244,18.442091],[-66.158253,18.442009],[-66.158257,18.441955],[-66.158258,18.441942],[-66.158258,18.441915],[-66.158257,18.441902],[-66.158255,18.441889],[-66.158252,18.441877],[-66.158242,18.441853],[-66.158236,18.441841],[-66.158223,18.441818],[-66.158182,18.441747],[-66.158168,18.441723],[-66.15815,18.441687],[-66.158116,18.441612],[-66.158104,18.441588],[-66.158092,18.441568],[-66.158085,18.441559],[-66.158078,18.441553],[-66.15807,18.441549],[-66.158061,18.441548],[-66.158051,18.44155],[-66.158041,18.441554],[-66.15803,18.441559],[-66.157997,18.44158],[-66.157974,18.441596],[-66.15787,18.44167],[-66.157835,18.441694],[-66.157813,18.441709],[-66.157791,18.441723],[-66.157781,18.441728],[-66.157772,18.441731],[-66.157763,18.441733],[-66.157756,18.441732],[-66.15775,18.441728],[-66.157746,18.44172],[-66.157743,18.441711],[-66.15774,18.4417],[-66.157738,18.441688],[-66.157734,18.441662],[-66.157732,18.441635],[-66.157724,18.441551],[-66.157717,18.441483],[-66.15771,18.441414],[-66.157698,18.441305],[-66.157695,18.441278],[-66.157693,18.441251],[-66.157692,18.441238],[-66.157692,18.441224],[-66.157694,18.441198],[-66.157697,18.441185],[-66.157701,18.441172],[-66.157705,18.44116],[-66.15771,18.441147],[-66.15772,18.441122],[-66.157742,18.441072],[-66.157765,18.441023],[-66.157778,18.440999],[-66.157784,18.440987],[-66.157791,18.440975],[-66.157798,18.440964],[-66.157807,18.440953],[-66.157815,18.440943],[-66.157855,18.440907],[-66.157898,18.440873],[-66.157918,18.440857],[-66.157935,18.44084],[-66.157941,18.440832],[-66.157945,18.440823],[-66.157947,18.440815],[-66.157945,18.440807],[-66.157941,18.440798],[-66.157935,18.44079],[-66.157918,18.440773],[-66.157908,18.440765],[-66.157856,18.440723],[-66.157845,18.440714],[-66.157835,18.440705],[-66.157826,18.440696],[-66.157817,18.440686],[-66.157809,18.440676],[-66.157802,18.440665],[-66.157796,18.440653],[-66.157786,18.440629],[-66.157777,18.440604],[-66.157758,18.440541],[-66.15775,18.440516],[-66.157745,18.440503],[-66.157735,18.440479],[-66.157729,18.440468],[-66.157722,18.440457],[-66.157706,18.440437],[-66.157676,18.44041],[-66.157645,18.440385],[-66.157636,18.440376],[-66.157626,18.440367],[-66.15761,18.440349],[-66.157604,18.44034],[-66.1576,18.44033],[-66.157599,18.440319],[-66.157599,18.440308],[-66.157601,18.440297],[-66.157607,18.440273],[-66.157612,18.440261],[-66.157616,18.440249],[-66.157631,18.440212],[-66.15764,18.440187],[-66.157648,18.440163],[-66.157651,18.440151],[-66.157652,18.440139],[-66.157652,18.440127],[-66.157651,18.440115],[-66.157647,18.440104],[-66.157643,18.440092],[-66.157638,18.440081],[-66.157633,18.440069],[-66.157627,18.440058],[-66.157601,18.440013],[-66.157589,18.43999],[-66.157577,18.439965],[-66.157554,18.439917],[-66.157542,18.439893],[-66.157536,18.439882],[-66.157522,18.439862],[-66.157514,18.439854],[-66.157505,18.439848],[-66.157494,18.439843],[-66.157483,18.439841],[-66.157457,18.439839],[-66.157443,18.43984],[-66.15743,18.439841],[-66.157416,18.439842],[-66.157345,18.439849],[-66.15733,18.43985],[-66.157316,18.439851],[-66.157303,18.439852],[-66.157275,18.43985],[-66.157263,18.439847],[-66.15725,18.439843],[-66.157238,18.439837],[-66.157216,18.439823],[-66.157204,18.439815],[-66.157182,18.439799],[-66.157138,18.439765],[-66.157117,18.439747],[-66.157107,18.439739],[-66.157097,18.43973],[-66.157088,18.439722],[-66.157074,18.439706],[-66.157071,18.439699],[-66.15707,18.439692],[-66.157073,18.439685],[-66.15708,18.439679],[-66.157089,18.439674],[-66.157099,18.439668],[-66.157123,18.439658],[-66.157137,18.439653],[-66.157164,18.439644],[-66.157301,18.439596],[-66.157342,18.439582],[-66.15737,18.439573],[-66.157397,18.439565],[-66.157425,18.439557],[-66.15755,18.439523],[-66.157578,18.439516],[-66.157591,18.439511],[-66.157603,18.439507],[-66.157615,18.439502],[-66.157626,18.439496],[-66.157635,18.43949],[-66.157642,18.439482],[-66.157647,18.439472],[-66.157649,18.439462],[-66.15765,18.43945],[-66.15765,18.439438],[-66.157649,18.439425],[-66.157647,18.439412],[-66.157645,18.439398],[-66.157641,18.439371],[-66.157626,18.43929],[-66.157617,18.439235],[-66.157593,18.439087],[-66.15756,18.438884],[-66.157552,18.438829],[-66.157537,18.438733],[-66.157533,18.438706],[-66.157531,18.438693],[-66.157528,18.43868],[-66.157525,18.438668],[-66.157522,18.438657],[-66.157517,18.438648],[-66.157512,18.43864],[-66.157506,18.438635],[-66.157498,18.438634],[-66.157489,18.438635],[-66.157478,18.438638],[-66.157467,18.438643],[-66.157456,18.438649],[-66.157444,18.438655],[-66.15742,18.438669],[-66.157395,18.438684],[-66.157371,18.438699],[-66.157359,18.438706],[-66.157347,18.438714],[-66.157327,18.43873],[-66.157319,18.438738],[-66.157312,18.438747],[-66.157308,18.438756],[-66.157307,18.438766],[-66.157308,18.438776],[-66.157312,18.438787],[-66.157316,18.438799],[-66.157322,18.43881],[-66.157328,18.438822],[-66.157342,18.438845],[-66.157393,18.438928],[-66.157408,18.438952],[-66.157415,18.438963],[-66.157421,18.438975],[-66.157427,18.438988],[-66.157433,18.439],[-66.157438,18.439012],[-66.157441,18.439025],[-66.157444,18.439036],[-66.157445,18.439048],[-66.157446,18.439059],[-66.157448,18.439109],[-66.157452,18.439162],[-66.157452,18.439197],[-66.15745,18.439207],[-66.157447,18.439215],[-66.157443,18.439221],[-66.157435,18.439224],[-66.157426,18.439224],[-66.157415,18.439223],[-66.157404,18.43922],[-66.157391,18.439217],[-66.157378,18.439212],[-66.157352,18.439203],[-66.157324,18.439193],[-66.157214,18.439151],[-66.157187,18.439141],[-66.157174,18.439136],[-66.157148,18.439128],[-66.157136,18.439126],[-66.157125,18.439125],[-66.157115,18.439125],[-66.157106,18.439128],[-66.1571,18.439134],[-66.157095,18.439142],[-66.157089,18.439164],[-66.157087,18.439177],[-66.157085,18.439203],[-66.157084,18.439217],[-66.157084,18.439231],[-66.157085,18.439244],[-66.157088,18.439296],[-66.157088,18.439318],[-66.157087,18.439327],[-66.157085,18.439335],[-66.157081,18.439339],[-66.157075,18.43934],[-66.157068,18.439338],[-66.157059,18.439335],[-66.157049,18.43933],[-66.157039,18.439323],[-66.157017,18.439309],[-66.156994,18.439293],[-66.156891,18.43922],[-66.156868,18.439204],[-66.156856,18.439196],[-66.156845,18.439189],[-66.156833,18.439182],[-66.156821,18.439176],[-66.156809,18.439171],[-66.156796,18.439167],[-66.156783,18.439164],[-66.15677,18.439163],[-66.156742,18.439163],[-66.156728,18.439164],[-66.156713,18.439165],[-66.156685,18.439167],[-66.156656,18.43917],[-66.156482,18.439189],[-66.156454,18.439192],[-66.156426,18.439194],[-66.156401,18.439194],[-66.15639,18.439192],[-66.15638,18.439189],[-66.156372,18.439184],[-66.156368,18.439177],[-66.156365,18.439168],[-66.156363,18.439158],[-66.156363,18.439135],[-66.156364,18.439122],[-66.15637,18.439071],[-66.156372,18.439045],[-66.156372,18.439022],[-66.15637,18.439011],[-66.156368,18.439001],[-66.156363,18.438993],[-66.156355,18.438986],[-66.156346,18.438981],[-66.156334,18.438977],[-66.156322,18.438974],[-66.156309,18.438972],[-66.156281,18.438968],[-66.156252,18.438965],[-66.156121,18.438952],[-66.156092,18.43895],[-66.156078,18.438949],[-66.156052,18.438949],[-66.15604,18.438951],[-66.156029,18.438954],[-66.15602,18.438959],[-66.156014,18.438966],[-66.156008,18.438975],[-66.156004,18.438985],[-66.156001,18.438996],[-66.155999,18.439008],[-66.155997,18.439021],[-66.155995,18.439033],[-66.155994,18.439046],[-66.155991,18.439072],[-66.155991,18.439111],[-66.155992,18.439123],[-66.155995,18.439135],[-66.155999,18.439147],[-66.156005,18.439157],[-66.156012,18.439167],[-66.156021,18.439177],[-66.15603,18.439186],[-66.15605,18.439204],[-66.156081,18.439229],[-66.156091,18.439238],[-66.1561,18.439246],[-66.156107,18.439254],[-66.156113,18.439261],[-66.156117,18.439269],[-66.156118,18.439275],[-66.156116,18.439281],[-66.15611,18.439286],[-66.156103,18.439291],[-66.156094,18.439295],[-66.156084,18.439298],[-66.156074,18.4393],[-66.156062,18.439302],[-66.156051,18.439302],[-66.156038,18.439301],[-66.156025,18.439299],[-66.156012,18.439296],[-66.155999,18.439292],[-66.155921,18.439262],[-66.155886,18.439247],[-66.155899,18.43921],[-66.155957,18.438995],[-66.155989,18.438843],[-66.155999,18.438739],[-66.156013,18.43864],[-66.156028,18.438512],[-66.156006,18.438316],[-66.155954,18.438131],[-66.155858,18.437886],[-66.155802,18.437725],[-66.155729,18.437568],[-66.155691,18.437503],[-66.155644,18.437423],[-66.155597,18.437242],[-66.155578,18.437078],[-66.155598,18.43689],[-66.155647,18.436747],[-66.155716,18.436628],[-66.155831,18.436482],[-66.156013,18.436365],[-66.15619,18.436292],[-66.156329,18.436234],[-66.156405,18.436183],[-66.156486,18.436104],[-66.156546,18.436001],[-66.156587,18.435822],[-66.156556,18.435682],[-66.156495,18.435327],[-66.156431,18.434953],[-66.156395,18.43474],[-66.156429,18.434684],[-66.156493,18.434638],[-66.156551,18.434611],[-66.156616,18.434598],[-66.156815,18.434601],[-66.156911,18.434605],[-66.156998,18.434621],[-66.157071,18.434645],[-66.157155,18.434684],[-66.157243,18.43474],[-66.157285,18.434796],[-66.157295,18.434814],[-66.157226,18.434216],[-66.157089,18.433468],[-66.156906,18.432566],[-66.156789,18.431982],[-66.156709,18.431509],[-66.156631,18.43105],[-66.156522,18.430414],[-66.156346,18.429608],[-66.15628,18.429267],[-66.156132,18.42863],[-66.156016,18.428023],[-66.155898,18.427515],[-66.155776,18.426899],[-66.155645,18.426217],[-66.155536,18.425743],[-66.15549,18.425542],[-66.155333,18.424928],[-66.155178,18.424268],[-66.155001,18.423515],[-66.154713,18.422241],[-66.154679472118,18.42209708801419],[-66.15456600026941,18.422115999908204],[-66.15439300001705,18.422149000198655],[-66.1532349997506,18.422328000243294],[-66.15289199961893,18.42237299973008],[-66.152566000104,18.422417000334253],[-66.1521429996064,18.422471999582203],[-66.15185899992426,18.42251699988357],[-66.15145700024135,18.42256500019203],[-66.15111300028478,18.422589000341244],[-66.15075300043465,18.422612999634808],[-66.15035099985343,18.422630000020195],[-66.14982199994893,18.42262700000246],[-66.14928600037173,18.422657000177637],[-66.14920000015799,18.422657000177637],[-66.14880400032287,18.42273700005101],[-66.14867299990331,18.422752000129666],[-66.14844299974953,18.42277799969471],[-66.14809799996804,18.422817999607922],[-66.14770600033088,18.42289899997893],[-66.14733999973467,18.4229759997281],[-66.14708600018976,18.42298199975138],[-66.14698499990743,18.422983000323438],[-66.14644599995718,18.422986000334976],[-66.14592799992332,18.422984999762956],[-66.14585699977822,18.422986000334976],[-66.14558499979164,18.422990000066196],[-66.14491699996996,18.422992000357898],[-66.14397499961358,18.423005000122767],[-66.14271799961291,18.423038000242666],[-66.14215400044662,18.423205000184105],[-66.14158600018406,18.42348099981867],[-66.14132400024323,18.423531000143548],[-66.14100299985286,18.423519999851734],[-66.1406771434181,18.423425274508016],[-66.140664,18.423457],[-66.140507,18.423842],[-66.140387,18.424014],[-66.140255,18.424191],[-66.140106,18.424339],[-66.139729,18.424666],[-66.139593,18.424829],[-66.1392,18.425448],[-66.138772,18.426294],[-66.138542,18.426862],[-66.138228,18.427429],[-66.138093,18.427763],[-66.138114,18.427741],[-66.138155,18.427712],[-66.138202,18.427687],[-66.138229,18.427676],[-66.138258,18.427667],[-66.13829,18.427659],[-66.138324,18.427653],[-66.138364,18.427648],[-66.138399,18.427646],[-66.138431,18.427647],[-66.138459,18.427651],[-66.138488,18.427658],[-66.138515,18.427667],[-66.138542,18.427679],[-66.138574,18.427696],[-66.138614,18.427723],[-66.138671,18.427768],[-66.13873,18.427816],[-66.138773,18.427854],[-66.13881,18.42789],[-66.138842,18.427925],[-66.138879,18.427968],[-66.138888,18.427982],[-66.138894,18.427995],[-66.138898,18.428013],[-66.138899,18.428035],[-66.138897,18.428054],[-66.138892,18.428084],[-66.138883,18.428117],[-66.138871,18.428152],[-66.138855,18.42819],[-66.138833,18.428235],[-66.138801,18.42829],[-66.138759,18.428352],[-66.138709,18.428415],[-66.138656,18.428474],[-66.138591,18.428536],[-66.13856,18.428562],[-66.138529,18.428585],[-66.138459,18.428631],[-66.138428,18.428648],[-66.138404,18.42866],[-66.139186,18.429234],[-66.139933,18.429904],[-66.140783,18.43047],[-66.140999,18.430953],[-66.140991,18.430961],[-66.140982,18.430969],[-66.140973,18.430978],[-66.140954,18.430998],[-66.140895,18.43106],[-66.140875,18.431081],[-66.140855,18.431101],[-66.140845,18.43111],[-66.140835,18.431118],[-66.140824,18.431126],[-66.140813,18.431132],[-66.140802,18.431136],[-66.14079,18.431138],[-66.140778,18.431138],[-66.140768,18.431137],[-66.140776,18.431144],[-66.140805,18.431172],[-66.140828,18.4312],[-66.14085,18.431232],[-66.140863,18.431255],[-66.140874,18.431283],[-66.140884,18.431321],[-66.140888,18.431347],[-66.140891,18.431375],[-66.14089,18.43146],[-66.140888,18.431524],[-66.140881,18.431589],[-66.140872,18.431657],[-66.140858,18.431728],[-66.14083,18.431837],[-66.140811,18.431897],[-66.140757,18.432041],[-66.140745,18.432081],[-66.140736,18.432117],[-66.14072,18.432203],[-66.140714,18.432272],[-66.140714,18.432311],[-66.140717,18.432353],[-66.140723,18.432399],[-66.140731,18.432452],[-66.140748,18.432537],[-66.140758,18.432572],[-66.140769,18.432604],[-66.140793,18.432664],[-66.140821,18.432717],[-66.140839,18.432746],[-66.14086,18.432775],[-66.14091,18.432835],[-66.140948,18.432874],[-66.140981,18.432905],[-66.141019,18.432934],[-66.141052,18.432955],[-66.141088,18.432973],[-66.141121,18.432986],[-66.14115,18.432992],[-66.141192,18.432998],[-66.141233,18.433001],[-66.141278,18.433001],[-66.141413,18.432991],[-66.141508,18.432982],[-66.141596,18.432969],[-66.14167,18.432956],[-66.141739,18.43294],[-66.141788,18.432926],[-66.1419,18.432887],[-66.141951,18.432873],[-66.142033,18.432856],[-66.142065,18.432852],[-66.142093,18.43285],[-66.142122,18.432851],[-66.142154,18.432853],[-66.142243,18.432866],[-66.142309,18.432878],[-66.142376,18.432895],[-66.142446,18.432915],[-66.142518,18.43294],[-66.142613,18.432975],[-66.142642,18.432989],[-66.142666,18.433005],[-66.142702,18.433033],[-66.142729,18.433062],[-66.142744,18.433083],[-66.142762,18.433113],[-66.142778,18.433146],[-66.142804,18.43322],[-66.142818,18.433252],[-66.14286,18.433326],[-66.1429,18.433386],[-66.142943,18.433444],[-66.142994,18.433508],[-66.143014,18.433529],[-66.143033,18.433546],[-66.143059,18.433567],[-66.143085,18.433584],[-66.14311,18.433599],[-66.143135,18.43361],[-66.143166,18.433619],[-66.143236,18.433628],[-66.143267,18.433636],[-66.143315,18.433654],[-66.143346,18.433671],[-66.14337,18.433688],[-66.143399,18.433712],[-66.143408,18.433723],[-66.143414,18.433733],[-66.14342,18.433756],[-66.143421,18.433787],[-66.143416,18.433814],[-66.143406,18.433844],[-66.143393,18.433869],[-66.143377,18.433892],[-66.14336,18.43391],[-66.143327,18.433936],[-66.143307,18.43395],[-66.143283,18.433965],[-66.143182,18.434016],[-66.14314,18.434041],[-66.143093,18.434079],[-66.142998,18.434167],[-66.142955,18.434203],[-66.142882,18.434257],[-66.142828,18.434292],[-66.142791,18.434311],[-66.142753,18.43433],[-66.142714,18.434346],[-66.142673,18.434361],[-66.142595,18.434385],[-66.14251,18.434403],[-66.142454,18.43441],[-66.142394,18.434415],[-66.142329,18.434417],[-66.142254,18.434416],[-66.142177,18.434413],[-66.142125,18.434407],[-66.142092,18.4344],[-66.14207,18.434394],[-66.142053,18.434387],[-66.142035,18.434378],[-66.141989,18.434347],[-66.141953,18.434319],[-66.141917,18.434286],[-66.141871,18.434237],[-66.141852,18.43421],[-66.141811,18.434147],[-66.141791,18.434121],[-66.141753,18.434081],[-66.14172,18.434055],[-66.141689,18.434034],[-66.141658,18.434019],[-66.141628,18.434008],[-66.141599,18.434002],[-66.141572,18.433999],[-66.141552,18.433999],[-66.141531,18.434005],[-66.141505,18.434016],[-66.141489,18.434025],[-66.141472,18.434037],[-66.141425,18.434079],[-66.141398,18.434106],[-66.141338,18.434177],[-66.141308,18.434208],[-66.14125,18.434257],[-66.141194,18.434295],[-66.141151,18.434319],[-66.14108,18.434352],[-66.141011,18.434379],[-66.140851,18.434433],[-66.140814,18.434448],[-66.140781,18.434464],[-66.140701,18.434501],[-66.140666,18.434519],[-66.140635,18.434541],[-66.140611,18.434564],[-66.140584,18.4346],[-66.140564,18.434638],[-66.140553,18.434667],[-66.140548,18.43469],[-66.140546,18.434711],[-66.140547,18.434727],[-66.14055,18.434739],[-66.140557,18.434753],[-66.140583,18.434788],[-66.140603,18.434807],[-66.140658,18.434842],[-66.14068,18.434861],[-66.14071,18.434896],[-66.14072,18.43491],[-66.140727,18.434924],[-66.140734,18.434945],[-66.140739,18.434972],[-66.140741,18.435005],[-66.14074,18.435042],[-66.140737,18.435074],[-66.140733,18.435097],[-66.140727,18.435116],[-66.140719,18.435132],[-66.14071,18.435144],[-66.140699,18.435156],[-66.140667,18.435181],[-66.140651,18.435191],[-66.140632,18.4352],[-66.14057,18.435222],[-66.140539,18.435231],[-66.140504,18.435239],[-66.140355,18.435259],[-66.140321,18.435265],[-66.140292,18.435272],[-66.140232,18.435289],[-66.140198,18.435303],[-66.140163,18.435321],[-66.140141,18.435334],[-66.140124,18.435348],[-66.140113,18.435363],[-66.140107,18.435376],[-66.140103,18.435391],[-66.140098,18.435434],[-66.140099,18.435456],[-66.140103,18.43548],[-66.140125,18.435554],[-66.140144,18.43561],[-66.140167,18.435666],[-66.140194,18.435721],[-66.140224,18.435771],[-66.140257,18.435818],[-66.140297,18.435868],[-66.140326,18.435901],[-66.140357,18.435933],[-66.140391,18.435965],[-66.140428,18.435996],[-66.140451,18.436015],[-66.140479,18.436034],[-66.140602,18.436107],[-66.140628,18.436125],[-66.14065,18.436143],[-66.140674,18.436167],[-66.140698,18.436194],[-66.140792,18.436322],[-66.140816,18.43635],[-66.140839,18.436374],[-66.140884,18.436415],[-66.140929,18.436453],[-66.140977,18.436489],[-66.141026,18.436523],[-66.141105,18.43657],[-66.141141,18.436589],[-66.141177,18.436605],[-66.141223,18.436625],[-66.141263,18.436639],[-66.1413,18.43665],[-66.141336,18.436658],[-66.141363,18.436662],[-66.141393,18.436665],[-66.141486,18.436667],[-66.141548,18.436665],[-66.141691,18.436653],[-66.141757,18.436653],[-66.141821,18.436658],[-66.141887,18.436667],[-66.141949,18.436678],[-66.142006,18.436691],[-66.142071,18.436708],[-66.142114,18.436722],[-66.142152,18.436736],[-66.142184,18.436753],[-66.142214,18.436772],[-66.142243,18.436794],[-66.142272,18.43682],[-66.142302,18.436852],[-66.142331,18.436889],[-66.142355,18.436924],[-66.142378,18.436967],[-66.142392,18.437004],[-66.142401,18.437041],[-66.142405,18.437081],[-66.142403,18.437118],[-66.142397,18.437162],[-66.142388,18.437197],[-66.142377,18.437229],[-66.142362,18.437263],[-66.142346,18.437291],[-66.142336,18.437304],[-66.142323,18.437317],[-66.142264,18.437364],[-66.142241,18.437387],[-66.142213,18.437424],[-66.142192,18.437458],[-66.142174,18.437499],[-66.142159,18.437543],[-66.142148,18.437595],[-66.142146,18.437616],[-66.142146,18.437635],[-66.142149,18.437659],[-66.142154,18.437677],[-66.142163,18.437694],[-66.142181,18.437718],[-66.142205,18.437743],[-66.142259,18.437785],[-66.142281,18.437804],[-66.142311,18.437836],[-66.142326,18.437857],[-66.142336,18.43788],[-66.142342,18.437905],[-66.142343,18.437921],[-66.142337,18.437958],[-66.142339,18.437975],[-66.142344,18.437987],[-66.142352,18.438],[-66.142377,18.438027],[-66.142402,18.438043],[-66.142448,18.438064],[-66.142502,18.438088],[-66.142551,18.438104],[-66.142597,18.438116],[-66.14264,18.438122],[-66.142686,18.438124],[-66.142732,18.438122],[-66.142768,18.438114],[-66.142845,18.438088],[-66.142877,18.438082],[-66.142914,18.438082],[-66.142954,18.438086],[-66.142999,18.438094],[-66.14307,18.438111],[-66.143126,18.438127],[-66.143185,18.438146],[-66.143242,18.438168],[-66.143305,18.438196],[-66.143365,18.438222],[-66.143397,18.438241],[-66.143429,18.438265],[-66.143449,18.438287],[-66.143462,18.438306],[-66.143474,18.43833],[-66.143484,18.438357],[-66.143493,18.43839],[-66.143497,18.438417],[-66.1435,18.438445],[-66.143499,18.438474],[-66.143497,18.438503],[-66.143492,18.438531],[-66.143483,18.438561],[-66.143447,18.438648],[-66.143434,18.438674],[-66.143398,18.438738],[-66.143383,18.438772],[-66.143368,18.43882],[-66.143365,18.438836],[-66.143365,18.438851],[-66.143367,18.438866],[-66.143373,18.438884],[-66.143396,18.43893],[-66.143404,18.438944],[-66.143416,18.438959],[-66.143472,18.439016],[-66.14349,18.439042],[-66.1435,18.439065],[-66.143509,18.439092],[-66.143516,18.439123],[-66.143523,18.439162],[-66.143528,18.439214],[-66.143529,18.439281],[-66.143527,18.439342],[-66.143521,18.439394],[-66.143514,18.439431],[-66.143507,18.439458],[-66.143499,18.439478],[-66.143476,18.439522],[-66.143467,18.439543],[-66.143456,18.439577],[-66.143453,18.439599],[-66.143455,18.439623],[-66.143464,18.439654],[-66.143478,18.43969],[-66.143486,18.439703],[-66.143494,18.439714],[-66.143513,18.439729],[-66.143531,18.439739],[-66.143551,18.439742],[-66.143586,18.43974],[-66.143617,18.439735],[-66.143676,18.439721],[-66.143701,18.439716],[-66.143738,18.439713],[-66.143826,18.439714],[-66.143867,18.439709],[-66.143901,18.439702],[-66.143919,18.439694],[-66.143937,18.439682],[-66.143949,18.439669],[-66.143954,18.43966],[-66.143957,18.439648],[-66.143961,18.439612],[-66.143959,18.439581],[-66.143948,18.439525],[-66.143941,18.43949],[-66.143932,18.439453],[-66.143882,18.439296],[-66.143865,18.439226],[-66.143849,18.439161],[-66.143847,18.439142],[-66.143847,18.439125],[-66.14385,18.4391],[-66.143855,18.439082],[-66.143863,18.439067],[-66.143877,18.439047],[-66.143896,18.439024],[-66.143917,18.439005],[-66.143944,18.438985],[-66.143954,18.438981],[-66.143963,18.438978],[-66.143978,18.438979],[-66.143994,18.438982],[-66.144009,18.43899],[-66.14403,18.439008],[-66.144052,18.439029],[-66.144095,18.439089],[-66.144118,18.439113],[-66.144141,18.439132],[-66.14416,18.439145],[-66.144187,18.439157],[-66.144229,18.43917],[-66.144256,18.439176],[-66.144288,18.439181],[-66.144382,18.439189],[-66.144476,18.439194],[-66.144584,18.439194],[-66.144687,18.439189],[-66.144815,18.439177],[-66.144964,18.439159],[-66.145023,18.43915],[-66.145076,18.439139],[-66.14513,18.439125],[-66.145253,18.439086],[-66.145313,18.439072],[-66.145363,18.439065],[-66.145419,18.43906],[-66.145481,18.439058],[-66.145564,18.439057],[-66.145655,18.439059],[-66.14576,18.439065],[-66.145856,18.439074],[-66.145984,18.43909],[-66.146165,18.439116],[-66.146235,18.439129],[-66.146299,18.439142],[-66.146409,18.439165],[-66.146443,18.439175],[-66.146472,18.439185],[-66.146518,18.439203],[-66.146531,18.43921],[-66.146541,18.439218],[-66.146557,18.439237],[-66.146569,18.439258],[-66.146574,18.43928],[-66.146574,18.439317],[-66.146572,18.439343],[-66.146563,18.4394],[-66.14656,18.439425],[-66.14656,18.439468],[-66.146564,18.439499],[-66.146573,18.43953],[-66.146594,18.439577],[-66.146608,18.439604],[-66.146642,18.439663],[-66.146655,18.43969],[-66.146673,18.439733],[-66.14668,18.439763],[-66.146681,18.439782],[-66.14668,18.439802],[-66.146669,18.439858],[-66.146664,18.439874],[-66.146657,18.439892],[-66.146619,18.439967],[-66.146612,18.439985],[-66.146608,18.440003],[-66.146604,18.440031],[-66.146605,18.440047],[-66.146612,18.440063],[-66.146624,18.440079],[-66.146637,18.44009],[-66.146654,18.440099],[-66.146676,18.440105],[-66.146713,18.440113],[-66.146756,18.440119],[-66.146792,18.440119],[-66.146823,18.440112],[-66.14687,18.440095],[-66.146897,18.440083],[-66.146959,18.440049],[-66.146989,18.440036],[-66.147042,18.440024],[-66.147068,18.44002],[-66.147093,18.440019],[-66.147117,18.44002],[-66.147143,18.440023],[-66.1472,18.440034],[-66.147241,18.440046],[-66.147267,18.440055],[-66.147288,18.440065],[-66.147305,18.440077],[-66.147317,18.440089],[-66.147328,18.440104],[-66.147348,18.440139],[-66.147357,18.440167],[-66.147364,18.44021],[-66.147368,18.440244],[-66.147369,18.440282],[-66.147366,18.440344],[-66.147357,18.440405],[-66.147347,18.440438],[-66.147319,18.440511],[-66.147311,18.440542],[-66.147302,18.440592],[-66.147301,18.440608],[-66.147303,18.440621],[-66.147309,18.44064],[-66.147316,18.440654],[-66.147325,18.440665],[-66.147339,18.44068],[-66.147363,18.440699],[-66.147387,18.440715],[-66.14741,18.440726],[-66.147431,18.440733],[-66.147447,18.440735],[-66.147465,18.440736],[-66.147513,18.440731],[-66.147541,18.440725],[-66.147572,18.440716],[-66.147604,18.440703],[-66.147642,18.440686],[-66.147683,18.440662],[-66.147734,18.440628],[-66.147764,18.440603],[-66.147829,18.440543],[-66.147859,18.44052],[-66.147893,18.440498],[-66.147929,18.440478],[-66.147965,18.440461],[-66.148001,18.440445],[-66.148047,18.440427],[-66.148075,18.440418],[-66.148101,18.440413],[-66.148124,18.440411],[-66.148151,18.440412],[-66.148171,18.440415],[-66.148189,18.440422],[-66.148211,18.440435],[-66.148235,18.440455],[-66.148261,18.440482],[-66.148282,18.440509],[-66.148298,18.440536],[-66.148309,18.440561],[-66.148315,18.440581],[-66.148317,18.440605],[-66.148314,18.440633],[-66.148311,18.44065],[-66.148305,18.440668],[-66.148283,18.440715],[-66.148264,18.44075],[-66.148257,18.440759],[-66.148263,18.440759],[-66.14843,18.440765],[-66.148618,18.440764],[-66.148786,18.440778],[-66.148986,18.440805],[-66.149168,18.440828],[-66.149172,18.440824],[-66.149191,18.440813],[-66.149218,18.440801],[-66.149258,18.440789],[-66.149301,18.440778],[-66.149336,18.440774],[-66.149359,18.440773],[-66.149383,18.440775],[-66.149446,18.440786],[-66.149482,18.440795],[-66.149539,18.440813],[-66.149582,18.440829],[-66.149643,18.440819],[-66.149916,18.440775],[-66.150233,18.440726],[-66.150241,18.44072],[-66.150287,18.440687],[-66.150355,18.440641],[-66.150413,18.440605],[-66.150467,18.440575],[-66.150519,18.440551],[-66.150572,18.44053],[-66.150616,18.440517],[-66.150657,18.440507],[-66.150711,18.440499],[-66.150778,18.440491],[-66.150838,18.440488],[-66.150904,18.44049],[-66.150954,18.440496],[-66.151001,18.440506],[-66.15103,18.440516],[-66.151179,18.44042],[-66.151339,18.440318],[-66.151463,18.440176],[-66.151621,18.44001],[-66.151754,18.439785],[-66.151875,18.439575],[-66.151997,18.439257],[-66.152055,18.439036],[-66.152135,18.438782],[-66.152158,18.438642],[-66.15217,18.438434],[-66.152143,18.438278],[-66.152108,18.438138],[-66.152056,18.437977],[-66.151983,18.437848],[-66.151889,18.437711],[-66.151754,18.437503],[-66.151742,18.437484],[-66.151677,18.437356],[-66.151649,18.4373],[-66.151637,18.437248],[-66.151663,18.437188],[-66.15171,18.437125],[-66.15174,18.437106],[-66.151807,18.437115],[-66.151923,18.437184],[-66.152009,18.437277],[-66.152115,18.437427],[-66.152161,18.437503],[-66.152193,18.437556],[-66.15227,18.437709],[-66.152334,18.43789],[-66.1524,18.438171],[-66.152441,18.438475],[-66.152482,18.43878],[-66.152503,18.43902],[-66.152493,18.439212],[-66.152478,18.439364],[-66.152459,18.439532],[-66.152443,18.439739],[-66.15244,18.439943],[-66.152458,18.440111],[-66.152493,18.440268],[-66.152545,18.440397],[-66.15261,18.440505],[-66.152681,18.440558],[-66.152784,18.440608],[-66.15288,18.440637],[-66.153098,18.440633],[-66.153325,18.440596],[-66.153509,18.440583],[-66.15368,18.440605],[-66.15383,18.440636],[-66.153934,18.440685],[-66.154042,18.440759],[-66.154157,18.440869],[-66.154256,18.440988],[-66.154305,18.441065],[-66.154365,18.441234],[-66.154392,18.441326],[-66.154428,18.441447],[-66.154514,18.44156],[-66.15458,18.441645],[-66.154642,18.441678],[-66.154713,18.441699],[-66.154813,18.441688],[-66.154899,18.441658],[-66.154904,18.441669],[-66.15491,18.441681],[-66.154917,18.441693],[-66.154925,18.441704],[-66.154933,18.441713],[-66.154942,18.441721],[-66.154952,18.441729],[-66.154962,18.441736],[-66.154972,18.441742],[-66.154982,18.441747],[-66.154992,18.441751],[-66.155002,18.441754],[-66.155011,18.441755],[-66.155019,18.441754],[-66.155026,18.441749],[-66.155032,18.441741],[-66.155037,18.441732],[-66.155041,18.441721],[-66.155046,18.441709],[-66.155049,18.441697],[-66.155053,18.441684],[-66.15506,18.441657],[-66.155096,18.441509],[-66.155109,18.441453],[-66.155136,18.441413],[-66.155201,18.441262],[-66.155274,18.441096],[-66.155359,18.440973],[-66.155383,18.440932],[-66.155384,18.440931],[-66.155396,18.440926],[-66.155421,18.440915],[-66.155446,18.440903],[-66.155458,18.440897],[-66.155482,18.440883],[-66.155493,18.440876],[-66.155503,18.440868],[-66.155513,18.440861],[-66.155523,18.440852],[-66.155551,18.440827],[-66.155561,18.440819],[-66.15557,18.440811],[-66.155581,18.440803],[-66.155591,18.440796],[-66.155613,18.440782],[-66.155624,18.440776],[-66.155634,18.440771],[-66.155644,18.440767],[-66.155654,18.440764],[-66.155663,18.440763],[-66.15567,18.440765],[-66.155677,18.440769],[-66.155683,18.440777],[-66.155688,18.440786],[-66.155693,18.440797],[-66.155697,18.440809],[-66.1557,18.440821],[-66.155704,18.440834],[-66.15571,18.440861],[-66.155771,18.44112],[-66.155778,18.441146],[-66.155781,18.441159],[-66.155789,18.441181],[-66.155794,18.441189],[-66.155799,18.441196],[-66.155805,18.4412],[-66.155812,18.441199],[-66.155819,18.441196],[-66.155828,18.441191],[-66.155836,18.441184],[-66.155846,18.441176],[-66.155874,18.441148],[-66.155951,18.441067],[-66.155981,18.441038],[-66.15601,18.441009],[-66.156067,18.440958],[-66.156093,18.440932],[-66.156101,18.440923],[-66.156113,18.440907],[-66.156117,18.4409],[-66.156119,18.440894],[-66.156119,18.440889],[-66.156115,18.440885],[-66.156108,18.440883],[-66.156098,18.440881],[-66.156087,18.44088],[-66.156007,18.44088],[-66.155993,18.440879],[-66.15598,18.440877],[-66.155966,18.440875],[-66.155953,18.440871],[-66.155941,18.440865],[-66.155929,18.44086],[-66.155893,18.440839],[-66.155869,18.440824],[-66.155729,18.440733],[-66.155706,18.440718],[-66.155684,18.440702],[-66.155664,18.440686],[-66.155654,18.440677],[-66.155646,18.440668],[-66.15564,18.440658],[-66.155635,18.440647],[-66.155632,18.440635],[-66.155631,18.440623],[-66.155629,18.440597],[-66.15563,18.440571],[-66.155631,18.440544],[-66.155635,18.440464],[-66.155638,18.44041],[-66.15564,18.44037],[-66.15564,18.440317],[-66.155639,18.440239],[-66.155639,18.440232],[-66.155644,18.440218],[-66.155702,18.439963],[-66.155716,18.439905],[-66.155716,18.439904],[-66.15573,18.439882],[-66.155736,18.439871],[-66.155749,18.439848],[-66.155791,18.439767],[-66.155803,18.439744],[-66.155822,18.439709],[-66.155834,18.439686],[-66.155869,18.439631],[-66.155877,18.43962],[-66.155886,18.43961],[-66.155915,18.439581],[-66.155935,18.439563],[-66.155955,18.439547],[-66.155965,18.43954],[-66.155974,18.439534],[-66.155982,18.43953],[-66.155989,18.439528],[-66.155995,18.439528],[-66.155999,18.439532],[-66.156001,18.439539],[-66.156003,18.439548],[-66.156004,18.439558],[-66.156004,18.439607],[-66.156002,18.439647],[-66.156001,18.439674],[-66.156002,18.439715],[-66.156002,18.439742],[-66.156004,18.439782],[-66.15601,18.439954],[-66.156011,18.439981],[-66.156012,18.440007],[-66.156012,18.440047],[-66.15601,18.440087],[-66.156002,18.440272],[-66.156,18.440325],[-66.155999,18.440365],[-66.155999,18.440405],[-66.156004,18.44054],[-66.156006,18.440566],[-66.156008,18.440579],[-66.156011,18.440592],[-66.156014,18.440604],[-66.156019,18.440615],[-66.156025,18.440626],[-66.156032,18.440636],[-66.15604,18.440645],[-66.156049,18.440654],[-66.156068,18.440672],[-66.156096,18.440699],[-66.156114,18.440717],[-66.156123,18.440727],[-66.156137,18.440747],[-66.156143,18.440758],[-66.156147,18.440771],[-66.156151,18.440783],[-66.156155,18.440796],[-66.156157,18.440809],[-66.15616,18.440822],[-66.156165,18.440849],[-66.156169,18.440876],[-66.156196,18.441052],[-66.156201,18.441079],[-66.156203,18.441092],[-66.156206,18.441106],[-66.156209,18.441119],[-66.156213,18.441132],[-66.156223,18.441156],[-66.15623,18.441167],[-66.156238,18.441178],[-66.156247,18.441188],[-66.156257,18.441198],[-66.156267,18.441207],[-66.156287,18.441223],[-66.156297,18.44123],[-66.156308,18.441235],[-66.156318,18.441239],[-66.156328,18.44124],[-66.156338,18.441238],[-66.156348,18.441233],[-66.156358,18.441227],[-66.156368,18.441219],[-66.156377,18.44121],[-66.156387,18.441201],[-66.156425,18.441163],[-66.156435,18.441154],[-66.156444,18.441145],[-66.156453,18.441138],[-66.156462,18.441132],[-66.156471,18.441129],[-66.156479,18.441128],[-66.156486,18.441131],[-66.156493,18.441137],[-66.1565,18.441145],[-66.156507,18.441154],[-66.156513,18.441165],[-66.15652,18.441177],[-66.156526,18.441188],[-66.156537,18.441213],[-66.156543,18.441225],[-66.156548,18.441238],[-66.156556,18.441262],[-66.156558,18.441273],[-66.156558,18.441284],[-66.156556,18.441294],[-66.156551,18.441302],[-66.156544,18.44131],[-66.156534,18.441318],[-66.156523,18.441324],[-66.156512,18.441331],[-66.156499,18.441337],[-66.156487,18.441343],[-66.156461,18.441355],[-66.156407,18.441378],[-66.156368,18.441396],[-66.156341,18.441407],[-66.156328,18.441412],[-66.156314,18.441417],[-66.156301,18.441421],[-66.156287,18.441425],[-66.156274,18.441428],[-66.156261,18.44143],[-66.156248,18.441431],[-66.156234,18.441432],[-66.156195,18.441434],[-66.156182,18.441435],[-66.15617,18.441436],[-66.156157,18.441438],[-66.156146,18.441442],[-66.156134,18.441447],[-66.156124,18.441453],[-66.156113,18.441461],[-66.156104,18.441469],[-66.156094,18.441477],[-66.156084,18.441486],[-66.156075,18.441495],[-66.156067,18.441504],[-66.156058,18.441514],[-66.15605,18.441523],[-66.156038,18.441543],[-66.156034,18.441553],[-66.156032,18.441563],[-66.156032,18.441573],[-66.156035,18.441584],[-66.15604,18.441595],[-66.156052,18.441617],[-66.156059,18.441628],[-66.156091,18.441672],[-66.156157,18.44176],[-66.156173,18.441782],[-66.15618,18.441793],[-66.156188,18.441804],[-66.156195,18.441815],[-66.156207,18.441839],[-66.156211,18.441851],[-66.156214,18.441863],[-66.156216,18.441876],[-66.156218,18.441902],[-66.156218,18.441942],[-66.156217,18.441968],[-66.156215,18.441995],[-66.156213,18.442021],[-66.156207,18.442045],[-66.156203,18.442056],[-66.156197,18.442066],[-66.156189,18.442075],[-66.15618,18.442082],[-66.156158,18.442096],[-66.156146,18.442102],[-66.156133,18.442107],[-66.15612,18.442113],[-66.156094,18.442124],[-66.155989,18.442166],[-66.155884,18.44221],[-66.155858,18.442221],[-66.155832,18.442231],[-66.155819,18.442235],[-66.155807,18.442238],[-66.155794,18.442241],[-66.155782,18.442242],[-66.155771,18.442241],[-66.15576,18.442237],[-66.155749,18.442232],[-66.155739,18.442225],[-66.155729,18.442217],[-66.155709,18.442199],[-66.15569,18.442179],[-66.155594,18.442078],[-66.155555,18.442037],[-66.155536,18.442017],[-66.155525,18.442007],[-66.155515,18.441997],[-66.155505,18.441988],[-66.155484,18.441971],[-66.155474,18.441962],[-66.155454,18.441948],[-66.155445,18.441942],[-66.155437,18.441938],[-66.155429,18.441936],[-66.155424,18.441937],[-66.155419,18.441941],[-66.155417,18.441948],[-66.155415,18.441956],[-66.155414,18.441967],[-66.155414,18.442003],[-66.155416,18.442029],[-66.155419,18.442096],[-66.15542,18.442123],[-66.15542,18.44215],[-66.155418,18.442176],[-66.155416,18.442188],[-66.155412,18.442201],[-66.155408,18.442213],[-66.155398,18.442237],[-66.155386,18.442261],[-66.155365,18.442294],[-66.155358,18.442304],[-66.15535,18.442313],[-66.155341,18.442321],[-66.155332,18.442328],[-66.15532,18.442333],[-66.155308,18.442336],[-66.155296,18.442337],[-66.155282,18.442338],[-66.155269,18.442339],[-66.155255,18.442339],[-66.155241,18.442338],[-66.155212,18.442337],[-66.155084,18.442331],[-66.154886,18.442322],[-66.154843,18.442321],[-66.154801,18.442321],[-66.154774,18.442322],[-66.154748,18.442324],[-66.154735,18.442326],[-66.154723,18.442329],[-66.154712,18.442333],[-66.154702,18.442339],[-66.154693,18.442346],[-66.154685,18.442355],[-66.154679,18.442366],[-66.154672,18.442377],[-66.154666,18.442389],[-66.154661,18.442401],[-66.154655,18.442414],[-66.154645,18.442439],[-66.154604,18.442542],[-66.154573,18.442618],[-66.154407,18.443025],[-66.154334,18.443203],[-66.154324,18.443228],[-66.154313,18.443253],[-66.154301,18.443278],[-66.154295,18.44329],[-66.154289,18.443303],[-66.154275,18.443326],[-66.15426,18.44335],[-66.154246,18.443373],[-66.154036,18.443698],[-66.153887,18.44393],[-66.153857,18.443976],[-66.153849,18.443987],[-66.15384,18.443998],[-66.153832,18.444009],[-66.153822,18.444019],[-66.153813,18.444029],[-66.153803,18.444039],[-66.153792,18.444048],[-66.153772,18.444067],[-66.153581,18.444234],[-66.153254,18.444523],[-66.153169,18.444598],[-66.153073,18.444684],[-66.153052,18.444703],[-66.153042,18.444712],[-66.153031,18.444721],[-66.153011,18.444735],[-66.153001,18.44474],[-66.152992,18.444743],[-66.152983,18.444744],[-66.152975,18.44474],[-66.152968,18.444735],[-66.152961,18.444727],[-66.152955,18.444718],[-66.152949,18.444708],[-66.152943,18.444697],[-66.152931,18.444674],[-66.15292,18.444651],[-66.152909,18.444626],[-66.152904,18.444614],[-66.1529,18.444602],[-66.152896,18.444589],[-66.152893,18.444577],[-66.15289,18.444564],[-66.152889,18.44455],[-66.152889,18.444537],[-66.152888,18.444523],[-66.152888,18.444509],[-66.152889,18.444482],[-66.152891,18.444441],[-66.152899,18.44429],[-66.152906,18.444166],[-66.152907,18.444139],[-66.152907,18.4441],[-66.152906,18.444087],[-66.1529,18.444065],[-66.152894,18.444056],[-66.152887,18.444048],[-66.152877,18.444042],[-66.152866,18.444037],[-66.152854,18.444033],[-66.152828,18.444025],[-66.152801,18.444018],[-66.152689,18.443994],[-66.152676,18.443991],[-66.15265,18.443987],[-66.152638,18.443986],[-66.152627,18.443987],[-66.152618,18.443988],[-66.15261,18.443992],[-66.152604,18.443999],[-66.152601,18.444007],[-66.152598,18.444017],[-66.152597,18.444028],[-66.152596,18.44404],[-66.152596,18.444052],[-66.152597,18.444078],[-66.152598,18.444105],[-66.1526,18.444158],[-66.152602,18.444185],[-66.152605,18.444224],[-66.152609,18.44425],[-66.152613,18.444263],[-66.152621,18.444287],[-66.152627,18.4443],[-66.152633,18.444312],[-66.152639,18.444323],[-66.152658,18.444359],[-66.152704,18.444441],[-66.152724,18.444477],[-66.152748,18.444525],[-66.152753,18.444537],[-66.152758,18.44455],[-66.152767,18.444575],[-66.152781,18.444613],[-66.152793,18.444651],[-66.152797,18.444664],[-66.152803,18.444688],[-66.152805,18.4447],[-66.152806,18.444712],[-66.152805,18.444723],[-66.152803,18.444733],[-66.152797,18.444743],[-66.15279,18.444752],[-66.152781,18.444761],[-66.152771,18.444769],[-66.15276,18.444777],[-66.152748,18.444784],[-66.152736,18.444792],[-66.152712,18.444807],[-66.152502,18.444932],[-66.152454,18.444962],[-66.152442,18.444969],[-66.152431,18.444977],[-66.152421,18.444985],[-66.152411,18.444994],[-66.152402,18.445003],[-66.152396,18.445013],[-66.152391,18.445023],[-66.152388,18.445034],[-66.152386,18.445045],[-66.152385,18.445057],[-66.152385,18.445069],[-66.152384,18.445081],[-66.152385,18.445131],[-66.152384,18.445144],[-66.152384,18.445158],[-66.152383,18.445171],[-66.152381,18.445199],[-66.152378,18.445226],[-66.152373,18.445267],[-66.152342,18.445527],[-66.152335,18.445582],[-66.152326,18.445665],[-66.152323,18.445692],[-66.152321,18.445705],[-66.152319,18.445719],[-66.152316,18.445731],[-66.152313,18.445744],[-66.152309,18.445755],[-66.152304,18.445766],[-66.152297,18.445775],[-66.152288,18.445783],[-66.152278,18.445789],[-66.152254,18.445799],[-66.152241,18.445802],[-66.152227,18.445806],[-66.152199,18.445813],[-66.152171,18.445819],[-66.151931,18.44587],[-66.151889,18.445879],[-66.151863,18.445887],[-66.151851,18.445891],[-66.15184,18.445896],[-66.15183,18.445902],[-66.151822,18.44591],[-66.151817,18.445919],[-66.151813,18.44593],[-66.151811,18.445941],[-66.15181,18.445953],[-66.15181,18.445979],[-66.151811,18.446032],[-66.151811,18.446059],[-66.15181,18.446072],[-66.151808,18.446085],[-66.151805,18.446098],[-66.151801,18.44611],[-66.151789,18.446134],[-66.151782,18.446146],[-66.151774,18.446157],[-66.151758,18.44618],[-66.151716,18.446236],[-66.1517,18.446259],[-66.151692,18.446271],[-66.151684,18.446282],[-66.151677,18.446294],[-66.15167,18.446305],[-66.151665,18.446317],[-66.15166,18.44633],[-66.151657,18.446342],[-66.151655,18.446354],[-66.151653,18.44638],[-66.151653,18.446393],[-66.151654,18.446419],[-66.151655,18.446446],[-66.151661,18.446578],[-66.151662,18.446618],[-66.151663,18.446644],[-66.151663,18.446671],[-66.151661,18.446748],[-66.151661,18.446774],[-66.151662,18.446802],[-66.151665,18.446883],[-66.151669,18.446992],[-66.151675,18.447128],[-66.151677,18.447168],[-66.151677,18.447195],[-66.151676,18.447209],[-66.151675,18.447222],[-66.151674,18.447236],[-66.151672,18.447244],[-66.151691,18.447256],[-66.151761,18.447268],[-66.151809,18.447268],[-66.151875,18.447168],[-66.151965,18.447028],[-66.151995,18.446981],[-66.152009,18.446958],[-66.15203,18.446922],[-66.152042,18.446898],[-66.152061,18.446862],[-66.152108,18.446763],[-66.15212,18.44674],[-66.152126,18.446729],[-66.152132,18.446719],[-66.152137,18.44671],[-66.152143,18.446703],[-66.152148,18.446698],[-66.152153,18.446697],[-66.152157,18.4467],[-66.152161,18.446706],[-66.152165,18.446714],[-66.152169,18.446724],[-66.152172,18.446736],[-66.152179,18.446761],[-66.152185,18.446788],[-66.152207,18.446884],[-66.152214,18.446911],[-66.152218,18.446925],[-66.152221,18.446937],[-66.152226,18.44695],[-66.15223,18.446961],[-66.152236,18.446972],[-66.152243,18.446981],[-66.152251,18.446989],[-66.15226,18.446993],[-66.15227,18.446997],[-66.152281,18.446999],[-66.152293,18.447001],[-66.152331,18.447003],[-66.152355,18.447007],[-66.152367,18.44701],[-66.152377,18.447014],[-66.152387,18.44702],[-66.152396,18.447028],[-66.152404,18.447036],[-66.152411,18.447046],[-66.152418,18.447055],[-66.152424,18.447065],[-66.152429,18.447075],[-66.152433,18.447085],[-66.152435,18.447095],[-66.152436,18.447104],[-66.152434,18.447112],[-66.152429,18.447119],[-66.152421,18.447126],[-66.152411,18.447131],[-66.1524,18.447137],[-66.152387,18.447141],[-66.152374,18.447146],[-66.152347,18.447154],[-66.152276,18.447174],[-66.152248,18.447182],[-66.152235,18.447187],[-66.152221,18.447191],[-66.152208,18.447197],[-66.152196,18.447202],[-66.152184,18.447209],[-66.152173,18.447216],[-66.152164,18.447225],[-66.152156,18.447235],[-66.152148,18.447246],[-66.152141,18.447257],[-66.152134,18.447269],[-66.152122,18.447293],[-66.152109,18.447317],[-66.152098,18.447342],[-66.152086,18.447367],[-66.152075,18.447393],[-66.152066,18.447418],[-66.152052,18.447456],[-66.15199,18.447647],[-66.151972,18.447697],[-66.151964,18.447723],[-66.151959,18.447735],[-66.151954,18.447748],[-66.151949,18.44776],[-66.151937,18.447784],[-66.151931,18.447797],[-66.151918,18.447821],[-66.151853,18.44794],[-66.151833,18.447976],[-66.151819,18.447999],[-66.151811,18.44801],[-66.151804,18.44802],[-66.15179997703453,18.44802491695779],[-66.15202899980358,18.44781900015129],[-66.15231300038403,18.447554000002334],[-66.15249499995889,18.447392999879437],[-66.1527209999147,18.447172999737404],[-66.15288499994624,18.446957000191457],[-66.15310099985629,18.446580999923604],[-66.15327400010867,18.4463060003194],[-66.15346099970643,18.446089999683224],[-66.15369699970796,18.44591200010683],[-66.15391799964091,18.445796999909017],[-66.15420100039644,18.445714000074076],[-66.15448500007857,18.445681999634207],[-66.1546919997678,18.445681999634207],[-66.15490600002805,18.445759000256487],[-66.15496100027963,18.445778000083795],[-66.15501999983086,18.445809999653644],[-66.15515299990024,18.445897999931233],[-66.15539300009976,18.44611800000195],[-66.15540099959736,18.446124999654838],[-66.15564099979689,18.44640999964514],[-66.15580099963044,18.446607999727778],[-66.15596999968486,18.44672799984756],[-66.15602599976135,18.446756999643775],[-66.15609100005867,18.446790999898177],[-66.15637899993877,18.44696700025535],[-66.15658900000105,18.44704899990505],[-66.15675100038276,18.447081000090247],[-66.15679599969029,18.447133000378532],[-66.15705400033146,18.447135999968584],[-66.15715600043869,18.447135999968584],[-66.15716700030936,18.447174000168626],[-66.1572479996019,18.447168000137623],[-66.15741800037952,18.44710300021413],[-66.15752200013661,18.44706299998678],[-66.1577050004347,18.446929999590008],[-66.15787299976589,18.446637000396432],[-66.15811299996538,18.446251000175295],[-66.1582960002635,18.446035999907824],[-66.15834800014203,18.445998999894105],[-66.15849799992986,18.445893999880866],[-66.15874300015224,18.44573400034598],[-66.15889471305776,18.445684818255874],[-66.158902,18.445633],[-66.158905,18.445606],[-66.158906,18.445592],[-66.158907,18.445579],[-66.158908,18.445565],[-66.158908,18.445552]],[[-66.157703,18.445387],[-66.157701,18.445392],[-66.157696,18.445396],[-66.157688,18.445397],[-66.157679,18.445397],[-66.157668,18.445396],[-66.157644,18.445392],[-66.157618,18.445387],[-66.157591,18.445381],[-66.157564,18.445374],[-66.15755,18.445371],[-66.157537,18.445367],[-66.157513,18.445357],[-66.157501,18.445351],[-66.15749,18.445343],[-66.15747,18.445325],[-66.157461,18.445315],[-66.157451,18.445305],[-66.157434,18.445284],[-66.157338,18.445164],[-66.157258,18.445068],[-66.157241,18.445046],[-66.157232,18.445035],[-66.157224,18.445024],[-66.157216,18.445014],[-66.157209,18.445003],[-66.157203,18.444991],[-66.157198,18.44498],[-66.157195,18.444968],[-66.157195,18.444945],[-66.157201,18.444921],[-66.157204,18.444908],[-66.157208,18.444896],[-66.157218,18.444871],[-66.157257,18.444771],[-66.157284,18.444696],[-66.157288,18.444683],[-66.157292,18.444671],[-66.157295,18.444658],[-66.157298,18.444644],[-66.157303,18.444618],[-66.157313,18.444564],[-66.157356,18.444296],[-66.157366,18.444229],[-66.157381,18.444134],[-66.157385,18.444107],[-66.157387,18.444094],[-66.15739,18.444081],[-66.157393,18.444069],[-66.157397,18.444057],[-66.157401,18.444047],[-66.157407,18.444038],[-66.157414,18.444031],[-66.157423,18.444026],[-66.157445,18.444022],[-66.157457,18.444022],[-66.15747,18.444023],[-66.157484,18.444024],[-66.157497,18.444025],[-66.157525,18.444028],[-66.157553,18.444032],[-66.157595,18.444037],[-66.157608,18.44404],[-66.157621,18.444042],[-66.157634,18.444045],[-66.157646,18.444048],[-66.157656,18.444052],[-66.157665,18.444057],[-66.157672,18.444064],[-66.157677,18.444073],[-66.15768,18.444083],[-66.157681,18.444094],[-66.157681,18.444106],[-66.15768,18.444119],[-66.157676,18.444145],[-66.157672,18.444172],[-66.157655,18.444267],[-66.157644,18.444335],[-66.157572,18.44478],[-66.157543,18.444955],[-66.157539,18.444982],[-66.157537,18.444995],[-66.157535,18.445009],[-66.157534,18.445022],[-66.157534,18.445048],[-66.157536,18.445061],[-66.157539,18.445073],[-66.157543,18.445086],[-66.157548,18.445098],[-66.157566,18.445134],[-66.157671,18.445314],[-66.157684,18.445338],[-66.15769,18.445349],[-66.157695,18.44536],[-66.157699,18.44537],[-66.157702,18.445379],[-66.157703,18.445387]],[[-66.156932,18.444136],[-66.156932,18.444146],[-66.156931,18.444157],[-66.156928,18.444169],[-66.156924,18.444182],[-66.15692,18.444194],[-66.156905,18.444233],[-66.156862,18.444337],[-66.156831,18.444414],[-66.156708,18.444721],[-66.156637,18.444901],[-66.156587,18.445031],[-66.156576,18.445056],[-66.156571,18.445069],[-66.156566,18.445081],[-66.15656,18.445093],[-66.156553,18.445105],[-66.156547,18.445115],[-66.156539,18.445125],[-66.15653,18.445133],[-66.156519,18.445139],[-66.156508,18.445143],[-66.156482,18.445149],[-66.156469,18.445151],[-66.156455,18.445152],[-66.156427,18.445155],[-66.156282,18.445166],[-66.156254,18.445168],[-66.156228,18.445168],[-66.156216,18.445167],[-66.156205,18.445166],[-66.156197,18.445163],[-66.156191,18.445158],[-66.156187,18.445151],[-66.156187,18.445142],[-66.156188,18.445132],[-66.156191,18.445121],[-66.156194,18.445109],[-66.156198,18.445097],[-66.15626,18.444942],[-66.156325,18.444775],[-66.156335,18.44475],[-66.156344,18.444724],[-66.156352,18.444698],[-66.156355,18.444685],[-66.156357,18.444672],[-66.156359,18.444646],[-66.156359,18.444632],[-66.156357,18.444606],[-66.156353,18.444553],[-66.156352,18.44454],[-66.156352,18.444502],[-66.156354,18.444491],[-66.156357,18.44448],[-66.156362,18.44447],[-66.156369,18.444461],[-66.156378,18.444454],[-66.156388,18.444447],[-66.156399,18.44444],[-66.156411,18.444434],[-66.156461,18.44441],[-66.156473,18.444404],[-66.156497,18.44439],[-66.156508,18.444382],[-66.156528,18.444364],[-66.156547,18.444345],[-66.156595,18.444296],[-66.156604,18.444286],[-66.156624,18.444268],[-66.156644,18.444251],[-66.156706,18.444198],[-66.156726,18.44418],[-66.156747,18.444163],[-66.156784,18.444128],[-66.156793,18.44412],[-66.156802,18.444113],[-66.156812,18.444106],[-66.156822,18.444101],[-66.156832,18.444097],[-66.156844,18.444095],[-66.156856,18.444095],[-66.156869,18.444096],[-66.156881,18.444099],[-66.156894,18.444102],[-66.156905,18.444107],[-66.156915,18.444112],[-66.156923,18.444119],[-66.156929,18.444126],[-66.156932,18.444136]],[[-66.156588,18.443487],[-66.156588,18.4435],[-66.156584,18.443526],[-66.156581,18.443539],[-66.156577,18.443552],[-66.156569,18.443577],[-66.156561,18.443603],[-66.156496,18.443794],[-66.156486,18.443819],[-66.156476,18.443843],[-66.156464,18.443867],[-66.156456,18.443877],[-66.156449,18.443888],[-66.15644,18.443897],[-66.156432,18.443907],[-66.156423,18.443916],[-66.156414,18.443926],[-66.156404,18.443935],[-66.156395,18.443944],[-66.156375,18.44396],[-66.156364,18.443968],[-66.156354,18.443975],[-66.156341,18.443981],[-66.156329,18.443987],[-66.156316,18.443992],[-66.156302,18.443997],[-66.156276,18.444006],[-66.156207,18.444027],[-66.156153,18.444045],[-66.15614,18.44405],[-66.156101,18.444068],[-66.156064,18.444087],[-66.156026,18.444108],[-66.155925,18.444163],[-66.1559,18.444176],[-66.155876,18.444188],[-66.155864,18.444193],[-66.155853,18.444197],[-66.155842,18.4442],[-66.155833,18.444201],[-66.155825,18.444199],[-66.155818,18.444194],[-66.155813,18.444187],[-66.155809,18.444177],[-66.155805,18.444166],[-66.155802,18.444154],[-66.1558,18.444141],[-66.155795,18.444115],[-66.15579,18.444087],[-66.155786,18.44406],[-66.155783,18.444033],[-66.155782,18.444019],[-66.155782,18.443993],[-66.155784,18.443981],[-66.155787,18.443969],[-66.155792,18.443958],[-66.155799,18.443948],[-66.155817,18.443928],[-66.155827,18.443919],[-66.155837,18.443909],[-66.155858,18.443891],[-66.155979,18.443792],[-66.156001,18.443773],[-66.156021,18.443755],[-66.156031,18.443745],[-66.156041,18.443736],[-66.156049,18.443726],[-66.156057,18.443715],[-66.156062,18.443704],[-66.156066,18.443693],[-66.156069,18.443681],[-66.15607,18.443669],[-66.156071,18.443656],[-66.156072,18.443617],[-66.156072,18.443604],[-66.156073,18.443591],[-66.156075,18.443579],[-66.156077,18.443566],[-66.156085,18.443542],[-66.15609,18.44353],[-66.156096,18.443518],[-66.156112,18.443484],[-66.156117,18.443473],[-66.156121,18.443462],[-66.156124,18.443452],[-66.156125,18.443443],[-66.156124,18.443434],[-66.156119,18.443426],[-66.156112,18.443418],[-66.156104,18.443412],[-66.156094,18.443405],[-66.156083,18.443399],[-66.156071,18.443394],[-66.156059,18.443388],[-66.155997,18.443359],[-66.155957,18.44334],[-66.155906,18.443314],[-66.155829,18.443273],[-66.155803,18.44326],[-66.155791,18.443255],[-66.155779,18.443249],[-66.155768,18.443245],[-66.155758,18.443243],[-66.155748,18.443242],[-66.15574,18.443244],[-66.155734,18.443249],[-66.15573,18.443257],[-66.155727,18.443267],[-66.155724,18.443278],[-66.155722,18.44329],[-66.15572,18.443303],[-66.155719,18.443316],[-66.155717,18.443343],[-66.15571,18.443441],[-66.155709,18.443469],[-66.155708,18.443482],[-66.155708,18.443496],[-66.155709,18.443524],[-66.155711,18.443578],[-66.155713,18.443605],[-66.155713,18.443619],[-66.155711,18.443645],[-66.155709,18.443658],[-66.155706,18.44367],[-66.1557,18.443681],[-66.155694,18.443693],[-66.155686,18.443704],[-66.155678,18.443714],[-66.155669,18.443725],[-66.15565,18.443745],[-66.155631,18.443766],[-66.155525,18.443878],[-66.155495,18.443908],[-66.155485,18.443917],[-66.155443,18.443955],[-66.15541,18.443982],[-66.155247,18.444117],[-66.155127,18.444216],[-66.154997,18.444326],[-66.154975,18.444344],[-66.154942,18.444368],[-66.15493,18.444375],[-66.154918,18.444381],[-66.154906,18.444386],[-66.154893,18.444389],[-66.15488,18.444391],[-66.154866,18.444392],[-66.154853,18.444393],[-66.154839,18.444392],[-66.15481,18.444391],[-66.154724,18.444385],[-66.15471,18.444384],[-66.154683,18.444384],[-66.154659,18.444386],[-66.154649,18.44439],[-66.15464,18.444395],[-66.154634,18.444402],[-66.15463,18.44441],[-66.154626,18.44442],[-66.154622,18.444442],[-66.15462,18.444466],[-66.15462,18.444505],[-66.154622,18.444533],[-66.154628,18.444615],[-66.154629,18.444642],[-66.15463,18.444655],[-66.15463,18.444668],[-66.154628,18.444694],[-66.154626,18.444706],[-66.154622,18.444717],[-66.154616,18.444728],[-66.154609,18.444739],[-66.1546,18.444749],[-66.154581,18.444768],[-66.154571,18.444777],[-66.15455,18.444796],[-66.154443,18.444886],[-66.154336,18.444977],[-66.154188,18.445104],[-66.154061,18.445215],[-66.154039,18.445232],[-66.154029,18.445241],[-66.154007,18.445257],[-66.153995,18.445264],[-66.153984,18.445271],[-66.153972,18.445276],[-66.15396,18.445279],[-66.153949,18.445281],[-66.153937,18.445283],[-66.153901,18.445287],[-66.153887,18.445289],[-66.153874,18.445292],[-66.153847,18.445297],[-66.15382,18.445303],[-66.153793,18.44531],[-66.153752,18.44532],[-66.153671,18.445342],[-66.153644,18.445349],[-66.153618,18.445355],[-66.153605,18.445357],[-66.153581,18.445359],[-66.15357,18.445357],[-66.15356,18.445354],[-66.153551,18.445348],[-66.153543,18.445341],[-66.153536,18.445331],[-66.15353,18.445321],[-66.153524,18.44531],[-66.153518,18.445298],[-66.153513,18.445286],[-66.153502,18.445261],[-66.15347,18.445186],[-66.153454,18.445148],[-66.153432,18.445098],[-66.153394,18.445011],[-66.153383,18.444987],[-66.153378,18.444974],[-66.15337,18.44495],[-66.153367,18.444937],[-66.153365,18.444925],[-66.153364,18.444913],[-66.153365,18.4449],[-66.153371,18.444876],[-66.153386,18.44484],[-66.153398,18.444815],[-66.153492,18.444621],[-66.15351,18.444585],[-66.153523,18.444561],[-66.153537,18.444539],[-66.153545,18.444528],[-66.153552,18.444518],[-66.153578,18.444492],[-66.153614,18.444458],[-66.153643,18.444429],[-66.153681,18.44439],[-66.153784,18.444281],[-66.153822,18.444243],[-66.153842,18.444224],[-66.153862,18.444206],[-66.153893,18.44418],[-66.153998,18.444091],[-66.154038,18.444055],[-66.154058,18.444036],[-66.154077,18.444017],[-66.154161,18.443927],[-66.154189,18.443898],[-66.154209,18.443879],[-66.154229,18.443861],[-66.15424,18.443853],[-66.154251,18.443846],[-66.154263,18.443839],[-66.154274,18.443833],[-66.154299,18.443821],[-66.154336,18.443804],[-66.15436,18.443793],[-66.154384,18.443781],[-66.154396,18.443774],[-66.154407,18.443766],[-66.154427,18.44375],[-66.154447,18.443732],[-66.154494,18.443684],[-66.154503,18.443675],[-66.154513,18.443666],[-66.154523,18.443658],[-66.154534,18.443651],[-66.154545,18.443645],[-66.154557,18.44364],[-66.15457,18.443636],[-66.154584,18.443633],[-66.154597,18.443631],[-66.154612,18.443629],[-66.15464,18.443627],[-66.154669,18.443626],[-66.154683,18.443625],[-66.154696,18.443625],[-66.15471,18.443626],[-66.154722,18.443627],[-66.154734,18.443629],[-66.154744,18.443633],[-66.154752,18.443638],[-66.154758,18.443646],[-66.154762,18.443655],[-66.154765,18.443666],[-66.154766,18.443678],[-66.154766,18.44369],[-66.154765,18.443703],[-66.154763,18.443716],[-66.15476,18.443728],[-66.154755,18.443753],[-66.154752,18.443764],[-66.154751,18.443775],[-66.154752,18.443784],[-66.154755,18.443791],[-66.154761,18.443796],[-66.15477,18.443799],[-66.154781,18.443801],[-66.154818,18.443801],[-66.154846,18.443799],[-66.15486,18.443797],[-66.154886,18.443791],[-66.154898,18.443788],[-66.154909,18.443783],[-66.154919,18.443776],[-66.154926,18.443768],[-66.154932,18.443758],[-66.154937,18.443747],[-66.154941,18.443736],[-66.154945,18.443724],[-66.154948,18.443712],[-66.154959,18.443662],[-66.154962,18.44365],[-66.154965,18.44364],[-66.154969,18.44363],[-66.154973,18.443622],[-66.154977,18.443616],[-66.154983,18.443613],[-66.15499,18.443613],[-66.154998,18.443616],[-66.155006,18.443621],[-66.155042,18.443649],[-66.15505,18.443654],[-66.155058,18.443657],[-66.155065,18.443657],[-66.15507,18.443654],[-66.155073,18.443648],[-66.155077,18.443639],[-66.155079,18.443629],[-66.155081,18.443618],[-66.155083,18.443606],[-66.155085,18.443593],[-66.155088,18.443567],[-66.15509,18.443541],[-66.15509,18.443516],[-66.155089,18.443504],[-66.155088,18.443493],[-66.155084,18.443483],[-66.155079,18.443474],[-66.155072,18.443468],[-66.155062,18.443462],[-66.155051,18.443458],[-66.155039,18.443455],[-66.155026,18.443452],[-66.155013,18.44345],[-66.154999,18.443448],[-66.154971,18.443445],[-66.154873,18.443433],[-66.15476,18.443419],[-66.154732,18.443416],[-66.154718,18.443415],[-66.154705,18.443414],[-66.154691,18.443413],[-66.154665,18.443413],[-66.154652,18.443415],[-66.154641,18.443419],[-66.154629,18.443424],[-66.154609,18.44344],[-66.154599,18.443449],[-66.15459,18.443459],[-66.154581,18.44347],[-66.154562,18.443491],[-66.154509,18.443557],[-66.154492,18.443577],[-66.154483,18.443586],[-66.154476,18.443594],[-66.154469,18.4436],[-66.154463,18.443604],[-66.154458,18.443604],[-66.154455,18.443601],[-66.154454,18.443594],[-66.154453,18.443585],[-66.154454,18.443575],[-66.154455,18.44355],[-66.154458,18.443524],[-66.154469,18.443427],[-66.154474,18.443386],[-66.154478,18.443358],[-66.154484,18.443332],[-66.154492,18.443306],[-66.154497,18.443294],[-66.154507,18.443269],[-66.154518,18.443244],[-66.154572,18.44312],[-66.154589,18.443083],[-66.1546,18.443059],[-66.154607,18.443047],[-66.154613,18.443035],[-66.15462,18.443024],[-66.154636,18.443004],[-66.154644,18.442995],[-66.154662,18.442979],[-66.15469,18.442954],[-66.154752,18.442892],[-66.154761,18.442884],[-66.154771,18.442876],[-66.154782,18.442867],[-66.154793,18.442859],[-66.154805,18.442851],[-66.154817,18.442844],[-66.154842,18.442829],[-66.154917,18.442787],[-66.15495,18.442766],[-66.154959,18.442759],[-66.154966,18.442752],[-66.154971,18.442746],[-66.154972,18.442739],[-66.15497,18.442733],[-66.154963,18.442727],[-66.154955,18.442722],[-66.154944,18.442716],[-66.154933,18.442711],[-66.15492,18.442705],[-66.154867,18.442684],[-66.154841,18.442673],[-66.15483,18.442668],[-66.15482,18.442663],[-66.154811,18.442657],[-66.154805,18.442652],[-66.154803,18.442647],[-66.154805,18.442642],[-66.154811,18.442637],[-66.154819,18.442631],[-66.154829,18.442626],[-66.15484,18.442621],[-66.154892,18.442601],[-66.15492,18.442591],[-66.154933,18.442587],[-66.154947,18.442583],[-66.15496,18.442579],[-66.154974,18.442577],[-66.154987,18.442576],[-66.155,18.442577],[-66.155012,18.442579],[-66.155023,18.442584],[-66.155035,18.442589],[-66.155057,18.442603],[-66.15509,18.442627],[-66.1551,18.442636],[-66.15511,18.442644],[-66.155119,18.442654],[-66.155127,18.442663],[-66.155134,18.442673],[-66.15514,18.442683],[-66.155143,18.442695],[-66.155145,18.442706],[-66.155145,18.442731],[-66.155143,18.442757],[-66.155141,18.44277],[-66.155134,18.442823],[-66.15513,18.44285],[-66.155129,18.442863],[-66.155127,18.442887],[-66.155127,18.442899],[-66.155129,18.44291],[-66.155132,18.44292],[-66.155136,18.442928],[-66.155144,18.442935],[-66.155153,18.44294],[-66.155175,18.442948],[-66.155188,18.44295],[-66.155201,18.442953],[-66.155214,18.442954],[-66.155227,18.442956],[-66.15524,18.442957],[-66.155264,18.442957],[-66.155275,18.442955],[-66.155284,18.442952],[-66.155292,18.442948],[-66.155297,18.442941],[-66.1553,18.442932],[-66.155302,18.44291],[-66.155301,18.442898],[-66.155299,18.442872],[-66.155293,18.442832],[-66.155277,18.442724],[-66.155274,18.442698],[-66.155272,18.442685],[-66.155271,18.442672],[-66.155271,18.442648],[-66.155273,18.442637],[-66.155276,18.442627],[-66.15528,18.442618],[-66.155288,18.442611],[-66.155297,18.442606],[-66.155308,18.442602],[-66.155321,18.442599],[-66.155333,18.442596],[-66.155375,18.44259],[-66.155388,18.442589],[-66.155402,18.442587],[-66.155416,18.442587],[-66.155429,18.442586],[-66.155442,18.442587],[-66.155454,18.442588],[-66.155464,18.442591],[-66.155473,18.442596],[-66.15548,18.442603],[-66.155484,18.442612],[-66.155488,18.442622],[-66.15549,18.442633],[-66.155491,18.442644],[-66.155491,18.442656],[-66.155489,18.442669],[-66.155486,18.44268],[-66.155481,18.442692],[-66.155476,18.442703],[-66.15547,18.442715],[-66.155445,18.442761],[-66.155439,18.442772],[-66.155434,18.442784],[-66.155429,18.442795],[-66.155423,18.442819],[-66.155422,18.44283],[-66.155421,18.442842],[-66.155419,18.442877],[-66.155418,18.442891],[-66.155414,18.442945],[-66.155412,18.442971],[-66.155412,18.442984],[-66.155413,18.442997],[-66.155415,18.443009],[-66.155419,18.443021],[-66.155425,18.443032],[-66.155432,18.443042],[-66.15545,18.44306],[-66.15546,18.443069],[-66.155471,18.443076],[-66.155481,18.443083],[-66.155491,18.443089],[-66.155501,18.443093],[-66.15551,18.443095],[-66.155519,18.443094],[-66.155525,18.44309],[-66.155531,18.443084],[-66.155537,18.443076],[-66.155542,18.443067],[-66.155557,18.443038],[-66.155562,18.443028],[-66.155568,18.44302],[-66.155575,18.443013],[-66.155582,18.443008],[-66.155591,18.443006],[-66.155601,18.443006],[-66.155611,18.443008],[-66.155622,18.443011],[-66.155646,18.443019],[-66.15567,18.44303],[-66.155707,18.443047],[-66.155768,18.443077],[-66.155832,18.443108],[-66.155947,18.443165],[-66.15601,18.443197],[-66.156087,18.443236],[-66.156125,18.443255],[-66.156138,18.44326],[-66.15615,18.443265],[-66.156162,18.443269],[-66.156174,18.443272],[-66.156185,18.443273],[-66.156195,18.443272],[-66.156204,18.443268],[-66.156213,18.443261],[-66.156221,18.443252],[-66.156228,18.443243],[-66.156236,18.443232],[-66.156243,18.443221],[-66.15625,18.443209],[-66.156263,18.443186],[-66.156331,18.443064],[-66.156351,18.443028],[-66.156377,18.442978],[-66.156421,18.442892],[-66.156433,18.442869],[-66.156439,18.442859],[-66.156445,18.44285],[-66.15645,18.442842],[-66.156455,18.442837],[-66.15646,18.442836],[-66.156464,18.442839],[-66.156468,18.442845],[-66.156471,18.442853],[-66.156474,18.442864],[-66.156477,18.442876],[-66.156482,18.442901],[-66.15651,18.443053],[-66.156528,18.443148],[-66.156549,18.443257],[-66.156578,18.443406],[-66.156582,18.443433],[-66.156584,18.443447],[-66.156586,18.44346],[-66.156587,18.443474],[-66.156588,18.443487]],[[-66.153655,18.445591],[-66.153654,18.4456],[-66.15365,18.445608],[-66.153644,18.445618],[-66.153637,18.445627],[-66.153628,18.445636],[-66.153619,18.445646],[-66.153609,18.445655],[-66.153589,18.445674],[-66.153495,18.44576],[-66.153433,18.445817],[-66.153321,18.445922],[-66.153209,18.446028],[-66.153189,18.446047],[-66.153178,18.446056],[-66.153168,18.446064],[-66.153157,18.446072],[-66.153146,18.446079],[-66.153135,18.446085],[-66.153123,18.446089],[-66.153111,18.446092],[-66.153085,18.446092],[-66.153072,18.44609],[-66.153058,18.446088],[-66.153031,18.446083],[-66.153003,18.446077],[-66.152961,18.446067],[-66.152933,18.446061],[-66.152906,18.446054],[-66.152893,18.44605],[-66.152879,18.446046],[-66.152867,18.446042],[-66.152855,18.446036],[-66.152844,18.44603],[-66.152834,18.446023],[-66.152826,18.446014],[-66.152814,18.445992],[-66.152806,18.445968],[-66.152802,18.445944],[-66.152802,18.445933],[-66.152804,18.445922],[-66.152807,18.445913],[-66.152814,18.445904],[-66.152823,18.445897],[-66.152833,18.445891],[-66.152844,18.445886],[-66.152856,18.44588],[-66.152869,18.445875],[-66.152909,18.445861],[-66.152922,18.445856],[-66.152934,18.445851],[-66.152947,18.445846],[-66.152958,18.445839],[-66.152969,18.445833],[-66.152978,18.445825],[-66.152986,18.445815],[-66.152993,18.445804],[-66.152998,18.445793],[-66.153003,18.445781],[-66.153015,18.445742],[-66.153022,18.445716],[-66.153072,18.44553],[-66.153078,18.445503],[-66.153084,18.445477],[-66.153086,18.445464],[-66.153087,18.445451],[-66.153087,18.445438],[-66.153086,18.445426],[-66.153083,18.445414],[-66.153078,18.445402],[-66.153072,18.44539],[-66.153066,18.445379],[-66.153059,18.445368],[-66.153043,18.445345],[-66.153003,18.445289],[-66.152995,18.445278],[-66.152988,18.445267],[-66.152976,18.445245],[-66.152972,18.445235],[-66.15297,18.445225],[-66.15297,18.445215],[-66.152974,18.445206],[-66.15298,18.445198],[-66.152987,18.44519],[-66.152996,18.445182],[-66.153016,18.445166],[-66.153049,18.445143],[-66.15306,18.445135],[-66.15307,18.445127],[-66.15309,18.445109],[-66.153116,18.445083],[-66.153124,18.445074],[-66.153133,18.445067],[-66.153142,18.445061],[-66.153152,18.445056],[-66.153164,18.445053],[-66.153176,18.445052],[-66.1532,18.445054],[-66.153213,18.445057],[-66.153225,18.44506],[-66.153236,18.445065],[-66.153246,18.44507],[-66.153254,18.445076],[-66.153261,18.445083],[-66.153264,18.445092],[-66.153266,18.445102],[-66.153265,18.445113],[-66.153264,18.445125],[-66.153262,18.445137],[-66.153255,18.445174],[-66.153251,18.445198],[-66.15325,18.44521],[-66.153251,18.445221],[-66.153254,18.445232],[-66.153259,18.445242],[-66.153275,18.44526],[-66.153285,18.445268],[-66.153307,18.445284],[-66.153354,18.445316],[-66.153366,18.445324],[-66.153377,18.445332],[-66.153388,18.445341],[-66.153398,18.44535],[-66.153408,18.44536],[-66.153426,18.44538],[-66.153434,18.445391],[-66.153459,18.445424],[-66.153468,18.445435],[-66.153495,18.445465],[-66.153506,18.445474],[-66.153516,18.445483],[-66.153528,18.445491],[-66.153551,18.445507],[-66.153598,18.445537],[-66.153609,18.445544],[-66.15362,18.445552],[-66.15363,18.445559],[-66.153639,18.445567],[-66.153647,18.445575],[-66.153652,18.445583],[-66.153655,18.445591]]],[[[-66.15177019580214,18.448051693580457],[-66.151765,18.448055],[-66.151754,18.448062],[-66.151742,18.448069],[-66.151729,18.448075],[-66.151717,18.448081],[-66.151692,18.448092],[-66.151615,18.448125],[-66.151577,18.448142],[-66.151552,18.448154],[-66.151516,18.448175],[-66.151505,18.448183],[-66.151494,18.448192],[-66.151484,18.448201],[-66.151474,18.448211],[-66.151464,18.44822],[-66.151455,18.44823],[-66.151447,18.44824],[-66.15144,18.44825],[-66.151434,18.44826],[-66.151431,18.448269],[-66.15143,18.448279],[-66.151432,18.448288],[-66.151436,18.448297],[-66.151443,18.448306],[-66.151459,18.448324],[-66.151497,18.44836],[-66.151506,18.448369],[-66.15151180447054,18.448376255588183],[-66.15155299960252,18.44828300017338],[-66.15169200041801,18.44812199988166],[-66.15177019580214,18.448051693580457]]],[[[-66.15144834515431,18.44854502541283],[-66.151436,18.448562],[-66.151411,18.448596],[-66.151403,18.448608],[-66.151396,18.448619],[-66.151382,18.448643],[-66.151376,18.448655],[-66.151371,18.448668],[-66.151367,18.448681],[-66.151364,18.448693],[-66.15136,18.448707],[-66.151348,18.448759],[-66.15134,18.448783],[-66.151335,18.448795],[-66.151329,18.448805],[-66.151322,18.448815],[-66.151314,18.448822],[-66.151305,18.448828],[-66.151295,18.448834],[-66.151263,18.448849],[-66.151253,18.448855],[-66.151244,18.448861],[-66.151235,18.448868],[-66.151227,18.448877],[-66.15122,18.448886],[-66.151215,18.448897],[-66.151209,18.448908],[-66.151204,18.44892],[-66.151192,18.448956],[-66.151168,18.449031],[-66.151155,18.449069],[-66.151141,18.449107],[-66.151116,18.449169],[-66.151106,18.449194],[-66.151102,18.449207],[-66.151094,18.449231],[-66.151091,18.449243],[-66.151089,18.449255],[-66.151089,18.449266],[-66.151091,18.449277],[-66.151095,18.449287],[-66.151101,18.449297],[-66.151108,18.449306],[-66.151116,18.449315],[-66.151125,18.449324],[-66.151135,18.449332],[-66.151145,18.449341],[-66.151197,18.449383],[-66.151237,18.449419],[-66.151257,18.449439],[-66.151275,18.449459],[-66.15127992665428,18.44946502146634],[-66.1513130003013,18.449318999959544],[-66.15139399959385,18.44876800013484],[-66.15144834515431,18.44854502541283]]],[[[-66.15045471347199,18.450189076777022],[-66.150432,18.450185],[-66.15042,18.450183],[-66.150407,18.45018],[-66.150385,18.450172],[-66.150376,18.450167],[-66.150369,18.450161],[-66.150365,18.450153],[-66.150363,18.450143],[-66.150363,18.450133],[-66.150364,18.450122],[-66.150365,18.45011],[-66.150367,18.450098],[-66.150375,18.450061],[-66.150379,18.450035],[-66.150381,18.450023],[-66.150382,18.45001],[-66.150382,18.449998],[-66.15038,18.449984],[-66.150378,18.449971],[-66.150366,18.449932],[-66.150357,18.449906],[-66.150322,18.449815],[-66.150287,18.449723],[-66.150276,18.449698],[-66.150271,18.449685],[-66.150265,18.449673],[-66.150259,18.449662],[-66.150252,18.449653],[-66.150244,18.449644],[-66.150236,18.449638],[-66.150226,18.449635],[-66.150215,18.449633],[-66.150203,18.449633],[-66.150177,18.449635],[-66.150164,18.449638],[-66.150137,18.449643],[-66.150083,18.449655],[-66.150057,18.449662],[-66.150045,18.449665],[-66.150033,18.449669],[-66.150023,18.449672],[-66.150015,18.449676],[-66.150009,18.449681],[-66.150006,18.449686],[-66.150007,18.449691],[-66.150012,18.449697],[-66.150018,18.449704],[-66.150026,18.449711],[-66.150035,18.449718],[-66.150075,18.449746],[-66.150084,18.449753],[-66.150092,18.44976],[-66.150099,18.449767],[-66.150103,18.449773],[-66.150105,18.44978],[-66.150102,18.449785],[-66.150097,18.449791],[-66.150089,18.449796],[-66.150079,18.449801],[-66.150068,18.449806],[-66.150056,18.449811],[-66.150044,18.449815],[-66.150018,18.449824],[-66.149952,18.449847],[-66.149913,18.449862],[-66.149901,18.449867],[-66.149889,18.449873],[-66.149878,18.449879],[-66.149867,18.449886],[-66.149857,18.449894],[-66.149849,18.449904],[-66.149842,18.449914],[-66.149835,18.449926],[-66.149829,18.449937],[-66.149812,18.449973],[-66.149806,18.449985],[-66.1498,18.449996],[-66.149786,18.450014],[-66.149777,18.45002],[-66.149767,18.450023],[-66.149756,18.450025],[-66.149744,18.450025],[-66.149732,18.450024],[-66.149706,18.45002],[-66.149678,18.450014],[-66.149624,18.450002],[-66.149611,18.449999],[-66.149585,18.449995],[-66.149574,18.449994],[-66.149564,18.449994],[-66.149555,18.449996],[-66.149549,18.449999],[-66.149545,18.450006],[-66.149543,18.450014],[-66.149543,18.450024],[-66.149544,18.450035],[-66.149546,18.450047],[-66.149548,18.45006],[-66.149554,18.450086],[-66.149567,18.450138],[-66.149573,18.450164],[-66.149575,18.450175],[-66.149576,18.450186],[-66.149576,18.450195],[-66.149575,18.450203],[-66.149571,18.450208],[-66.149566,18.45021],[-66.149558,18.450209],[-66.149549,18.450207],[-66.149538,18.450203],[-66.149527,18.450198],[-66.149515,18.450193],[-66.149491,18.450181],[-66.149454,18.450161],[-66.149429,18.450148],[-66.149393,18.450127],[-66.149371,18.450111],[-66.149362,18.450103],[-66.149353,18.450093],[-66.149346,18.450084],[-66.14934,18.450074],[-66.149335,18.450063],[-66.149326,18.450043],[-66.149321,18.450034],[-66.149316,18.450026],[-66.14931,18.45002],[-66.149304,18.450016],[-66.149296,18.450015],[-66.149287,18.450018],[-66.149278,18.450022],[-66.149268,18.450028],[-66.149257,18.450034],[-66.149224,18.450058],[-66.149123,18.450137],[-66.149045,18.450197],[-66.148889,18.450316],[-66.148698,18.450461],[-66.148665,18.450487],[-66.148655,18.450495],[-66.148644,18.450505],[-66.148634,18.450514],[-66.148614,18.450534],[-66.148596,18.450554],[-66.148542,18.450617],[-66.148454,18.450724],[-66.148356,18.450841],[-66.148338,18.450863],[-66.148311,18.450893],[-66.148301,18.450902],[-66.148291,18.45091],[-66.148281,18.450917],[-66.14827,18.450922],[-66.148258,18.450926],[-66.148232,18.450928],[-66.148218,18.450927],[-66.148204,18.450927],[-66.14819,18.450925],[-66.148162,18.450922],[-66.148091,18.450912],[-66.148077,18.45091],[-66.148063,18.450909],[-66.14805,18.450908],[-66.148037,18.450908],[-66.148025,18.45091],[-66.148015,18.450912],[-66.148006,18.450917],[-66.147999,18.450924],[-66.147994,18.450932],[-66.147986,18.450954],[-66.147982,18.450978],[-66.14798,18.450991],[-66.147978,18.451017],[-66.147977,18.451031],[-66.147976,18.451044],[-66.147976,18.451057],[-66.147977,18.45107],[-66.14798,18.451119],[-66.147981,18.451131],[-66.147981,18.451143],[-66.14798,18.451154],[-66.147978,18.451165],[-66.147974,18.451175],[-66.147968,18.451186],[-66.147961,18.451195],[-66.147953,18.451204],[-66.147943,18.451213],[-66.147933,18.451221],[-66.1479,18.451245],[-66.147878,18.45126],[-66.147844,18.451284],[-66.147809,18.451306],[-66.147798,18.451313],[-66.147774,18.451327],[-66.147762,18.451333],[-66.147736,18.451343],[-66.147723,18.451347],[-66.147709,18.451352],[-66.147695,18.451355],[-66.147668,18.451363],[-66.147599,18.451381],[-66.147571,18.451388],[-66.147558,18.451392],[-66.147544,18.451396],[-66.147532,18.4514],[-66.147519,18.451405],[-66.147497,18.451417],[-66.147488,18.451425],[-66.147481,18.451434],[-66.147475,18.451445],[-66.147467,18.451469],[-66.147463,18.451482],[-66.147461,18.451495],[-66.147458,18.451508],[-66.147451,18.451548],[-66.147409,18.451793],[-66.147404,18.45182],[-66.147395,18.451859],[-66.147391,18.451872],[-66.147387,18.451884],[-66.147382,18.451896],[-66.147375,18.451907],[-66.147367,18.451916],[-66.147357,18.451925],[-66.147347,18.451933],[-66.147336,18.451941],[-66.147324,18.451949],[-66.147288,18.45197],[-66.147175,18.452032],[-66.14715,18.452045],[-66.147138,18.452052],[-66.147099,18.45207],[-66.147086,18.452075],[-66.147073,18.452078],[-66.147059,18.452082],[-66.147045,18.452085],[-66.146989,18.452093],[-66.14696,18.452097],[-66.146932,18.4521],[-66.146904,18.452102],[-66.146891,18.452103],[-66.146878,18.452103],[-66.146865,18.452101],[-66.146854,18.452099],[-66.146843,18.452095],[-66.146834,18.452088],[-66.146827,18.452079],[-66.14682,18.452069],[-66.146813,18.452058],[-66.146807,18.452046],[-66.146802,18.452034],[-66.146796,18.452021],[-66.146786,18.451996],[-66.146765,18.451943],[-66.146755,18.451918],[-66.14675,18.451905],[-66.146742,18.451879],[-66.146739,18.451867],[-66.146737,18.451855],[-66.146737,18.451843],[-66.146739,18.451832],[-66.146743,18.451822],[-66.14675,18.451812],[-66.146758,18.451803],[-66.146778,18.451785],[-66.1468,18.451767],[-66.146869,18.451716],[-66.14688,18.451707],[-66.14689,18.451699],[-66.146899,18.45169],[-66.146906,18.451681],[-66.146912,18.451671],[-66.146915,18.451662],[-66.146915,18.451652],[-66.146912,18.451643],[-66.146907,18.451633],[-66.146895,18.451613],[-66.146887,18.451603],[-66.146879,18.451594],[-66.14687,18.451584],[-66.146861,18.451575],[-66.146852,18.451567],[-66.146842,18.451559],[-66.146832,18.451552],[-66.146821,18.451547],[-66.146809,18.451544],[-66.146796,18.451542],[-66.14677,18.451542],[-66.146757,18.451543],[-66.146743,18.451544],[-66.146703,18.451548],[-66.146689,18.451549],[-66.146677,18.45155],[-66.146664,18.451549],[-66.146653,18.451548],[-66.146643,18.451546],[-66.146634,18.451541],[-66.146627,18.451534],[-66.146622,18.451525],[-66.146618,18.451515],[-66.146614,18.451504],[-66.146612,18.451492],[-66.146609,18.451479],[-66.146605,18.451453],[-66.146601,18.451426],[-66.146593,18.451358],[-66.14659,18.451332],[-66.146589,18.451319],[-66.146589,18.451296],[-66.14659,18.451286],[-66.146593,18.451277],[-66.146598,18.45127],[-66.146606,18.451266],[-66.146615,18.451264],[-66.146626,18.451263],[-66.146639,18.451264],[-66.146651,18.451265],[-66.146665,18.451267],[-66.146679,18.45127],[-66.146707,18.451275],[-66.147034,18.451338],[-66.147063,18.451343],[-66.147077,18.451345],[-66.14709,18.451347],[-66.147104,18.451349],[-66.147117,18.45135],[-66.14713,18.451349],[-66.147142,18.451348],[-66.147153,18.451344],[-66.147164,18.451339],[-66.147173,18.451331],[-66.147182,18.451322],[-66.14719,18.451312],[-66.147198,18.451301],[-66.147205,18.45129],[-66.147213,18.451278],[-66.147227,18.451255],[-66.147285,18.451159],[-66.147299,18.451135],[-66.147306,18.451122],[-66.147318,18.451098],[-66.147323,18.451085],[-66.147331,18.451059],[-66.147334,18.451046],[-66.147338,18.451018],[-66.147343,18.450991],[-66.147347,18.450963],[-66.147354,18.450908],[-66.147357,18.450882],[-66.147357,18.45085],[-66.147355,18.450843],[-66.147351,18.450838],[-66.147345,18.450837],[-66.147337,18.450839],[-66.147319,18.450848],[-66.147308,18.450855],[-66.147287,18.450869],[-66.147264,18.450885],[-66.147195,18.450934],[-66.147172,18.45095],[-66.147148,18.450966],[-66.147136,18.450973],[-66.147112,18.450985],[-66.147099,18.45099],[-66.147085,18.450995],[-66.147072,18.450999],[-66.147058,18.451003],[-66.147031,18.451009],[-66.147003,18.451016],[-66.146862,18.451046],[-66.146834,18.451052],[-66.146806,18.451057],[-66.146792,18.451059],[-66.146777,18.451061],[-66.146763,18.451063],[-66.146749,18.451064],[-66.146722,18.451064],[-66.146708,18.451063],[-66.14668,18.451062],[-66.146667,18.45106],[-66.146654,18.451059],[-66.146641,18.451057],[-66.146629,18.451054],[-66.146609,18.451046],[-66.146602,18.451039],[-66.146597,18.451031],[-66.146596,18.45103],[-66.146517,18.451041],[-66.146235,18.45107],[-66.146193,18.451056],[-66.146185,18.451089],[-66.146178,18.451115],[-66.146175,18.451128],[-66.146167,18.45115],[-66.146162,18.451158],[-66.146157,18.451165],[-66.146151,18.451168],[-66.146146,18.451168],[-66.146139,18.451165],[-66.146132,18.45116],[-66.146125,18.451153],[-66.146118,18.451145],[-66.146112,18.451136],[-66.146105,18.451126],[-66.146099,18.451114],[-66.146094,18.451102],[-66.146088,18.451089],[-66.146086,18.451083],[-66.145931,18.451065],[-66.145812,18.451064],[-66.145744,18.451063],[-66.145674,18.451063],[-66.145335,18.451068],[-66.145297,18.451067],[-66.145218,18.451066],[-66.145131,18.451065],[-66.145101,18.451064],[-66.144855,18.45106],[-66.144751,18.451049],[-66.14475,18.451049],[-66.144738,18.451055],[-66.144726,18.451059],[-66.144714,18.451064],[-66.144688,18.45107],[-66.144676,18.451073],[-66.144664,18.451075],[-66.144641,18.451075],[-66.144631,18.451072],[-66.144622,18.451066],[-66.144614,18.451058],[-66.144607,18.451049],[-66.1446,18.451038],[-66.144594,18.451027],[-66.144588,18.451015],[-66.144582,18.451002],[-66.14457,18.450977],[-66.144525,18.450875],[-66.144467,18.450749],[-66.144456,18.450724],[-66.144451,18.450712],[-66.144447,18.450699],[-66.144444,18.450687],[-66.144442,18.450675],[-66.144441,18.450662],[-66.144443,18.45065],[-66.144446,18.450638],[-66.14445,18.450625],[-66.144468,18.450589],[-66.144481,18.450565],[-66.144552,18.450443],[-66.144565,18.450419],[-66.144572,18.450407],[-66.144578,18.450395],[-66.144584,18.450382],[-66.144589,18.45037],[-66.144593,18.450358],[-66.144596,18.450346],[-66.144597,18.450334],[-66.144596,18.450322],[-66.144593,18.45031],[-66.144589,18.450299],[-66.144579,18.450275],[-66.144573,18.450263],[-66.14456,18.45024],[-66.14452,18.45017],[-66.144508,18.450147],[-66.144503,18.450137],[-66.144499,18.450127],[-66.144496,18.450118],[-66.144496,18.450111],[-66.144498,18.450105],[-66.144503,18.450102],[-66.144511,18.4501],[-66.14452,18.4501],[-66.144532,18.450101],[-66.144544,18.450103],[-66.144557,18.450105],[-66.144584,18.45011],[-66.144696,18.450133],[-66.144724,18.450139],[-66.144737,18.450142],[-66.144763,18.45015],[-66.144775,18.450155],[-66.144788,18.450155],[-66.144883,18.450101],[-66.144885,18.449978],[-66.144886,18.449889],[-66.144879,18.449875],[-66.144876,18.449874],[-66.144849,18.449869],[-66.144835,18.449865],[-66.144823,18.449861],[-66.14481,18.449857],[-66.144799,18.449852],[-66.144789,18.449845],[-66.144779,18.449836],[-66.144771,18.449827],[-66.144757,18.449805],[-66.144751,18.449793],[-66.144739,18.449768],[-66.144705,18.449692],[-66.144693,18.449667],[-66.144686,18.449655],[-66.14468,18.449644],[-66.144672,18.449633],[-66.144664,18.449623],[-66.144655,18.449614],[-66.144645,18.449607],[-66.144634,18.4496],[-66.144622,18.449595],[-66.144596,18.449585],[-66.144583,18.449581],[-66.144556,18.449573],[-66.144501,18.449559],[-66.144473,18.449551],[-66.144447,18.449543],[-66.144434,18.449538],[-66.144422,18.449533],[-66.144411,18.449528],[-66.144401,18.449521],[-66.144393,18.449513],[-66.144386,18.449504],[-66.144382,18.449493],[-66.144378,18.449481],[-66.144375,18.449469],[-66.144371,18.449443],[-66.144369,18.449417],[-66.144359,18.449294],[-66.144357,18.449268],[-66.144357,18.449254],[-66.144356,18.449241],[-66.144357,18.449228],[-66.144358,18.449216],[-66.14436,18.449204],[-66.144364,18.449192],[-66.14437,18.449181],[-66.144386,18.449161],[-66.144396,18.449152],[-66.144406,18.449142],[-66.144416,18.449133],[-66.144438,18.449115],[-66.144549,18.449027],[-66.144571,18.449009],[-66.144592,18.448991],[-66.144614,18.448972],[-66.144624,18.448963],[-66.144634,18.448953],[-66.144643,18.448943],[-66.144652,18.448932],[-66.14466,18.448921],[-66.144667,18.44891],[-66.144674,18.448898],[-66.14468,18.448886],[-66.144686,18.448873],[-66.14471,18.448823],[-66.144716,18.448811],[-66.144728,18.448789],[-66.144734,18.448779],[-66.144741,18.44877],[-66.144748,18.448764],[-66.144757,18.44876],[-66.144766,18.448759],[-66.144776,18.448761],[-66.144786,18.448765],[-66.144798,18.448771],[-66.144809,18.448777],[-66.144811,18.448779],[-66.144835,18.448749],[-66.144926,18.448618],[-66.144943,18.448594],[-66.145144,18.448452],[-66.145161,18.448434],[-66.145239,18.448353],[-66.145356,18.448265],[-66.145369,18.448255],[-66.145464,18.448189],[-66.145514,18.448097],[-66.145524,18.448078],[-66.145631,18.448013],[-66.145684,18.447963],[-66.145683,18.447956],[-66.145684,18.447945],[-66.145686,18.447932],[-66.145689,18.44792],[-66.145693,18.447908],[-66.145698,18.447896],[-66.145704,18.447884],[-66.145715,18.447859],[-66.145744,18.447798],[-66.145755,18.447775],[-66.145759,18.447765],[-66.145762,18.447754],[-66.145764,18.447745],[-66.145764,18.447738],[-66.145762,18.447732],[-66.145756,18.447728],[-66.145748,18.447727],[-66.145738,18.447727],[-66.145727,18.447728],[-66.145701,18.447732],[-66.145688,18.447735],[-66.145618,18.44775],[-66.14559,18.447754],[-66.145577,18.447755],[-66.145563,18.447756],[-66.145551,18.447755],[-66.145539,18.447753],[-66.145527,18.447748],[-66.145516,18.447742],[-66.145506,18.447734],[-66.145495,18.447725],[-66.145485,18.447716],[-66.145476,18.447706],[-66.145466,18.447696],[-66.145437,18.447665],[-66.145284,18.447497],[-66.145265,18.447476],[-66.145246,18.447457],[-66.145236,18.447448],[-66.145227,18.447441],[-66.145218,18.447435],[-66.14521,18.447431],[-66.145202,18.44743],[-66.145194,18.447433],[-66.145181,18.447446],[-66.145175,18.447455],[-66.145157,18.447488],[-66.145145,18.447512],[-66.145122,18.447561],[-66.14511,18.447586],[-66.1451,18.44761],[-66.145092,18.447634],[-66.14509,18.447645],[-66.145089,18.447657],[-66.14509,18.447667],[-66.145094,18.447678],[-66.145099,18.447687],[-66.145107,18.447697],[-66.145115,18.447706],[-66.145124,18.447715],[-66.145134,18.447724],[-66.145155,18.447742],[-66.145219,18.447795],[-66.14524,18.447813],[-66.14526,18.447831],[-66.145269,18.44784],[-66.145277,18.447849],[-66.145284,18.447859],[-66.145289,18.447868],[-66.145291,18.447878],[-66.145291,18.447888],[-66.145288,18.447898],[-66.145283,18.447909],[-66.145277,18.44792],[-66.145269,18.44793],[-66.145262,18.447941],[-66.145253,18.447951],[-66.145245,18.447962],[-66.145236,18.447971],[-66.145227,18.447981],[-66.145217,18.447989],[-66.145208,18.447996],[-66.145198,18.448001],[-66.145188,18.448004],[-66.145178,18.448004],[-66.145167,18.448002],[-66.145156,18.447998],[-66.145145,18.447993],[-66.145134,18.447987],[-66.145123,18.44798],[-66.145111,18.447973],[-66.145089,18.447957],[-66.145079,18.447949],[-66.145068,18.447941],[-66.145058,18.447932],[-66.145049,18.447923],[-66.14504,18.447913],[-66.145032,18.447902],[-66.145026,18.447891],[-66.145019,18.447879],[-66.145013,18.447867],[-66.145008,18.447854],[-66.145003,18.447842],[-66.144992,18.447817],[-66.144947,18.447703],[-66.144932,18.447666],[-66.144923,18.447674],[-66.144886,18.447704],[-66.144839,18.447736],[-66.144797,18.447761],[-66.144753,18.447783],[-66.144702,18.447803],[-66.144651,18.447819],[-66.144587,18.447835],[-66.144531,18.447847],[-66.144454,18.447859],[-66.144326,18.447875],[-66.144194,18.447884],[-66.144149,18.447885],[-66.144099,18.447884],[-66.143889,18.447871],[-66.143843,18.447871],[-66.143801,18.447872],[-66.143712,18.447872],[-66.143754,18.447924],[-66.143797,18.447977],[-66.143842,18.448031],[-66.143896,18.448095],[-66.143913,18.448117],[-66.143922,18.448127],[-66.14393,18.448138],[-66.143937,18.448149],[-66.143944,18.448159],[-66.143949,18.44817],[-66.143953,18.448181],[-66.143954,18.448191],[-66.143952,18.448201],[-66.143948,18.448212],[-66.143943,18.448222],[-66.143936,18.448232],[-66.143928,18.448241],[-66.14392,18.448251],[-66.143911,18.448261],[-66.143881,18.448288],[-66.14387,18.448296],[-66.143859,18.448303],[-66.143847,18.44831],[-66.143835,18.448316],[-66.143822,18.448322],[-66.143758,18.44835],[-66.143734,18.448362],[-66.143722,18.448369],[-66.143711,18.448377],[-66.1437,18.448384],[-66.14368,18.448402],[-66.143671,18.448411],[-66.143652,18.448431],[-66.143562,18.448531],[-66.143543,18.44855],[-66.143524,18.44857],[-66.143515,18.448579],[-66.143485,18.448606],[-66.143423,18.448657],[-66.143403,18.448675],[-66.143393,18.448683],[-66.143374,18.448702],[-66.143366,18.448712],[-66.143357,18.448722],[-66.143341,18.448744],[-66.143327,18.448767],[-66.143298,18.448813],[-66.143291,18.448824],[-66.143283,18.448836],[-66.143267,18.448856],[-66.143258,18.448866],[-66.143249,18.448874],[-66.143238,18.448881],[-66.143227,18.448887],[-66.143203,18.448897],[-66.14319,18.448901],[-66.143178,18.448905],[-66.143087,18.448933],[-66.143075,18.448938],[-66.143063,18.448944],[-66.14305,18.44895],[-66.143026,18.448964],[-66.143003,18.44898],[-66.142981,18.448997],[-66.142958,18.449014],[-66.142676,18.449225],[-66.142631,18.449259],[-66.14254,18.449328],[-66.142507,18.449352],[-66.142485,18.449364],[-66.142475,18.449369],[-66.142466,18.449371],[-66.142461,18.449371],[-66.142469,18.449381],[-66.142556,18.449442],[-66.142611,18.44955],[-66.142614,18.449637],[-66.142603,18.44973],[-66.142591,18.449767],[-66.142569,18.449808],[-66.142471,18.449936],[-66.142443,18.44998],[-66.142427,18.450024],[-66.142429,18.450063],[-66.142449,18.450108],[-66.142486,18.450157],[-66.14254,18.45021],[-66.142615,18.450272],[-66.142686,18.45031],[-66.142855,18.450364],[-66.142923,18.450395],[-66.142955,18.450418],[-66.142994,18.450455],[-66.143027,18.450493],[-66.14305,18.450528],[-66.14307,18.450579],[-66.143081,18.450642],[-66.143095,18.450969],[-66.143089,18.451119],[-66.143078,18.451182],[-66.143063,18.451238],[-66.143033,18.451306],[-66.142978,18.45139],[-66.142928,18.451447],[-66.14288,18.451482],[-66.142843,18.451496],[-66.142797,18.451504],[-66.142586,18.451508],[-66.14254,18.451513],[-66.142496,18.451524],[-66.14238,18.451562],[-66.142292,18.451599],[-66.14223,18.451638],[-66.142193,18.451679],[-66.142176,18.451715],[-66.142167,18.451757],[-66.142165,18.451806],[-66.14217,18.451861],[-66.142196,18.451977],[-66.142272,18.452223],[-66.1423,18.452326],[-66.142316,18.452428],[-66.142316,18.452514],[-66.142308,18.452561],[-66.142293,18.452604],[-66.142233,18.452696],[-66.142158,18.452778],[-66.142119,18.452809],[-66.142073,18.452836],[-66.141996,18.45287],[-66.141905,18.452898],[-66.141794,18.452923],[-66.141668,18.452942],[-66.141568,18.452949],[-66.141474,18.452948],[-66.141388,18.452938],[-66.14124,18.452894],[-66.140994,18.452819],[-66.140873,18.452802],[-66.140836,18.452827],[-66.140846,18.45283],[-66.14087,18.452842],[-66.140894,18.452855],[-66.141007,18.45292],[-66.141119,18.452983],[-66.141405,18.453142],[-66.141442,18.453163],[-66.141518,18.453203],[-66.141569,18.453229],[-66.14237,18.453633],[-66.142676,18.453786],[-66.142786,18.453798],[-66.142925,18.453845],[-66.142954,18.453848],[-66.14297,18.453828],[-66.142983,18.453799],[-66.142995,18.453729],[-66.142996,18.45354],[-66.143005,18.453458],[-66.143016,18.453422],[-66.14304,18.453366],[-66.143102,18.453262],[-66.143157,18.453188],[-66.143223,18.453114],[-66.143315,18.453022],[-66.143393,18.452953],[-66.143455,18.452906],[-66.143512,18.452873],[-66.143565,18.452853],[-66.143609,18.452848],[-66.143646,18.452852],[-66.143685,18.452865],[-66.143725,18.452886],[-66.143768,18.452916],[-66.143849,18.452988],[-66.144072,18.453212],[-66.144141,18.453268],[-66.144205,18.453307],[-66.144282,18.453342],[-66.14437,18.453374],[-66.144755,18.453489],[-66.144987,18.453574],[-66.14523,18.453673],[-66.145348,18.45373],[-66.145355,18.453725],[-66.145377,18.453711],[-66.145401,18.453698],[-66.145426,18.453685],[-66.145489,18.453651],[-66.145515,18.453638],[-66.14554,18.453626],[-66.145553,18.45362],[-66.145565,18.453615],[-66.145578,18.45361],[-66.145592,18.453607],[-66.145603,18.453605],[-66.145615,18.453603],[-66.145627,18.453603],[-66.14564,18.453602],[-66.145712,18.453601],[-66.145751,18.453601],[-66.145779,18.453603],[-66.145808,18.453605],[-66.145851,18.453609],[-66.145966,18.453619],[-66.146008,18.453622],[-66.146022,18.453622],[-66.146035,18.453621],[-66.146047,18.453619],[-66.146058,18.453617],[-66.146068,18.453612],[-66.146077,18.453605],[-66.146084,18.453596],[-66.14609,18.453585],[-66.146095,18.453574],[-66.1461,18.453562],[-66.146105,18.453549],[-66.146109,18.453537],[-66.146117,18.45351],[-66.146153,18.453391],[-66.146211,18.453207],[-66.146244,18.4531],[-66.146256,18.453061],[-66.14626,18.453049],[-66.146265,18.453038],[-66.14627,18.453028],[-66.146275,18.453019],[-66.14628,18.453013],[-66.146286,18.45301],[-66.146293,18.453011],[-66.146301,18.453015],[-66.146308,18.453021],[-66.146317,18.453029],[-66.146325,18.453038],[-66.146334,18.453048],[-66.14636,18.45308],[-66.146475,18.453223],[-66.146492,18.453245],[-66.1465,18.453257],[-66.146514,18.453279],[-66.14652,18.453291],[-66.146524,18.453304],[-66.146527,18.453316],[-66.146528,18.453328],[-66.146529,18.453341],[-66.146529,18.453354],[-66.146528,18.453392],[-66.146527,18.453404],[-66.146527,18.453416],[-66.146528,18.453428],[-66.14653,18.453438],[-66.146533,18.453447],[-66.146538,18.453454],[-66.146545,18.453459],[-66.146554,18.453463],[-66.146565,18.453465],[-66.146576,18.453466],[-66.146588,18.453467],[-66.146637,18.453467],[-66.146649,18.453466],[-66.146662,18.453465],[-66.146674,18.453464],[-66.146688,18.453461],[-66.146702,18.453457],[-66.146716,18.453454],[-66.146743,18.453445],[-66.146798,18.453426],[-66.146812,18.453421],[-66.146838,18.453413],[-66.146864,18.453409],[-66.146876,18.453409],[-66.146888,18.45341],[-66.146899,18.453415],[-66.146909,18.45342],[-66.146919,18.453428],[-66.146928,18.453436],[-66.146938,18.453445],[-66.146965,18.453473],[-66.146983,18.453491],[-66.146991,18.453498],[-66.147,18.453504],[-66.147009,18.453509],[-66.147018,18.45351],[-66.147026,18.453508],[-66.147035,18.453504],[-66.147044,18.453498],[-66.147053,18.45349],[-66.147061,18.453481],[-66.14707,18.453471],[-66.147087,18.453451],[-66.147113,18.453419],[-66.147148,18.453375],[-66.147173,18.453342],[-66.147197,18.453309],[-66.147228,18.453263],[-66.147311,18.453136],[-66.147387,18.453019],[-66.147409,18.452985],[-66.147417,18.452974],[-66.147424,18.452964],[-66.147431,18.452956],[-66.147438,18.452949],[-66.147444,18.452945],[-66.14745,18.452944],[-66.147455,18.452946],[-66.14746,18.452952],[-66.147464,18.45296],[-66.147468,18.45297],[-66.147472,18.452981],[-66.14748,18.453005],[-66.147487,18.453031],[-66.147508,18.45311],[-66.147519,18.453149],[-66.147521,18.453162],[-66.14752373447142,18.453173849376164],[-66.14757900010927,18.453017999882775],[-66.14815700041758,18.45181599970683],[-66.14852099956734,18.45121500029824],[-66.14885799985122,18.45080099973737],[-66.14891099955467,18.450756999582037],[-66.14905399966982,18.45067600040926],[-66.14912599963985,18.45064700042259],[-66.15030300017287,18.450221999909477],[-66.15045471347199,18.450189076777022]],[[-66.146321,18.451408],[-66.146319,18.451432],[-66.146315,18.451458],[-66.146311,18.451485],[-66.146288,18.451605],[-66.146264,18.451738],[-66.146258,18.451764],[-66.146253,18.451791],[-66.146249,18.451804],[-66.146246,18.451817],[-66.146242,18.45183],[-66.146237,18.451842],[-66.146228,18.451868],[-66.146197,18.451943],[-66.146188,18.451969],[-66.14618,18.451995],[-66.146177,18.452008],[-66.146175,18.452021],[-66.146174,18.452034],[-66.146174,18.452048],[-66.146175,18.452061],[-66.146177,18.452099],[-66.146177,18.45212],[-66.146175,18.452127],[-66.146171,18.452132],[-66.146165,18.452133],[-66.146158,18.452131],[-66.14615,18.452128],[-66.14614,18.452122],[-66.146131,18.452116],[-66.146122,18.452108],[-66.146113,18.452099],[-66.146105,18.45209],[-66.146098,18.452079],[-66.146092,18.452067],[-66.146086,18.452054],[-66.146081,18.452041],[-66.146073,18.452015],[-66.146065,18.451988],[-66.14605,18.451933],[-66.146034,18.451881],[-66.14603,18.451869],[-66.146025,18.451858],[-66.146019,18.451849],[-66.146013,18.451841],[-66.146005,18.451836],[-66.145997,18.451833],[-66.145987,18.451834],[-66.145976,18.451835],[-66.145965,18.451839],[-66.145953,18.451843],[-66.145942,18.451848],[-66.14593,18.451853],[-66.145918,18.451859],[-66.145907,18.451866],[-66.145895,18.451873],[-66.145885,18.451881],[-66.145874,18.45189],[-66.145864,18.451899],[-66.145855,18.451909],[-66.145836,18.45193],[-66.14581,18.451962],[-66.145801,18.451973],[-66.145792,18.451983],[-66.145782,18.451992],[-66.145762,18.452008],[-66.145751,18.452013],[-66.14574,18.452017],[-66.145729,18.452019],[-66.145716,18.45202],[-66.145704,18.45202],[-66.145666,18.452021],[-66.145652,18.452022],[-66.145596,18.452025],[-66.145584,18.452026],[-66.145571,18.452026],[-66.14556,18.452025],[-66.145551,18.452022],[-66.145543,18.452017],[-66.145538,18.45201],[-66.145535,18.452001],[-66.145533,18.45199],[-66.145533,18.451966],[-66.145534,18.451953],[-66.145535,18.451939],[-66.145538,18.451912],[-66.145551,18.451787],[-66.145561,18.451691],[-66.145572,18.45158],[-66.145583,18.451455],[-66.145586,18.451428],[-66.145588,18.451414],[-66.145589,18.451401],[-66.145595,18.451377],[-66.145599,18.451367],[-66.145604,18.451358],[-66.14561,18.451351],[-66.145619,18.451348],[-66.145629,18.451347],[-66.145641,18.451347],[-66.145653,18.451348],[-66.145679,18.451354],[-66.145693,18.451357],[-66.145721,18.451365],[-66.145734,18.451369],[-66.145748,18.451373],[-66.145755,18.451376],[-66.145821,18.451365],[-66.146059,18.451358],[-66.14606,18.451351],[-66.146063,18.451339],[-66.146067,18.451329],[-66.146072,18.45132],[-66.146078,18.451313],[-66.146086,18.45131],[-66.146096,18.451309],[-66.146107,18.451309],[-66.146119,18.45131],[-66.146131,18.451312],[-66.146157,18.451318],[-66.146198,18.451328],[-66.146238,18.451339],[-66.146251,18.451343],[-66.146264,18.451348],[-66.146276,18.451352],[-66.146287,18.451357],[-66.146298,18.451363],[-66.146306,18.451369],[-66.146313,18.451377],[-66.146318,18.451386],[-66.14632,18.451396],[-66.146321,18.451408]],[[-66.143728,18.449602],[-66.143728,18.449628],[-66.143726,18.449654],[-66.14372,18.449678],[-66.143715,18.449691],[-66.14371,18.449703],[-66.143704,18.449714],[-66.143698,18.449726],[-66.143684,18.44975],[-66.143664,18.449784],[-66.1436,18.449889],[-66.143586,18.449912],[-66.14358,18.449923],[-66.143574,18.449935],[-66.143564,18.449957],[-66.143561,18.449968],[-66.143559,18.449979],[-66.14356,18.449989],[-66.143563,18.449999],[-66.143569,18.450008],[-66.143576,18.450017],[-66.143584,18.450026],[-66.143593,18.450034],[-66.143631,18.450068],[-66.14364,18.450077],[-66.143656,18.450095],[-66.143662,18.450105],[-66.143667,18.450115],[-66.143669,18.450126],[-66.143669,18.450138],[-66.143668,18.45015],[-66.143666,18.450162],[-66.14366,18.450188],[-66.143648,18.450227],[-66.143623,18.450305],[-66.143598,18.450385],[-66.143589,18.450411],[-66.143581,18.450436],[-66.143576,18.450447],[-66.143571,18.450457],[-66.143566,18.450465],[-66.143561,18.450472],[-66.143554,18.450475],[-66.143547,18.450474],[-66.14354,18.450471],[-66.143532,18.450466],[-66.143523,18.450459],[-66.143514,18.450451],[-66.143506,18.450442],[-66.143479,18.450412],[-66.143471,18.450402],[-66.143463,18.450391],[-66.143455,18.450381],[-66.143448,18.45037],[-66.143442,18.450359],[-66.143438,18.450347],[-66.143434,18.450334],[-66.143432,18.450308],[-66.143432,18.450281],[-66.143435,18.450227],[-66.143436,18.450214],[-66.143434,18.450188],[-66.143432,18.450176],[-66.143429,18.450164],[-66.143423,18.450153],[-66.143417,18.450143],[-66.143409,18.450133],[-66.143394,18.450114],[-66.143386,18.450104],[-66.143379,18.450094],[-66.143373,18.450084],[-66.143369,18.450074],[-66.143366,18.450063],[-66.14336,18.450042],[-66.143352,18.450022],[-66.143346,18.450012],[-66.143338,18.450002],[-66.14333,18.449993],[-66.143303,18.449966],[-66.143273,18.449941],[-66.143255,18.449923],[-66.143246,18.449913],[-66.143239,18.449904],[-66.143232,18.449893],[-66.143227,18.449882],[-66.143223,18.44987],[-66.14322,18.449858],[-66.143217,18.449845],[-66.143213,18.449819],[-66.143212,18.449805],[-66.14321,18.449779],[-66.143208,18.449752],[-66.143208,18.449726],[-66.143209,18.449713],[-66.143211,18.4497],[-66.143214,18.449688],[-66.143219,18.449676],[-66.143225,18.449664],[-66.143232,18.449653],[-66.143248,18.449631],[-66.143265,18.44961],[-66.143337,18.449524],[-66.143399,18.449448],[-66.143417,18.449427],[-66.143426,18.449417],[-66.143445,18.449398],[-66.143455,18.44939],[-66.143465,18.449384],[-66.143476,18.449379],[-66.143488,18.449377],[-66.1435,18.449377],[-66.143526,18.449379],[-66.143552,18.449385],[-66.143566,18.449389],[-66.143579,18.449392],[-66.143606,18.4494],[-66.143633,18.449409],[-66.143646,18.449413],[-66.14367,18.449423],[-66.143681,18.449429],[-66.143691,18.449436],[-66.143699,18.449444],[-66.143706,18.449453],[-66.14371,18.449463],[-66.143714,18.449474],[-66.143717,18.449486],[-66.143719,18.449499],[-66.143721,18.449511],[-66.143728,18.449602]]],[[[-66.14747688476771,18.453305965875177],[-66.147472,18.453312],[-66.14742,18.453376],[-66.147394,18.453407],[-66.147376,18.453427],[-66.147366,18.453437],[-66.147356,18.453446],[-66.147345,18.453455],[-66.147323,18.453471],[-66.1473,18.453485],[-66.147276,18.4535],[-66.147252,18.453514],[-66.147142,18.453578],[-66.147106,18.453599],[-66.147095,18.453606],[-66.147085,18.453613],[-66.147076,18.45362],[-66.147069,18.453627],[-66.147064,18.453634],[-66.147062,18.453641],[-66.147065,18.453648],[-66.14707,18.453654],[-66.147078,18.453661],[-66.147087,18.453668],[-66.147109,18.45368],[-66.147121,18.453687],[-66.147146,18.453699],[-66.147172,18.453711],[-66.147198,18.453721],[-66.147226,18.453729],[-66.147268,18.453735],[-66.147297,18.453738],[-66.14732279588758,18.45373977902673],[-66.14742900032145,18.45344100035559],[-66.14747688476771,18.453305965875177]]]]}}]}