{"type":"FeatureCollection","features":[{"type":"Feature","geometry":{"type":"MultiLineString","coordinates":[[[-66.15032851696014,18.45550640660133],[-66.14933609962463,18.456147559529512],[-66.14921808242798,18.45620862158829],[-66.14910006523132,18.456228975603025],[-66.14791989326477,18.45616791355151],[-66.14705085754395,18.45613738251761],[-66.14699721336365,18.45616791355151],[-66.14692747592926,18.45613738251761],[-66.14694356918335,18.45608649744905],[-66.14772140979767,18.45495175650167],[-66.14810228347778,18.454310599107743]],[[-66.1496365070343,18.453735590837027],[-66.14962577819824,18.453654173581114],[-66.14962577819824,18.45355749053958],[-66.14965796470642,18.453455718858095],[-66.14971697330475,18.45339465582026],[-66.14979207515717,18.453364124293174],[-66.14993155002594,18.453348858527605],[-66.15039825439453,18.45332850417141]],[[-66.15218997001648,18.45480418874216],[-66.15178227424622,18.454875428366037]],[[-66.15187346935272,18.455165475100884],[-66.1517608165741,18.455007730446212],[-66.15178227424622,18.454875428366037],[-66.15187346935272,18.454503964288236],[-66.15227043628693,18.454432724510227]],[[-66.15464150905609,18.44856551848254],[-66.15490972995758,18.44899297131178],[-66.1542284488678,18.44937971343107]],[[-66.15505993366241,18.4485146311701],[-66.1552369594574,18.448799599925565],[-66.15538716316223,18.448718180329408],[-66.15519940853119,18.448433211438825],[-66.15415334701538,18.44903876976612]],[[-66.15681409835815,18.44855025229039],[-66.15792453289032,18.449863139855495]],[[-66.15606307983398,18.44903876976612],[-66.15660488605499,18.448611317050847],[-66.15681409835815,18.44855025229039],[-66.15742564201355,18.448112620871782],[-66.15801572799683,18.448870842040563],[-66.15798890590668,18.448987882593897],[-66.15813910961151,18.449211786038887],[-66.15832149982452,18.44953746325598],[-66.15792453289032,18.449863139855495],[-66.15723252296448,18.450448338443323],[-66.15721106529236,18.450539934563537],[-66.15711987018585,18.450600998616537],[-66.15551590919495,18.448657115606935],[-66.15700721740723,18.44752741432532],[-66.15722715854645,18.44750197051721],[-66.15731835365295,18.447552858129683],[-66.1588579416275,18.449410245666556],[-66.15735054016113,18.45056028925029],[-66.15731835365295,18.450646796642033],[-66.15693211555481,18.450911407216893],[-66.15669071674347,18.450901229894654]],[[-66.15596652030945,18.45132867691038],[-66.15591287612915,18.451211637952326],[-66.1561381816864,18.451079332947174]],[[-66.15702331066132,18.450667151316125],[-66.15687310695648,18.45047887048881]],[[-66.15723252296448,18.450448338443323],[-66.15606307983398,18.44903876976612],[-66.15588068962097,18.44879451120194],[-66.15654051303864,18.448326347982984],[-66.15715742111206,18.447929425993365]],[[-66.15521013736725,18.448250016902364],[-66.15532279014587,18.448214395719816],[-66.15562319755554,18.448575695943205]],[[-66.1583161354065,18.4438431116714],[-66.15836977958679,18.444087377276517],[-66.15839660167694,18.444107732727915],[-66.15841805934906,18.444245131961893],[-66.15836977958679,18.444306198252832],[-66.15836441516876,18.44445377503297],[-66.1583161354065,18.44448430814407],[-66.15847170352936,18.445415565425648]],[[-66.1588042974472,18.44380748957498],[-66.15854680538177,18.44380748957498],[-66.1583161354065,18.4438431116714],[-66.15817666053772,18.443939800181624],[-66.15802109241486,18.444255309678567]],[[-66.15219533443451,18.44237751074762],[-66.15242600440979,18.442296088107483],[-66.15278542041779,18.44221975434732],[-66.15394949913025,18.44217904299471]],[[-66.15186810493469,18.43880505612107],[-66.15377247333527,18.438708364721393]],[[-66.13888621330261,18.452982479746765],[-66.13876819610596,18.453038454333324]],[[-66.14071547985077,18.45122181525619],[-66.14062428474426,18.45109968756998],[-66.14069402217865,18.45105388966526]],[[-66.1420887708664,18.451308322314702],[-66.14231407642365,18.451303233665413]],[[-66.14235699176788,18.451170928730832],[-66.14255547523499,18.45102844637958],[-66.14255547523499,18.450382185659436]],[[-66.14249110221863,18.44965959205318],[-66.14235162734985,18.449603616365238],[-66.1417293548584,18.449018414899044]],[[-66.14200294017792,18.45006159873047],[-66.14179372787476,18.45023970265379]],[[-66.14196538925171,18.45025496869576],[-66.14160060882568,18.45058573260532]],[[-66.1420887708664,18.45031094417139],[-66.14196538925171,18.45025496869576],[-66.14114463329315,18.449461132713637],[-66.14085495471954,18.449735922507315]],[[-66.14236235618591,18.450361830951593],[-66.14250183105469,18.450356742274238],[-66.14255547523499,18.450382185659436],[-66.14295244216919,18.450366919628777],[-66.14300608634949,18.45134394285556],[-66.14296317100525,18.45137956338901],[-66.14234626293182,18.45137956338901],[-66.14231407642365,18.451303233665413],[-66.14235699176788,18.451170928730832],[-66.14236235618591,18.450361830951593],[-66.14224433898926,18.450331298885274]],[[-66.14245891571045,18.450356742274238],[-66.14238381385803,18.450244791334597],[-66.14238917827606,18.45020408188391],[-66.14241063594818,18.45014301768977],[-66.14258229732513,18.44996491366618]],[[-66.14209413528442,18.45074856998832],[-66.14155232906342,18.450738392656405],[-66.1414235830307,18.450789279309944],[-66.14114463329315,18.450947027840073],[-66.1406135559082,18.451287967716638],[-66.14053845405579,18.451293056366367],[-66.14008784294128,18.450662062647837],[-66.1406135559082,18.45034147624132],[-66.14075303077698,18.450417806392394],[-66.14114463329315,18.450947027840073]],[[-66.14155232906342,18.450738392656405],[-66.14070475101471,18.449863139855495]],[[-66.14104807376862,18.45081472263105],[-66.14071547985077,18.451008091748335]],[[-66.14088177680969,18.450590821275867],[-66.14063501358032,18.45073330399022]],[[-66.14101052284241,18.45017354978954],[-66.14075303077698,18.450417806392394]],[[-66.14807546138763,18.450997914431795],[-66.14775896072388,18.451567843228787]],[[-66.14795207977295,18.451847718284796],[-66.14788234233856,18.45181209784846]],[[-66.1477643251419,18.45175103422612],[-66.1475121974945,18.451613640996428],[-66.14757657051086,18.451481336301015],[-66.14786088466644,18.451613640996428],[-66.1481773853302,18.45105388966526],[-66.14799499511719,18.45095720515964]],[[-66.1476194858551,18.45167470466764],[-66.14728689193726,18.45226498570311],[-66.14744782447815,18.45235149223612],[-66.14775359630585,18.451807009214093],[-66.14774823188782,18.451745945589934]],[[-66.14431500434875,18.4541884736184],[-66.14473879337311,18.454203739309307]],[[-66.14429891109467,18.45456502693156],[-66.14432036876678,18.454117233709496],[-66.14432573318481,18.454010373790723]],[[-66.14436328411102,18.45456502693156],[-66.14437401294708,18.454315687667915]],[[-66.14442229270935,18.454570115484188],[-66.14442765712738,18.45432077622793]],[[-66.14494264125824,18.454025639497473],[-66.14492118358612,18.45453958416614],[-66.14512503147125,18.45454467271952],[-66.14514648914337,18.45404090520286]],[[-66.14474415779114,18.45413249940674],[-66.14432036876678,18.454117233709496]],[[-66.14474952220917,18.45401546235979],[-66.14472270011902,18.454580292589],[-66.14423990249634,18.45455993837878],[-66.1442506313324,18.454315687667915],[-66.14473342895508,18.454330953347522]],[[-66.14765703678131,18.456162825046235],[-66.14768922328949,18.455343573730346],[-66.14772140979767,18.45495175650167],[-66.14816665649414,18.454977199205985],[-66.14816665649414,18.4550229960643]],[[-66.14305436611176,18.459093779106],[-66.14307045936584,18.458966568597162],[-66.14316701889038,18.457577423704905],[-66.1433494091034,18.455394459019118],[-66.14339232444763,18.45473294908875],[-66.14339768886566,18.453995108082594]],[[-66.14316701889038,18.457577423704905],[-66.1429899930954,18.457623219869575],[-66.14174544811249,18.458157507554446],[-66.14097833633423,18.458137153768348],[-66.14012002944946,18.458137153768348],[-66.13992691040039,18.45813206532145],[-66.13985180854797,18.458116799979834],[-66.13974988460541,18.458121888427186],[-66.13968014717102,18.458091357740813],[-66.1396586894989,18.45804047325143],[-66.13966941833496,18.457816581318966],[-66.13968551158905,18.4577351659984],[-66.1397659778595,18.45760286602011],[-66.13980889320374,18.45756724677777],[-66.13986253738403,18.457551981385933]],[[-66.14112854003906,18.458864800122214],[-66.14100515842438,18.458829181141738],[-66.14096760749817,18.458778296871074],[-66.14087641239166,18.458768120015122]],[[-66.14111244678497,18.459093779106],[-66.14112854003906,18.458864800122214],[-66.14119827747345,18.458808827435277],[-66.14116072654724,18.458727412585333],[-66.14100515842438,18.458742677872635],[-66.14096760749817,18.458778296871074]],[[-66.14079058170319,18.459093779106],[-66.14096224308014,18.458447548744104],[-66.14097833633423,18.458137153768348]],[[-66.13958895206451,18.454524318505094],[-66.13987863063812,18.455109501207758],[-66.13993227481842,18.45550640660133],[-66.13986790180206,18.457353531168494],[-66.13985180854797,18.458116799979834]],[[-66.13989472389221,18.456636055391428],[-66.14025413990021,18.456630966900036],[-66.14056527614594,18.456646232373785],[-66.14061892032623,18.45667676331719],[-66.14063501358032,18.456732736699323],[-66.14060282707214,18.457399327392892],[-66.14064037799835,18.457455300539436],[-66.14075303077698,18.45752145059818]],[[-66.13986790180206,18.457353531168494],[-66.13919198513031,18.457333177287083],[-66.13905787467957,18.45761813140743],[-66.13957822322845,18.457643573716595],[-66.1396586894989,18.45752653906318],[-66.13969624042511,18.457424769734487],[-66.13970160484314,18.457348442698375]],[[-66.14012002944946,18.458137153768348],[-66.14020049571991,18.45823892267471],[-66.14022731781006,18.458350868402007],[-66.14018976688385,18.459093779106]],[[-66.13893985748291,18.459093779106],[-66.1388647556305,18.45895639175238],[-66.13881647586823,18.45787764278404],[-66.13882720470428,18.45783184668727],[-66.13885939121246,18.457791139035436],[-66.13892376422882,18.457755519832162],[-66.13962113857269,18.45775043137394],[-66.13968551158905,18.4577351659984]],[[-66.13873600959778,18.459093779106],[-66.13867700099945,18.458742677872635],[-66.13866090774536,18.457953969584864]],[[-66.13885402679443,18.458773208443176],[-66.13868772983551,18.4587884737264]],[[-66.1385428905487,18.45889024224661],[-66.1384516954422,18.45836613372279],[-66.13826394081116,18.458152419108146],[-66.13822638988495,18.458055738599825],[-66.13824784755707,18.45776060829023],[-66.13839268684387,18.457653750639196],[-66.138596534729,18.457592689094497],[-66.13878428936005,18.457485831338943],[-66.13905787467957,18.457272115628328],[-66.13937973976135,18.456310391637928],[-66.13939583301544,18.456117028491988],[-66.13919734954834,18.45460573534838],[-66.13892912864685,18.453801742329034],[-66.13887548446655,18.453409921581738],[-66.13874673843384,18.45310969468983],[-66.13876819610596,18.453038454333324],[-66.1384516954422,18.452468530417278]]]},"properties":{"class":"service","id":"14/5181/7337/0","source":"OpenFreeMap / OpenStreetMap","exposureHigh":true,"exposureModerate":true,"zoneLabels":"AE, VE, X"},"id":221338950},{"type":"Feature","geometry":{"type":"MultiLineString","coordinates":[[[-66.15379929542542,18.438123126141136],[-66.15513503551483,18.438174016531576]],[[-66.15634202957153,18.43759895424256],[-66.15630984306335,18.437654933841955],[-66.15637421607971,18.4382656191964],[-66.15636348724365,18.438301242441753],[-66.15632593631744,18.438321598578653],[-66.15519940853119,18.438382666974846],[-66.15515649318695,18.438367399877833],[-66.15513503551483,18.438326687612488],[-66.15513503551483,18.438174016531576],[-66.15516185760498,18.43759895424256]]]},"properties":{"surface":"paved","class":"service","id":"14/5181/7337/8","source":"OpenFreeMap / OpenStreetMap","exposureHigh":false,"exposureModerate":true,"zoneLabels":"X"},"id":13397727930},{"type":"Feature","geometry":{"type":"MultiLineString","coordinates":[[[-66.15600943565369,18.448056644679667],[-66.15550518035889,18.448438300173166]],[[-66.15576803684235,18.44806682217049],[-66.15540862083435,18.448316170507525]],[[-66.1392617225647,18.45762830833155],[-66.13938510417938,18.457338265757656]],[[-66.13944947719574,18.45763848525506],[-66.13958895206451,18.457348442698375]]]},"properties":{"class":"service","service":"parking_aisle","id":"14/5181/7337/9","source":"OpenFreeMap / OpenStreetMap","exposureHigh":true,"exposureModerate":false,"zoneLabels":"VE"},"id":14118028190},{"type":"Feature","geometry":{"type":"LineString","coordinates":[[-66.1477643251419,18.45175103422612],[-66.14776968955994,18.451781566039998],[-66.14785015583038,18.45182227511674],[-66.14788234233856,18.45181209784846]]},"properties":{"class":"service","oneway":1,"id":"14/5181/7337/10","source":"OpenFreeMap / OpenStreetMap","exposureHigh":false,"exposureModerate":true,"zoneLabels":"X"},"id":14461935302},{"type":"Feature","geometry":{"type":"LineString","coordinates":[[-66.14788234233856,18.45181209784846],[-66.1478716135025,18.451786654675118],[-66.14779114723206,18.45174085695362],[-66.1477643251419,18.45175103422612]]},"properties":{"class":"service","oneway":1,"id":"14/5181/7337/11","source":"OpenFreeMap / OpenStreetMap","exposureHigh":false,"exposureModerate":true,"zoneLabels":"X"},"id":14461935312},{"type":"Feature","geometry":{"type":"LineString","coordinates":[[-66.14514112472534,18.45418338505445],[-66.14518940448761,18.45425971349775],[-66.14517867565155,18.454468344402926],[-66.1452054977417,18.454503964288236],[-66.14528059959412,18.45451922995109],[-66.14532351493835,18.454483610068948],[-66.14533960819244,18.454453078735526],[-66.1453503370285,18.454051082339035]]},"properties":{"class":"service","oneway":1,"id":"14/5181/7337/12","source":"OpenFreeMap / OpenStreetMap","exposureHigh":true,"exposureModerate":false,"zoneLabels":"AE"},"id":14652319332},{"type":"Feature","geometry":{"type":"MultiLineString","coordinates":[[[-66.1526083946228,18.453730502259674],[-66.15260303020477,18.453638907841338],[-66.15266740322113,18.45355749053958],[-66.15326821804047,18.453460807443605],[-66.15362763404846,18.45284508750241],[-66.15378320217133,18.452646631844246],[-66.15541934967041,18.451649261473946],[-66.15657269954681,18.45097755979691],[-66.15711987018585,18.450600998616537]],[[-66.15266740322113,18.45355749053958],[-66.152463555336,18.45315549204625],[-66.15234553813934,18.452473619032034]],[[-66.14977598190308,18.449079479493037],[-66.15112245082855,18.447756408428802],[-66.15133166313171,18.44740019524704],[-66.1515086889267,18.446962560898157]],[[-66.14972233772278,18.449155810205013],[-66.1483758687973,18.450489047836115]],[[-66.14962041378021,18.448423033969704],[-66.15066647529602,18.44737984018579],[-66.15074157714844,18.447227177149372]],[[-66.1500495672226,18.44881486609556],[-66.14907324314117,18.4479192484944],[-66.1490786075592,18.44780220721286]],[[-66.15562856197357,18.451527134091734],[-66.1539763212204,18.449003148747153],[-66.1540675163269,18.44888610820422],[-66.15521013736725,18.448250016902364]],[[-66.15934610366821,18.45168488194406],[-66.15923881530762,18.451293056366367],[-66.15923881530762,18.45119128334278],[-66.1592549085617,18.45113021949969],[-66.15935683250427,18.450936850519923],[-66.15978062152863,18.450397451688758],[-66.15982353687286,18.450295678134395],[-66.15982353687286,18.449985268421088],[-66.15878820419312,18.443731156486336]],[[-66.15585923194885,18.443568312450537],[-66.15592360496521,18.443603934596553],[-66.15592360496521,18.443654823363772],[-66.15565538406372,18.443990688849354],[-66.15499556064606,18.444560640898075],[-66.15420162677765,18.445369766005243],[-66.1539226770401,18.445583496529323],[-66.15374028682709,18.445558052433256],[-66.15342378616333,18.445364677179995],[-66.15328431129456,18.44494739299708],[-66.1531662940979,18.444779461271565]],[[-66.1547327041626,18.4407286947646],[-66.1547327041626,18.440520047169855],[-66.15475952625275,18.44018926387848],[-66.15475416183472,18.439721077208404],[-66.15455031394958,18.43928851230342],[-66.1544805765152,18.439201999191766],[-66.1540138721466,18.439207088199538],[-66.15354716777802,18.439263067275107],[-66.15254402160645,18.439263067275107],[-66.15231335163116,18.43927833429254],[-66.15193784236908,18.439329224340895],[-66.15171790122986,18.439125664057073]],[[-66.15193247795105,18.440647271343124],[-66.15262985229492,18.440591292718494],[-66.1547327041626,18.440520047169855]],[[-66.15360617637634,18.440291043420572],[-66.15354716777802,18.439263067275107]],[[-66.15259230136871,18.43877452200074],[-66.15260303020477,18.43913584207698],[-66.15258693695068,18.439263067275107]],[[-66.15193784236908,18.439329224340895],[-66.15184664726257,18.43951751738875],[-66.15193247795105,18.440647271343124],[-66.15198075771332,18.441715950679722],[-66.15219533443451,18.44237751074762],[-66.1499959230423,18.443120490556197]],[[-66.15254402160645,18.439263067275107],[-66.15262985229492,18.440591292718494]],[[-66.15273177623749,18.445705628137972],[-66.15136384963989,18.44556823007214],[-66.15094542503357,18.445558052433256]],[[-66.15187883377075,18.447033803775128],[-66.15128338336945,18.446265396899918],[-66.15110635757446,18.4459702463255],[-66.1499959230423,18.443120490556197],[-66.1497437953949,18.44263704515548],[-66.14935755729675,18.441721039613057],[-66.14846706390381,18.439980615628727],[-66.14827930927277,18.439654920293464],[-66.14811301231384,18.439054417900763],[-66.1480861902237,18.438555693979566],[-66.14786624908447,18.43759895424256]],[[-66.15141212940216,18.44694729456353],[-66.15161061286926,18.446993093563336]],[[-66.14895522594452,18.447227177149372],[-66.14897131919861,18.44714066803516]],[[-66.14904642105103,18.447155934352608],[-66.14743709564209,18.446911673110804],[-66.14734590053558,18.446896406771657]],[[-66.1500334739685,18.448010845963452],[-66.14942193031311,18.447440905362356]],[[-66.14864408969879,18.44834161419503],[-66.14857971668243,18.448280549338676]],[[-66.14866554737091,18.448194040755027],[-66.1483758687973,18.44848409877541],[-66.14837050437927,18.448575695943205],[-66.14883720874786,18.44903368104957],[-66.14936828613281,18.44951201974564]],[[-66.14861190319061,18.44805155593403],[-66.14899277687073,18.44781747347149],[-66.1490786075592,18.44780220721286],[-66.14942193031311,18.447440905362356],[-66.14966332912445,18.447227177149372],[-66.15074157714844,18.447227177149372],[-66.15097761154175,18.447262798536656],[-66.15133166313171,18.44740019524704]],[[-66.14861190319061,18.44776149718318],[-66.1486279964447,18.447664810824037]],[[-66.14734590053558,18.447481615468007],[-66.14870846271515,18.4476800770949]],[[-66.14705085754395,18.448163508303338],[-66.1466646194458,18.448082088405627],[-66.14627301692963,18.447903982244796],[-66.14596724510193,18.447619012003344],[-66.14563465118408,18.447262798536656]],[[-66.14721179008484,18.448305993031454],[-66.14743709564209,18.446911673110804]],[[-66.1466646194458,18.448082088405627],[-66.14651441574097,18.449069302062213],[-66.14650905132294,18.44962905986202],[-66.14650905132294,18.4517205024068],[-66.14649832248688,18.452356580854342],[-66.14619791507721,18.452936682344202],[-66.14613354206085,18.453094428901636],[-66.14612281322479,18.453445541686634],[-66.14493727684021,18.453445541686634],[-66.14441156387329,18.453420098755316],[-66.14411652088165,18.45322164376175],[-66.1438912153244,18.45308425170876],[-66.14388585090637,18.451272701766484],[-66.14388585090637,18.449542551957606],[-66.14393413066864,18.449384802137374],[-66.14411652088165,18.449211786038887],[-66.14458322525024,18.44881486609556],[-66.14481389522552,18.448646938151086],[-66.14517867565155,18.4482958155548],[-66.14596724510193,18.447619012003344]],[[-66.1459082365036,18.448316170507525],[-66.14523768424988,18.44760883448599]],[[-66.14811301231384,18.439054417900763],[-66.14717423915863,18.439090040982606],[-66.14631056785583,18.439074773948434],[-66.14390194416046,18.43884067925461],[-66.14373564720154,18.438942459595452],[-66.14370346069336,18.439934814759496]],[[-66.14294171333313,18.438235084980207],[-66.14296853542328,18.438133304220415],[-66.14286661148071,18.43767529005541]],[[-66.14245355129242,18.438128215180853],[-66.14235699176788,18.438123126141136],[-66.1421799659729,18.438072235735603]],[[-66.13977134227753,18.438199461721155],[-66.13972306251526,18.437970454879377]],[[-66.13992691040039,18.43856078300648],[-66.1399644613266,18.43818419460787]],[[-66.13913297653198,18.438408112133516],[-66.13924026489258,18.438352132779457],[-66.1393690109253,18.438219817870092]],[[-66.1391544342041,18.43849971467357],[-66.13880038261414,18.438550604952496]],[[-66.13918662071228,18.43892210353212],[-66.13915979862213,18.43867274156044],[-66.1391544342041,18.43849971467357],[-66.13911151885986,18.4383114205105],[-66.13909542560577,18.438118037101262],[-66.13912761211395,18.438041701485076]],[[-66.13812983036041,18.45017354978954],[-66.1373519897461,18.44883013226419]],[[-66.14290952682495,18.449817341621],[-66.14354252815247,18.44933900377532],[-66.14366590976715,18.449328826359874],[-66.14388585090637,18.449542551957606]],[[-66.14362835884094,18.448702914150815],[-66.14411652088165,18.449211786038887]],[[-66.14440619945526,18.44896243900213],[-66.14407360553741,18.448606228321637]],[[-66.14441692829132,18.450524668546905],[-66.14441692829132,18.45005142135784]],[[-66.14494264125824,18.450529757219257],[-66.14494264125824,18.45005142135784]],[[-66.14546298980713,18.450529757219257],[-66.1454576253891,18.45005651004425]],[[-66.14544153213501,18.45005651004425],[-66.14544153213501,18.44896243900213]],[[-66.14513039588928,18.44897770515763],[-66.14481389522552,18.448646938151086],[-66.14446520805359,18.448270371860502]],[[-66.14551663398743,18.448646938151086],[-66.14517867565155,18.4482958155548],[-66.1448460817337,18.447939603491747]],[[-66.14650905132294,18.44962905986202],[-66.14717960357666,18.44967485814672]],[[-66.14651441574097,18.449104923067466],[-66.14597260951996,18.449104923067466]],[[-66.1472761631012,18.44918125376813],[-66.14651441574097,18.449069302062213]],[[-66.1470776796341,18.44865202687909],[-66.14603698253632,18.448494276240908]],[[-66.1481773853302,18.44836196914231],[-66.14722788333893,18.448199129496444]],[[-66.14843487739563,18.449435689191972],[-66.14883720874786,18.44903368104957],[-66.14925563335419,18.44859605086276]],[[-66.14856362342834,18.45030076681354],[-66.14749610424042,18.449293205401062],[-66.1475121974945,18.44922196346127],[-66.147780418396,18.448957350283322],[-66.14786624908447,18.448931906687037],[-66.14843487739563,18.449435689191972],[-66.14894986152649,18.44991911545884]],[[-66.14650905132294,18.45016337242356],[-66.14713668823242,18.45017354978954],[-66.14749610424042,18.450499225182796],[-66.14756047725677,18.45061117595658],[-66.14719569683075,18.45121672660433],[-66.14650905132294,18.451211637952326]],[[-66.14650905132294,18.45005651004425],[-66.1438912153244,18.45005142135784]],[[-66.14598333835602,18.450529757219257],[-66.14598333835602,18.449517108448006],[-66.1459618806839,18.4489013743665]],[[-66.14650905132294,18.450687505987787],[-66.1470079421997,18.450687505987787]],[[-66.14650905132294,18.451272701766484],[-66.14388585090637,18.451272701766484]],[[-66.14597797393799,18.45175103422612],[-66.14597797393799,18.450799456638833]],[[-66.14650905132294,18.4517205024068],[-66.14686846733093,18.4517205024068]],[[-66.14649832248688,18.452356580854342],[-66.14388585090637,18.452356580854342]],[[-66.14597797393799,18.452356580854342],[-66.14598333835602,18.452015643099458]],[[-66.14619791507721,18.452936682344202],[-66.1460691690445,18.452890884929403],[-66.14585995674133,18.452880707724475]],[[-66.1454576253891,18.453445541686634],[-66.1454576253891,18.453104606093916]],[[-66.14493727684021,18.453445541686634],[-66.14493727684021,18.453099517497847]],[[-66.14493727684021,18.452829821690685],[-66.14493727684021,18.452020731727643]],[[-66.1454576253891,18.452834910294754],[-66.1454576253891,18.452015643099458]],[[-66.1454576253891,18.45175103422612],[-66.14546298980713,18.450794367974467]],[[-66.14493727684021,18.451745945589934],[-66.14493727684021,18.450794367974467]],[[-66.14388585090637,18.451898604609624],[-66.14348351955414,18.451898604609624]],[[-66.14441692829132,18.451745945589934],[-66.14441692829132,18.450794367974467]],[[-66.14388585090637,18.45125743581498],[-66.14352107048035,18.45125743581498],[-66.14346742630005,18.45121672660433],[-66.14336013793945,18.450992825773298],[-66.14325284957886,18.45023970265379],[-66.14290952682495,18.449817341621],[-66.14281296730042,18.44971047902638]],[[-66.14388585090637,18.452392201177744],[-66.14347815513611,18.452392201177744]],[[-66.14441692829132,18.452834910294754],[-66.14441692829132,18.452356580854342],[-66.14443838596344,18.452153036007488]],[[-66.14441156387329,18.453420098755316],[-66.14441692829132,18.453099517497847]],[[-66.14406287670135,18.453399744407548],[-66.14334404468536,18.45340483299472],[-66.14332795143127,18.45268225210748],[-66.14321529865265,18.452305694665256],[-66.14315629005432,18.452244631218434],[-66.14191710948944,18.452229365353332]],[[-66.14339232444763,18.45473294908875],[-66.1423408985138,18.454682063603897]],[[-66.14564001560211,18.454585381141186],[-66.14584386348724,18.454173207926118],[-66.1458545923233,18.454076525176845]],[[-66.1447548866272,18.4538933366605],[-66.14474952220917,18.45401546235979]],[[-66.14810228347778,18.454310599107743],[-66.14821493625641,18.454178296490355],[-66.14834368228912,18.454117233709496],[-66.14916443824768,18.454142676537472],[-66.14956140518188,18.454203739309307],[-66.14971160888672,18.454203739309307]],[[-66.145259141922,18.459093779106],[-66.14491045475006,18.45888006539731]],[[-66.144899725914,18.45672255972211],[-66.144899725914,18.456580081977762],[-66.1448621749878,18.45652410854585],[-66.14443302154541,18.456427427120474],[-66.14422917366028,18.456346011141065],[-66.14221751689911,18.456198444579982]],[[-66.14414870738983,18.457190700049537],[-66.14402532577515,18.458635820832967]],[[-66.14320456981659,18.457129638340078],[-66.14414870738983,18.457190700049537],[-66.144357919693,18.457200876998996]],[[-66.14307045936584,18.458966568597162],[-66.14395558834076,18.459012364391214],[-66.14413261413574,18.458976745441333],[-66.1441433429718,18.458910595943408],[-66.1442506313324,18.45864599769675],[-66.14481389522552,18.45762830833155],[-66.14491045475006,18.457241584790793],[-66.14511966705322,18.45701260333628],[-66.1452054977417,18.45684977189393],[-66.14520013332367,18.456692028786847],[-66.14507138729095,18.456478312087967],[-66.14473879337311,18.456274772127415],[-66.14469587802887,18.456213710092186],[-66.14472270011902,18.4561017629712],[-66.1449533700943,18.4557557441357],[-66.14499092102051,18.455557291841828],[-66.14488899707794,18.45544025576612],[-66.14449203014374,18.45536392784767],[-66.14391267299652,18.45532830814078],[-66.14383220672607,18.455399547547174],[-66.1433494091034,18.455394459019118]],[[-66.14209949970245,18.45761813140743],[-66.14075303077698,18.45752145059818]],[[-66.14120364189148,18.456656409355517],[-66.1413162946701,18.45517056363572]],[[-66.14217460155487,18.456717471233276],[-66.14120364189148,18.456656409355517],[-66.14105343818665,18.456702205765865],[-66.14082276821136,18.456692028786847]],[[-66.14235162734985,18.454554849825854],[-66.14208340644836,18.4578827312385],[-66.14211559295654,18.45798958874697]],[[-66.14053308963776,18.453593110613852],[-66.14066183567047,18.453898425233035],[-66.14339768886566,18.453995108082594],[-66.14474952220917,18.45401546235979],[-66.1458545923233,18.454076525176845],[-66.14649832248688,18.454096879444364]],[[-66.13987863063812,18.455109501207758],[-66.1413162946701,18.45517056363572],[-66.14229798316956,18.45522653750895]],[[-66.13940119743347,18.453735590837027],[-66.13935828208923,18.453979842373116]],[[-66.1375880241394,18.450433072418534],[-66.13812983036041,18.45017354978954],[-66.13855361938477,18.449944558908882]],[[-66.1373519897461,18.45016337242356],[-66.13753974437714,18.450346564919116]],[[-66.13903641700745,18.437751625834352],[-66.13950848579407,18.437710913423132]],[[-66.1414235830307,18.43759895424256],[-66.14143967628479,18.437690557213898],[-66.14155232906342,18.437950098700895],[-66.14150941371918,18.43801625627215]],[[-66.14224433898926,18.437838139676145],[-66.14286661148071,18.43767529005541],[-66.143097281456,18.43759895424256]],[[-66.14218533039093,18.43759895424256],[-66.14224433898926,18.437838139676145],[-66.1421799659729,18.438072235735603],[-66.14206194877625,18.438204550758613],[-66.14193856716156,18.43850480370213],[-66.14179909229279,18.438489536615975]],[[-66.1433494091034,18.43759895424256],[-66.14347279071808,18.438021345315036],[-66.14349961280823,18.43816892749321]],[[-66.14443302154541,18.43759895424256],[-66.14443838596344,18.437639666680298],[-66.14440083503723,18.437761803935643],[-66.144357919693,18.437858495867886]],[[-66.14459931850433,18.43783305062783],[-66.14452421665192,18.43788394110419],[-66.14448130130768,18.437889030150984],[-66.14441692829132,18.43788394110419],[-66.14437937736511,18.437873763010117],[-66.144357919693,18.437858495867886],[-66.14404678344727,18.43784831777232],[-66.14383220672607,18.437889030150984],[-66.14376246929169,18.437975543923613],[-66.14376246929169,18.438082413817938]],[[-66.14502847194672,18.43759895424256],[-66.14496409893036,18.43761422140784],[-66.14493191242218,18.437660022895543],[-66.14493727684021,18.437827961579373]],[[-66.15092933177948,18.43759895424256],[-66.1510044336319,18.43816892749321]],[[-66.15312337875366,18.437919564428654],[-66.15308582782745,18.43759895424256]],[[-66.1538314819336,18.437843228724304],[-66.15213632583618,18.43803152340034],[-66.15023732185364,18.438260530160747],[-66.15015149116516,18.438219817870092],[-66.15012466907501,18.438082413817938],[-66.15006566047668,18.43759895424256]]]},"properties":{"class":"minor","id":"14/5181/7337/13","source":"OpenFreeMap / OpenStreetMap","exposureHigh":true,"exposureModerate":true,"zoneLabels":"AE, VE, X"},"id":221335610},{"type":"Feature","geometry":{"type":"LineString","coordinates":[[-66.1417829990387,18.45333868134982],[-66.14168107509613,18.453191112203925],[-66.14163279533386,18.45305880872391],[-66.14163815975189,18.4529773911471],[-66.14175617694855,18.45251941655812]]},"properties":{"class":"motorway","oneway":1,"ramp":1,"id":"14/5181/7337/14","source":"OpenFreeMap / OpenStreetMap","exposureHigh":true,"exposureModerate":true,"zoneLabels":"AE, X"},"id":221336542},{"type":"Feature","geometry":{"type":"LineString","coordinates":[[-66.14175617694855,18.45251941655812],[-66.141477227211,18.452646631844246],[-66.14135384559631,18.452687340715897],[-66.14125192165375,18.452692429324173],[-66.14113926887512,18.452666986281287],[-66.14104270935059,18.4526313660149],[-66.14084959030151,18.45248379626112]]},"properties":{"class":"motorway","oneway":1,"ramp":1,"id":"14/5181/7337/15","source":"OpenFreeMap / OpenStreetMap","exposureHigh":true,"exposureModerate":false,"zoneLabels":"AE"},"id":221336592},{"type":"Feature","geometry":{"type":"LineString","coordinates":[[-66.13935828208923,18.453979842373116],[-66.13934755325317,18.454076525176845],[-66.1393690109253,18.45416811936171],[-66.13949775695801,18.45442763595352],[-66.13958895206451,18.454524318505094]]},"properties":{"class":"minor","oneway":1,"id":"14/5181/7337/17","source":"OpenFreeMap / OpenStreetMap","exposureHigh":true,"exposureModerate":false,"zoneLabels":"VE"},"id":602523742},{"type":"Feature","geometry":{"type":"LineString","coordinates":[[-66.13958895206451,18.454524318505094],[-66.1395674943924,18.45440728172521],[-66.13952994346619,18.454280067743554],[-66.13946557044983,18.45413249940674],[-66.13935828208923,18.453979842373116]]},"properties":{"class":"minor","oneway":1,"id":"14/5181/7337/18","source":"OpenFreeMap / OpenStreetMap","exposureHigh":true,"exposureModerate":false,"zoneLabels":"VE"},"id":602523792},{"type":"Feature","geometry":{"type":"LineString","coordinates":[[-66.14598870277405,18.453781388026513],[-66.14572048187256,18.453796653753628],[-66.14494800567627,18.453745767991308],[-66.14489436149597,18.45375594514499],[-66.14485144615173,18.453781388026513],[-66.1447548866272,18.4538933366605]]},"properties":{"class":"primary","oneway":1,"ramp":1,"id":"14/5181/7337/19","source":"OpenFreeMap / OpenStreetMap","exposureHigh":true,"exposureModerate":false,"zoneLabels":"AE, X"},"id":2036011022},{"type":"Feature","geometry":{"type":"LineString","coordinates":[[-66.139315366745,18.450616264626404],[-66.13934218883514,18.450738392656405],[-66.13948166370392,18.45094193918007],[-66.13962113857269,18.451237081210863],[-66.13991618156433,18.45203090898356],[-66.14038288593292,18.453231820946485]]},"properties":{"class":"motorway","oneway":1,"ramp":1,"id":"14/5181/7337/20","source":"OpenFreeMap / OpenStreetMap","exposureHigh":true,"exposureModerate":false,"zoneLabels":"AE, VE"},"id":4214984492},{"type":"Feature","geometry":{"type":"LineString","coordinates":[[-66.1447548866272,18.4538933366605],[-66.14467978477478,18.453811919479378],[-66.14461541175842,18.453771210874365],[-66.14456176757812,18.45375594514499],[-66.14370346069336,18.453745767991308],[-66.14348351955414,18.453679616477743]]},"properties":{"class":"primary","oneway":1,"ramp":1,"id":"14/5181/7337/21","source":"OpenFreeMap / OpenStreetMap","exposureHigh":true,"exposureModerate":false,"zoneLabels":"AE"},"id":4214984502},{"type":"Feature","geometry":{"type":"LineString","coordinates":[[-66.14038288593292,18.453231820946485],[-66.14029169082642,18.453445541686634],[-66.14024877548218,18.45351169329038],[-66.14015758037567,18.453598199195284],[-66.1399108171463,18.453735590837027]]},"properties":{"class":"motorway","oneway":1,"ramp":1,"id":"14/5181/7337/22","source":"OpenFreeMap / OpenStreetMap","exposureHigh":true,"exposureModerate":false,"zoneLabels":"VE"},"id":4214984512},{"type":"Feature","geometry":{"type":"LineString","coordinates":[[-66.13998591899872,18.453857716648514],[-66.1401629447937,18.45388315951496],[-66.14066183567047,18.453898425233035]]},"properties":{"class":"minor","oneway":1,"id":"14/5181/7337/28","source":"OpenFreeMap / OpenStreetMap","exposureHigh":true,"exposureModerate":false,"zoneLabels":"VE"},"id":10827635812},{"type":"Feature","geometry":{"type":"LineString","coordinates":[[-66.14038288593292,18.453231820946485],[-66.14053308963776,18.453593110613852]]},"properties":{"class":"motorway","oneway":1,"ramp":1,"id":"14/5181/7337/29","source":"OpenFreeMap / OpenStreetMap","exposureHigh":true,"exposureModerate":false,"zoneLabels":"VE"},"id":13942190632},{"type":"Feature","geometry":{"type":"MultiLineString","coordinates":[[[-66.1500495672226,18.44933391506767],[-66.1487728357315,18.448148242075447],[-66.14869773387909,18.448087177150356],[-66.14861190319061,18.44805155593403],[-66.1467719078064,18.447751319674254],[-66.14652514457703,18.447649544551837],[-66.14634811878204,18.447507059279133],[-66.14578485488892,18.44693711700637],[-66.14567220211029,18.44693711700637],[-66.14554345607758,18.447033803775128],[-66.14362835884094,18.448702914150815],[-66.14275395870209,18.449410245666556],[-66.14245891571045,18.449695212935993]],[[-66.1422336101532,18.45040254036489],[-66.14207804203033,18.450366919628777]],[[-66.14209949970245,18.450677328652247],[-66.1420887708664,18.451608552356205],[-66.14201366901398,18.451969845439024],[-66.14191710948944,18.452229365353332],[-66.14175617694855,18.45251941655812],[-66.14131093025208,18.453023188538808]],[[-66.14679872989655,18.453974753802996],[-66.1468255519867,18.45388824808782],[-66.14795207977295,18.451847718284796],[-66.14839732646942,18.451064066978475],[-66.14864945411682,18.450743481322434],[-66.14897131919861,18.450397451688758],[-66.1500495672226,18.44933391506767],[-66.15133166313171,18.44810244338366],[-66.15151405334473,18.44786327223926],[-66.15187883377075,18.447033803775128],[-66.15249037742615,18.446377350433394],[-66.15258693695068,18.446224686506],[-66.15265667438507,18.446087288855338],[-66.15269958972931,18.44593971347851],[-66.15283370018005,18.445120413391052],[-66.15286588668823,18.445033903215844],[-66.15292489528656,18.444962659509443],[-66.1531662940979,18.444779461271565],[-66.15360617637634,18.4443876199403],[-66.15380465984344,18.444168799067697],[-66.15415871143341,18.443710800990303],[-66.15444302558899,18.44319173502656],[-66.15455567836761,18.442906756967858],[-66.15472197532654,18.44239786640162],[-66.15478098392487,18.44213833163245],[-66.15481853485107,18.441873707542598],[-66.15503311157227,18.43902388382473],[-66.1550223827362,18.43889665844955],[-66.15498483181,18.438794878081566],[-66.15491509437561,18.438708364721393],[-66.15484535694122,18.43867274156044],[-66.1547702550888,18.438652385465133],[-66.15377247333527,18.438708364721393],[-66.1537617444992,18.438474269528456],[-66.1538314819336,18.437843228724304],[-66.15387439727783,18.43759895424256]],[[-66.14690601825714,18.459093779106],[-66.14704549312592,18.458920772790904],[-66.1475658416748,18.458340691520732],[-66.14819347858429,18.45775043137394],[-66.14886403083801,18.457185611574573],[-66.15011930465698,18.456254418118093],[-66.15187346935272,18.455165475100884],[-66.15259230136871,18.45475330327845],[-66.1526620388031,18.454676975054596],[-66.15272104740143,18.454554849825854],[-66.15273177623749,18.454473432958423],[-66.1526083946228,18.453730502259674]],[[-66.13940119743347,18.453735590837027],[-66.13926708698273,18.453649085001345],[-66.13920271396637,18.45358293345052],[-66.13913297653198,18.45348625036887],[-66.13823711872101,18.45165435011299],[-66.1375880241394,18.450433072418534],[-66.1373519897461,18.45002088923634]],[[-66.14066183567047,18.43759895424256],[-66.1404150724411,18.437777071086458],[-66.1399644613266,18.43818419460787],[-66.13942801952362,18.438235084980207],[-66.1393690109253,18.438219817870092],[-66.1392617225647,18.43816892749321],[-66.13912761211395,18.438041701485076],[-66.13906860351562,18.437970454879377],[-66.13901495933533,18.43759895424256]]]},"properties":{"class":"tertiary","id":"14/5181/7337/30","source":"OpenFreeMap / OpenStreetMap","exposureHigh":true,"exposureModerate":true,"zoneLabels":"AE, VE, X"},"id":221336220},{"type":"Feature","geometry":{"type":"LineString","coordinates":[[-66.14131093025208,18.453023188538808],[-66.14114999771118,18.453124960476657]]},"properties":{"class":"tertiary","oneway":1,"id":"14/5181/7337/31","source":"OpenFreeMap / OpenStreetMap","exposureHigh":false,"exposureModerate":true,"zoneLabels":"X"},"id":4525200232},{"type":"Feature","geometry":{"type":"LineString","coordinates":[[-66.13940119743347,18.453735590837027],[-66.13954603672028,18.45383227377829],[-66.13970160484314,18.45385262807477],[-66.13998591899872,18.453857716648514]]},"properties":{"class":"tertiary","oneway":1,"id":"14/5181/7337/32","source":"OpenFreeMap / OpenStreetMap","exposureHigh":true,"exposureModerate":false,"zoneLabels":"VE"},"id":4525200242},{"type":"Feature","geometry":{"type":"LineString","coordinates":[[-66.13998591899872,18.453857716648514],[-66.14023268222809,18.453806830904284],[-66.14045798778534,18.453735590837027],[-66.14058136940002,18.453694882213895],[-66.14076912403107,18.453603287776573],[-66.14124655723572,18.453206377983506]]},"properties":{"class":"tertiary","oneway":1,"id":"14/5181/7337/33","source":"OpenFreeMap / OpenStreetMap","exposureHigh":true,"exposureModerate":false,"zoneLabels":"AE, VE, X"},"id":4525200252},{"type":"Feature","geometry":{"type":"LineString","coordinates":[[-66.14245891571045,18.449695212935993],[-66.1423248052597,18.44977663206899],[-66.14213168621063,18.450158283740336],[-66.1420887708664,18.45031094417139],[-66.1420351266861,18.45057046659275],[-66.14209949970245,18.450677328652247]]},"properties":{"class":"tertiary","oneway":1,"id":"14/5181/7337/34","source":"OpenFreeMap / OpenStreetMap","exposureHigh":true,"exposureModerate":false,"zoneLabels":"AE"},"id":14117894052},{"type":"Feature","geometry":{"type":"LineString","coordinates":[[-66.14209949970245,18.450677328652247],[-66.14219605922699,18.450580643934614],[-66.14226579666138,18.450229525291704],[-66.14243745803833,18.449852962471113],[-66.14245891571045,18.449695212935993]]},"properties":{"class":"tertiary","oneway":1,"id":"14/5181/7337/35","source":"OpenFreeMap / OpenStreetMap","exposureHigh":true,"exposureModerate":false,"zoneLabels":"AE"},"id":14117894062},{"type":"Feature","geometry":{"type":"LineString","coordinates":[[-66.14114999771118,18.453124960476657],[-66.14087104797363,18.453379390057393],[-66.14071011543274,18.453501516122216],[-66.14053308963776,18.453593110613852],[-66.14037752151489,18.453649085001345],[-66.14016830921173,18.45370505937059],[-66.13998591899872,18.453730502259674],[-66.13977134227753,18.453735590837027],[-66.13954067230225,18.453715236526676],[-66.13940119743347,18.453735590837027]]},"properties":{"class":"tertiary","oneway":1,"id":"14/5181/7337/36","source":"OpenFreeMap / OpenStreetMap","exposureHigh":true,"exposureModerate":false,"zoneLabels":"AE, VE, X"},"id":14419266942},{"type":"Feature","geometry":{"type":"LineString","coordinates":[[-66.14124655723572,18.453206377983506],[-66.14131093025208,18.453023188538808]]},"properties":{"class":"tertiary","oneway":1,"id":"14/5181/7337/37","source":"OpenFreeMap / OpenStreetMap","exposureHigh":false,"exposureModerate":true,"zoneLabels":"X"},"id":14419266952},{"type":"Feature","geometry":{"type":"LineString","coordinates":[[-66.1468255519867,18.45388824808782],[-66.14638566970825,18.453842450926828],[-66.14558637142181,18.453725413682164],[-66.14517867565155,18.453689793635334],[-66.14320993423462,18.453674527898713],[-66.14289879798889,18.45365926216074],[-66.14265203475952,18.45362873068072],[-66.14238381385803,18.453567667704405],[-66.14211022853851,18.453481161784126],[-66.1417829990387,18.45333868134982],[-66.14155232906342,18.453196200797265],[-66.14131093025208,18.453023188538808]]},"properties":{"expressway":1,"surface":"paved","class":"primary","oneway":1,"id":"14/5181/7337/38","source":"OpenFreeMap / OpenStreetMap","exposureHigh":true,"exposureModerate":true,"zoneLabels":"AE, X"},"id":221356832},{"type":"Feature","geometry":{"type":"LineString","coordinates":[[-66.14124655723572,18.453206377983506],[-66.14142894744873,18.45333868134982],[-66.14164888858795,18.453481161784126],[-66.1418741941452,18.453598199195284],[-66.14233016967773,18.45375594514499],[-66.14265203475952,18.45382209662914],[-66.14298462867737,18.453862805222116],[-66.1447548866272,18.4538933366605],[-66.14679872989655,18.453974753802996]]},"properties":{"expressway":1,"class":"primary","oneway":1,"id":"14/5181/7337/39","source":"OpenFreeMap / OpenStreetMap","exposureHigh":true,"exposureModerate":false,"zoneLabels":"AE, X"},"id":604491632},{"type":"Feature","geometry":{"type":"LineString","coordinates":[[-66.14679872989655,18.453974753802996],[-66.1480164527893,18.454030728066087],[-66.15037143230438,18.454096879444364],[-66.15071475505829,18.454091790877712],[-66.15152478218079,18.454020550928703],[-66.15186810493469,18.453979842373116],[-66.1537778377533,18.45365926216074],[-66.15465223789215,18.453501516122216],[-66.15508139133453,18.453415010168598],[-66.15528523921967,18.453353947116284],[-66.15565001964569,18.45321146657642],[-66.15708231925964,18.452468530417278],[-66.15742027759552,18.452326049142712],[-66.15780115127563,18.452178479126545],[-66.15863800048828,18.451934225028012],[-66.1600112915039,18.451623818276488]]},"properties":{"expressway":1,"class":"primary","oneway":1,"id":"14/5181/7337/40","source":"OpenFreeMap / OpenStreetMap","exposureHigh":true,"exposureModerate":false,"zoneLabels":"AE, X"},"id":2034815272},{"type":"Feature","geometry":{"type":"LineString","coordinates":[[-66.1600112915039,18.4515322227344],[-66.15842342376709,18.451898604609624],[-66.15778505802155,18.45209197250638],[-66.15740418434143,18.45223954259687],[-66.15694284439087,18.452443087341194],[-66.156245470047,18.45280946727297],[-66.15544617176056,18.453206377983506],[-66.15522623062134,18.453282706861117],[-66.15499556064606,18.453343769938783],[-66.1546790599823,18.453409921581738],[-66.1526083946228,18.453730502259674],[-66.15148723125458,18.453923868093455],[-66.15088105201721,18.453979842373116],[-66.1505001783371,18.453979842373116],[-66.14795207977295,18.453939133807907],[-66.1468255519867,18.45388824808782]]},"properties":{"expressway":1,"surface":"paved","class":"primary","oneway":1,"id":"14/5181/7337/41","source":"OpenFreeMap / OpenStreetMap","exposureHigh":false,"exposureModerate":false,"zoneLabels":"X"},"id":2034815282},{"type":"Feature","geometry":{"type":"LineString","coordinates":[[-66.14114999771118,18.453124960476657],[-66.14124655723572,18.453206377983506]]},"properties":{"expressway":1,"class":"primary","oneway":1,"id":"14/5181/7337/42","source":"OpenFreeMap / OpenStreetMap","exposureHigh":false,"exposureModerate":false,"zoneLabels":"X"},"id":11121486702},{"type":"Feature","geometry":{"type":"LineString","coordinates":[[-66.1373519897461,18.447736053409727],[-66.139315366745,18.450616264626404]]},"properties":{"class":"motorway","oneway":1,"id":"14/5181/7337/43","source":"OpenFreeMap / OpenStreetMap","exposureHigh":true,"exposureModerate":false,"zoneLabels":"AE"},"id":4214984472},{"type":"Feature","geometry":{"type":"LineString","coordinates":[[-66.14131093025208,18.453023188538808],[-66.1410266160965,18.452717872363323],[-66.14084959030151,18.45248379626112],[-66.1402702331543,18.45166452739062],[-66.1373519897461,18.447354396355806]]},"properties":{"class":"motorway","oneway":1,"id":"14/5181/7337/44","source":"OpenFreeMap / OpenStreetMap","exposureHigh":true,"exposureModerate":true,"zoneLabels":"AE, X"},"id":4214984482},{"type":"Feature","geometry":{"type":"LineString","coordinates":[[-66.139315366745,18.450616264626404],[-66.14008784294128,18.451761211498024],[-66.14052772521973,18.452392201177744],[-66.14087104797363,18.452839998898654],[-66.14114999771118,18.453124960476657]]},"properties":{"class":"motorway","oneway":1,"id":"14/5181/7337/45","source":"OpenFreeMap / OpenStreetMap","exposureHigh":true,"exposureModerate":true,"zoneLabels":"AE, VE, X"},"id":14158725102},{"type":"Feature","geometry":{"type":"MultiLineString","coordinates":[[[-66.18168890476227,18.4560101698179],[-66.18086814880371,18.455246891640144],[-66.18039608001709,18.454900871081676],[-66.17985427379608,18.454585381141186],[-66.17903888225555,18.454219004998876],[-66.1786687374115,18.454045993771032],[-66.17810547351837,18.45369997079233],[-66.17668926715851,18.452616100184173],[-66.17620646953583,18.452295517425625],[-66.17583096027374,18.452066529374505],[-66.1757504940033,18.45197493406856],[-66.17583096027374,18.45182227511674],[-66.17596507072449,18.45165435011299],[-66.17643177509308,18.451074244291092],[-66.17651760578156,18.451084421603085],[-66.17688238620758,18.451354120151578],[-66.17686092853546,18.451450804433748],[-66.17620646953583,18.452295517425625]],[[-66.18086814880371,18.455246891640144],[-66.18124902248383,18.454758391825507],[-66.18188202381134,18.453918779521686],[-66.18185520172119,18.453842450926828],[-66.1814796924591,18.453588022032264],[-66.18139386177063,18.453623642100197],[-66.18039608001709,18.454900871081676]],[[-66.17985427379608,18.454585381141186],[-66.18021368980408,18.454127410841153]],[[-66.17903888225555,18.454219004998876],[-66.17949485778809,18.453638907841338]],[[-66.17810547351837,18.45369997079233],[-66.17832541465759,18.453445541686634],[-66.17893159389496,18.45268225210748]],[[-66.17596507072449,18.45165435011299],[-66.17493510246277,18.450921584538577]],[[-66.17082059383392,18.45091649587782],[-66.17083668708801,18.450799456638833],[-66.17095470428467,18.45031094417139],[-66.17125511169434,18.44916089891794]],[[-66.17106199264526,18.44988858331382],[-66.17249965667725,18.45020917056577],[-66.17259085178375,18.450158283740336],[-66.17292881011963,18.449725745115387],[-66.17120683193207,18.44933900377532]],[[-66.17223143577576,18.448952261564358],[-66.17237091064453,18.448316170507525],[-66.17230117321014,18.448255105642133],[-66.171914935112,18.448163508303338],[-66.17183983325958,18.448173685787822],[-66.17179691791534,18.44822966194181],[-66.17165207862854,18.44881995481859]],[[-66.17339015007019,18.44920669732747],[-66.17352962493896,18.448560429751964],[-66.17347598075867,18.448519719902023],[-66.1730682849884,18.448423033969704],[-66.17295563220978,18.448473921309287],[-66.17281079292297,18.449079479493037]],[[-66.17473125457764,18.448804688649062],[-66.17461860179901,18.44925758443486],[-66.17447912693024,18.44957817286469],[-66.17376029491425,18.450524668546905],[-66.17366373538971,18.450539934563537],[-66.17314875125885,18.450361830951593],[-66.1738783121109,18.449425511782266],[-66.17393732070923,18.44933391506767],[-66.17415189743042,18.448708002877154],[-66.17422163486481,18.44869273669768],[-66.17505848407745,18.448875930761943],[-66.17663562297821,18.449262673144773],[-66.17693066596985,18.449435689191972],[-66.17744565010071,18.44980207554012],[-66.1779123544693,18.450148106373447],[-66.17935538291931,18.451155662770276]],[[-66.17393732070923,18.44933391506767],[-66.17165207862854,18.44881995481859],[-66.17139995098114,18.448774156305916]],[[-66.17505848407745,18.448875930761943],[-66.17518186569214,18.44834670293207]],[[-66.17606699466705,18.44855025229039],[-66.1762011051178,18.447985402226962]],[[-66.1765068769455,18.448641849422927],[-66.17661952972412,18.448122798359307],[-66.17658197879791,18.448076999660728],[-66.17576122283936,18.447883627243243],[-66.17562174797058,18.448448477641392]],[[-66.17743492126465,18.448789422478157],[-66.17719888687134,18.448606228321637],[-66.17717742919922,18.448494276240908],[-66.17771923542023,18.447781852199213],[-66.17774069309235,18.44771060963251],[-66.17729544639587,18.447359485122092],[-66.17591142654419,18.44639261681867],[-66.17579340934753,18.44697782723142],[-66.17576122283936,18.44724753222873],[-66.17583632469177,18.447298419916578],[-66.17705941200256,18.447654633309398],[-66.17729544639587,18.447359485122092]],[[-66.17668926715851,18.452616100184173],[-66.17737591266632,18.451761211498024],[-66.17746710777283,18.451756122862136],[-66.17781579494476,18.452005465842632],[-66.17784261703491,18.452061440747684],[-66.1778211593628,18.452132681509525],[-66.1771559715271,18.4529773911471]],[[-66.17873311042786,18.451918959135327],[-66.17918372154236,18.45138465203604],[-66.17935538291931,18.451155662770276],[-66.17983818054199,18.45046869314092],[-66.17981672286987,18.450397451688758],[-66.17948949337006,18.450153195056956],[-66.17936074733734,18.45016337242356],[-66.17826640605927,18.451542400019264],[-66.17816984653473,18.451547488661475],[-66.17782652378082,18.451308322314702],[-66.1778050661087,18.451196371995394],[-66.17838978767395,18.450489047836115],[-66.17886185646057,18.449893672005032],[-66.17889940738678,18.449817341621],[-66.17887794971466,18.449751188594078],[-66.17853462696075,18.449496753637618],[-66.17846488952637,18.449476398824828],[-66.17840588092804,18.449517108448006],[-66.1779123544693,18.450148106373447],[-66.17732226848602,18.450896141233287],[-66.17722570896149,18.45090631855585],[-66.17687165737152,18.450651885310776],[-66.1768501996994,18.450600998616537],[-66.17685556411743,18.45054502323545],[-66.17744565010071,18.44980207554012],[-66.17798209190369,18.449115100496172]],[[-66.1819839477539,18.453038454333324],[-66.18187665939331,18.453063897321186],[-66.1807930469513,18.452290428805583],[-66.1797684431076,18.451583109152708]],[[-66.1819839477539,18.4517205024068],[-66.18151724338531,18.451399917976232],[-66.18050873279572,18.450682417320095],[-66.18041753768921,18.450707860657047],[-66.18015468120575,18.451038623694316],[-66.18017613887787,18.45114039680837],[-66.18115246295929,18.451832452384423],[-66.1819839477539,18.45243799872553]],[[-66.1819839477539,18.450763835985057],[-66.18186056613922,18.450926673199177],[-66.18151724338531,18.451399917976232],[-66.18115246295929,18.451832452384423],[-66.18056237697601,18.452575391295625],[-66.18049800395966,18.452575391295625],[-66.17993474006653,18.452163213255574]],[[-66.18180692195892,18.45012266295356],[-66.1819839477539,18.4498987606961]],[[-66.18084132671356,18.450198993201894],[-66.18186056613922,18.450926673199177],[-66.1819839477539,18.451013180406363]],[[-66.17982745170593,18.448718180329408],[-66.18005275726318,18.448428122704357],[-66.1804711818695,18.448021023457002],[-66.18146359920502,18.44673865452104],[-66.18105590343475,18.446463859932038],[-66.18098080158234,18.446468948724714],[-66.18001520633698,18.447685165851553],[-66.1799293756485,18.447669899581143],[-66.17955386638641,18.447405284011992],[-66.1805248260498,18.446163620897053],[-66.18049800395966,18.44605675602915],[-66.18011713027954,18.44578196034928],[-66.1797308921814,18.445517341871707],[-66.17966651916504,18.44550716422981],[-66.17917835712433,18.446087288855338],[-66.17870092391968,18.446733565736352],[-66.17873311042786,18.446820075055584],[-66.17955386638641,18.447405284011992]],[[-66.17977380752563,18.44867747051684],[-66.17929637432098,18.449288116692045]],[[-66.18005275726318,18.448428122704357],[-66.17652833461761,18.445924447052974],[-66.17627620697021,18.44576160509625]],[[-66.18072867393494,18.44935935860441],[-66.18026733398438,18.449934381529317],[-66.18017613887787,18.449939470219164],[-66.17980599403381,18.449669769449017],[-66.17980599403381,18.44959852766543],[-66.18025124073029,18.449018414899044]],[[-66.17929637432098,18.44833652545782],[-66.17885649204254,18.4489013743665],[-66.17873311042786,18.448916640527457],[-66.17840051651001,18.448672381789592],[-66.17836833000183,18.448590962133096],[-66.17881894111633,18.448000668469305]],[[-66.1787760257721,18.44751723680254],[-66.18011713027954,18.44578196034928]],[[-66.17720425128937,18.446845518964707],[-66.17900133132935,18.444540285500324],[-66.17937684059143,18.444809994324785],[-66.17940902709961,18.444886326934068],[-66.17897987365723,18.44546645365621],[-66.17824494838715,18.446387528023735],[-66.17813229560852,18.446387528023735],[-66.17738664150238,18.445868470147772],[-66.17735981941223,18.445766693909746],[-66.17848098278046,18.44431128710943],[-66.17854535579681,18.444265487394617],[-66.17862045764923,18.44427566511007],[-66.17900133132935,18.444540285500324]],[[-66.17652833461761,18.445924447052974],[-66.17804646492004,18.44398051111702],[-66.17806255817413,18.443919444710318],[-66.17803037166595,18.443848200541737],[-66.17748320102692,18.443456357086376],[-66.17739737033844,18.443425823792595],[-66.177316904068,18.443476712612565],[-66.17713451385498,18.443924533578368],[-66.17709159851074,18.44405175523073],[-66.17688775062561,18.444804905482954],[-66.17691993713379,18.444871060414926],[-66.17720425128937,18.44506443622383]],[[-66.17687165737152,18.445491897765848],[-66.17619574069977,18.44509496922639]],[[-66.17709159851074,18.44405175523073],[-66.17725789546967,18.444087377276517],[-66.17731153964996,18.444036488637437],[-66.17727398872375,18.443965244517386],[-66.17713451385498,18.443924533578368]],[[-66.17651760578156,18.44396015565053],[-66.174978017807,18.443542868056]],[[-66.17678582668304,18.443252801691926],[-66.17588996887207,18.44287622357639]],[[-66.17814838886261,18.443181557246902],[-66.17853462696075,18.44345126820447],[-66.1786150932312,18.443461445968154],[-66.17868483066559,18.443400379376968],[-66.17957532405853,18.442250287855458],[-66.17952704429626,18.442133242711478],[-66.1791729927063,18.441883885399733],[-66.178759932518,18.441609083045165],[-66.17869019508362,18.44161417198167],[-66.17859363555908,18.44172612854622],[-66.1777514219284,18.442815156777172],[-66.17777287960052,18.442906756967858],[-66.17814838886261,18.443181557246902],[-66.1795163154602,18.441436059114977]],[[-66.17948949337006,18.444133177038793],[-66.17990255355835,18.444413064209726],[-66.17998838424683,18.444397797648534],[-66.18006348609924,18.44431128710943],[-66.18091106414795,18.443207001694944],[-66.1808842420578,18.44310522388014],[-66.18051409721375,18.442835512379318],[-66.1801278591156,18.442570889363253],[-66.18005812168121,18.442560711546804],[-66.17960751056671,18.443095046095337],[-66.17909252643585,18.44380240070346],[-66.17912471294403,18.44386855602147],[-66.17948949337006,18.444133177038793],[-66.18085741996765,18.44239786640162]],[[-66.1819839477539,18.442458933349144],[-66.1804711818695,18.441380080747308],[-66.18034780025482,18.441257946063644],[-66.18022978305817,18.4409576979306],[-66.1802351474762,18.44030122137147],[-66.18029952049255,18.43860658424191],[-66.1807233095169,18.438540426897916],[-66.18109345436096,18.4382656191964],[-66.1814957857132,18.437934831565457],[-66.18167817592621,18.437894119197637],[-66.1819839477539,18.437899208244147]],[[-66.17965042591095,18.440850829824456],[-66.17966115474701,18.440499691293383]],[[-66.1819839477539,18.441761751074182],[-66.18110954761505,18.44114090024368],[-66.18100225925446,18.441008587481605]],[[-66.1819839477539,18.441446236998047],[-66.18147432804108,18.44209253133836]],[[-66.18136703968048,18.44055058098003],[-66.18140459060669,18.439054417900763],[-66.18129193782806,18.438850857291413]],[[-66.1819839477539,18.43815366037721],[-66.18192493915558,18.44048951335425],[-66.18186056613922,18.440560758915566],[-66.18086278438568,18.440535314075618],[-66.18081450462341,18.44047933541451],[-66.18085205554962,18.439105308015414],[-66.18129193782806,18.438850857291413],[-66.18169963359833,18.438484447586944],[-66.18181765079498,18.438438646318957],[-66.18197858333588,18.438433557288434]],[[-66.18109345436096,18.4382656191964],[-66.18088960647583,18.438072235735603]],[[-66.18022978305817,18.440509869231917],[-66.17966115474701,18.440499691293383],[-66.17943584918976,18.44047424644441]],[[-66.17849171161652,18.43900352777102],[-66.17945194244385,18.43936993636872],[-66.18026733398438,18.439400470383262]],[[-66.17843806743622,18.44110018863543],[-66.17828786373138,18.44088645253389],[-66.17770850658417,18.44048951335425],[-66.17762267589569,18.440514958200964],[-66.17722034454346,18.440972964797496],[-66.1767965555191,18.441517482162652],[-66.17635130882263,18.442112887026127],[-66.17610454559326,18.44247928899351],[-66.17588996887207,18.44287622357639],[-66.17567539215088,18.443380023841726]],[[-66.17800891399384,18.44154292685714],[-66.17722034454346,18.440972964797496]],[[-66.17759048938751,18.442077264570955],[-66.17704331874847,18.441690506010872]],[[-66.17684483528137,18.442433488790314],[-66.17635130882263,18.442112887026127]],[[-66.17464542388916,18.442682845304404],[-66.17399096488953,18.442509822455506]],[[-66.17362082004547,18.44269302311362],[-66.17368519306183,18.4423418883473],[-66.17395877838135,18.44129865763452],[-66.17409825325012,18.4407286947646],[-66.17414653301239,18.439237622243013]],[[-66.17371201515198,18.442240110020023],[-66.17208659648895,18.44185844075575],[-66.17063283920288,18.441853351826495],[-66.17057919502258,18.441787195732502],[-66.17057919502258,18.441380080747308],[-66.170654296875,18.441329191306323],[-66.17210805416107,18.44130883552573],[-66.17219924926758,18.441395347576673],[-66.17208659648895,18.44185844075575]],[[-66.17453813552856,18.442082353493575],[-66.17380857467651,18.441873707542598]],[[-66.172816157341,18.43857096105984],[-66.17235481739044,18.43852007078695],[-66.17159843444824,18.438072235735603],[-66.17142140865326,18.43801625627215],[-66.17111027240753,18.437995900099082],[-66.16812765598297,18.437934831565457],[-66.16790235042572,18.43800607818592],[-66.16754293441772,18.438245263052877],[-66.16718351840973,18.43828088630245],[-66.16641640663147,18.438275797267252],[-66.16623401641846,18.43834704374636],[-66.16610527038574,18.43849462564485],[-66.1660623550415,18.438677830583885],[-66.16612672805786,18.44385328941189]],[[-66.17113173007965,18.440805029187175],[-66.17109954357147,18.43856078300648],[-66.17111027240753,18.437995900099082]],[[-66.17169499397278,18.440805029187175],[-66.17167890071869,18.440291043420572],[-66.1716628074646,18.438927192548178],[-66.17168426513672,18.43880505612107]],[[-66.17255330085754,18.440881363575855],[-66.17224216461182,18.440794851266133],[-66.170654296875,18.440815207107633],[-66.17057919502258,18.440774495422204],[-66.17057919502258,18.440586203751707],[-66.1705631017685,18.440291043420572],[-66.17054164409637,18.438601495216346],[-66.17061674594879,18.438540426897916],[-66.17109954357147,18.43856078300648],[-66.1713033914566,18.43857605008631],[-66.17139458656311,18.438611673267303],[-66.17190957069397,18.43895263762623],[-66.17220997810364,18.439095129993703],[-66.17224216461182,18.440794851266133]],[[-66.17317020893097,18.442112887026127],[-66.17340624332428,18.441181611842268],[-66.17335259914398,18.44112563339172],[-66.17293953895569,18.441023854343968],[-66.17286443710327,18.441079832827683],[-66.17262303829193,18.44198566393804]],[[-66.17128193378448,18.44292711255916],[-66.17105662822723,18.442972912630765]],[[-66.17136240005493,18.443491979255626],[-66.17115318775177,18.443507245897322],[-66.1710673570633,18.443563223571942]],[[-66.17145895957947,18.444143354762105],[-66.17042899131775,18.444158621345906]],[[-66.17101907730103,18.44415353248479],[-66.17104053497314,18.44499828136634],[-66.17111563682556,18.445054258555103],[-66.17148578166962,18.44504916972052],[-66.171555519104,18.445028814380663],[-66.17158234119415,18.444962659509443],[-66.17145895957947,18.444143354762105],[-66.17128193378448,18.44292711255916],[-66.17123901844025,18.442458933349144],[-66.17119610309601,18.442402955314734],[-66.1704021692276,18.44239786640162],[-66.16834223270416,18.442428399878096]],[[-66.17260694503784,18.445390121304712],[-66.17259085178375,18.44445377503297]],[[-66.17322385311127,18.445385032480075],[-66.17320775985718,18.444631884771212]],[[-66.17333650588989,18.444657329004457],[-66.17320775985718,18.444631884771212],[-66.17204904556274,18.444301109396093]],[[-66.1738246679306,18.44428075396759],[-66.17489755153656,18.444560640898075],[-66.17494583129883,18.444626795924094],[-66.17482244968414,18.44506443622383],[-66.17478489875793,18.445110235725636],[-66.17473125457764,18.445125502223533],[-66.17370665073395,18.444850705053952],[-66.17379248142242,18.44456572974714],[-66.1738246679306,18.44428075396759],[-66.17387294769287,18.443710800990303],[-66.1738783121109,18.443100134987816]],[[-66.17436647415161,18.443491979255626],[-66.174436211586,18.44323244613922],[-66.17454886436462,18.442906756967858],[-66.17464542388916,18.442682845304404],[-66.17506384849548,18.44179737359478]],[[-66.174436211586,18.44323244613922],[-66.1738783121109,18.443100134987816],[-66.17365837097168,18.443028890479468]],[[-66.17486536502838,18.443944889049078],[-66.17387294769287,18.443710800990303]],[[-66.17470443248749,18.444509752399185],[-66.174978017807,18.443542868056],[-66.17515504360199,18.443039068268178],[-66.1755359172821,18.442194309753077],[-66.1754983663559,18.442112887026127],[-66.17469906806946,18.44154292685714],[-66.17440938949585,18.44141061440466],[-66.17395877838135,18.44129865763452]],[[-66.17415726184845,18.446260308101202],[-66.17367446422577,18.44623995290486],[-66.1729770898819,18.446224686506],[-66.17245674133301,18.44619415370424],[-66.17235481739044,18.446143265689244],[-66.17228507995605,18.446051667224253],[-66.17221534252167,18.445471542478444],[-66.17215633392334,18.44531378891928],[-66.17214560508728,18.444932126483366],[-66.17186665534973,18.443064512737337],[-66.17174327373505,18.441853351826495]],[[-66.17539644241333,18.446016045585807],[-66.17422163486481,18.445822670848116],[-66.17388367652893,18.445787049162163],[-66.17259085178375,18.445771782723057]],[[-66.17399632930756,18.44718646698341],[-66.1752837896347,18.44747143794251],[-66.17532134056091,18.447512148040914],[-66.17534279823303,18.447563035650376],[-66.17527842521667,18.44782256222406],[-66.1752462387085,18.44787344974155],[-66.17519795894623,18.447893804744325],[-66.17392122745514,18.447613923244745]],[[-66.17385149002075,18.44805155593403],[-66.17415726184845,18.446260308101202],[-66.17428600788116,18.445420654249375]],[[-66.17339015007019,18.447975224731294],[-66.17352426052094,18.44718646698341]],[[-66.1720597743988,18.447242443459118],[-66.17345988750458,18.447563035650376]],[[-66.17245674133301,18.44619415370424],[-66.17238163948059,18.446412971996935],[-66.1720597743988,18.447242443459118],[-66.17195785045624,18.44759865696801],[-66.17196321487427,18.447639367036274],[-66.17199003696442,18.447695343364387],[-66.17331504821777,18.447959958486678],[-66.17385149002075,18.44805155593403],[-66.1765068769455,18.448641849422927],[-66.17690920829773,18.448743623957355]],[[-66.17172718048096,18.44777167469151],[-66.17196321487427,18.447639367036274]],[[-66.17045044898987,18.445771782723057],[-66.17194175720215,18.445756516282614],[-66.17184519767761,18.446275574496894],[-66.17178618907928,18.446336640066036],[-66.16925418376923,18.446372261638004],[-66.16916298866272,18.446290840891194],[-66.16915762424469,18.445863381337304],[-66.16921126842499,18.445797226787477],[-66.17045044898987,18.445771782723057]],[[-66.16753220558167,18.446397705613478],[-66.16668462753296,18.44640788320261],[-66.16661489009857,18.446321373675772],[-66.16660952568054,18.44590409181683],[-66.16666853427887,18.445832848471312],[-66.1675214767456,18.44581249322431],[-66.16848707199097,18.445802315599906],[-66.16856217384338,18.44588882538814],[-66.16856753826141,18.446311196081524],[-66.16851389408112,18.446377350433394],[-66.16753220558167,18.446397705613478]],[[-66.16725325584412,18.445451187188638],[-66.16724252700806,18.445206923522704],[-66.16722106933594,18.44442324191644],[-66.16658806800842,18.444433419622555],[-66.16653442382812,18.44517639054004],[-66.16724252700806,18.445206923522704]],[[-66.1675214767456,18.445461364833847],[-66.16754293441772,18.447552858129683],[-66.16671681404114,18.4475579468901],[-66.16663098335266,18.447481615468007],[-66.16663098335266,18.447054158877393],[-66.16666853427887,18.446993093563336],[-66.1675375699997,18.44696764967607],[-66.16849780082703,18.44695238334191],[-66.16856217384338,18.446988004786178],[-66.1685836315155,18.44722208837915],[-66.16856753826141,18.44750197051721],[-66.16835832595825,18.447537591847535],[-66.16754293441772,18.447552858129683]],[[-66.16549372673035,18.445558052433256],[-66.16549372673035,18.445349410703358],[-66.16572439670563,18.444479219292603],[-66.16567611694336,18.440586203751707],[-66.16568148136139,18.438810145140607],[-66.16562783718109,18.438632029367426],[-66.16568684577942,18.438550604952496],[-66.16575121879578,18.438413201164806]],[[-66.16779506206512,18.443318957221578],[-66.16780042648315,18.44376168972586],[-66.16770923137665,18.443858378281902],[-66.16675972938538,18.443863467151772],[-66.16669535636902,18.4437973118318],[-66.16668462753296,18.442871134677276],[-66.1667275428772,18.442815156777172],[-66.16682946681976,18.44279989007397],[-66.16773068904877,18.44279989007397],[-66.1677896976471,18.442871134677276],[-66.16779506206512,18.443318957221578],[-66.1661159992218,18.443349490534374]],[[-66.17043435573578,18.44453010780053],[-66.16837441921234,18.444555552048868]],[[-66.17003202438354,18.443990688849354],[-66.16983354091644,18.444000866581092],[-66.16836369037628,18.4440263109078]],[[-66.16983354091644,18.444000866581092],[-66.16984963417053,18.44498810369369],[-66.16978526115417,18.44506952505796],[-66.16847634315491,18.445089880393013],[-66.1683851480484,18.445013547874183],[-66.16836369037628,18.4440263109078],[-66.16834759712219,18.443838022800946]],[[-66.1704021692276,18.44239786640162],[-66.17047727108002,18.447512148040914],[-66.16926491260529,18.44752741432532],[-66.16918444633484,18.447440905362356],[-66.16917371749878,18.447018537446837],[-66.16922736167908,18.44695238334191],[-66.17162525653839,18.446911673110804],[-66.17139458656311,18.447486704230542],[-66.17047727108002,18.447512148040914]],[[-66.16981744766235,18.44240804422772],[-66.16982817649841,18.443385112725764],[-66.16976380348206,18.443466534849776],[-66.16845488548279,18.443486890374743],[-66.16835832595825,18.443425823792595],[-66.16834223270416,18.442428399878096],[-66.16832613945007,18.442107798104402],[-66.16844415664673,18.442107798104402]],[[-66.16982281208038,18.442937290353896],[-66.16834759712219,18.44295764594159]],[[-66.16890549659729,18.44119687868927],[-66.16885721683502,18.43850480370213]],[[-66.16884112358093,18.441761751074182],[-66.16873383522034,18.441715950679722],[-66.16609990596771,18.441746484277388]],[[-66.16945266723633,18.441191789740415],[-66.16942048072815,18.438509892730565],[-66.16943120956421,18.437960276790434]],[[-66.16774678230286,18.43883050121721],[-66.16671681404114,18.43884067925461],[-66.16663634777069,18.438906836483028],[-66.16665780544281,18.440596381685125],[-66.16668999195099,18.440657449272933],[-66.16721570491791,18.440667627202117],[-66.16769850254059,18.440652360308093],[-66.16775751113892,18.440616737550144],[-66.16776823997498,18.440285954444903],[-66.16774678230286,18.438545515925284]],[[-66.1664217710495,18.441222323431234],[-66.16989254951477,18.441181611842268],[-66.16997838020325,18.441145989194027],[-66.17001056671143,18.441079832827683],[-66.16997838020325,18.438586228138774],[-66.1698979139328,18.43852007078695],[-66.16837441921234,18.43849462564485],[-66.16831004619598,18.438550604952496],[-66.16834759712219,18.44120196763795]],[[-66.16721570491791,18.440667627202117],[-66.16718351840973,18.43828088630245],[-66.16718351840973,18.43759895424256]],[[-66.16666853427887,18.441217234483133],[-66.1666738986969,18.442189220833768],[-66.16671681404114,18.44226046569031],[-66.1676824092865,18.44226046569031],[-66.16777896881104,18.44217904299471],[-66.16776823997498,18.44162434985418],[-66.16777896881104,18.441207056586492]],[[-66.16454422473907,18.439100219004644],[-66.16338014602661,18.43924271124972],[-66.16184055805206,18.439456449395834]],[[-66.16386830806732,18.438647296440948],[-66.16377174854279,18.437878852057224]],[[-66.16273641586304,18.438789789061587],[-66.16267204284668,18.43834704374636]],[[-66.16245746612549,18.439364847365766],[-66.16261303424835,18.440937342105997],[-66.1626398563385,18.440998409572614],[-66.16267740726471,18.441023854343968],[-66.16312801837921,18.441120544440764],[-66.16383612155914,18.44129356868868]],[[-66.16301000118256,18.43928851230342],[-66.16310119628906,18.440097662239054],[-66.16313874721527,18.440514958200964],[-66.16317093372345,18.440570936850463],[-66.16321921348572,18.440596381685125],[-66.1638468503952,18.440749050613945],[-66.16390585899353,18.440774495422204],[-66.16393268108368,18.440840651906115],[-66.16375029087067,18.441741395344835],[-66.16370737552643,18.441782106801156],[-66.16363763809204,18.441782106801156],[-66.16212487220764,18.44145641488052]],[[-66.16310119628906,18.440097662239054],[-66.16329967975616,18.440087484276106],[-66.163449883461,18.440112929182348],[-66.16414725780487,18.440265598540705]],[[-66.16220533847809,18.438861035327605],[-66.1621356010437,18.43841829019594]],[[-66.16166353225708,18.43893737057985],[-66.1633050441742,18.438713453743787],[-66.16386830806732,18.438647296440948],[-66.16428673267365,18.43860658424191],[-66.16434037685394,18.43857605008631],[-66.16438329219818,18.438525159814915],[-66.16430819034576,18.43782287253076]],[[-66.16214632987976,18.44170577281264],[-66.16212487220764,18.44145641488052],[-66.16207659244537,18.44111545548965],[-66.1619371175766,18.439771967125637],[-66.16184055805206,18.439456449395834],[-66.16166353225708,18.43893737057985],[-66.16149723529816,18.4378025163348]],[[-66.16666316986084,18.450463604466748],[-66.16934537887573,18.45031094417139],[-66.17077231407166,18.45030076681354],[-66.17095470428467,18.45031094417139],[-66.17179155349731,18.45040254036489],[-66.17253720760345,18.450534845891468],[-66.17323994636536,18.450743481322434],[-66.174076795578,18.451074244291092],[-66.17526233196259,18.449557818061535],[-66.175337433815,18.44953237455421],[-66.17592215538025,18.44965959205318],[-66.17460250854492,18.45133885420732],[-66.174076795578,18.451074244291092]],[[-66.1700052022934,18.44883013226419],[-66.16835296154022,18.448860664597376],[-66.16729617118835,18.448850487153592],[-66.16725862026215,18.448789422478157],[-66.16725325584412,18.44834161419503],[-66.1673229932785,18.44829072681624],[-66.16990864276886,18.448250016902364],[-66.1699891090393,18.44832125924532],[-66.1700052022934,18.44883013226419]],[[-66.1693400144577,18.449980179732577],[-66.1670172214508,18.45001071186131],[-66.16701185703278,18.449517108448006],[-66.16709232330322,18.449445866601096],[-66.16932928562164,18.449410245666556]],[[-66.16934537887573,18.45031094417139],[-66.16931855678558,18.448845398431473]],[[-66.15934610366821,18.45168488194406],[-66.1593246459961,18.451608552356205]],[[-66.1593246459961,18.450997914431795],[-66.15935683250427,18.450936850519923],[-66.15978062152863,18.450397451688758],[-66.15982353687286,18.450295678134395],[-66.15982353687286,18.449985268421088],[-66.1593246459961,18.44695238334191]],[[-66.1620283126831,18.437726180578466],[-66.16209805011749,18.438174016531576]],[[-66.16256475448608,18.437649844788226],[-66.16263449192047,18.438097680940245]],[[-66.16296172142029,18.43759895424256],[-66.16256475448608,18.437649844788226],[-66.16126656532288,18.43783305062783]],[[-66.16365373134613,18.437894119197637],[-66.16388976573944,18.437868673962853]],[[-66.16506457328796,18.437746536783465],[-66.16422772407532,18.43783305062783]]]},"properties":{"class":"minor","id":"14/5180/7337/19","source":"OpenFreeMap / OpenStreetMap","exposureHigh":false,"exposureModerate":true,"zoneLabels":"X"},"id":221335760},{"type":"Feature","geometry":{"type":"MultiLineString","coordinates":[[[-66.1819839477539,18.45572012451011],[-66.18182301521301,18.455944019176812],[-66.18176400661469,18.455999992797857],[-66.18168890476227,18.4560101698179]],[[-66.1812973022461,18.45563870819528],[-66.1819839477539,18.454763480372392]],[[-66.18191957473755,18.447150845580282],[-66.1819839477539,18.447064336427644]],[[-66.18196785449982,18.447089780300587],[-66.18146359920502,18.44673865452104]],[[-66.1819839477539,18.44628066329514],[-66.1819463968277,18.446326462472683]],[[-66.18061065673828,18.445385032480075],[-66.18121147155762,18.444616618229446],[-66.18186593055725,18.443817667317575],[-66.1819839477539,18.443654823363772]],[[-66.1819839477539,18.445400298953544],[-66.18156015872955,18.445934624670144],[-66.18154406547546,18.446005867973454],[-66.1815869808197,18.446077111247206],[-66.1819463968277,18.446326462472683],[-66.1819839477539,18.446356995250923]],[[-66.1819839477539,18.44453010780053],[-66.18110418319702,18.445644562344512],[-66.18105590343475,18.445680184059995],[-66.18099689483643,18.445659828794902],[-66.18061065673828,18.445385032480075],[-66.18024587631226,18.445125502223533],[-66.18020832538605,18.445079702725792],[-66.18020832538605,18.445008459038377],[-66.1813348531723,18.443558134693177],[-66.18139922618866,18.443517423657696],[-66.18148505687714,18.443527601417458],[-66.18186593055725,18.443817667317575],[-66.1819839477539,18.443904178105257]],[[-66.16317629814148,18.437660022895543],[-66.16318702697754,18.43779742728543],[-66.16338014602661,18.43924271124972]]]},"properties":{"surface":"paved","class":"minor","id":"14/5180/7337/20","source":"OpenFreeMap / OpenStreetMap","exposureHigh":false,"exposureModerate":true,"zoneLabels":"X"},"id":221354790},{"type":"Feature","geometry":{"type":"MultiLineString","coordinates":[[[-66.17498874664307,18.451918959135327],[-66.17506921291351,18.451796831944918],[-66.17545008659363,18.451282879066724],[-66.17611527442932,18.450438161093615],[-66.17693066596985,18.449435689191972],[-66.17832005023956,18.44765972206679]],[[-66.16549372673035,18.445558052433256],[-66.16584241390228,18.445532608333423],[-66.16606771945953,18.44550207540864],[-66.16725325584412,18.445451187188638],[-66.1675214767456,18.445461364833847],[-66.17384076118469,18.445379943655283],[-66.17428600788116,18.445420654249375],[-66.17488145828247,18.445532608333423]],[[-66.16311728954315,18.43759895424256],[-66.16311728954315,18.43761422140784],[-66.16313874721527,18.43764475573434],[-66.16317629814148,18.437660022895543],[-66.16321384906769,18.437660022895543],[-66.16324603557587,18.437639666680298],[-66.16326749324799,18.43759895424256]],[[-66.17281079292297,18.43759895424256],[-66.172816157341,18.43857096105984],[-66.17280006408691,18.43923253323615],[-66.17282152175903,18.43951751738875],[-66.17282152175903,18.440291043420572],[-66.1729234457016,18.440438623649513],[-66.17409825325012,18.4407286947646],[-66.17470443248749,18.44088645253389],[-66.17501020431519,18.441028943297795],[-66.17632448673248,18.441960219309124]]]},"properties":{"class":"tertiary","id":"14/5180/7337/34","source":"OpenFreeMap / OpenStreetMap","exposureHigh":false,"exposureModerate":true,"zoneLabels":"X"},"id":222368270},{"type":"Feature","geometry":{"type":"LineString","coordinates":[[-66.16324603557587,18.437639666680298],[-66.16362154483795,18.43759895424256]]},"properties":{"surface":"paved","class":"tertiary","oneway":1,"id":"14/5180/7337/35","source":"OpenFreeMap / OpenStreetMap","exposureHigh":false,"exposureModerate":true,"zoneLabels":"X"},"id":604491772},{"type":"Feature","geometry":{"type":"MultiLineString","coordinates":[[[-66.14587604999542,18.46030990681153],[-66.14575803279877,18.460253934595826],[-66.14549517631531,18.46009110622822],[-66.14537179470062,18.460055487502217],[-66.14529132843018,18.459999515203563]],[[-66.14431500434875,18.461892386447005],[-66.14437937736511,18.461958534795727],[-66.1444491147995,18.46196871146249],[-66.14455103874207,18.462065389766735],[-66.14456176757812,18.462121361391638]],[[-66.14437937736511,18.461958534795727],[-66.14437401294708,18.462024683118955],[-66.14449203014374,18.462126449720287],[-66.14456176757812,18.462121361391638],[-66.14465296268463,18.46218750965211],[-66.14458858966827,18.462274011185016]],[[-66.14181518554688,18.461637969483547],[-66.14180445671082,18.46132758027737],[-66.14184737205505,18.460635562977117]],[[-66.14258766174316,18.46114439949885],[-66.14212095737457,18.461470054081047],[-66.14152550697327,18.4618007963836],[-66.14121437072754,18.461928004791787],[-66.14047408103943,18.462080654757145],[-66.14006102085114,18.462202774631677]],[[-66.14112854003906,18.458864800122214],[-66.14100515842438,18.458829181141738],[-66.14096760749817,18.458778296871074],[-66.14087641239166,18.458768120015122]],[[-66.14070475101471,18.459424525987757],[-66.14096224308014,18.4584424603064]],[[-66.14109098911285,18.459449968029176],[-66.13918662071228,18.459332934607374],[-66.13898813724518,18.45918028219816],[-66.1388647556305,18.45895639175238],[-66.13884329795837,18.4584424603064]],[[-66.14059209823608,18.460564325743704],[-66.14060819149017,18.46022849267358],[-66.14018440246582,18.460208139133044]],[[-66.14060819149017,18.460564325743704],[-66.140576004982,18.46139881719398]],[[-66.13885402679443,18.458773208443176],[-66.13868772983551,18.4587884737264]],[[-66.14013075828552,18.461602351078568],[-66.14059209823608,18.461597262734387],[-66.14100515842438,18.46142425894277],[-66.1410641670227,18.461297050161207],[-66.1410266160965,18.460589767616185],[-66.14109098911285,18.459449968029176],[-66.14112854003906,18.458864800122214],[-66.14119827747345,18.458808827435277],[-66.14116072654724,18.458727412585333],[-66.14100515842438,18.458742677872635],[-66.14096760749817,18.458778296871074]],[[-66.13970160484314,18.474958734455925],[-66.13954067230225,18.474892591119698],[-66.13938510417938,18.474724688690088],[-66.13925099372864,18.474663633220388],[-66.13909542560577,18.474638193434927],[-66.13891839981079,18.474628017519677],[-66.1387574672699,18.474556786096088],[-66.13860726356506,18.474460114831032],[-66.13833367824554,18.4742057165047],[-66.13819420337677,18.474088693147863],[-66.13808691501617,18.474022549476075],[-66.13797426223755,18.473910613973374],[-66.1379474401474,18.473869910136102],[-66.13792061805725,18.473808854362076],[-66.13790452480316,18.473630774897003],[-66.13789916038513,18.47342216728849],[-66.13786160945892,18.473305143397],[-66.13781332969666,18.473244087421904],[-66.13763630390167,18.47311688740399],[-66.1373519897461,18.473020215327296]],[[-66.1373519897461,18.471875410275644],[-66.13742709159851,18.471860146156658]],[[-66.1373519897461,18.47180417770879],[-66.13742172718048,18.471799089667172]],[[-66.13867163658142,18.4584424603064],[-66.13867700099945,18.458742677872635],[-66.1389023065567,18.46016743204477],[-66.13900423049927,18.460711888551558],[-66.13912224769592,18.461007013786656],[-66.13921344280243,18.461078250836337],[-66.14002883434296,18.461124046066956],[-66.14013612270355,18.460996837062865],[-66.1401629447937,18.460543972243002],[-66.14184737205505,18.460635562977117],[-66.14271640777588,18.460732242032336],[-66.14290416240692,18.46066100483904],[-66.14294171333313,18.460467646593898],[-66.14297926425934,18.459785802622605],[-66.14307045936584,18.458966568597162],[-66.14310801029205,18.4584424603064]],[[-66.13846778869629,18.4584424603064],[-66.1385428905487,18.45889024224661]],[[-66.14022195339203,18.4584424603064],[-66.14017367362976,18.459399083942543]]]},"properties":{"class":"service","id":"14/5181/7336/1","source":"OpenFreeMap / OpenStreetMap","exposureHigh":true,"exposureModerate":false,"zoneLabels":"AE, VE, X"},"id":221340350},{"type":"Feature","geometry":{"type":"MultiLineString","coordinates":[[[-66.1463588476181,18.459755272232172],[-66.1463052034378,18.459709476636334],[-66.14585995674133,18.459449968029176],[-66.14549517631531,18.459226077935185],[-66.14532887935638,18.4591395748661],[-66.14491045475006,18.45888006539731]],[[-66.14263594150543,18.462625105194476],[-66.14258229732513,18.462655635074398],[-66.1423248052597,18.46286425577516]],[[-66.14307045936584,18.458966568597162],[-66.14395558834076,18.459012364391214],[-66.14413261413574,18.458976745441333],[-66.1441433429718,18.458910595943408],[-66.1442506313324,18.45864599769675],[-66.14436328411102,18.4584424603064]],[[-66.14204049110413,18.459755272232172],[-66.14297926425934,18.459785802622605]],[[-66.14404141902924,18.4584424603064],[-66.14402532577515,18.458635820832967]]]},"properties":{"class":"minor","id":"14/5181/7336/5","source":"OpenFreeMap / OpenStreetMap","exposureHigh":true,"exposureModerate":false,"zoneLabels":"AE, X"},"id":221338150},{"type":"Feature","geometry":{"type":"MultiLineString","coordinates":[[[-66.15686237812042,18.436112943664938],[-66.15523159503937,18.436184191040667]],[[-66.15651905536652,18.437268165328433],[-66.15517795085907,18.43731905597204]],[[-66.15513503551483,18.438250352088986],[-66.15513503551483,18.438174016531576],[-66.15528523921967,18.435084942527894],[-66.15530133247375,18.435054407746634],[-66.155344247818,18.435044229485],[-66.15672290325165,18.435130744689616],[-66.15674436092377,18.43517654683913],[-66.15687310695648,18.43575161723335],[-66.15686237812042,18.436112943664938],[-66.15679800510406,18.436652387346413],[-66.15666389465332,18.437039157245707],[-66.15651905536652,18.437268165328433],[-66.15630984306335,18.437654933841955],[-66.15637421607971,18.438250352088986]],[[-66.15379929542542,18.438123126141136],[-66.15513503551483,18.438174016531576]],[[-66.14670753479004,18.41835615923884],[-66.14645004272461,18.41887530018934]],[[-66.14542543888092,18.417867554560388],[-66.14519476890564,18.418376517736988]],[[-66.14465832710266,18.41757235522809],[-66.14699184894562,18.418468130948895]],[[-66.14070475101471,18.421150340585896],[-66.14036679267883,18.421801800751126],[-66.1403614282608,18.42190868069889],[-66.14037215709686,18.422005381546796],[-66.14039361476898,18.422081724283046],[-66.14037215709686,18.422127529908536],[-66.14035606384277,18.422142798447666],[-66.14018440246582,18.422173335521848],[-66.13846242427826,18.422173335521848],[-66.13843023777008,18.422163156497703],[-66.13830149173737,18.422086813797605]],[[-66.14550590515137,18.43224009545213],[-66.14539861679077,18.432265541520138],[-66.14423453807831,18.43274901609695],[-66.14416480064392,18.43274901609695],[-66.14403069019318,18.432703213300613],[-66.14397704601288,18.432713391700858],[-66.14369809627533,18.432820264867004]],[[-66.1452966928482,18.43230625522115],[-66.14517867565155,18.432011080670435],[-66.14481389522552,18.432148489576065]],[[-66.14400923252106,18.432514912787454],[-66.14363372325897,18.432642142886507]],[[-66.14397704601288,18.432713391700858],[-66.14391267299652,18.432555626429405]],[[-66.14423990249634,18.433349540520055],[-66.14429354667664,18.433517483415557]],[[-66.14436864852905,18.433492037532844],[-66.14403069019318,18.43360908856212]],[[-66.14458858966827,18.433064546140145],[-66.14442765712738,18.43266758889503]],[[-66.14526450634003,18.43320195420374],[-66.14559173583984,18.433084902897235],[-66.14560782909393,18.433064546140145],[-66.14547908306122,18.432769372891414],[-66.14543616771698,18.4327541052958],[-66.14458858966827,18.433064546140145],[-66.14441692829132,18.4331408839668],[-66.14436864852905,18.433181597460504],[-66.14429354667664,18.433308827066142],[-66.14423990249634,18.433349540520055],[-66.14395022392273,18.43345132411268]],[[-66.14428281784058,18.437023890029337],[-66.14413797855377,18.437125671446154],[-66.14408433437347,18.437191829334765]],[[-66.14703476428986,18.416752919944628],[-66.14699184894562,18.418468130948895],[-66.14699184894562,18.419211214087312],[-66.1471152305603,18.419445335507135],[-66.14729762077332,18.419577664864363],[-66.14759802818298,18.419628560743874],[-66.14867091178894,18.41947587306015]]]},"properties":{"surface":"paved","class":"service","id":"14/5181/7338/5","source":"OpenFreeMap / OpenStreetMap","exposureHigh":false,"exposureModerate":true,"zoneLabels":"X"},"id":221216140},{"type":"Feature","geometry":{"type":"MultiLineString","coordinates":[[[-66.1527156829834,18.432820264867004],[-66.15277469158173,18.433349540520055]],[[-66.15152478218079,18.433522572591656],[-66.15146040916443,18.432942405546953]],[[-66.15346670150757,18.432972940703394],[-66.15273714065552,18.433044189380638]],[[-66.15301072597504,18.432514912787454],[-66.1522114276886,18.432606518468276]],[[-66.15282833576202,18.43169554869371],[-66.15294635295868,18.431609031760203],[-66.15372955799103,18.431268052833687]],[[-66.15151941776276,18.432662499693635],[-66.15052163600922,18.43275919449448]],[[-66.15130484104156,18.432031437552254],[-66.15103125572205,18.431715905612904]],[[-66.14920735359192,18.43182277939917],[-66.14890694618225,18.43193474234208],[-66.14884793758392,18.43204670521206],[-66.1490947008133,18.432616696874234]],[[-66.1495989561081,18.431675191772086],[-66.14991545677185,18.432423307057817]],[[-66.14981889724731,18.43158867482836],[-66.1501407623291,18.432296076796803]],[[-66.15112245082855,18.428153408055792],[-66.15017294883728,18.42853001842947]],[[-66.15380465984344,18.429644576729544],[-66.15480244159698,18.429502076527754]],[[-66.15355253219604,18.42943591567966],[-66.15321457386017,18.429502076527754],[-66.15337550640106,18.430117880123575]],[[-66.1529678106308,18.42831117736678],[-66.15325212478638,18.42773099273633],[-66.15353643894196,18.427440899687028],[-66.15437865257263,18.42692687395926],[-66.1545342206955,18.42785313703172],[-66.15453958511353,18.427980370580514],[-66.15480244159698,18.429502076527754],[-66.15495800971985,18.430428325728244]],[[-66.1533111333847,18.428250105392593],[-66.15355253219604,18.42943591567966],[-66.15380465984344,18.429644576729544],[-66.15389049053192,18.43002118383714]],[[-66.15325212478638,18.42773099273633],[-66.15316092967987,18.427456167754457],[-66.15314483642578,18.427334023177067],[-66.15298926830292,18.427084644395563],[-66.15289807319641,18.427064286928044],[-66.15097761154175,18.42783277965519]],[[-66.15453958511353,18.427980370580514],[-66.15449666976929,18.428061800002325],[-66.15443229675293,18.42810251469878],[-66.1530750989914,18.428280641382386],[-66.15285515785217,18.428341713345716],[-66.1498510837555,18.42956314805727]],[[-66.15970015525818,18.42406662353298],[-66.1600112915039,18.424025907881045]],[[-66.1600112915039,18.42329811397667],[-66.1594158411026,18.423389724567627]],[[-66.15238845348358,18.426117662026996],[-66.15056455135345,18.426886158984473],[-66.15097761154175,18.42783277965519],[-66.15172326564789,18.429491897937396],[-66.15249574184418,18.42936466550705],[-66.15227580070496,18.428580911659935]],[[-66.15076839923859,18.427359469971194],[-66.14967942237854,18.42780224358586]],[[-66.14766776561737,18.42710500186068],[-66.14759266376495,18.427298397659],[-66.1475819349289,18.427359469971194],[-66.14763557910919,18.427613937705146],[-66.14775359630585,18.427985459920507],[-66.14793062210083,18.42836207066202],[-66.14799499511719,18.42842314259643],[-66.14804327487946,18.4284536785555],[-66.1482310295105,18.428474035858528],[-66.14827930927277,18.428519839781558]],[[-66.14628374576569,18.42329811397667],[-66.14636957645416,18.423119982132377],[-66.14647686481476,18.423130161099877]],[[-66.1463588476181,18.42329811397667],[-66.14655196666718,18.423028371397763]],[[-66.14643931388855,18.423328650845733],[-66.14666998386383,18.423084355741366]],[[-66.14617109298706,18.42298765550005],[-66.14621937274933,18.42329811397667],[-66.1463588476181,18.42329811397667],[-66.14643931388855,18.423328650845733],[-66.14648222923279,18.42336936666274],[-66.14672899246216,18.423109803164266]],[[-66.14612281322479,18.422290394255953],[-66.14613354206085,18.422081724283046],[-66.14612281322479,18.421923949257433],[-66.14608526229858,18.421771263610992],[-66.1460691690445,18.42174072646543],[-66.14351034164429,18.421608398772065],[-66.14340841770172,18.421613488300608],[-66.14332258701324,18.421638935941104],[-66.14320993423462,18.42173563694064]],[[-66.14793062210083,18.418544475254876],[-66.14793598651886,18.418325621487085]],[[-66.14834904670715,18.418544475254876],[-66.14771068096161,18.418544475254876]],[[-66.1476194858551,18.417384038148057],[-66.14721715450287,18.41737385884055]],[[-66.14741027355194,18.417378948494388],[-66.14739418029785,18.41820347042588],[-66.14759266376495,18.41820856005515],[-66.14772140979767,18.418213649684276]],[[-66.14760875701904,18.417745403173953],[-66.14721715450287,18.41774031353097]],[[-66.14759266376495,18.41820856005515],[-66.1476194858551,18.417384038148057],[-66.14763557910919,18.416915789380027],[-66.1477643251419,18.416920879047396],[-66.14839196205139,18.416925968714622]],[[-66.1470240354538,18.417124465618826],[-66.14712595939636,18.417149913923325],[-66.14717423915863,18.41718554154329],[-66.14720106124878,18.417226258814225],[-66.14721715450287,18.41737385884055],[-66.14721715450287,18.417969347316145],[-66.14739418029785,18.418055871111193]],[[-66.14699721336365,18.418386696985166],[-66.14545226097107,18.417791209954018],[-66.14518940448761,18.417674148158497],[-66.14528596401215,18.417460382935076]],[[-66.1453503370285,18.417745403173953],[-66.1454576253891,18.417526548389745]],[[-66.1413162946701,18.41975071079331],[-66.14129483699799,18.419791427457184],[-66.141117811203,18.42100274379942],[-66.14143431186676,18.42104346016697]],[[-66.14221751689911,18.4197659795434],[-66.141836643219,18.41960820239389],[-66.14174008369446,18.419542037739745],[-66.14170253276825,18.41950132101684],[-66.14166498184204,18.41947587306015],[-66.14062428474426,18.419150138881918]],[[-66.14202976226807,18.42005608553744],[-66.1415147781372,18.41980669620365],[-66.1413162946701,18.41975071079331],[-66.13965332508087,18.419562396097575],[-66.13934755325317,18.419542037739745],[-66.13918662071228,18.419562396097575],[-66.1391007900238,18.419598023217972],[-66.1390095949173,18.41967436702258],[-66.13892912864685,18.41978633787471],[-66.13888621330261,18.419898308653984],[-66.13883256912231,18.420391997129897],[-66.13884329795837,18.420458161457148]],[[-66.13915979862213,18.419150138881918],[-66.13902568817139,18.419099242860867],[-66.13768994808197,18.419033078010983],[-66.1375880241394,18.418569923349338],[-66.13760948181152,18.418519027156634],[-66.13763093948364,18.4184884894338],[-66.13775432109833,18.418447772461576],[-66.13948702812195,18.41851393753656]],[[-66.13875210285187,18.41947587306015],[-66.13864481449127,18.41983214411141]],[[-66.13900423049927,18.419440245914444],[-66.13891839981079,18.419465693876404],[-66.1387038230896,18.419486052243286],[-66.13837659358978,18.419455514692075],[-66.13832831382751,18.419435156321597],[-66.13827466964722,18.41936899160089],[-66.13824784755707,18.419353722815586],[-66.13819420337677,18.41934354362462],[-66.13779187202454,18.41930282685476],[-66.1376953125,18.419358812410835],[-66.13759875297546,18.41999501063198],[-66.13855361938477,18.420173145712297],[-66.13861799240112,18.420198593565857]],[[-66.13831222057343,18.42107399743628],[-66.14028632640839,18.421063818347108],[-66.14045262336731,18.42107908698064],[-66.14088177680969,18.42120632554075],[-66.14126265048981,18.421359011688637]],[[-66.14070475101471,18.42544077113388],[-66.14076912403107,18.425313535706138],[-66.14021122455597,18.425048885714915],[-66.14013612270355,18.425176121338467]],[[-66.13941192626953,18.42630596954615],[-66.14002883434296,18.425125227100338],[-66.14070475101471,18.42544077113388],[-66.1409729719162,18.42558836411213]],[[-66.13884329795837,18.42663169017355],[-66.13876283168793,18.4265858857476]],[[-66.13845705986023,18.426733477743113],[-66.13811373710632,18.42739000611914],[-66.13808691501617,18.427420542261686],[-66.138054728508,18.42742563161825],[-66.13792061805725,18.427369648687787],[-66.13787233829498,18.427486703885236],[-66.13758265972137,18.428056710664592]],[[-66.13782405853271,18.42757831224506],[-66.13792598247528,18.42765465250764],[-66.13794207572937,18.42773608208371],[-66.13783478736877,18.42795492387829]],[[-66.13804399967194,18.42757322289303],[-66.13787233829498,18.427486703885236]],[[-66.13820493221283,18.42765465250764],[-66.13816201686859,18.427629205757214]],[[-66.1430436372757,18.429507165822713],[-66.1415147781372,18.42956823735041]],[[-66.14857971668243,18.428229748063046],[-66.14804327487946,18.4284536785555]],[[-66.1392992734909,18.437507351222393],[-66.1390632390976,18.437512440280344],[-66.13900423049927,18.437522618395818]],[[-66.14815592765808,18.416920879047396],[-66.14815056324005,18.41706338967269],[-66.14812910556793,18.417088837986228],[-66.1477643251419,18.417088837986228],[-66.1477643251419,18.416920879047396]],[[-66.14839732646942,18.416752919944628],[-66.14837050437927,18.418111857073043],[-66.14834904670715,18.41866153645826],[-66.148322224617,18.418742970291888],[-66.1482846736908,18.41879895603016],[-66.14819347858429,18.418814224864704],[-66.14785015583038,18.41879895603016],[-66.14780187606812,18.41878877680638],[-66.1477643251419,18.41876332874429],[-66.14773213863373,18.41871752222302],[-66.14771068096161,18.418646267610157],[-66.14774286746979,18.41737385884055],[-66.14775896072388,18.41727715538933],[-66.14779651165009,18.41722116915588],[-66.14786088466644,18.41720081052101],[-66.14793062210083,18.417190631202686],[-66.14838659763336,18.417205900179965]]]},"properties":{"class":"service","id":"14/5181/7338/6","source":"OpenFreeMap / OpenStreetMap","exposureHigh":true,"exposureModerate":true,"zoneLabels":"AE, X"},"id":221336830},{"type":"Feature","geometry":{"type":"MultiLineString","coordinates":[[[-66.15324676036835,18.43441317608709],[-66.15314483642578,18.433522572591656],[-66.15308582782745,18.433512394239315],[-66.152822971344,18.43354292929449],[-66.15279614925385,18.433583642692966],[-66.15287125110626,18.43419434251294],[-66.1532199382782,18.4341790750439],[-66.15354180335999,18.43414345094415],[-66.15353107452393,18.43360908856212]],[[-66.149041056633,18.41972017328908],[-66.1501407623291,18.419664187850586]],[[-66.149041056633,18.41991866696965],[-66.15015149116516,18.41986777117596]],[[-66.15007638931274,18.419872860756016],[-66.15011930465698,18.420417444951084]],[[-66.13852143287659,18.423415171945337],[-66.13853752613068,18.423394814043462]],[[-66.13936364650726,18.42359839295375],[-66.13931000232697,18.423766345373352]],[[-66.1383605003357,18.426402667921792],[-66.13951921463013,18.424229486044368]],[[-66.13876283168793,18.4265858857476],[-66.13811373710632,18.426285611986444],[-66.1373519897461,18.42591917549983]],[[-66.1373519897461,18.425618900574577],[-66.13844096660614,18.423537319305964]],[[-66.1373519897461,18.425089601124697],[-66.13770067691803,18.424427974521606],[-66.13812983036041,18.423649287643684],[-66.13833367824554,18.423745987513044]],[[-66.1373519897461,18.423404992994705],[-66.13743245601654,18.42334900875545],[-66.13751292228699,18.423308292933626],[-66.13758265972137,18.42329811397667],[-66.13765776157379,18.42329811397667],[-66.13821566104889,18.42353222983435],[-66.13829612731934,18.423389724567627],[-66.13807082176208,18.4232828455401]],[[-66.13749146461487,18.42331847189],[-66.1373519897461,18.42325739814281]],[[-66.15536034107208,18.416752919944628],[-66.15572512149811,18.417999885131124],[-66.1558485031128,18.418524116776595],[-66.1559396982193,18.418834583308666],[-66.15600943565369,18.41917558688681],[-66.15652441978455,18.42101801243838],[-66.15654051303864,18.42111471378695],[-66.15654051303864,18.421262310477374],[-66.15650832653046,18.421420086109833],[-66.15646004676819,18.421506608169437],[-66.15637421607971,18.421603309243352]]]},"properties":{"class":"service","access":"no","id":"14/5181/7338/7","source":"OpenFreeMap / OpenStreetMap","exposureHigh":false,"exposureModerate":true,"zoneLabels":"X"},"id":221339720},{"type":"Feature","geometry":{"type":"MultiLineString","coordinates":[[[-66.1600112915039,18.424712983216523],[-66.15994155406952,18.424718072653206]],[[-66.1600112915039,18.42453994227951],[-66.15988254547119,18.424555210604495]],[[-66.1598289012909,18.424402527293736],[-66.1600112915039,18.4243770800621]],[[-66.1600112915039,18.424214217690476],[-66.15976989269257,18.424244754396895]],[[-66.1600112915039,18.423751076978334],[-66.15994691848755,18.423308292933626]],[[-66.15970551967621,18.423908850328033],[-66.15960359573364,18.42335918770941]],[[-66.15964114665985,18.42391902924885],[-66.1600112915039,18.4238630451769]],[[-66.15976452827454,18.4233337403234],[-66.15987181663513,18.423883403023353]],[[-66.15918517112732,18.421934128295703],[-66.15941047668457,18.423364277186153],[-66.15970015525818,18.42406662353298],[-66.1598289012909,18.424402527293736],[-66.1599737405777,18.42480968248786],[-66.1600112915039,18.424845308521483]],[[-66.1600112915039,18.421822158841522],[-66.15918517112732,18.421934128295703],[-66.15902423858643,18.421964665406932],[-66.15917980670929,18.423013102937247],[-66.15928709506989,18.423216682299312],[-66.15941047668457,18.423364277186153]],[[-66.14759266376495,18.427400184833928],[-66.14739418029785,18.42742563161825]],[[-66.14761412143707,18.42724241468713],[-66.14734590053558,18.427293308298673],[-66.14722788333893,18.42735438061267]],[[-66.1429363489151,18.429512255117515],[-66.14290416240692,18.42877939511486],[-66.14307582378387,18.42877939511486],[-66.14310264587402,18.42947663005073]],[[-66.1413323879242,18.43007716590435],[-66.14138603210449,18.42984814824149],[-66.1415147781372,18.42956823735041],[-66.14177227020264,18.429064396598164]],[[-66.1476194858551,18.427532508071252],[-66.14740490913391,18.42755795483599]],[[-66.14766240119934,18.427695367300487],[-66.14751756191254,18.427756439471693]]]},"properties":{"class":"service","service":"parking_aisle","id":"14/5181/7338/14","source":"OpenFreeMap / OpenStreetMap","exposureHigh":false,"exposureModerate":true,"zoneLabels":"X"},"id":4301187710},{"type":"Feature","geometry":{"type":"LineString","coordinates":[[-66.13844096660614,18.423537319305964],[-66.13843023777008,18.423496603528733],[-66.13846242427826,18.423440619319294],[-66.13848388195038,18.423415171945337],[-66.13852143287659,18.423415171945337]]},"properties":{"access":"no","class":"service","oneway":1,"id":"14/5181/7338/16","source":"OpenFreeMap / OpenStreetMap","exposureHigh":false,"exposureModerate":false,"zoneLabels":"X"},"id":14121303702},{"type":"Feature","geometry":{"type":"LineString","coordinates":[[-66.13853752613068,18.423394814043462],[-66.1386126279831,18.42325739814281],[-66.13918125629425,18.423542408777436],[-66.13932609558105,18.42357803507356],[-66.13968014717102,18.423771434838045],[-66.13973915576935,18.423857955714908],[-66.13972306251526,18.423939387088666],[-66.13950312137604,18.4238630451769],[-66.13853752613068,18.423394814043462]]},"properties":{"access":"no","class":"service","oneway":1,"id":"14/5181/7338/17","source":"OpenFreeMap / OpenStreetMap","exposureHigh":false,"exposureModerate":false,"zoneLabels":"X"},"id":14121303712},{"type":"Feature","geometry":{"type":"LineString","coordinates":[[-66.13972306251526,18.423939387088666],[-66.1397123336792,18.424107339175293],[-66.13946557044983,18.42399537113576],[-66.13950312137604,18.4238630451769]]},"properties":{"access":"no","class":"service","oneway":1,"id":"14/5181/7338/18","source":"OpenFreeMap / OpenStreetMap","exposureHigh":false,"exposureModerate":false,"zoneLabels":"X"},"id":14121303722},{"type":"Feature","geometry":{"type":"LineString","coordinates":[[-66.13852143287659,18.423415171945337],[-66.13853216171265,18.423445708793622],[-66.13848388195038,18.423527140362566],[-66.13844096660614,18.423537319305964]]},"properties":{"access":"no","class":"service","oneway":1,"id":"14/5181/7338/19","source":"OpenFreeMap / OpenStreetMap","exposureHigh":false,"exposureModerate":false,"zoneLabels":"X"},"id":14121303752},{"type":"Feature","geometry":{"type":"LineString","coordinates":[[-66.1430436372757,18.429507165822713],[-66.14311873912811,18.429552969470535],[-66.14320993423462,18.429547880176926],[-66.14327430725098,18.429512255117515]]},"properties":{"class":"service","oneway":1,"id":"14/5181/7338/20","source":"OpenFreeMap / OpenStreetMap","exposureHigh":false,"exposureModerate":true,"zoneLabels":"X"},"id":14121406302},{"type":"Feature","geometry":{"type":"LineString","coordinates":[[-66.14327430725098,18.429512255117515],[-66.14320456981659,18.429471540754875],[-66.14310264587402,18.42947663005073],[-66.1430436372757,18.429507165822713]]},"properties":{"class":"service","oneway":1,"id":"14/5181/7338/21","source":"OpenFreeMap / OpenStreetMap","exposureHigh":false,"exposureModerate":true,"zoneLabels":"X"},"id":14121406312},{"type":"Feature","geometry":{"type":"LineString","coordinates":[[-66.13975524902344,18.42564943703161],[-66.1396050453186,18.42557818529012],[-66.13953530788422,18.425522201758227],[-66.13947629928589,18.42542550288752]]},"properties":{"class":"service","oneway":1,"id":"14/5181/7338/22","source":"OpenFreeMap / OpenStreetMap","exposureHigh":false,"exposureModerate":true,"zoneLabels":"X"},"id":14311531642},{"type":"Feature","geometry":{"type":"LineString","coordinates":[[-66.13940119743347,18.425562917055956],[-66.13945484161377,18.4256290793942],[-66.13970160484314,18.4257614039943]]},"properties":{"class":"service","oneway":1,"id":"14/5181/7338/23","source":"OpenFreeMap / OpenStreetMap","exposureHigh":false,"exposureModerate":true,"zoneLabels":"X"},"id":14311531672},{"type":"Feature","geometry":{"type":"LineString","coordinates":[[-66.13816201686859,18.427629205757214],[-66.13815128803253,18.42760375900302],[-66.13806009292603,18.42756304418849],[-66.13804399967194,18.42757322289303]]},"properties":{"class":"service","oneway":1,"id":"14/5181/7338/24","source":"OpenFreeMap / OpenStreetMap","exposureHigh":false,"exposureModerate":true,"zoneLabels":"X"},"id":14761312582},{"type":"Feature","geometry":{"type":"LineString","coordinates":[[-66.13804399967194,18.42757322289303],[-66.13804399967194,18.427593580300297],[-66.13812983036041,18.427639384457848],[-66.13816201686859,18.427629205757214]]},"properties":{"class":"service","oneway":1,"id":"14/5181/7338/25","source":"OpenFreeMap / OpenStreetMap","exposureHigh":false,"exposureModerate":true,"zoneLabels":"X"},"id":14761312602},{"type":"Feature","geometry":{"type":"MultiLineString","coordinates":[[[-66.15658342838287,18.434199431669],[-66.15636885166168,18.434199431669],[-66.15409970283508,18.43419434251294]],[[-66.15630447864532,18.433161240714853],[-66.15630984306335,18.433354629701128],[-66.15636885166168,18.434199431669]],[[-66.15432500839233,18.43419434251294],[-66.15433037281036,18.433349540520055]],[[-66.15453958511353,18.436260527481878],[-66.15409970283508,18.436235082005254]],[[-66.1538314819336,18.437843228724304],[-66.15213632583618,18.43803152340034],[-66.15032851696014,18.438250352088986]],[[-66.15312337875366,18.437919564428654],[-66.15298926830292,18.43674399082228],[-66.15294098854065,18.436540427476288],[-66.15278005599976,18.436504803865944],[-66.15090787410736,18.43672872357969],[-66.15082740783691,18.43678470346255],[-66.15084886550903,18.436993355592534],[-66.1510044336319,18.43816892749321]],[[-66.15403532981873,18.436652387346413],[-66.15298926830292,18.43674399082228]],[[-66.15021586418152,18.438250352088986],[-66.15015149116516,18.438219817870092],[-66.15012466907501,18.438082413817938],[-66.15000665187836,18.437110404237472],[-66.1500334739685,18.437069691674367],[-66.15084886550903,18.436993355592534]],[[-66.15029096603394,18.435568409175005],[-66.15036070346832,18.435853399403612],[-66.15022122859955,18.43592973599175]],[[-66.15051627159119,18.435507339778837],[-66.1506450176239,18.436092587266444],[-66.15087032318115,18.4360824090663],[-66.15146040916443,18.435945003305306],[-66.15227580070496,18.435736349902612],[-66.15264058113098,18.43570072612563],[-66.1540675163269,18.435624389435773]],[[-66.150843501091,18.435425913883506],[-66.15103125572205,18.43577706278157]],[[-66.14948630332947,18.43514092294612],[-66.14940047264099,18.43490682289405],[-66.14938974380493,18.43483048585162]],[[-66.15394949913025,18.434331749673447],[-66.15097761154175,18.4346574550966],[-66.14948630332947,18.43514092294612],[-66.14739954471588,18.435843221189288],[-66.14693820476532,18.43595518151359],[-66.1442506313324,18.436301240236673],[-66.14395558834076,18.436357220258756],[-66.14200294017792,18.436606585590184]],[[-66.15387976169586,18.43379229870881],[-66.15634202957153,18.433797387876766]],[[-66.15308582782745,18.433512394239315],[-66.15312337875366,18.43344623493448],[-66.15310728549957,18.433390253964347],[-66.15310728549957,18.433324094612487],[-66.15296244621277,18.433324094612487],[-66.15151405334473,18.433522572591656],[-66.1511492729187,18.433537840119],[-66.15063965320587,18.433588731867104]],[[-66.1538153886795,18.43336480806279],[-66.15400850772858,18.433349540520055],[-66.15630984306335,18.433354629701128]],[[-66.15313947200775,18.43200090222861],[-66.15512430667877,18.43161412099279]],[[-66.15200221538544,18.43113573247112],[-66.15141749382019,18.431939831565003],[-66.15121364593506,18.432102686619714],[-66.15090250968933,18.43222991702386],[-66.14897668361664,18.432972940703394],[-66.14791452884674,18.430474129130644],[-66.1478716135025,18.43039779011984],[-66.14780187606812,18.43027055835985],[-66.1468255519867,18.428097425362267],[-66.14678800106049,18.427995638600052],[-66.1467719078064,18.427725903388804]],[[-66.15214169025421,18.431924563895734],[-66.1522114276886,18.432606518468276],[-66.15225434303284,18.433196865018147],[-66.15230798721313,18.433807566212224],[-66.15227043628693,18.434000954471372],[-66.15233480930328,18.434509869903195]],[[-66.15186274051666,18.432209560165532],[-66.15194857120514,18.432886424412757],[-66.15225434303284,18.433196865018147]],[[-66.15097761154175,18.43255053722467],[-66.15110099315643,18.433466591646365],[-66.1511492729187,18.433537840119]],[[-66.15091860294342,18.432280809159153],[-66.15090250968933,18.43222991702386]],[[-66.150843501091,18.431196803420335],[-66.14920735359192,18.43182277939917]],[[-66.1498510837555,18.42956314805727],[-66.14897131919861,18.429924487496336],[-66.1478716135025,18.43039779011984],[-66.14735126495361,18.43061153926469],[-66.14571511745453,18.431247695861458],[-66.14559173583984,18.43129349904558],[-66.14515721797943,18.43140546233319],[-66.1432957649231,18.432102686619714],[-66.14258229732513,18.432352058123243],[-66.14204049110413,18.43252509119884],[-66.14091396331787,18.43283553245675]],[[-66.15497946739197,18.430896537711092],[-66.15512430667877,18.43161412099279],[-66.15530133247375,18.432433485474633]],[[-66.1600112915039,18.420580310917543],[-66.15967869758606,18.420626116942827]],[[-66.15954995155334,18.419811785785498],[-66.15930318832397,18.41936390200594],[-66.15927636623383,18.419216303686795],[-66.15842342376709,18.417699596381695]],[[-66.15886330604553,18.418478310191645],[-66.15857899188995,18.418615729909888]],[[-66.15912079811096,18.41895164431466],[-66.15893840789795,18.419038167615724]],[[-66.15978598594666,18.419002540379395],[-66.15963578224182,18.418732791064798]],[[-66.15974843502045,18.419022898801046],[-66.15996301174164,18.419414797948704]],[[-66.1595070362091,18.418503758295913],[-66.15920126438141,18.417948988769794]],[[-66.1600112915039,18.418020243671435],[-66.15980207920074,18.417648699931533]],[[-66.15967869758606,18.417424755372025],[-66.1595231294632,18.41714482426272]],[[-66.1592173576355,18.417297514015146],[-66.15891695022583,18.416752919944628],[-66.1588042974472,18.41680890633043]],[[-66.15907788276672,18.417725044601113],[-66.15892231464386,18.417450203632086]],[[-66.15853607654572,18.41727715538933],[-66.15825712680817,18.417414576066932]],[[-66.1579942703247,18.417918450945777],[-66.1600112915039,18.41689543070902]],[[-66.152463555336,18.42318105592834],[-66.14952385425568,18.42439234840154],[-66.14785015583038,18.42510995882597]],[[-66.1503553390503,18.42620927111612],[-66.15018367767334,18.42580720863984],[-66.14952385425568,18.42439234840154]],[[-66.148681640625,18.426911605844836],[-66.15015685558319,18.426285611986444],[-66.15134239196777,18.42580720863984],[-66.15371346473694,18.424799503619752]],[[-66.14861726760864,18.426764014002217],[-66.14772140979767,18.42709991249461],[-66.14766776561737,18.42710500186068],[-66.14762485027313,18.427094823128428],[-66.14695429801941,18.4258021192354],[-66.1464661359787,18.424789324751046],[-66.14611744880676,18.42411751808436],[-66.14602625370026,18.424071712988805],[-66.14497482776642,18.424041176251663],[-66.14402532577515,18.424041176251663],[-66.14230871200562,18.42411751808436]],[[-66.14450812339783,18.42721187851295],[-66.14418625831604,18.42721187851295]],[[-66.14500164985657,18.424534852837553],[-66.14491581916809,18.42299274498778]],[[-66.14708304405212,18.42285532876592],[-66.14708840847015,18.422982566012138]],[[-66.1464661359787,18.424789324751046],[-66.14748001098633,18.42439234840154]],[[-66.14707231521606,18.422285304747447],[-66.14707231521606,18.42240745291042]],[[-66.14301145076752,18.418335800738276],[-66.14280760288239,18.418315442235297],[-66.14180445671082,18.41784210636203],[-66.14139139652252,18.41770977566992],[-66.14096760749817,18.41765887922277],[-66.1373519897461,18.417546906986075]],[[-66.14280760288239,18.418315442235297],[-66.14280223846436,18.418554654493107],[-66.14278078079224,18.41884985214007],[-66.14277005195618,18.41892110666859],[-66.14274859428406,18.41897709234891],[-66.14190638065338,18.42023422055452],[-66.14155769348145,18.420814430474195],[-66.14126265048981,18.421359011688637],[-66.14104270935059,18.42179671122814],[-66.1409729719162,18.421867964536133],[-66.14090323448181,18.421893412138985]],[[-66.14287734031677,18.425277909769505],[-66.14243745803833,18.425293178028966]],[[-66.14118218421936,18.42735438061267],[-66.1414235830307,18.426886158984473],[-66.14158987998962,18.426621511413288],[-66.14175081253052,18.426590975128875],[-66.14181518554688,18.426621511413288],[-66.14185273647308,18.426921784587947],[-66.14179909229279,18.427008303879944],[-66.14169716835022,18.427018482617314],[-66.1414235830307,18.426886158984473]],[[-66.14109098911285,18.426356863434847],[-66.1408120393753,18.4262194499008]],[[-66.13980889320374,18.428769216481726],[-66.13995373249054,18.428504571808574],[-66.14109098911285,18.426356863434847],[-66.14121437072754,18.42620927111612],[-66.14141821861267,18.426092215049138],[-66.14234626293182,18.425903907295933],[-66.14290416240692,18.4258682814816]],[[-66.14204049110413,18.43252509119884],[-66.14200294017792,18.432397861013158],[-66.14184200763702,18.431975456121407],[-66.14175081253052,18.431751530215692],[-66.1416220664978,18.431609031760203],[-66.141477227211,18.431532693253317],[-66.14134848117828,18.43158867482836],[-66.1413162946701,18.43169554869371],[-66.14136457443237,18.43178206558366],[-66.14169716835022,18.431944920787814],[-66.14184200763702,18.431975456121407]],[[-66.14258229732513,18.432352058123243],[-66.14205658435822,18.430998322756025]],[[-66.14311337471008,18.432168846441627],[-66.14256083965302,18.43081510963175]],[[-66.14215314388275,18.43123751737444],[-66.14193856716156,18.43131385601238]],[[-66.14219605922699,18.43095251949326],[-66.14205658435822,18.430998322756025],[-66.14180445671082,18.431049215255896]],[[-66.14275932312012,18.430738770772336],[-66.14235162734985,18.430896537711092]],[[-66.14128410816193,18.429140736200992],[-66.13995373249054,18.428504571808574],[-66.13828003406525,18.427725903388804],[-66.13820493221283,18.42765465250764]],[[-66.14121437072754,18.429267968797035],[-66.14128410816193,18.429140736200992],[-66.14152550697327,18.428682698075704],[-66.14194929599762,18.427883673092026],[-66.1420351266861,18.42776661816478]],[[-66.14152550697327,18.428682698075704],[-66.14019513130188,18.428041442650496]],[[-66.1417669057846,18.428229748063046],[-66.14044189453125,18.427583401596962]],[[-66.14222288131714,18.42785822637549],[-66.1422711610794,18.427776796857273],[-66.14237844944,18.427537597424504],[-66.14241600036621,18.427339112536202],[-66.14234626293182,18.425903907295933]],[[-66.14297926425934,18.42812287204339],[-66.14297389984131,18.428479125183912]],[[-66.14358007907867,18.428117782707474],[-66.14335477352142,18.423628929769507],[-66.14332258701324,18.423567856132564],[-66.14271640777588,18.42357294560314],[-66.1426305770874,18.42360348242343],[-66.1425769329071,18.423679824450403],[-66.1425930261612,18.42410224972052]],[[-66.14355325698853,18.427583401596962],[-66.14310264587402,18.42760375900302],[-66.14299535751343,18.4275426867776],[-66.14290416240692,18.4258682814816],[-66.14287734031677,18.425277909769505],[-66.14286661148071,18.424656999403012],[-66.14292562007904,18.424621373330382],[-66.14340305328369,18.424601015571284]],[[-66.14370882511139,18.42846385720732],[-66.14308655261993,18.428484214509155],[-66.14297389984131,18.428479125183912],[-66.14283442497253,18.428458767881494],[-66.1424320936203,18.428316266696967],[-66.14235162734985,18.428341713345716],[-66.14207804203033,18.428860824158292]],[[-66.1433494091034,18.428784484431205],[-66.14348351955414,18.42877430579837],[-66.14347815513611,18.428474035858528]],[[-66.14436864852905,18.429430826382585],[-66.14423453807831,18.429451183569938],[-66.14327430725098,18.429512255117515]],[[-66.14706695079803,18.427990549260358],[-66.14358007907867,18.428117782707474],[-66.14285051822662,18.42812287204339],[-66.14222288131714,18.42785822637549],[-66.14068865776062,18.427115180592324]],[[-66.1485904455185,18.428397695959717],[-66.14813446998596,18.428580911659935]],[[-66.14835977554321,18.428489303834226],[-66.14970624446869,18.431634477921648]],[[-66.1472225189209,18.428977878340675],[-66.14688456058502,18.429064396598164],[-66.14539325237274,18.429115289670477],[-66.14488899707794,18.429115289670477],[-66.14485681056976,18.429054217981914],[-66.1448460817337,18.42865216215729],[-66.14491045475006,18.428601268947915],[-66.14670753479004,18.428535107753177],[-66.14698112010956,18.428448589229376]],[[-66.1459618806839,18.430184040709264],[-66.14597260951996,18.430428325728244],[-66.14598333835602,18.430463950597826],[-66.1460155248642,18.430494486194476],[-66.14604771137238,18.43049957546006],[-66.14610135555267,18.43048939692875],[-66.14612817764282,18.43045377206441],[-66.14614427089691,18.43040796865658],[-66.14613890647888,18.430178951434357]],[[-66.14735126495361,18.43061153926469],[-66.14719033241272,18.43026037981498],[-66.14702939987183,18.430143326505714],[-66.1459618806839,18.430184040709264],[-66.14557564258575,18.430189129984043],[-66.14531815052032,18.430265469087487]],[[-66.14815056324005,18.431878760879712],[-66.14705622196198,18.43230116600904],[-66.14697575569153,18.43225536309339],[-66.14663243293762,18.431476711660068]],[[-66.148322224617,18.432290987584395],[-66.14786088466644,18.432474199135868]],[[-66.14682018756866,18.43189911777722],[-66.14827930927277,18.431334212976793]],[[-66.14652514457703,18.432469109928732],[-66.14646077156067,18.43234187970161],[-66.14617645740509,18.43165483484806]],[[-66.14567756652832,18.43265741049207],[-66.14646077156067,18.43234187970161]],[[-66.14462077617645,18.431609031760203],[-66.14407360553741,18.430250201269516]],[[-66.14571511745453,18.431247695861458],[-66.14516258239746,18.429878683947493],[-66.14517331123352,18.42975654109094],[-66.14529132843018,18.42965984460129],[-66.14694893360138,18.42958859452149],[-66.14743709564209,18.429461362162712]],[[-66.14424526691437,18.430189129984043],[-66.14407360553741,18.430250201269516],[-66.14392876625061,18.430306183262147]],[[-66.14373028278351,18.43038252231362],[-66.14342987537384,18.430494486194476]],[[-66.143279671669,18.430550468107555],[-66.14297389984131,18.430667521139654]],[[-66.14361763000488,18.43198054534315],[-66.14306509494781,18.430626807050572]],[[-66.14412188529968,18.431797333265592],[-66.14356935024261,18.4304435935304]],[[-66.14351034164429,18.43263705368436],[-66.14303827285767,18.432794818881092],[-66.1423248052597,18.43303401099999]],[[-66.14453494548798,18.434474245872025],[-66.144357919693,18.434026400278753]],[[-66.14566683769226,18.433568375169685],[-66.14582777023315,18.433955152008608],[-66.14580631256104,18.43403148943976],[-66.14562392234802,18.434107826837035],[-66.14462614059448,18.434469156724106],[-66.14453494548798,18.434474245872025],[-66.14447593688965,18.434504780756356],[-66.14433646202087,18.434642187668672],[-66.14424526691437,18.43468290080679],[-66.14443838596344,18.435975537928357]],[[-66.14635348320007,18.433344451338854],[-66.14750146865845,18.43289151360753]],[[-66.14599406719208,18.43343605657762],[-66.14566683769226,18.433568375169685],[-66.14546298980713,18.433629445254724],[-66.14533960819244,18.433680336975698],[-66.144357919693,18.434026400278753],[-66.14408433437347,18.434128183470577],[-66.14392876625061,18.433665069460986],[-66.1432957649231,18.432102686619714]],[[-66.14768385887146,18.433319005430533],[-66.14658415317535,18.43374140702099],[-66.14650905132294,18.433700693659873],[-66.14600479602814,18.432530180404314],[-66.14573657512665,18.431863493205014],[-66.14576876163483,18.43180751171947],[-66.14774286746979,18.431049215255896],[-66.14781260490417,18.43109501849291],[-66.14868700504303,18.433125616404183],[-66.14822030067444,18.43331391624841],[-66.14786088466644,18.432474199135868],[-66.14776968955994,18.43225536309339]],[[-66.147780418396,18.433537840119],[-66.14734590053558,18.432535269609645],[-66.14727079868317,18.432489466756337],[-66.14617109298706,18.43291695957913]],[[-66.14816665649414,18.434667633381125],[-66.14832758903503,18.435110388174806],[-66.14837050437927,18.43514092294612],[-66.1484295129776,18.435156190329735],[-66.14938974380493,18.43483048585162],[-66.15041434764862,18.434469156724106],[-66.15043044090271,18.434387730336965],[-66.15031242370605,18.43404675692193],[-66.15023732185364,18.43399077614737],[-66.14816665649414,18.434667633381125],[-66.1479252576828,18.434743970495887]],[[-66.14698648452759,18.436509892953595],[-66.14702939987183,18.436555694735603],[-66.14714205265045,18.436769436223585],[-66.14719033241272,18.436901752249582],[-66.14718496799469,18.437059513532077],[-66.1471688747406,18.437105315167614],[-66.14713668823242,18.4371307605154],[-66.14690601825714,18.437186740267308]],[[-66.14693820476532,18.43595518151359],[-66.1468255519867,18.435461537717458],[-66.14666998386383,18.4351002099165],[-66.14642858505249,18.434469156724106],[-66.14599406719208,18.43343605657762],[-66.14515721797943,18.43140546233319],[-66.14436864852905,18.429430826382585],[-66.14427208900452,18.42892698522769],[-66.14397704601288,18.423002923962812]],[[-66.14811301231384,18.436153656454692],[-66.14817202091217,18.436316507517233],[-66.14822030067444,18.436494625690216]],[[-66.14849925041199,18.436423378443166],[-66.14844024181366,18.43606714176495]],[[-66.14794671535492,18.43619945833163],[-66.14805936813354,18.436550605649316]],[[-66.14742636680603,18.436357220258756],[-66.14742636680603,18.436387754808578],[-66.14757120609283,18.43695264300169],[-66.14759266376495,18.436983177445725],[-66.14765703678131,18.436993355592534],[-66.14772140979767,18.436983177445725],[-66.14780187606812,18.436983177445725],[-66.14794135093689,18.43695264300169]],[[-66.1480164527893,18.438250352088986],[-66.14780187606812,18.43732414503559]],[[-66.14636421203613,18.436713456335752],[-66.14641785621643,18.437161294927805],[-66.14640176296234,18.43726307626325],[-66.14639639854431,18.437405570031615]],[[-66.14599406719208,18.436708367254127],[-66.14603698253632,18.4374157481534]],[[-66.14459931850433,18.43783305062783],[-66.14452421665192,18.43788394110419],[-66.14448130130768,18.437889030150984],[-66.14441692829132,18.43788394110419],[-66.14437937736511,18.437873763010117],[-66.144357919693,18.437858495867886],[-66.14404678344727,18.43784831777232],[-66.14383220672607,18.437889030150984],[-66.14376246929169,18.437975543923613],[-66.14376246929169,18.438082413817938]],[[-66.14477097988129,18.436698189090464],[-66.14477634429932,18.43693737577763],[-66.14493727684021,18.437069691674367]],[[-66.14544689655304,18.436713456335752],[-66.14545226097107,18.43730887784453],[-66.14537179470062,18.43746663875332],[-66.14530742168427,18.437527707453313],[-66.14496409893036,18.43761422140784],[-66.14493191242218,18.437660022895543],[-66.14493727684021,18.437827961579373]],[[-66.14395558834076,18.436357220258756],[-66.14373564720154,18.43482030757673],[-66.14365518093109,18.434779594471166],[-66.14324748516083,18.43483048585162],[-66.14316701889038,18.434917001163825],[-66.14334404468536,18.436112943664938]],[[-66.1435478925705,18.43684577240485],[-66.14356398582458,18.43688648502102],[-66.1435854434967,18.437044246317527],[-66.1434942483902,18.437074780745277]],[[-66.1436927318573,18.436820327014857],[-66.14375710487366,18.437059513532077]],[[-66.14423453807831,18.436708367254127],[-66.14428281784058,18.437023890029337],[-66.14435255527496,18.43723254186895],[-66.14443838596344,18.437639666680298],[-66.14440083503723,18.437761803935643],[-66.144357919693,18.437858495867886]],[[-66.14334404468536,18.43757859802008],[-66.14384829998016,18.437476816871495]],[[-66.14294171333313,18.438235084980207],[-66.14296853542328,18.438133304220415],[-66.14286661148071,18.43767529005541]],[[-66.14312946796417,18.436932286702657],[-66.1432957649231,18.43749208404762],[-66.14334404468536,18.43757859802008],[-66.14347279071808,18.438021345315036],[-66.14349961280823,18.43816892749321]],[[-66.14211022853851,18.43714093865347],[-66.14220678806305,18.43770582437105],[-66.14224433898926,18.437838139676145],[-66.1421799659729,18.438072235735603],[-66.14206194877625,18.438204550758613],[-66.14204585552216,18.438250352088986]],[[-66.14245355129242,18.438128215180853],[-66.14235699176788,18.438123126141136],[-66.1421799659729,18.438072235735603]],[[-66.14224433898926,18.437838139676145],[-66.14286661148071,18.43767529005541],[-66.14315629005432,18.43757859802008],[-66.1432957649231,18.43749208404762]],[[-66.14138603210449,18.4373801247245],[-66.14143967628479,18.437690557213898],[-66.14155232906342,18.437950098700895],[-66.14150941371918,18.43801625627215]],[[-66.14093542098999,18.437476816871495],[-66.14068865776062,18.437171473064055],[-66.14058673381805,18.437146027722278],[-66.14034533500671,18.437059513532077],[-66.14001274108887,18.43703406817373],[-66.13995373249054,18.4370646026033],[-66.13995909690857,18.437237630935044]],[[-66.14195466041565,18.43627070567149],[-66.14222824573517,18.43625543838685],[-66.14236235618591,18.436235082005254]],[[-66.14278078079224,18.436184191040667],[-66.14259839057922,18.434967892503593],[-66.14251792430878,18.434927179432975],[-66.14212095737457,18.43497807076973],[-66.14205658435822,18.43506967513794],[-66.14222824573517,18.43625543838685]],[[-66.14261448383331,18.436204547428304],[-66.14443838596344,18.435975537928357],[-66.14492654800415,18.43590429046614],[-66.14498019218445,18.435822864758862],[-66.14486753940582,18.435146012074142],[-66.1448085308075,18.434738881355955]],[[-66.14256083965302,18.432957673125856],[-66.14293098449707,18.433863547046457],[-66.1430436372757,18.43391443869811],[-66.1433494091034,18.433797387876766],[-66.14340305328369,18.43373122868161],[-66.14303827285767,18.432794818881092]],[[-66.14119827747345,18.43275919449448],[-66.14104807376862,18.43231134443309],[-66.14089250564575,18.432168846441627]],[[-66.13955676555634,18.43705442446071],[-66.13948166370392,18.437044246317527],[-66.13896131515503,18.437105315167614]],[[-66.13995909690857,18.438250352088986],[-66.1399644613266,18.43818419460787]],[[-66.13977134227753,18.438199461721155],[-66.13972306251526,18.437970454879377]],[[-66.13910615444183,18.438250352088986],[-66.13909542560577,18.438118037101262],[-66.13912761211395,18.438041701485076]],[[-66.13934218883514,18.438250352088986],[-66.1393690109253,18.438219817870092]],[[-66.13903641700745,18.437751625834352],[-66.13950848579407,18.437710913423132]],[[-66.13979279994965,18.416752919944628],[-66.1397659778595,18.417623251700817],[-66.13972306251526,18.418050781477405],[-66.13840341567993,18.420621027385053],[-66.1383444070816,18.420829699129868],[-66.13831222057343,18.421012922892203],[-66.13830149173737,18.422086813797605]],[[-66.15828931331635,18.416834354681583],[-66.15844488143921,18.416752919944628]],[[-66.15824103355408,18.416752919944628],[-66.15869164466858,18.41756217593172]],[[-66.15971088409424,18.417048120682765],[-66.15954995155334,18.416752919944628]],[[-66.15993618965149,18.416752919944628],[-66.1600112915039,18.41689034104091]]]},"properties":{"class":"minor","id":"14/5181/7338/26","source":"OpenFreeMap / OpenStreetMap","exposureHigh":true,"exposureModerate":true,"zoneLabels":"AE, X"},"id":221121270},{"type":"Feature","geometry":{"type":"LineString","coordinates":[[-66.13858580589294,18.42306399780034],[-66.13889694213867,18.423048729342995],[-66.13949239253998,18.423058908314715],[-66.13962650299072,18.423079266256337],[-66.13994836807251,18.42317087696385],[-66.14045798778534,18.42335918770941]]},"properties":{"class":"motorway","oneway":1,"ramp":1,"id":"14/5181/7338/30","source":"OpenFreeMap / OpenStreetMap","exposureHigh":false,"exposureModerate":false,"zoneLabels":"X"},"id":221156262},{"type":"Feature","geometry":{"type":"LineString","coordinates":[[-66.13858580589294,18.42306399780034],[-66.13981425762177,18.423649287643684],[-66.139857172966,18.42368491391767],[-66.13992154598236,18.423761255908502],[-66.13997519016266,18.423883403023353],[-66.13998055458069,18.424025907881045],[-66.13996982574463,18.42407680244446],[-66.13993227481842,18.42416332316772],[-66.13966941833496,18.424656999403012],[-66.13918125629425,18.425608721754372],[-66.1391544342041,18.425797029830775]]},"properties":{"class":"motorway","oneway":1,"ramp":1,"id":"14/5181/7338/32","source":"OpenFreeMap / OpenStreetMap","exposureHigh":false,"exposureModerate":true,"zoneLabels":"X"},"id":221202562},{"type":"Feature","geometry":{"type":"MultiLineString","coordinates":[[[-66.1600112915039,18.41872261183711],[-66.1592173576355,18.417297514015146]],[[-66.1600112915039,18.418890569017123],[-66.15935683250427,18.419221393286108],[-66.15927636623383,18.419216303686795]],[[-66.1600112915039,18.417893002754965],[-66.15886330604553,18.418478310191645]],[[-66.1448085308075,18.434738881355955],[-66.14473879337311,18.43470834651322],[-66.14462614059448,18.434469156724106]],[[-66.14494800567627,18.43503405122277],[-66.14606380462646,18.434611652808755],[-66.14628374576569,18.434514959049906]],[[-66.14666998386383,18.4351002099165],[-66.14631056785583,18.435191814219593],[-66.145259141922,18.43533430970517]],[[-66.14606380462646,18.434611652808755],[-66.14651441574097,18.43570072612563],[-66.14625692367554,18.435741439013015]],[[-66.14531815052032,18.435827953866692],[-66.145259141922,18.43533430970517],[-66.1452054977417,18.434983159902586],[-66.14518940448761,18.43493735770153]]]},"properties":{"surface":"paved","class":"minor","id":"14/5181/7338/34","source":"OpenFreeMap / OpenStreetMap","exposureHigh":false,"exposureModerate":true,"zoneLabels":"X"},"id":221224880},{"type":"Feature","geometry":{"type":"LineString","coordinates":[[-66.14708840847015,18.422982566012138],[-66.147421002388,18.422977476524096],[-66.1477643251419,18.422911313165855],[-66.1480325460434,18.422845149782148],[-66.14825248718262,18.422804433841065],[-66.14981353282928,18.42265683847384]]},"properties":{"class":"motorway","oneway":1,"ramp":1,"id":"14/5181/7338/37","source":"OpenFreeMap / OpenStreetMap","exposureHigh":false,"exposureModerate":true,"zoneLabels":"X"},"id":2022867762},{"type":"Feature","geometry":{"type":"LineString","coordinates":[[-66.14042580127716,18.423705271785195],[-66.14047944545746,18.423679824450403],[-66.14053845405579,18.423628929769507],[-66.14060819149017,18.423583124543853],[-66.14084422588348,18.423496603528733]]},"properties":{"class":"trunk","oneway":1,"ramp":1,"id":"14/5181/7338/38","source":"OpenFreeMap / OpenStreetMap","exposureHigh":false,"exposureModerate":true,"zoneLabels":"X"},"id":3033323392},{"type":"Feature","geometry":{"type":"LineString","coordinates":[[-66.1396050453186,18.4249420077184],[-66.13959431648254,18.425053975141665],[-66.13937973976135,18.425486575864824],[-66.13937973976135,18.42552729117098],[-66.13940119743347,18.425562917055956]]},"properties":{"class":"primary","oneway":1,"ramp":1,"id":"14/5181/7338/46","source":"OpenFreeMap / OpenStreetMap","exposureHigh":false,"exposureModerate":true,"zoneLabels":"X"},"id":4173775022},{"type":"Feature","geometry":{"type":"LineString","coordinates":[[-66.14644467830658,18.42298765550005],[-66.14672899246216,18.423109803164266],[-66.14695429801941,18.42332356136795],[-66.14714205265045,18.423583124543853]]},"properties":{"class":"trunk","oneway":1,"ramp":1,"id":"14/5181/7338/53","source":"OpenFreeMap / OpenStreetMap","exposureHigh":false,"exposureModerate":true,"zoneLabels":"X"},"id":11121494852},{"type":"Feature","geometry":{"type":"LineString","coordinates":[[-66.14712059497833,18.423328650845733],[-66.14714741706848,18.42317087696385],[-66.14717423915863,18.423099624195558],[-66.14723324775696,18.423033460884284],[-66.14734053611755,18.422977476524096]]},"properties":{"class":"motorway","oneway":1,"ramp":1,"id":"14/5181/7338/54","source":"OpenFreeMap / OpenStreetMap","exposureHigh":false,"exposureModerate":true,"zoneLabels":"X"},"id":11192063162},{"type":"Feature","geometry":{"type":"LineString","coordinates":[[-66.15097761154175,18.43255053722467],[-66.15099370479584,18.432479288342847],[-66.15096688270569,18.432326612068024],[-66.15091860294342,18.432280809159153]]},"properties":{"class":"minor","oneway":1,"id":"14/5181/7338/56","source":"OpenFreeMap / OpenStreetMap","exposureHigh":false,"exposureModerate":true,"zoneLabels":"X"},"id":14118085872},{"type":"Feature","geometry":{"type":"LineString","coordinates":[[-66.15091860294342,18.432280809159153],[-66.15089178085327,18.43234187970161],[-66.15091860294342,18.432499645169244],[-66.15097761154175,18.43255053722467]]},"properties":{"class":"minor","oneway":1,"id":"14/5181/7338/57","source":"OpenFreeMap / OpenStreetMap","exposureHigh":false,"exposureModerate":true,"zoneLabels":"X"},"id":14118085882},{"type":"Feature","geometry":{"type":"LineString","coordinates":[[-66.1384516954422,18.427176252969574],[-66.13837659358978,18.42718134233337],[-66.13822638988495,18.427456167754457],[-66.13818347454071,18.4275019719486],[-66.13806009292603,18.42756304418849]]},"properties":{"class":"primary","oneway":1,"ramp":1,"id":"14/5181/7338/59","source":"OpenFreeMap / OpenStreetMap","exposureHigh":false,"exposureModerate":true,"zoneLabels":"X"},"id":14761312612},{"type":"Feature","geometry":{"type":"LineString","coordinates":[[-66.13804399967194,18.427593580300297],[-66.1380922794342,18.427680099254303],[-66.13809764385223,18.42773608208371],[-66.13809764385223,18.427776796857273],[-66.138054728508,18.42787858374902],[-66.13807082176208,18.427934566513798]]},"properties":{"class":"primary","oneway":1,"ramp":1,"id":"14/5181/7338/60","source":"OpenFreeMap / OpenStreetMap","exposureHigh":true,"exposureModerate":true,"zoneLabels":"AE, X"},"id":14761312622},{"type":"Feature","geometry":{"type":"MultiLineString","coordinates":[[[-66.15378320217133,18.438250352088986],[-66.1538314819336,18.437843228724304],[-66.15409970283508,18.436235082005254],[-66.15409433841705,18.435950092409527],[-66.1540138721466,18.434805040163283],[-66.15387976169586,18.43379229870881],[-66.1538153886795,18.43336480806279],[-66.15364909172058,18.432825354063738],[-66.1535257101059,18.432565804838376],[-66.15339159965515,18.432326612068024],[-66.15313947200775,18.43200090222861],[-66.15295171737671,18.431802422492623],[-66.15269422531128,18.43158867482836],[-66.15017294883728,18.429929576778775],[-66.15003883838654,18.429807433958388],[-66.14993155002594,18.42969546963012],[-66.1498510837555,18.42956314805727],[-66.14925563335419,18.428285730713498],[-66.148681640625,18.426911605844836],[-66.1481773853302,18.4258021192354],[-66.14785015583038,18.42510995882597],[-66.14727079868317,18.42399537113576],[-66.14720642566681,18.423812150550248],[-66.14714205265045,18.423583124543853],[-66.14708840847015,18.422982566012138]],[[-66.1540138721466,18.434805040163283],[-66.1532735824585,18.434917001163825],[-66.15261912345886,18.435044229485],[-66.15131556987762,18.43531395321446],[-66.15051627159119,18.435507339778837],[-66.14794671535492,18.43619945833163],[-66.14720106124878,18.436423378443166],[-66.14669144153595,18.436637120095696],[-66.14649295806885,18.436703278172374],[-66.14636421203613,18.436713456335752],[-66.14620864391327,18.436703278172374],[-66.14544689655304,18.436713456335752],[-66.14439010620117,18.43668801092616],[-66.14423453807831,18.436708367254127],[-66.14211022853851,18.43714093865347],[-66.14166498184204,18.437273254393475],[-66.14152550697327,18.43733432316219],[-66.14138603210449,18.4373801247245],[-66.14125192165375,18.43739539190922],[-66.14093542098999,18.437476816871495],[-66.14066183567047,18.43759895424256],[-66.1404150724411,18.437777071086458],[-66.1399644613266,18.43818419460787],[-66.13942801952362,18.438235084980207],[-66.1393690109253,18.438219817870092],[-66.1392617225647,18.43816892749321],[-66.13912761211395,18.438041701485076],[-66.13906860351562,18.437970454879377],[-66.13900423049927,18.437522618395818],[-66.13896131515503,18.437105315167614],[-66.13867163658142,18.43468290080679],[-66.13854825496674,18.433512394239315],[-66.13843560218811,18.43261160767132],[-66.13826394081116,18.431374926898357],[-66.13823175430298,18.431303677529286],[-66.13794207572937,18.43107466150019],[-66.13790988922119,18.431039036757127],[-66.13757729530334,18.430504664725476],[-66.13745927810669,18.430346897427142],[-66.1373519897461,18.43024002272344]],[[-66.14301145076752,18.418335800738276],[-66.14388048648834,18.416752919944628]]]},"properties":{"class":"tertiary","id":"14/5181/7338/61","source":"OpenFreeMap / OpenStreetMap","exposureHigh":true,"exposureModerate":true,"zoneLabels":"AE, X"},"id":221342710},{"type":"Feature","geometry":{"type":"LineString","coordinates":[[-66.14045798778534,18.42335918770941],[-66.14023268222809,18.423807061086734],[-66.13977134227753,18.42463155220902],[-66.1391544342041,18.425797029830775]]},"properties":{"class":"primary","oneway":1,"id":"14/5181/7338/62","source":"OpenFreeMap / OpenStreetMap","exposureHigh":false,"exposureModerate":true,"zoneLabels":"X"},"id":4173774842},{"type":"Feature","geometry":{"type":"LineString","coordinates":[[-66.1373519897461,18.429573326643407],[-66.13789916038513,18.428535107753177],[-66.13834977149963,18.427583401596962],[-66.13925635814667,18.425832655659875],[-66.13986790180206,18.424682446593238],[-66.14042580127716,18.423705271785195],[-66.140576004982,18.423404992994705]]},"properties":{"class":"primary","oneway":1,"id":"14/5181/7338/63","source":"OpenFreeMap / OpenStreetMap","exposureHigh":true,"exposureModerate":true,"zoneLabels":"AE, X"},"id":4173774882},{"type":"Feature","geometry":{"type":"LineString","coordinates":[[-66.13876283168793,18.4265858857476],[-66.13820493221283,18.42765465250764],[-66.13781869411469,18.42846385720732],[-66.1373519897461,18.429374844104956]]},"properties":{"class":"primary","oneway":1,"id":"14/5181/7338/64","source":"OpenFreeMap / OpenStreetMap","exposureHigh":true,"exposureModerate":true,"zoneLabels":"AE, X"},"id":10463567952},{"type":"Feature","geometry":{"type":"LineString","coordinates":[[-66.1391544342041,18.425797029830775],[-66.13876283168793,18.4265858857476]]},"properties":{"class":"primary","oneway":1,"id":"14/5181/7338/65","source":"OpenFreeMap / OpenStreetMap","exposureHigh":false,"exposureModerate":true,"zoneLabels":"X"},"id":10463567962},{"type":"Feature","geometry":{"type":"LineString","coordinates":[[-66.14644467830658,18.42298765550005],[-66.14708840847015,18.422982566012138]]},"properties":{"class":"trunk","oneway":1,"id":"14/5181/7338/66","source":"OpenFreeMap / OpenStreetMap","exposureHigh":false,"exposureModerate":true,"zoneLabels":"X"},"id":221162402},{"type":"Feature","geometry":{"type":"LineString","coordinates":[[-66.14084422588348,18.423496603528733],[-66.14095687866211,18.42353222983435],[-66.14112317562103,18.423552587719954],[-66.1413323879242,18.42354749824878],[-66.14158987998962,18.423501693001413],[-66.14187955856323,18.423384635091622],[-66.14215314388275,18.423206503336928],[-66.14271640777588,18.423038550370677],[-66.14397704601288,18.423002923962812],[-66.14644467830658,18.42298765550005]]},"properties":{"class":"trunk","oneway":1,"id":"14/5181/7338/68","source":"OpenFreeMap / OpenStreetMap","exposureHigh":false,"exposureModerate":true,"zoneLabels":"X"},"id":4530452162},{"type":"Feature","geometry":{"type":"LineString","coordinates":[[-66.140576004982,18.423404992994705],[-66.14084422588348,18.423496603528733]]},"properties":{"class":"trunk","oneway":1,"id":"14/5181/7338/69","source":"OpenFreeMap / OpenStreetMap","exposureHigh":false,"exposureModerate":true,"zoneLabels":"X"},"id":4530469012},{"type":"Feature","geometry":{"type":"LineString","coordinates":[[-66.140576004982,18.423404992994705],[-66.14155232906342,18.421506608169437]]},"properties":{"class":"trunk","oneway":1,"id":"14/5181/7338/71","source":"OpenFreeMap / OpenStreetMap","exposureHigh":false,"exposureModerate":false,"zoneLabels":"X"},"id":10388653762},{"type":"Feature","geometry":{"type":"LineString","coordinates":[[-66.14045798778534,18.42335918770941],[-66.140576004982,18.423404992994705]]},"properties":{"class":"trunk","oneway":1,"id":"14/5181/7338/72","source":"OpenFreeMap / OpenStreetMap","exposureHigh":false,"exposureModerate":false,"zoneLabels":"X"},"id":11121494862},{"type":"Feature","geometry":{"type":"LineString","coordinates":[[-66.15812301635742,18.421638935941104],[-66.1600112915039,18.421374280295964]]},"properties":{"class":"motorway","oneway":1,"id":"14/5181/7338/78","source":"OpenFreeMap / OpenStreetMap","exposureHigh":false,"exposureModerate":true,"zoneLabels":"X"},"id":551771592},{"type":"Feature","geometry":{"type":"LineString","coordinates":[[-66.14315629005432,18.422773896878923],[-66.14699721336365,18.422692464953386],[-66.14981353282928,18.42265683847384],[-66.15061283111572,18.42262121198692],[-66.1512941122055,18.422575406492896],[-66.1519056558609,18.42250415347793],[-66.15362226963043,18.422270036220965]]},"properties":{"surface":"paved","class":"motorway","oneway":1,"id":"14/5181/7338/81","source":"OpenFreeMap / OpenStreetMap","exposureHigh":false,"exposureModerate":true,"zoneLabels":"X"},"id":2172656542},{"type":"Feature","geometry":{"type":"LineString","coordinates":[[-66.15362226963043,18.422270036220965],[-66.15812301635742,18.421638935941104]]},"properties":{"brunnel":"bridge","class":"motorway","layer":1,"oneway":1,"id":"14/5181/7338/93","source":"OpenFreeMap / OpenStreetMap","exposureHigh":true,"exposureModerate":true,"zoneLabels":"AE, X"},"id":551771632},{"type":"Feature","geometry":{"type":"MultiLineString","coordinates":[[[-66.12748146057129,18.438581139112614],[-66.12780332565308,18.439344491352472],[-66.12793743610382,18.43959385234939],[-66.12799644470215,18.439583674356584],[-66.12855434417725,18.43919182117577],[-66.12865626811981,18.43901879481153],[-66.12865090370178,18.438850857291413],[-66.12848997116089,18.438397934070508],[-66.12840950489044,18.438331776646194],[-66.12830758094788,18.438321598578653],[-66.12760484218597,18.438565872033237],[-66.12748146057129,18.438581139112614],[-66.12732589244843,18.43849971467357],[-66.12726151943207,18.438357221812396]],[[-66.12671434879303,18.43857096105984],[-66.12653732299805,18.43808750285885],[-66.12655878067017,18.438026434357752],[-66.12703084945679,18.437843228724304]],[[-66.12706303596497,18.439166376133116],[-66.1268162727356,18.43853533787039]],[[-66.12780332565308,18.439344491352472],[-66.12794816493988,18.439400470383262],[-66.12803936004639,18.43942591539124],[-66.12820565700531,18.43944118239422]],[[-66.1284738779068,18.441756662142083],[-66.12860798835754,18.44128339079657],[-66.12862944602966,18.44123759027461],[-66.12865090370178,18.441232501326965],[-66.12947165966034,18.441451325939354],[-66.12931609153748,18.442046731032065]],[[-66.12942337989807,18.442082353493575],[-66.12931609153748,18.442046731032065],[-66.12913370132446,18.442011108563193]],[[-66.12779796123505,18.442560711546804],[-66.12790524959564,18.442357155091187],[-66.12806618213654,18.442402955314734],[-66.12831830978394,18.441553104733885],[-66.12826466560364,18.4414920374644],[-66.12819492816925,18.441430970173215],[-66.12809836864471,18.441374991803897],[-66.12786769866943,18.44127321290385]],[[-66.12702012062073,18.44216377623499],[-66.12723469734192,18.441598905171745]],[[-66.12655341625214,18.44189915218432],[-66.12705767154694,18.44068798305868],[-66.12741708755493,18.440799940226725]],[[-66.12455248832703,18.44171086174626],[-66.12386047840118,18.441598905171745]],[[-66.12459540367126,18.441512393223306],[-66.12378537654877,18.441395347576673]],[[-66.12514793872833,18.44055058098003],[-66.12493872642517,18.441039121204966],[-66.12478852272034,18.441359724972727]],[[-66.12622618675232,18.43931904633243],[-66.12626373767853,18.439380114374174],[-66.12633347511292,18.439405559385165],[-66.12653732299805,18.439354669359417],[-66.12720787525177,18.439110397026056],[-66.12722933292389,18.439059506912898],[-66.12698793411255,18.438459002439572]],[[-66.12480461597443,18.43996534867368],[-66.12492263317108,18.440107840201406],[-66.12491726875305,18.44021979774743],[-66.12480461597443,18.440703249949536],[-66.12472951412201,18.44076940646086],[-66.1246007680893,18.440774495422204],[-66.12401604652405,18.440677805130704],[-66.12405359745026,18.4402961323961],[-66.12399995326996,18.44022997570255],[-66.12316846847534,18.4402961323961]],[[-66.12371563911438,18.441222323431234],[-66.1239355802536,18.44179228466372],[-66.12451493740082,18.441878796471244],[-66.12462759017944,18.441354636028706]],[[-66.11652195453644,18.438835590235982],[-66.11633956432343,18.438682919607174],[-66.11562609672546,18.43893737057985]],[[-66.11685454845428,18.459093779106],[-66.11691355705261,18.45893094963779]]]},"properties":{"class":"service","id":"14/5182/7337/6","source":"OpenFreeMap / OpenStreetMap","exposureHigh":true,"exposureModerate":true,"zoneLabels":"AE, VE, X"},"id":221336320},{"type":"Feature","geometry":{"type":"LineString","coordinates":[[-66.12622618675232,18.43931904633243],[-66.1260437965393,18.43906459592489],[-66.12594723701477,18.438845768273083]]},"properties":{"horse":"no","bicycle":"no","surface":"paved","class":"service","service":"driveway","id":"14/5182/7337/9","source":"OpenFreeMap / OpenStreetMap","exposureHigh":false,"exposureModerate":true,"zoneLabels":"X"},"id":3286790682},{"type":"Feature","geometry":{"type":"LineString","coordinates":[[-66.11587285995483,18.443415646026807],[-66.11609816551208,18.443446179322393],[-66.11614108085632,18.443430912675268],[-66.11618936061859,18.443400379376968],[-66.11622154712677,18.44336984607321],[-66.11624836921692,18.443298601676716],[-66.11625373363495,18.443166290576258]]},"properties":{"class":"service","oneway":1,"service":"driveway","id":"14/5182/7337/11","source":"OpenFreeMap / OpenStreetMap","exposureHigh":true,"exposureModerate":false,"zoneLabels":"AE, VE"},"id":5351841212},{"type":"Feature","geometry":{"type":"MultiLineString","coordinates":[[[-66.13313555717468,18.443430912675268],[-66.13313555717468,18.443390201609645],[-66.13316774368286,18.44332913499312]],[[-66.12886548042297,18.442754089956267],[-66.12879037857056,18.442855867979063],[-66.1287796497345,18.442916934763815],[-66.12880647182465,18.44295764594159],[-66.12938582897186,18.443262979467377]],[[-66.12828075885773,18.43759895424256],[-66.12830221652985,18.43764475573434],[-66.1278784275055,18.437792338235923]]]},"properties":{"class":"service","service":"parking_aisle","id":"14/5182/7337/12","source":"OpenFreeMap / OpenStreetMap","exposureHigh":true,"exposureModerate":true,"zoneLabels":"AE, VE, X"},"id":5356956550},{"type":"Feature","geometry":{"type":"MultiLineString","coordinates":[[[-66.13282978534698,18.443654823363772],[-66.13288342952728,18.443639556735192],[-66.13289952278137,18.443624290105262],[-66.13293707370758,18.443476712612565],[-66.13296926021576,18.443430912675268],[-66.13299071788788,18.443420734909765],[-66.13306045532227,18.443410557143665],[-66.13315165042877,18.4434360015578],[-66.13321602344513,18.443471623731256],[-66.13342523574829,18.443685356616868],[-66.13335013389587,18.44377186747117]],[[-66.11826539039612,18.441319013416333],[-66.11843168735504,18.441257946063644],[-66.11847460269928,18.441263035010536],[-66.11854434013367,18.441420792289236]]]},"properties":{"class":"service","service":"driveway","id":"14/5182/7337/13","source":"OpenFreeMap / OpenStreetMap","exposureHigh":true,"exposureModerate":false,"zoneLabels":"AE"},"id":5363434040},{"type":"Feature","geometry":{"type":"LineString","coordinates":[[-66.12520158290863,18.43892210353212],[-66.12513720989227,18.43891192549954],[-66.12508356571198,18.43892210353212],[-66.1248904466629,18.43900861678469],[-66.12465977668762,18.439130753067104]]},"properties":{"class":"service","oneway":1,"id":"14/5182/7337/16","source":"OpenFreeMap / OpenStreetMap","exposureHigh":true,"exposureModerate":true,"zoneLabels":"AE, X"},"id":10646024862},{"type":"Feature","geometry":{"type":"LineString","coordinates":[[-66.12513720989227,18.43891192549954],[-66.12497627735138,18.438632029367426],[-66.12492263317108,18.43861676229257],[-66.12486362457275,18.438621851317677],[-66.12456321716309,18.438754165917516],[-66.12453639507294,18.438784700041452],[-66.124547123909,18.43883050121721],[-66.1246007680893,18.438947548610926],[-66.12470269203186,18.439263067275107]]},"properties":{"class":"service","oneway":1,"id":"14/5182/7337/17","source":"OpenFreeMap / OpenStreetMap","exposureHigh":true,"exposureModerate":true,"zoneLabels":"AE, X"},"id":10646024872},{"type":"Feature","geometry":{"type":"LineString","coordinates":[[-66.12504601478577,18.43875925493853],[-66.12474024295807,18.438881391398183],[-66.1246007680893,18.438947548610926]]},"properties":{"class":"service","oneway":1,"id":"14/5182/7337/18","source":"OpenFreeMap / OpenStreetMap","exposureHigh":false,"exposureModerate":true,"zoneLabels":"X"},"id":10646024882},{"type":"Feature","geometry":{"type":"LineString","coordinates":[[-66.12608134746552,18.44172612854622],[-66.1260598897934,18.441777017869626]]},"properties":{"class":"service","oneway":1,"id":"14/5182/7337/20","source":"OpenFreeMap / OpenStreetMap","exposureHigh":true,"exposureModerate":false,"zoneLabels":"AE"},"id":14087949512},{"type":"Feature","geometry":{"type":"LineString","coordinates":[[-66.1266553401947,18.4420212864122],[-66.12668216228485,18.44196530823521]]},"properties":{"class":"service","oneway":1,"id":"14/5182/7337/21","source":"OpenFreeMap / OpenStreetMap","exposureHigh":true,"exposureModerate":false,"zoneLabels":"AE, VE"},"id":14087949542},{"type":"Feature","geometry":{"type":"LineString","coordinates":[[-66.1260598897934,18.441777017869626],[-66.12601161003113,18.44189406325627],[-66.12659633159637,18.442123064869108],[-66.1266553401947,18.4420212864122]]},"properties":{"class":"service","oneway":1,"id":"14/5182/7337/22","source":"OpenFreeMap / OpenStreetMap","exposureHigh":true,"exposureModerate":false,"zoneLabels":"AE, VE"},"id":14092425942},{"type":"Feature","geometry":{"type":"MultiLineString","coordinates":[[[-66.1375880241394,18.450433072418534],[-66.1380386352539,18.450214259247474]],[[-66.1380386352539,18.45001580054891],[-66.13684237003326,18.447949780989504],[-66.13675653934479,18.44786327223926]],[[-66.13566756248474,18.44835688040571],[-66.1371374130249,18.449954736287836],[-66.13753974437714,18.450346564919116]],[[-66.13635957241058,18.448305993031454],[-66.13675653934479,18.44786327223926],[-66.13697648048401,18.447593568208816]],[[-66.13589823246002,18.446260308101202],[-66.13561928272247,18.44649948147763],[-66.13470196723938,18.447323863754846]],[[-66.13561928272247,18.44649948147763],[-66.13444983959198,18.44529343361077],[-66.13315165042877,18.443985599983264]],[[-66.13486289978027,18.44752232556401],[-66.13390266895294,18.44635190645492],[-66.13360226154327,18.446016045585807],[-66.132652759552,18.44504916972052],[-66.13204658031464,18.444509752399185],[-66.1316066980362,18.44414844362352],[-66.13148331642151,18.444077199549895],[-66.13127946853638,18.443995777715287],[-66.13037288188934,18.443563223571942],[-66.12909078598022,18.442922023661552],[-66.12891912460327,18.44279989007397],[-66.12878501415253,18.442682845304404]],[[-66.13360226154327,18.446016045585807],[-66.1340206861496,18.44569545050723]],[[-66.13274931907654,18.444433419622555],[-66.13335013389587,18.44377186747117]],[[-66.13198220729828,18.44300344600505],[-66.13093614578247,18.442545444821008],[-66.13041043281555,18.4423673329197],[-66.12970769405365,18.442153598394427],[-66.12942337989807,18.442082353493575]],[[-66.13109171390533,18.438632029367426],[-66.13041043281555,18.439161287124136],[-66.13030314445496,18.43926815628106],[-66.13015294075012,18.439461538396074],[-66.13006174564362,18.439690543250833]],[[-66.13079130649567,18.438291064372407],[-66.1301851272583,18.43877452200074],[-66.12997055053711,18.438967904671244],[-66.1298418045044,18.439120575046886],[-66.12971842288971,18.439329224340895]],[[-66.130490899086,18.437945009655905],[-66.12940728664398,18.43881523415999],[-66.1293214559555,18.43883050121721],[-66.12926781177521,18.438825412198298],[-66.129230260849,18.43880505612107],[-66.12919807434082,18.43875925493853],[-66.12909615039825,18.438479358557785],[-66.12895131111145,18.438051879569173],[-66.12895667552948,18.438021345315036],[-66.12899422645569,18.437980632967708],[-66.12947702407837,18.43759895424256]],[[-66.13015294075012,18.439461538396074],[-66.12971842288971,18.439329224340895],[-66.12921953201294,18.439156198115015]],[[-66.12900495529175,18.439700721237287],[-66.12903714179993,18.439548051377074],[-66.12910151481628,18.439084951971367],[-66.12868309020996,18.437766892986062]],[[-66.12938582897186,18.43963965330947],[-66.12903714179993,18.439548051377074]],[[-66.12774431705475,18.438179105569787],[-66.12750291824341,18.43759895424256]],[[-66.12936973571777,18.443318957221578],[-66.12953066825867,18.442815156777172],[-66.12970769405365,18.442153598394427],[-66.12989544868469,18.441583638360484],[-66.12992227077484,18.44156837154786],[-66.13041043281555,18.44166506133824],[-66.13109171390533,18.441868618613796],[-66.13199293613434,18.442316443771134],[-66.13238990306854,18.4425403559121],[-66.1324542760849,18.44257597827125]],[[-66.13127946853638,18.443995777715287],[-66.1314994096756,18.44353269029712],[-66.13238990306854,18.4425403559121]],[[-66.13204658031464,18.444509752399185],[-66.13226652145386,18.44426039853667],[-66.13282978534698,18.443654823363772]],[[-66.12537324428558,18.4414869485243],[-66.12565219402313,18.440911897321826]],[[-66.1257004737854,18.44164470559741],[-66.12605452537537,18.44114090024368],[-66.1264032125473,18.440576025817705],[-66.12643003463745,18.440499691293383],[-66.12643003463745,18.44033684419483]],[[-66.12605452537537,18.44114090024368],[-66.12543225288391,18.44077958438342]],[[-66.12269103527069,18.440016238518567],[-66.1227285861969,18.44021979774743],[-66.12284660339355,18.44113072234252],[-66.12283051013947,18.441390258633703]],[[-66.12360298633575,18.438545515925284],[-66.1233401298523,18.437894119197637]],[[-66.12156987190247,18.438988260729175],[-66.12150013446808,18.438484447586944],[-66.1213767528534,18.438072235735603],[-66.1212158203125,18.43759895424256]],[[-66.12256228923798,18.44111036653841],[-66.12243354320526,18.44016890796283],[-66.12241744995117,18.440112929182348]],[[-66.12226188182831,18.441079832827683],[-66.12214922904968,18.44020961979173]],[[-66.11993372440338,18.439990793598],[-66.11983716487885,18.43975670015206],[-66.11952602863312,18.439171465141953],[-66.11899495124817,18.438036612442787],[-66.11877501010895,18.43759895424256]],[[-66.12051844596863,18.43925288926272],[-66.12024486064911,18.43837757794266],[-66.12001955509186,18.43759895424256]],[[-66.12067401409149,18.439705810230294],[-66.12200975418091,18.439344491352472],[-66.12264275550842,18.439161287124136],[-66.12295389175415,18.439110397026056],[-66.12427353858948,18.438769432980152],[-66.12436473369598,18.438682919607174]],[[-66.11991226673126,18.438459002439572],[-66.11929535865784,18.438682919607174]],[[-66.11850142478943,18.438041701485076],[-66.11812591552734,18.43814348229911],[-66.11792743206024,18.438229995943658],[-66.11788988113403,18.43827070823191],[-66.11769676208496,18.437970454879377],[-66.11762166023254,18.437894119197637],[-66.11749827861786,18.437827961579373],[-66.11744463443756,18.437766892986062],[-66.11740171909332,18.43759895424256]],[[-66.11881256103516,18.43891192549954],[-66.11818492412567,18.43906968493674]],[[-66.11733734607697,18.437995900099082],[-66.11695110797882,18.438118037101262]],[[-66.11720860004425,18.438779611021175],[-66.11686527729034,18.43891192549954],[-66.11672043800354,18.43892210353212]],[[-66.11648976802826,18.43895772664139],[-66.11620545387268,18.43904423987601],[-66.11598014831543,18.439171465141953],[-66.11573338508606,18.43935975836267],[-66.11551880836487,18.439476805395884],[-66.1153793334961,18.43956840736628]],[[-66.11664533615112,18.438275797267252],[-66.11589968204498,18.43856078300648]],[[-66.1170369386673,18.440087484276106],[-66.11677408218384,18.44019435285702],[-66.1166775226593,18.440280865469063],[-66.11638247966766,18.440382644956912]],[[-66.11740171909332,18.440937342105997],[-66.11709594726562,18.44020961979173],[-66.1170369386673,18.440087484276106],[-66.11686527729034,18.43964474230431],[-66.1168223619461,18.439207088199538],[-66.11692428588867,18.439151109105737],[-66.11734807491302,18.439090040982606]],[[-66.1175411939621,18.441329191306323],[-66.11818492412567,18.44109509968372]],[[-66.11783623695374,18.442067086725274],[-66.1178469657898,18.442123064869108]],[[-66.1153793334961,18.442708289826314],[-66.11548662185669,18.44266757858945],[-66.11576020717621,18.442514911365308],[-66.11629128456116,18.442117975947696],[-66.11629664897919,18.442087442416053],[-66.1161732673645,18.441914418967556],[-66.1161732673645,18.441883885399733],[-66.11618399620056,18.441868618613796],[-66.11686527729034,18.44156837154786],[-66.11720860004425,18.442321532686663],[-66.11724078655243,18.4423673329197]],[[-66.1153793334961,18.44040300084724],[-66.11549735069275,18.4402961323961],[-66.11567437648773,18.44015364102451],[-66.11573874950409,18.44006712834839],[-66.1157763004303,18.43996534867368],[-66.1158299446106,18.43963965330947],[-66.11580312252045,18.439410648386897],[-66.11577093601227,18.439329224340895]],[[-66.11551880836487,18.439476805395884],[-66.11544370651245,18.439380114374174],[-66.1153793334961,18.43919182117577]],[[-66.1153793334961,18.43815366037721],[-66.11574411392212,18.438021345315036],[-66.11575484275818,18.437975543923613],[-66.1156153678894,18.43759895424256]],[[-66.11571192741394,18.438133304220415],[-66.11648440361023,18.437868673962853],[-66.11675798892975,18.438545515925284],[-66.11661851406097,18.438810145140607]],[[-66.1154705286026,18.438118037101262],[-66.11572265625,18.438723631788136]],[[-66.1155241727829,18.43759895424256],[-66.1153793334961,18.437649844788226]],[[-66.11638247966766,18.43759895424256],[-66.11645758152008,18.437787249186243]],[[-66.11794888973236,18.43761422140784],[-66.11794352531433,18.43759895424256]],[[-66.11836731433868,18.43759895424256],[-66.11847460269928,18.437965365834984],[-66.11854434013367,18.43815874941602],[-66.11899495124817,18.438036612442787],[-66.1192524433136,18.437945009655905],[-66.11940264701843,18.43783305062783],[-66.11962258815765,18.43759895424256]],[[-66.12038969993591,18.43759895424256],[-66.12005174160004,18.437690557213898],[-66.11976206302643,18.437751625834352]],[[-66.12119972705841,18.43759895424256],[-66.1205667257309,18.43780760538401]],[[-66.12205266952515,18.437853406820196],[-66.12195074558258,18.43759895424256]],[[-66.12229943275452,18.43759895424256],[-66.12236380577087,18.437736358681263],[-66.12268030643463,18.438489536615975],[-66.12285196781158,18.438855946309587],[-66.12295389175415,18.439110397026056],[-66.12305581569672,18.43961929732872],[-66.12312018871307,18.439863568938662],[-66.12316846847534,18.4402961323961]],[[-66.12269639968872,18.43759895424256],[-66.12236380577087,18.437736358681263],[-66.12205266952515,18.437853406820196],[-66.1213767528534,18.438072235735603],[-66.1208027601242,18.438240174016627],[-66.12024486064911,18.43837757794266]],[[-66.1237907409668,18.43774144773245],[-66.12372636795044,18.43759895424256]],[[-66.12391948699951,18.43759895424256],[-66.12412869930267,18.438331776646194],[-66.12427353858948,18.438769432980152],[-66.12448811531067,18.4393343133449]],[[-66.12406969070435,18.43764475573434],[-66.12394630908966,18.43770582437105],[-66.1237907409668,18.43774144773245],[-66.1233401298523,18.437894119197637],[-66.12150013446808,18.438484447586944],[-66.11993372440338,18.43900352777102],[-66.11898422241211,18.439380114374174],[-66.11832976341248,18.439588763353058],[-66.11764848232269,18.439817768038253]],[[-66.1285650730133,18.437629488571773],[-66.12855434417725,18.43759895424256]],[[-66.13019049167633,18.43760404329781],[-66.12909615039825,18.438479358557785]],[[-66.13067328929901,18.43761422140784],[-66.13070011138916,18.43759895424256]]]},"properties":{"class":"minor","id":"14/5182/7337/23","source":"OpenFreeMap / OpenStreetMap","exposureHigh":true,"exposureModerate":true,"zoneLabels":"AE, VE, X"},"id":221335510},{"type":"Feature","geometry":{"type":"LineString","coordinates":[[-66.12200438976288,18.441207056586492],[-66.12187564373016,18.440311399321757],[-66.12177908420563,18.439848301973228],[-66.12165033817291,18.43943609339337],[-66.12156987190247,18.438988260729175]]},"properties":{"class":"minor","oneway":1,"id":"14/5182/7337/24","source":"OpenFreeMap / OpenStreetMap","exposureHigh":true,"exposureModerate":false,"zoneLabels":"AE"},"id":221335562},{"type":"Feature","geometry":{"type":"LineString","coordinates":[[-66.12325966358185,18.441161256044182],[-66.12316846847534,18.4402961323961]]},"properties":{"class":"minor","oneway":1,"id":"14/5182/7337/25","source":"OpenFreeMap / OpenStreetMap","exposureHigh":true,"exposureModerate":false,"zoneLabels":"AE"},"id":221335972},{"type":"Feature","geometry":{"type":"LineString","coordinates":[[-66.12790524959564,18.440311399321757],[-66.12763166427612,18.44021470876966],[-66.12672507762909,18.440000971566676],[-66.12652122974396,18.439929725773283],[-66.12630128860474,18.439822857027792],[-66.1260974407196,18.439705810230294],[-66.12594723701477,18.43959894134555],[-66.12566828727722,18.439380114374174],[-66.12553417682648,18.43925288926272]]},"properties":{"class":"motorway","oneway":1,"ramp":1,"id":"14/5182/7337/26","source":"OpenFreeMap / OpenStreetMap","exposureHigh":true,"exposureModerate":true,"zoneLabels":"AE, X"},"id":221337932},{"type":"Feature","geometry":{"type":"LineString","coordinates":[[-66.12406432628632,18.43759895424256],[-66.12406969070435,18.43764475573434]]},"properties":{"class":"motorway","oneway":1,"ramp":1,"id":"14/5182/7337/27","source":"OpenFreeMap / OpenStreetMap","exposureHigh":false,"exposureModerate":false,"zoneLabels":"X"},"id":221339502},{"type":"Feature","geometry":{"type":"LineString","coordinates":[[-66.13477170467377,18.445008459038377],[-66.13498628139496,18.444916859968288],[-66.13505601882935,18.444911771129625],[-66.13523304462433,18.444932126483366],[-66.13536179065704,18.44498810369369],[-66.1356246471405,18.44518656820152]]},"properties":{"class":"motorway","oneway":1,"ramp":1,"id":"14/5182/7337/28","source":"OpenFreeMap / OpenStreetMap","exposureHigh":true,"exposureModerate":false,"zoneLabels":"AE"},"id":221339942},{"type":"Feature","geometry":{"type":"LineString","coordinates":[[-66.13454103469849,18.443832933930324],[-66.13484144210815,18.44433164253431],[-66.13487899303436,18.444479219292603],[-66.13487899303436,18.444698039769804],[-66.1348307132721,18.444871060414926],[-66.13477170467377,18.445008459038377]]},"properties":{"class":"motorway","oneway":1,"ramp":1,"id":"14/5182/7337/29","source":"OpenFreeMap / OpenStreetMap","exposureHigh":true,"exposureModerate":false,"zoneLabels":"AE"},"id":221339962},{"type":"Feature","geometry":{"type":"LineString","coordinates":[[-66.12553417682648,18.43925288926272],[-66.12530887126923,18.43906459592489]]},"properties":{"class":"motorway","oneway":1,"ramp":1,"id":"14/5182/7337/30","source":"OpenFreeMap / OpenStreetMap","exposureHigh":false,"exposureModerate":true,"zoneLabels":"X"},"id":221342822},{"type":"Feature","geometry":{"type":"LineString","coordinates":[[-66.12643003463745,18.44033684419483],[-66.1270147562027,18.44037246701083],[-66.1271595954895,18.440362289064154]]},"properties":{"class":"motorway","oneway":1,"ramp":1,"id":"14/5182/7337/31","source":"OpenFreeMap / OpenStreetMap","exposureHigh":true,"exposureModerate":false,"zoneLabels":"AE, X"},"id":221343822},{"type":"Feature","geometry":{"type":"LineString","coordinates":[[-66.12226188182831,18.441079832827683],[-66.12213850021362,18.441054388064614],[-66.12196683883667,18.44096787584202]]},"properties":{"class":"minor","oneway":1,"id":"14/5182/7337/32","source":"OpenFreeMap / OpenStreetMap","exposureHigh":true,"exposureModerate":false,"zoneLabels":"AE"},"id":221346512},{"type":"Feature","geometry":{"type":"LineString","coordinates":[[-66.12528204917908,18.43897299368595],[-66.12520158290863,18.43892210353212],[-66.12500846385956,18.43852007078695],[-66.12481534481049,18.43828088630245],[-66.12470269203186,18.43816892749321],[-66.12463295459747,18.438056968611022],[-66.12459540367126,18.437965365834984],[-66.1244934797287,18.43759895424256]]},"properties":{"class":"motorway","oneway":1,"ramp":1,"id":"14/5182/7337/33","source":"OpenFreeMap / OpenStreetMap","exposureHigh":false,"exposureModerate":true,"zoneLabels":"X"},"id":221346982},{"type":"Feature","geometry":{"type":"LineString","coordinates":[[-66.11854434013367,18.43815874941602],[-66.11913442611694,18.439797412078605],[-66.11926853656769,18.44021979774743],[-66.11942946910858,18.440657449272933],[-66.1196118593216,18.44109509968372],[-66.11963868141174,18.44114090024368],[-66.11978888511658,18.441522571101842]]},"properties":{"class":"minor","oneway":1,"id":"14/5182/7337/34","source":"OpenFreeMap / OpenStreetMap","exposureHigh":true,"exposureModerate":false,"zoneLabels":"AE"},"id":221348762},{"type":"Feature","geometry":{"type":"LineString","coordinates":[[-66.11913442611694,18.44169559494493],[-66.11898422241211,18.44131392447109]]},"properties":{"surface":"paved","class":"minor","oneway":1,"id":"14/5182/7337/35","source":"OpenFreeMap / OpenStreetMap","exposureHigh":true,"exposureModerate":false,"zoneLabels":"AE"},"id":221349052},{"type":"Feature","geometry":{"type":"MultiLineString","coordinates":[[[-66.13235235214233,18.438962815656396],[-66.1327600479126,18.438713453743787],[-66.13269567489624,18.43862694034263]],[[-66.13234162330627,18.439156198115015],[-66.13238453865051,18.43906459592489],[-66.13235235214233,18.438962815656396],[-66.13117754459381,18.437609132352904]],[[-66.1310487985611,18.439364847365766],[-66.13212704658508,18.43925288926272],[-66.13234162330627,18.439156198115015],[-66.13247036933899,18.439115486036556],[-66.13301753997803,18.439074773948434]],[[-66.13201439380646,18.43926815628106],[-66.13196074962616,18.439171465141953],[-66.1307966709137,18.437827961579373]],[[-66.13204658031464,18.43860658424191],[-66.13253474235535,18.438331776646194],[-66.13256692886353,18.43833686567973]],[[-66.13176226615906,18.438285975337507],[-66.13230407238007,18.437965365834984],[-66.13221824169159,18.4379093863367]],[[-66.13147795200348,18.437960276790434],[-66.13191246986389,18.43770582437105]],[[-66.12412869930267,18.438331776646194],[-66.12285196781158,18.438855946309587],[-66.12268567085266,18.43889665844955],[-66.12246036529541,18.43892210353212],[-66.12209022045135,18.438932281564078],[-66.1214679479599,18.43900352777102],[-66.12051844596863,18.43925288926272],[-66.12007856369019,18.439395381381217],[-66.11913442611694,18.439797412078605],[-66.1184960603714,18.440046772418285],[-66.11785769462585,18.44032666624605],[-66.1165863275528,18.440861007742186],[-66.11638247966766,18.44096787584202],[-66.11621081829071,18.441079832827683],[-66.11607134342194,18.441176522892974],[-66.11583530902863,18.441369902860316]],[[-66.119145154953,18.441746484277388],[-66.11913442611694,18.44169559494493]],[[-66.11686527729034,18.44156837154786],[-66.11676335334778,18.44130883552573],[-66.11676871776581,18.44127321290385],[-66.11691355705261,18.441171433943524],[-66.11740171909332,18.440937342105997],[-66.11800253391266,18.440682894094763],[-66.11865162849426,18.440428445706758],[-66.11993372440338,18.439990793598],[-66.12067401409149,18.439705810230294]],[[-66.1301851272583,18.43759895424256],[-66.13167643547058,18.43929869031369]],[[-66.13066256046295,18.43759895424256],[-66.13067328929901,18.43761422140784]],[[-66.1311936378479,18.43759895424256],[-66.13062500953674,18.43792465347441]]]},"properties":{"surface":"paved","class":"minor","id":"14/5182/7337/36","source":"OpenFreeMap / OpenStreetMap","exposureHigh":true,"exposureModerate":true,"zoneLabels":"AE, VE, X"},"id":221350570},{"type":"Feature","geometry":{"type":"LineString","coordinates":[[-66.1248904466629,18.437899208244147],[-66.12484753131866,18.437970454879377],[-66.12477779388428,18.438021345315036],[-66.12471342086792,18.438021345315036],[-66.12459540367126,18.437965365834984]]},"properties":{"class":"motorway","oneway":1,"ramp":1,"id":"14/5182/7337/38","source":"OpenFreeMap / OpenStreetMap","exposureHigh":false,"exposureModerate":true,"zoneLabels":"X"},"id":4214944142},{"type":"Feature","geometry":{"type":"LineString","coordinates":[[-66.1175411939621,18.441329191306323],[-66.11686527729034,18.44156837154786]]},"properties":{"class":"minor","oneway":1,"id":"14/5182/7337/39","source":"OpenFreeMap / OpenStreetMap","exposureHigh":true,"exposureModerate":false,"zoneLabels":"AE"},"id":6382083212},{"type":"Feature","geometry":{"type":"LineString","coordinates":[[-66.12553417682648,18.43925288926272],[-66.12551271915436,18.439176554150635],[-66.12551808357239,18.439125664057073],[-66.1255556344986,18.439054417900763],[-66.12562537193298,18.43895772664139]]},"properties":{"class":"motorway","oneway":1,"ramp":1,"id":"14/5182/7337/40","source":"OpenFreeMap / OpenStreetMap","exposureHigh":false,"exposureModerate":true,"zoneLabels":"X"},"id":10567171512},{"type":"Feature","geometry":{"type":"LineString","coordinates":[[-66.11772358417511,18.441771928937968],[-66.11783623695374,18.442067086725274]]},"properties":{"class":"minor","oneway":1,"id":"14/5182/7337/41","source":"OpenFreeMap / OpenStreetMap","exposureHigh":true,"exposureModerate":false,"zoneLabels":"AE, VE"},"id":14095503012},{"type":"Feature","geometry":{"type":"LineString","coordinates":[[-66.1175411939621,18.441329191306323],[-66.11772358417511,18.441771928937968]]},"properties":{"class":"minor","oneway":1,"id":"14/5182/7337/42","source":"OpenFreeMap / OpenStreetMap","exposureHigh":true,"exposureModerate":false,"zoneLabels":"AE"},"id":14095503102},{"type":"Feature","geometry":{"type":"LineString","coordinates":[[-66.11740171909332,18.440937342105997],[-66.1175411939621,18.441329191306323]]},"properties":{"class":"minor","oneway":1,"id":"14/5182/7337/43","source":"OpenFreeMap / OpenStreetMap","exposureHigh":true,"exposureModerate":false,"zoneLabels":"AE"},"id":14095503132},{"type":"Feature","geometry":{"type":"LineString","coordinates":[[-66.1202609539032,18.440876274617665],[-66.11993372440338,18.439990793598]]},"properties":{"class":"minor","oneway":1,"id":"14/5182/7337/44","source":"OpenFreeMap / OpenStreetMap","exposureHigh":true,"exposureModerate":false,"zoneLabels":"AE"},"id":14095503152},{"type":"Feature","geometry":{"type":"LineString","coordinates":[[-66.12051844596863,18.43925288926272],[-66.12067401409149,18.439705810230294],[-66.1208027601242,18.44016890796283],[-66.12095296382904,18.440642182378014],[-66.12114071846008,18.441334280251112]]},"properties":{"class":"minor","oneway":1,"id":"14/5182/7337/45","source":"OpenFreeMap / OpenStreetMap","exposureHigh":true,"exposureModerate":false,"zoneLabels":"AE"},"id":14095503162},{"type":"Feature","geometry":{"type":"LineString","coordinates":[[-66.12114071846008,18.441334280251112],[-66.12115681171417,18.441390258633703]]},"properties":{"class":"minor","oneway":1,"id":"14/5182/7337/46","source":"OpenFreeMap / OpenStreetMap","exposureHigh":true,"exposureModerate":false,"zoneLabels":"AE"},"id":14363511862},{"type":"Feature","geometry":{"type":"LineString","coordinates":[[-66.11978888511658,18.441522571101842],[-66.11980497837067,18.441578549423085]]},"properties":{"class":"minor","oneway":1,"id":"14/5182/7337/47","source":"OpenFreeMap / OpenStreetMap","exposureHigh":true,"exposureModerate":false,"zoneLabels":"AE, VE"},"id":14638266672},{"type":"Feature","geometry":{"type":"LineString","coordinates":[[-66.11898422241211,18.44131392447109],[-66.11881256103516,18.440876274617665],[-66.11865162849426,18.440428445706758],[-66.1184960603714,18.440046772418285],[-66.11832976341248,18.439588763353058],[-66.11818492412567,18.43906968493674],[-66.11792743206024,18.438352132779457],[-66.11788988113403,18.43827070823191]]},"properties":{"surface":"paved","class":"minor","oneway":1,"id":"14/5182/7337/48","source":"OpenFreeMap / OpenStreetMap","exposureHigh":true,"exposureModerate":false,"zoneLabels":"AE"},"id":14664977512},{"type":"Feature","geometry":{"type":"MultiLineString","coordinates":[[[-66.1380386352539,18.45127779041667],[-66.1375880241394,18.450433072418534],[-66.13635957241058,18.448305993031454],[-66.13603234291077,18.44786327223926]],[[-66.13591432571411,18.44770552087664],[-66.1357319355011,18.44747143794251],[-66.13518476486206,18.446891317991643],[-66.1340206861496,18.44569545050723],[-66.13274931907654,18.444433419622555],[-66.13226652145386,18.44426039853667],[-66.13181591033936,18.443878733760457],[-66.1314994096756,18.44353269029712],[-66.13027632236481,18.442978001526853],[-66.12953066825867,18.442815156777172],[-66.12878501415253,18.442682845304404],[-66.12825930118561,18.442631956249286],[-66.1278784275055,18.442581067179106],[-66.12769067287445,18.44252508918447],[-66.12754583358765,18.44246911117162],[-66.12733125686646,18.442357155091187],[-66.1271059513092,18.442224843265734]],[[-66.13477170467377,18.445008459038377],[-66.13444983959198,18.44529343361077],[-66.1340206861496,18.44569545050723]],[[-66.12193465232849,18.44123759027461],[-66.12226188182831,18.441079832827683],[-66.12256228923798,18.44111036653841],[-66.12325966358185,18.441161256044182],[-66.12460613250732,18.441349547084528]],[[-66.11852288246155,18.441939863603253],[-66.11850678920746,18.44189406325627]],[[-66.12476170063019,18.43759895424256],[-66.1248904466629,18.437899208244147],[-66.1252498626709,18.438850857291413],[-66.12530887126923,18.43906459592489]]]},"properties":{"class":"tertiary","id":"14/5182/7337/49","source":"OpenFreeMap / OpenStreetMap","exposureHigh":true,"exposureModerate":true,"zoneLabels":"AE, VE, X"},"id":221336220},{"type":"Feature","geometry":{"type":"LineString","coordinates":[[-66.11850678920746,18.44189406325627],[-66.11836194992065,18.44154801579559]]},"properties":{"class":"tertiary","oneway":1,"id":"14/5182/7337/50","source":"OpenFreeMap / OpenStreetMap","exposureHigh":true,"exposureModerate":false,"zoneLabels":"AE, VE"},"id":221348592},{"type":"Feature","geometry":{"type":"LineString","coordinates":[[-66.11772358417511,18.441771928937968],[-66.11706912517548,18.4420212864122]]},"properties":{"surface":"paved","class":"tertiary","oneway":1,"id":"14/5182/7337/51","source":"OpenFreeMap / OpenStreetMap","exposureHigh":true,"exposureModerate":false,"zoneLabels":"AE"},"id":3457155742},{"type":"Feature","geometry":{"type":"LineString","coordinates":[[-66.12115681171417,18.441390258633703],[-66.12173080444336,18.441319013416333],[-66.12184345722198,18.44129865763452],[-66.12193465232849,18.44123759027461]]},"properties":{"class":"tertiary","oneway":1,"id":"14/5182/7337/52","source":"OpenFreeMap / OpenStreetMap","exposureHigh":true,"exposureModerate":false,"zoneLabels":"AE"},"id":4525177572},{"type":"Feature","geometry":{"type":"LineString","coordinates":[[-66.12193465232849,18.44123759027461],[-66.12114071846008,18.441334280251112]]},"properties":{"surface":"paved","class":"tertiary","oneway":1,"id":"14/5182/7337/53","source":"OpenFreeMap / OpenStreetMap","exposureHigh":true,"exposureModerate":false,"zoneLabels":"AE"},"id":4525177582},{"type":"Feature","geometry":{"type":"LineString","coordinates":[[-66.11980497837067,18.441578549423085],[-66.11998736858368,18.441537837918546],[-66.12115681171417,18.441390258633703]]},"properties":{"class":"tertiary","oneway":1,"id":"14/5182/7337/54","source":"OpenFreeMap / OpenStreetMap","exposureHigh":true,"exposureModerate":false,"zoneLabels":"AE, VE"},"id":4525177592},{"type":"Feature","geometry":{"type":"LineString","coordinates":[[-66.1153793334961,18.443700623241384],[-66.11556708812714,18.443614112351213],[-66.11625373363495,18.443166290576258],[-66.11680090427399,18.442794801172624],[-66.11693501472473,18.44269302311362],[-66.11724078655243,18.4423673329197]]},"properties":{"class":"tertiary","oneway":1,"id":"14/5182/7337/55","source":"OpenFreeMap / OpenStreetMap","exposureHigh":true,"exposureModerate":false,"zoneLabels":"AE, VE"},"id":5356949872},{"type":"Feature","geometry":{"type":"LineString","coordinates":[[-66.1271059513092,18.442224843265734],[-66.1268162727356,18.44203146426061],[-66.12668216228485,18.44196530823521]]},"properties":{"class":"tertiary","oneway":1,"id":"14/5182/7337/56","source":"OpenFreeMap / OpenStreetMap","exposureHigh":true,"exposureModerate":false,"zoneLabels":"AE"},"id":6060017202},{"type":"Feature","geometry":{"type":"LineString","coordinates":[[-66.12460613250732,18.441349547084528],[-66.1253571510315,18.441527660040904],[-66.1260598897934,18.441777017869626]]},"properties":{"class":"tertiary","oneway":1,"id":"14/5182/7337/57","source":"OpenFreeMap / OpenStreetMap","exposureHigh":true,"exposureModerate":false,"zoneLabels":"AE"},"id":6060017212},{"type":"Feature","geometry":{"type":"LineString","coordinates":[[-66.12668216228485,18.44196530823521],[-66.12655341625214,18.44189915218432]]},"properties":{"class":"tertiary","oneway":1,"id":"14/5182/7337/58","source":"OpenFreeMap / OpenStreetMap","exposureHigh":true,"exposureModerate":false,"zoneLabels":"AE"},"id":14087949522},{"type":"Feature","geometry":{"type":"LineString","coordinates":[[-66.12655341625214,18.44189915218432],[-66.12649977207184,18.441873707542598],[-66.12608134746552,18.44172612854622]]},"properties":{"class":"tertiary","oneway":1,"id":"14/5182/7337/59","source":"OpenFreeMap / OpenStreetMap","exposureHigh":true,"exposureModerate":false,"zoneLabels":"AE"},"id":14087949532},{"type":"Feature","geometry":{"type":"LineString","coordinates":[[-66.1266553401947,18.4420212864122],[-66.12691283226013,18.442158687314787],[-66.1271059513092,18.442224843265734]]},"properties":{"class":"tertiary","oneway":1,"id":"14/5182/7337/60","source":"OpenFreeMap / OpenStreetMap","exposureHigh":true,"exposureModerate":false,"zoneLabels":"AE, VE"},"id":14087949552},{"type":"Feature","geometry":{"type":"LineString","coordinates":[[-66.1260598897934,18.441777017869626],[-66.12655878067017,18.44196530823521],[-66.1266553401947,18.4420212864122]]},"properties":{"class":"tertiary","oneway":1,"id":"14/5182/7337/61","source":"OpenFreeMap / OpenStreetMap","exposureHigh":true,"exposureModerate":false,"zoneLabels":"AE, VE"},"id":14092425922},{"type":"Feature","geometry":{"type":"LineString","coordinates":[[-66.12608134746552,18.44172612854622],[-66.12573266029358,18.441598905171745],[-66.12537324428558,18.4414869485243],[-66.12497627735138,18.441395347576673],[-66.12478852272034,18.441359724972727],[-66.12460613250732,18.441349547084528]]},"properties":{"class":"tertiary","oneway":1,"id":"14/5182/7337/62","source":"OpenFreeMap / OpenStreetMap","exposureHigh":true,"exposureModerate":false,"zoneLabels":"AE"},"id":14092425932},{"type":"Feature","geometry":{"type":"LineString","coordinates":[[-66.11836194992065,18.44154801579559],[-66.11772358417511,18.441771928937968]]},"properties":{"surface":"paved","class":"tertiary","oneway":1,"id":"14/5182/7337/63","source":"OpenFreeMap / OpenStreetMap","exposureHigh":true,"exposureModerate":false,"zoneLabels":"AE"},"id":14095503022},{"type":"Feature","geometry":{"type":"LineString","coordinates":[[-66.11720860004425,18.442321532686663],[-66.1168760061264,18.442652311873147],[-66.11668825149536,18.442794801172624],[-66.11570656299591,18.443441090440174],[-66.11550807952881,18.443558134693177],[-66.1153793334961,18.4436192012283]]},"properties":{"surface":"paved","class":"tertiary","oneway":1,"id":"14/5182/7337/64","source":"OpenFreeMap / OpenStreetMap","exposureHigh":true,"exposureModerate":false,"zoneLabels":"AE, VE"},"id":14095503032},{"type":"Feature","geometry":{"type":"LineString","coordinates":[[-66.11850678920746,18.44189406325627],[-66.11812055110931,18.4420212864122],[-66.11783623695374,18.442067086725274]]},"properties":{"surface":"paved","class":"tertiary","oneway":1,"id":"14/5182/7337/65","source":"OpenFreeMap / OpenStreetMap","exposureHigh":true,"exposureModerate":false,"zoneLabels":"VE"},"id":14095503062},{"type":"Feature","geometry":{"type":"LineString","coordinates":[[-66.11913442611694,18.44169559494493],[-66.11881256103516,18.441787195732502],[-66.11850678920746,18.44189406325627]]},"properties":{"surface":"paved","class":"tertiary","oneway":1,"id":"14/5182/7337/66","source":"OpenFreeMap / OpenStreetMap","exposureHigh":true,"exposureModerate":false,"zoneLabels":"AE, VE"},"id":14095503082},{"type":"Feature","geometry":{"type":"LineString","coordinates":[[-66.1178469657898,18.442123064869108],[-66.11813127994537,18.442072175648192],[-66.11852288246155,18.441939863603253]]},"properties":{"class":"tertiary","oneway":1,"id":"14/5182/7337/67","source":"OpenFreeMap / OpenStreetMap","exposureHigh":true,"exposureModerate":false,"zoneLabels":"VE"},"id":14343358142},{"type":"Feature","geometry":{"type":"LineString","coordinates":[[-66.12114071846008,18.441334280251112],[-66.12047553062439,18.44141570334702],[-66.12033069133759,18.441425881231297],[-66.11978888511658,18.441522571101842]]},"properties":{"surface":"paved","class":"tertiary","oneway":1,"id":"14/5182/7337/68","source":"OpenFreeMap / OpenStreetMap","exposureHigh":true,"exposureModerate":false,"zoneLabels":"AE"},"id":14363511852},{"type":"Feature","geometry":{"type":"LineString","coordinates":[[-66.11724078655243,18.4423673329197],[-66.11737489700317,18.442280821358167],[-66.11755192279816,18.442194309753077],[-66.11769139766693,18.442153598394427],[-66.1178469657898,18.442123064869108]]},"properties":{"class":"tertiary","oneway":1,"id":"14/5182/7337/69","source":"OpenFreeMap / OpenStreetMap","exposureHigh":true,"exposureModerate":false,"zoneLabels":"AE, VE"},"id":14438648682},{"type":"Feature","geometry":{"type":"LineString","coordinates":[[-66.11783623695374,18.442067086725274],[-66.11768066883087,18.44210270918255],[-66.11753046512604,18.44214850947391],[-66.11734807491302,18.442235021102064],[-66.11720860004425,18.442321532686663]]},"properties":{"surface":"paved","class":"tertiary","oneway":1,"id":"14/5182/7337/70","source":"OpenFreeMap / OpenStreetMap","exposureHigh":true,"exposureModerate":false,"zoneLabels":"AE, VE"},"id":14438648702},{"type":"Feature","geometry":{"type":"LineString","coordinates":[[-66.11706912517548,18.4420212864122],[-66.11694574356079,18.44209253133836],[-66.1153793334961,18.44340546826038]]},"properties":{"surface":"paved","class":"tertiary","oneway":1,"id":"14/5182/7337/71","source":"OpenFreeMap / OpenStreetMap","exposureHigh":true,"exposureModerate":false,"zoneLabels":"AE"},"id":14438648722},{"type":"Feature","geometry":{"type":"LineString","coordinates":[[-66.11978888511658,18.441522571101842],[-66.11913442611694,18.44169559494493]]},"properties":{"surface":"paved","class":"tertiary","oneway":1,"id":"14/5182/7337/72","source":"OpenFreeMap / OpenStreetMap","exposureHigh":true,"exposureModerate":false,"zoneLabels":"AE, VE"},"id":14638266662},{"type":"Feature","geometry":{"type":"LineString","coordinates":[[-66.11852288246155,18.441939863603253],[-66.119145154953,18.441746484277388]]},"properties":{"class":"tertiary","oneway":1,"id":"14/5182/7337/73","source":"OpenFreeMap / OpenStreetMap","exposureHigh":true,"exposureModerate":false,"zoneLabels":"VE"},"id":14638266682},{"type":"Feature","geometry":{"type":"LineString","coordinates":[[-66.119145154953,18.441746484277388],[-66.11980497837067,18.441578549423085]]},"properties":{"class":"tertiary","oneway":1,"id":"14/5182/7337/74","source":"OpenFreeMap / OpenStreetMap","exposureHigh":true,"exposureModerate":false,"zoneLabels":"VE"},"id":14664977502},{"type":"Feature","geometry":{"type":"LineString","coordinates":[[-66.11818492412567,18.44109509968372],[-66.1208027601242,18.44016890796283],[-66.12103879451752,18.440097662239054],[-66.12177908420563,18.439848301973228],[-66.12220287322998,18.439736344185164],[-66.12250864505768,18.43969563224414],[-66.1228895187378,18.43966000928782],[-66.1237907409668,18.439456449395834],[-66.12403750419617,18.43942082638995],[-66.12427890300751,18.439400470383262]]},"properties":{"class":"secondary","oneway":1,"id":"14/5182/7337/75","source":"OpenFreeMap / OpenStreetMap","exposureHigh":true,"exposureModerate":false,"zoneLabels":"AE"},"id":221350842},{"type":"Feature","geometry":{"type":"MultiLineString","coordinates":[[[-66.12456321716309,18.43930886832335],[-66.12427890300751,18.439400470383262],[-66.12407505512238,18.43952769538545],[-66.12312018871307,18.439863568938662]],[[-66.11818492412567,18.44109509968372],[-66.11800253391266,18.440682894094763],[-66.11745536327362,18.4393343133449],[-66.11734807491302,18.439090040982606],[-66.11730515956879,18.43901370579819],[-66.11692428588867,18.438041701485076],[-66.11674189567566,18.43759895424256]]]},"properties":{"class":"secondary","id":"14/5182/7337/76","source":"OpenFreeMap / OpenStreetMap","exposureHigh":true,"exposureModerate":false,"zoneLabels":"AE"},"id":221617200},{"type":"Feature","geometry":{"type":"LineString","coordinates":[[-66.12312018871307,18.439863568938662],[-66.12095296382904,18.440642182378014],[-66.1196118593216,18.44109509968372]]},"properties":{"class":"secondary","oneway":1,"id":"14/5182/7337/77","source":"OpenFreeMap / OpenStreetMap","exposureHigh":true,"exposureModerate":false,"zoneLabels":"AE"},"id":3457296072},{"type":"Feature","geometry":{"type":"LineString","coordinates":[[-66.11836194992065,18.44154801579559],[-66.11818492412567,18.44109509968372]]},"properties":{"class":"secondary","oneway":1,"id":"14/5182/7337/78","source":"OpenFreeMap / OpenStreetMap","exposureHigh":true,"exposureModerate":false,"zoneLabels":"AE"},"id":6382083222},{"type":"Feature","geometry":{"type":"LineString","coordinates":[[-66.1196118593216,18.44109509968372],[-66.11898422241211,18.44131392447109]]},"properties":{"surface":"paved","class":"secondary","oneway":1,"id":"14/5182/7337/79","source":"OpenFreeMap / OpenStreetMap","exposureHigh":true,"exposureModerate":false,"zoneLabels":"AE"},"id":6382083232},{"type":"Feature","geometry":{"type":"LineString","coordinates":[[-66.11898422241211,18.44131392447109],[-66.11836194992065,18.44154801579559]]},"properties":{"surface":"paved","class":"secondary","oneway":1,"id":"14/5182/7337/80","source":"OpenFreeMap / OpenStreetMap","exposureHigh":true,"exposureModerate":false,"zoneLabels":"AE"},"id":14095503092},{"type":"Feature","geometry":{"type":"LineString","coordinates":[[-66.12456321716309,18.43930886832335],[-66.12471342086792,18.43936993636872],[-66.12493872642517,18.439583674356584],[-66.12515866756439,18.43975670015206],[-66.12534642219543,18.43988392489051],[-66.12572729587555,18.440112929182348],[-66.1260062456131,18.440240153657058],[-66.12619400024414,18.440291043420572],[-66.12643003463745,18.44033684419483]]},"properties":{"class":"primary","oneway":1,"id":"14/5182/7337/81","source":"OpenFreeMap / OpenStreetMap","exposureHigh":true,"exposureModerate":false,"zoneLabels":"AE, X"},"id":221339142},{"type":"Feature","geometry":{"type":"LineString","coordinates":[[-66.12889230251312,18.43759895424256],[-66.12868309020996,18.437766892986062],[-66.12850606441498,18.43788394110419],[-66.1284202337265,18.437929742519998],[-66.12819492816925,18.438021345315036],[-66.12801253795624,18.43807732477684],[-66.12726151943207,18.438357221812396],[-66.12671434879303,18.43857096105984],[-66.12530887126923,18.43906459592489],[-66.12456321716309,18.43930886832335]]},"properties":{"class":"primary","id":"14/5182/7337/82","source":"OpenFreeMap / OpenStreetMap","exposureHigh":true,"exposureModerate":true,"zoneLabels":"AE, X"},"id":221358802},{"type":"Feature","geometry":{"type":"LineString","coordinates":[[-66.12406969070435,18.43764475573434],[-66.12436473369598,18.438682919607174],[-66.12456321716309,18.43930886832335]]},"properties":{"class":"primary","oneway":1,"id":"14/5182/7337/83","source":"OpenFreeMap / OpenStreetMap","exposureHigh":true,"exposureModerate":false,"zoneLabels":"AE, X"},"id":5061521422},{"type":"Feature","geometry":{"type":"LineString","coordinates":[[-66.12865090370178,18.440611648584095],[-66.12940192222595,18.440789762305386],[-66.12978279590607,18.44090171940711],[-66.13036751747131,18.441105277586985],[-66.13092005252838,18.441324102361406],[-66.13143503665924,18.44156328261002],[-66.13195538520813,18.44183808503783],[-66.13243818283081,18.442123064869108],[-66.13294780254364,18.442464022260452],[-66.13342523574829,18.442820245677936],[-66.133913397789,18.44324262391588],[-66.13454103469849,18.443832933930324]]},"properties":{"class":"motorway","oneway":1,"id":"14/5182/7337/84","source":"OpenFreeMap / OpenStreetMap","exposureHigh":true,"exposureModerate":false,"zoneLabels":"AE"},"id":579474952},{"type":"Feature","geometry":{"type":"LineString","coordinates":[[-66.1365419626236,18.446143265689244],[-66.13579630851746,18.445089880393013],[-66.13536715507507,18.444519930100157],[-66.13508820533752,18.444168799067697],[-66.13465905189514,18.443690445491853],[-66.13405287265778,18.443095046095337],[-66.1336076259613,18.442718467634023],[-66.13301753997803,18.44227573244143],[-66.13249719142914,18.44192459682229],[-66.1320412158966,18.441659972403258],[-66.13147795200348,18.441364813916593],[-66.13096833229065,18.44114090024368],[-66.13044261932373,18.440932253149455],[-66.12986326217651,18.44073378372717],[-66.12950921058655,18.44062691548173],[-66.12886548042297,18.44047933541451],[-66.12790524959564,18.440311399321757]]},"properties":{"class":"motorway","oneway":1,"id":"14/5182/7337/85","source":"OpenFreeMap / OpenStreetMap","exposureHigh":true,"exposureModerate":false,"zoneLabels":"AE, X"},"id":2034815252},{"type":"Feature","geometry":{"type":"LineString","coordinates":[[-66.13713204860687,18.44741546154141],[-66.1380386352539,18.448743623957355]]},"properties":{"class":"motorway","oneway":1,"id":"14/5182/7337/86","source":"OpenFreeMap / OpenStreetMap","exposureHigh":true,"exposureModerate":false,"zoneLabels":"AE"},"id":4214984472},{"type":"Feature","geometry":{"type":"LineString","coordinates":[[-66.1380386352539,18.448372146615057],[-66.13730370998383,18.447283153611806]]},"properties":{"class":"motorway","oneway":1,"id":"14/5182/7337/87","source":"OpenFreeMap / OpenStreetMap","exposureHigh":true,"exposureModerate":false,"zoneLabels":"AE"},"id":4214984482},{"type":"Feature","geometry":{"type":"LineString","coordinates":[[-66.13454103469849,18.443832933930324],[-66.13488972187042,18.444224776526752],[-66.13522231578827,18.44464206246495],[-66.1356246471405,18.44518656820152],[-66.1363273859024,18.446204331305424]]},"properties":{"class":"motorway","oneway":1,"id":"14/5182/7337/88","source":"OpenFreeMap / OpenStreetMap","exposureHigh":true,"exposureModerate":false,"zoneLabels":"AE"},"id":14153792212},{"type":"Feature","geometry":{"type":"LineString","coordinates":[[-66.12612962722778,18.440112929182348],[-66.12664461135864,18.440265598540705],[-66.1271595954895,18.440362289064154],[-66.12851679325104,18.44058111478479],[-66.12865090370178,18.440611648584095]]},"properties":{"class":"motorway","oneway":1,"id":"14/5182/7337/89","source":"OpenFreeMap / OpenStreetMap","exposureHigh":true,"exposureModerate":false,"zoneLabels":"AE, X"},"id":14153792222},{"type":"Feature","geometry":{"type":"LineString","coordinates":[[-66.12790524959564,18.440311399321757],[-66.12659633159637,18.440082395294397],[-66.1264032125473,18.440031505469094],[-66.12619936466217,18.439960259688362]]},"properties":{"class":"motorway","oneway":1,"id":"14/5182/7337/90","source":"OpenFreeMap / OpenStreetMap","exposureHigh":true,"exposureModerate":false,"zoneLabels":"AE, X"},"id":14154044632},{"type":"Feature","geometry":{"type":"LineString","coordinates":[[-66.12420916557312,18.43759895424256],[-66.12421452999115,18.43760404329781]]},"properties":{"class":"motorway","oneway":1,"id":"14/5182/7337/91","source":"OpenFreeMap / OpenStreetMap","exposureHigh":false,"exposureModerate":false,"zoneLabels":"X"},"id":14164383932},{"type":"Feature","geometry":{"type":"LineString","coordinates":[[-66.13603234291077,18.44786327223926],[-66.13591432571411,18.44770552087664]]},"properties":{"class":"tertiary","layer":1,"brunnel":"bridge","id":"14/5182/7337/93","source":"OpenFreeMap / OpenStreetMap","exposureHigh":true,"exposureModerate":false,"zoneLabels":"VE"},"id":5294338872},{"type":"Feature","geometry":{"type":"LineString","coordinates":[[-66.12619936466217,18.439960259688362],[-66.1258989572525,18.439833035006416],[-66.12564146518707,18.43968036526377],[-66.12543225288391,18.439497161393533],[-66.12491190433502,18.438967904671244],[-66.12477779388428,18.438749076896315],[-66.12464904785156,18.43849971467357],[-66.12454175949097,18.438199461721155],[-66.12436473369598,18.43759895424256]]},"properties":{"brunnel":"bridge","class":"motorway","layer":1,"oneway":1,"id":"14/5182/7337/94","source":"OpenFreeMap / OpenStreetMap","exposureHigh":false,"exposureModerate":false,"zoneLabels":"X"},"id":579474662},{"type":"Feature","geometry":{"type":"LineString","coordinates":[[-66.1363273859024,18.446204331305424],[-66.13713204860687,18.44741546154141]]},"properties":{"brunnel":"bridge","surface":"paved","class":"motorway","layer":1,"oneway":1,"id":"14/5182/7337/95","source":"OpenFreeMap / OpenStreetMap","exposureHigh":true,"exposureModerate":false,"zoneLabels":"AE"},"id":579474832},{"type":"Feature","geometry":{"type":"LineString","coordinates":[[-66.12421452999115,18.43760404329781],[-66.1243486404419,18.438174016531576],[-66.12454175949097,18.438667652536836],[-66.12468123435974,18.43892210353212],[-66.12494945526123,18.43929869031369],[-66.12518548965454,18.439532784383587],[-66.12545907497406,18.43975670015206],[-66.12562537193298,18.439863568938662],[-66.12581312656403,18.43996534867368],[-66.12612962722778,18.440112929182348]]},"properties":{"brunnel":"bridge","class":"motorway","layer":1,"oneway":1,"id":"14/5182/7337/96","source":"OpenFreeMap / OpenStreetMap","exposureHigh":false,"exposureModerate":false,"zoneLabels":"X"},"id":579475232},{"type":"Feature","geometry":{"type":"LineString","coordinates":[[-66.13730370998383,18.447283153611806],[-66.1365419626236,18.446143265689244]]},"properties":{"brunnel":"bridge","surface":"paved","class":"motorway","layer":1,"oneway":1,"id":"14/5182/7337/97","source":"OpenFreeMap / OpenStreetMap","exposureHigh":true,"exposureModerate":false,"zoneLabels":"AE"},"id":2034815262},{"type":"Feature","geometry":{"type":"MultiLineString","coordinates":[[[-66.1819839477539,18.43815366037721],[-66.1819839477539,18.438250352088986]],[[-66.18107736110687,18.438250352088986],[-66.18088960647583,18.438072235735603]],[[-66.18110954761505,18.438250352088986],[-66.1814957857132,18.437934831565457],[-66.18167817592621,18.437894119197637],[-66.1819839477539,18.437899208244147]],[[-66.18140459060669,18.437507351222393],[-66.18151187896729,18.435914468676827],[-66.18143141269684,18.43586357761731],[-66.18095934391022,18.435853399403612]],[[-66.18031024932861,18.436906841325467],[-66.1802887916565,18.43740048097048],[-66.18021368980408,18.43747172781248],[-66.17895841598511,18.4374157481534],[-66.17887794971466,18.4373801247245],[-66.17884576320648,18.437313966908377],[-66.17885112762451,18.436947553927155],[-66.17891550064087,18.43688648502102],[-66.18031024932861,18.436906841325467],[-66.18040144443512,18.43583304297438],[-66.18040680885315,18.43531395321446]],[[-66.18035852909088,18.436377576625915],[-66.17894232273102,18.436347042074274],[-66.1788672208786,18.436260527481878],[-66.17887258529663,18.43588902314896],[-66.17896378040314,18.435817775650875],[-66.18040144443512,18.43583304297438]],[[-66.18097007274628,18.43532413146012],[-66.18095934391022,18.435853399403612],[-66.18084669113159,18.437425926274585],[-66.18085741996765,18.437456460634536],[-66.18094325065613,18.437507351222393],[-66.1819839477539,18.43751752933815]],[[-66.18177473545074,18.43533430970517],[-66.18000447750092,18.435303774968204],[-66.17869019508362,18.43529868584484]],[[-66.18058383464813,18.434672722523175],[-66.18063747882843,18.43178206558366]],[[-66.18172109127045,18.434245234066694],[-66.18193030357361,18.432499645169244],[-66.18187665939331,18.43240803943148],[-66.18062674999237,18.432372414964718]],[[-66.18174254894257,18.43399077614737],[-66.18059456348419,18.43397041949754]],[[-66.18180692195892,18.433461502468617],[-66.18060529232025,18.43343605657762]],[[-66.18187129497528,18.432927137966715],[-66.18061602115631,18.43290678119095]],[[-66.18004202842712,18.433390253964347],[-66.1790120601654,18.43336480806279],[-66.17893695831299,18.43341061068287],[-66.17890477180481,18.434672722523175],[-66.17895305156708,18.434743970495887],[-66.18001520633698,18.434769416193262]],[[-66.18000447750092,18.435303774968204],[-66.18005812168121,18.432855889240955],[-66.18007957935333,18.431776976356034]],[[-66.17945730686188,18.43475923791476],[-66.17948412895203,18.433374986423857]],[[-66.1785238981247,18.43419434251294],[-66.17626547813416,18.434158718416384]],[[-66.17684483528137,18.434163807573483],[-66.17683947086334,18.43462692023938],[-66.17689311504364,18.43469307908981],[-66.17843270301819,18.43472870307565],[-66.1785078048706,18.434662544238947],[-66.1785238981247,18.43373631785137],[-66.17846488952637,18.433670158632722],[-66.17691457271576,18.43363962360013],[-66.17685556411743,18.43369051531809],[-66.17684483528137,18.434163807573483]],[[-66.17741346359253,18.435268151101553],[-66.17737054824829,18.437369946600597],[-66.17730617523193,18.4374157481534],[-66.17585241794586,18.4373801247245],[-66.17579877376556,18.437329234098968],[-66.17579877376556,18.43692210855224],[-66.17585241794586,18.436861039637037],[-66.17738127708435,18.43688648502102]],[[-66.1774080991745,18.435822864758862],[-66.17839515209198,18.43584831029652],[-66.17844879627228,18.435914468676827],[-66.17844343185425,18.43629106204888],[-66.1783629655838,18.436372487534356],[-66.17585241794586,18.43630632933035],[-66.17582023143768,18.43626561657676],[-66.17582023143768,18.43586357761731],[-66.17585241794586,18.43580759743446],[-66.1774080991745,18.435822864758862]],[[-66.17190420627594,18.438250352088986],[-66.17159843444824,18.438072235735603],[-66.17142140865326,18.43801625627215],[-66.17111027240753,18.437995900099082],[-66.16812765598297,18.437934831565457],[-66.16790235042572,18.43800607818592],[-66.16754293441772,18.438245263052877],[-66.16749465465546,18.438250352088986]],[[-66.1711049079895,18.438250352088986],[-66.17111027240753,18.437995900099082]],[[-66.17067575454712,18.433125616404183],[-66.16842269897461,18.43307981370819]],[[-66.17290735244751,18.433573464344263],[-66.17562711238861,18.433629445254724],[-66.17568612098694,18.433588731867104],[-66.17570221424103,18.433553107645025],[-66.17572903633118,18.43224518466603],[-66.17570757865906,18.432209560165532],[-66.17567002773285,18.43218411408921],[-66.17517650127411,18.432173935657644],[-66.17467761039734,18.432168846441627],[-66.17464005947113,18.432189203304773],[-66.17461323738098,18.43225536309339],[-66.17458641529083,18.43360908856212]],[[-66.17568075656891,18.434698168231094],[-66.17289125919342,18.434637098525727]],[[-66.17565929889679,18.43523252722754],[-66.17568075656891,18.434698168231094],[-66.17567539215088,18.43419434251294],[-66.17558419704437,18.434138361786438],[-66.17298245429993,18.434087470201078],[-66.17289662361145,18.43414345094415],[-66.17289125919342,18.434637098525727],[-66.17286443710327,18.43517654683913],[-66.17048799991608,18.435135833817938]],[[-66.17514431476593,18.43361926690872],[-66.17518186569214,18.431639567153468]],[[-66.17488145828247,18.43129349904558],[-66.17527842521667,18.430743860030702],[-66.17586314678192,18.429990648156448],[-66.17723107337952,18.428321356027013],[-66.17768704891205,18.42784804768783],[-66.17784798145294,18.42755795483599]],[[-66.17376565933228,18.430713324478333],[-66.17431819438934,18.431105196988355]],[[-66.17127120494843,18.43155305019181],[-66.17127120494843,18.431283320561278],[-66.17135167121887,18.431084839996842]],[[-66.17171108722687,18.431130643224364],[-66.17238163948059,18.429960112470326],[-66.17451131343842,18.426799639631],[-66.17492973804474,18.4260464104795]],[[-66.17178082466125,18.43100341200669],[-66.17077767848969,18.43046903986432],[-66.17041826248169,18.430306183262147],[-66.17035388946533,18.430331629616404],[-66.170294880867,18.43043850426315]],[[-66.1713194847107,18.43115100021045],[-66.1712497472763,18.431120464730412]],[[-66.17128193378448,18.430738770772336],[-66.17190420627594,18.429649666020268],[-66.1726176738739,18.428438410576632],[-66.17321848869324,18.427491793239838]],[[-66.17077767848969,18.43046903986432],[-66.17139458656311,18.429344308309467]],[[-66.17275714874268,18.431100107740704],[-66.17202758789062,18.430591182214712]],[[-66.17323458194733,18.430550468107555],[-66.17293953895569,18.430937251736296],[-66.17275714874268,18.431100107740704],[-66.17266058921814,18.43123751737444]],[[-66.17106199264526,18.429125468283132],[-66.17179155349731,18.427898941120134]],[[-66.17107808589935,18.42797528124038],[-66.17061138153076,18.42769027795191],[-66.17019295692444,18.427405274191088],[-66.16990864276886,18.427298397659]],[[-66.1726176738739,18.428438410576632],[-66.17044508457184,18.427013393248714],[-66.16999447345734,18.426850533373596]],[[-66.17292881011963,18.427949834537387],[-66.17068111896515,18.426509545010575],[-66.17026805877686,18.4263466846583],[-66.17008566856384,18.42632632710344]],[[-66.17415189743042,18.42810251469878],[-66.1730307340622,18.429517344412176]],[[-66.1745274066925,18.428377338647664],[-66.17582559585571,18.426764014002217],[-66.17596507072449,18.426565528221047]],[[-66.1746883392334,18.428499482483957],[-66.17343306541443,18.430056808791107],[-66.17327749729156,18.430178951434357]],[[-66.17574512958527,18.429257790192807],[-66.17444157600403,18.430804931119127]],[[-66.17723107337952,18.428321356027013],[-66.17688238620758,18.428107604035148]],[[-66.17768704891205,18.42784804768783],[-66.17811620235443,18.428173765394362]],[[-66.1777138710022,18.4296751124717],[-66.17826104164124,18.43001100527752]],[[-66.1772096157074,18.430331629616404],[-66.17380321025848,18.42784804768783],[-66.17321848869324,18.427491793239838],[-66.17188274860382,18.426621511413288],[-66.17107272148132,18.426082036256943],[-66.17074012756348,18.425914086098686],[-66.17018759250641,18.425756314588483]],[[-66.17636740207672,18.43139019461644],[-66.17606163024902,18.431334212976793],[-66.17586314678192,18.431191714175398],[-66.17527842521667,18.430743860030702]],[[-66.1774617433548,18.43166501331038],[-66.17742955684662,18.43303401099999],[-66.17735981941223,18.433105259651924],[-66.17719352245331,18.433105259651924],[-66.17693603038788,18.43309508127487],[-66.17687165737152,18.43303401099999],[-66.17689847946167,18.43165483484806]],[[-66.1780196428299,18.431675191772086],[-66.17799282073975,18.433059456950488],[-66.17806792259216,18.433120527216346],[-66.17849171161652,18.433125616404183],[-66.17855072021484,18.43305436776069],[-66.17857217788696,18.431736262529697],[-66.17850244045258,18.431685370233197],[-66.17689847946167,18.43165483484806],[-66.17632448673248,18.43166501331038],[-66.17072403430939,18.431547960957417]],[[-66.17885112762451,18.431751530215692],[-66.18195176124573,18.431812600946174]],[[-66.17798209190369,18.43133930221751],[-66.17897987365723,18.4301026122925]],[[-66.17901742458344,18.4301229694003],[-66.17969870567322,18.429273058098914]],[[-66.18009030818939,18.43045377206441],[-66.18064820766449,18.42969546963012],[-66.18082523345947,18.429471540754875],[-66.18106663227081,18.42913564689519]],[[-66.17925882339478,18.431359659178895],[-66.18001520633698,18.430433414995775]],[[-66.18006885051727,18.43232152285654],[-66.17901742458344,18.43230116600904],[-66.17895305156708,18.432352058123243],[-66.17894768714905,18.432586161654527],[-66.17894768714905,18.432774462089654],[-66.17901742458344,18.43283553245675],[-66.18005812168121,18.432855889240955]],[[-66.18149042129517,18.431156089456593],[-66.18182301521301,18.430718413737438],[-66.1819839477539,18.430540289579255]],[[-66.1819839477539,18.430835466655196],[-66.18176937103271,18.43078457409206],[-66.18009030818939,18.43045377206441],[-66.17943048477173,18.4303163618043],[-66.17897987365723,18.4301026122925],[-66.17794990539551,18.42936466550705]],[[-66.18114709854126,18.430056808791107],[-66.18131875991821,18.429858326810773],[-66.1812973022461,18.42980234467231],[-66.18082523345947,18.429471540754875]],[[-66.1819839477539,18.42960895169017],[-66.1796772480011,18.42842823192332],[-66.17952167987823,18.42836207066202],[-66.17930173873901,18.428316266696967],[-66.17895305156708,18.428153408055792],[-66.17837369441986,18.42783277965519],[-66.17676436901093,18.42699303577274],[-66.17596507072449,18.426565528221047],[-66.17492973804474,18.4260464104795],[-66.1745434999466,18.425837745063433],[-66.17426455020905,18.425669794666604],[-66.17364227771759,18.425308446287076],[-66.17303609848022,18.424936918288353],[-66.17144286632538,18.42391393978852],[-66.17059528827667,18.42489111341102],[-66.17041826248169,18.425176121338467],[-66.17026805877686,18.425491665278628],[-66.17016613483429,18.425832655659875],[-66.16999447345734,18.426850533373596],[-66.16990864276886,18.427298397659],[-66.1697906255722,18.42780224358586],[-66.16977453231812,18.42810251469878],[-66.16986572742462,18.42830099870592],[-66.17001056671143,18.42846385720732],[-66.17056846618652,18.42884046690105],[-66.17106199264526,18.429125468283132],[-66.17139458656311,18.429344308309467],[-66.17190420627594,18.429649666020268],[-66.17238163948059,18.429960112470326],[-66.17365837097168,18.430845645166016]],[[-66.1819839477539,18.429323951109467],[-66.18166744709015,18.42933412970976],[-66.18157088756561,18.42939520129893]],[[-66.18064820766449,18.42969546963012],[-66.1802190542221,18.429385022702235],[-66.18000984191895,18.429293415304954]],[[-66.18172645568848,18.426718209611522],[-66.1810290813446,18.42674874587334],[-66.18066430091858,18.42675892462607],[-66.1804872751236,18.426753835249784],[-66.18002593517303,18.426779282129743],[-66.17962896823883,18.426850533373596],[-66.17949485778809,18.426860712120316],[-66.17932856082916,18.426850533373596],[-66.17915153503418,18.426911605844836],[-66.17890477180481,18.42712535932337]],[[-66.1819839477539,18.426361952822887],[-66.18171036243439,18.4263466846583]],[[-66.18168890476227,18.42603623168459],[-66.17937684059143,18.426148198395467],[-66.17871165275574,18.42617364536504],[-66.17837905883789,18.42621436050854],[-66.17833077907562,18.42624998625118],[-66.17790162563324,18.426764014002217],[-66.17744565010071,18.42734420189518]],[[-66.18164598941803,18.425664705258086],[-66.1819839477539,18.425664705258086]],[[-66.18162989616394,18.425496754692276],[-66.18154406547546,18.425415324055862],[-66.18132948875427,18.42539496639074],[-66.17977380752563,18.425476397036775],[-66.17856681346893,18.425517112345347],[-66.17793381214142,18.42557818529012],[-66.17786943912506,18.425613811164553]],[[-66.17977380752563,18.425476397036775],[-66.17976307868958,18.42482495078889]],[[-66.17697894573212,18.426473919321694],[-66.17743492126465,18.425842834466835],[-66.17773532867432,18.42546621820813]],[[-66.17856681346893,18.425517112345347],[-66.17851316928864,18.42483004022226]],[[-66.17731153964996,18.424875845115864],[-66.17720425128937,18.424962365437153],[-66.17688238620758,18.42557818529012],[-66.17673754692078,18.4257614039943],[-66.17635667324066,18.426148198395467]],[[-66.17715060710907,18.423460977215754],[-66.17698967456818,18.42352205089064],[-66.17694675922394,18.42351187194633],[-66.17664635181427,18.423664556047726]],[[-66.1763995885849,18.422977476524096],[-66.17653369903564,18.422840060290042],[-66.17673218250275,18.42258049599282],[-66.17689847946167,18.42244307944162],[-66.17703795433044,18.42235655785305]],[[-66.17638349533081,18.422631390983923],[-66.17626547813416,18.422529600986664],[-66.17613673210144,18.422468526959378]],[[-66.17988109588623,18.424804593053878],[-66.17976307868958,18.42482495078889],[-66.17935001850128,18.42483004022226],[-66.17933392524719,18.424565389487043]],[[-66.18069648742676,18.42480968248786],[-66.18061602115631,18.42477914588173],[-66.18027806282043,18.424753698705814],[-66.18019223213196,18.42461119445113],[-66.18009030818939,18.42449413729645],[-66.18000447750092,18.42415823371462]],[[-66.18162989616394,18.424799503619752],[-66.18162989616394,18.425496754692276],[-66.18168890476227,18.42603623168459],[-66.18175864219666,18.42724750404895],[-66.18172109127045,18.427400184833928],[-66.18171036243439,18.4275172400106],[-66.1817318201065,18.428351892004187],[-66.1819839477539,18.428346802675037]],[[-66.1819839477539,18.423567856132564],[-66.18181765079498,18.423639108706894],[-66.18142604827881,18.423679824450403],[-66.18120074272156,18.424086981355345],[-66.18102371692657,18.4245094056255],[-66.18069648742676,18.42480968248786],[-66.18045508861542,18.425140495373356],[-66.18034780025482,18.425445860549033]],[[-66.1819839477539,18.419516589789055],[-66.18005275726318,18.419313006048128]],[[-66.18184447288513,18.417109196634343],[-66.18081986904144,18.417002313704884],[-66.180739402771,18.417032851691502],[-66.18059456348419,18.41820856005515]],[[-66.18058919906616,18.417297514015146],[-66.18013322353363,18.41718554154329],[-66.17810547351837,18.417333141604573],[-66.17710769176483,18.41739421745494],[-66.17667317390442,18.417445113980378],[-66.17594361305237,18.417501100140967],[-66.17506384849548,18.41755199663477],[-66.17434501647949,18.41757235522809],[-66.17352426052094,18.417725044601113],[-66.17339015007019,18.417755582459478]],[[-66.18048191070557,18.41819838079644],[-66.18059456348419,18.41820856005515],[-66.1819839477539,18.41835615923884]],[[-66.17829322814941,18.41731787263859],[-66.17845416069031,18.416752919944628]],[[-66.17810547351837,18.417333141604573],[-66.17813766002655,18.416758009616814]],[[-66.17741346359253,18.418345979988857],[-66.17914617061615,18.418244187455898]],[[-66.1771023273468,18.417521458740282],[-66.17695748806,18.4181627533862],[-66.17695748806,18.418407055479705]],[[-66.17885112762451,18.42089077373899],[-66.17859363555908,18.420844967784177],[-66.17834687232971,18.420834788681447],[-66.17768168449402,18.420839878232883],[-66.17763340473175,18.42082460957812],[-66.17734372615814,18.42048869883037]],[[-66.17763340473175,18.42082460957812],[-66.17761194705963,18.420850057335315],[-66.17756366729736,18.42108926606892],[-66.17768704891205,18.42123686278117],[-66.17774069309235,18.421252131399342],[-66.17798209190369,18.42128775816981],[-66.17817521095276,18.421374280295964],[-66.17829859256744,18.421379369831428],[-66.17855072021484,18.4212470418601],[-66.17867946624756,18.421216504621484],[-66.17873311042786,18.421282668631633],[-66.1787760257721,18.42136919076033]],[[-66.1780196428299,18.421852695972618],[-66.17790699005127,18.421725457890616],[-66.1770111322403,18.421430265177932]],[[-66.17669999599457,18.42192903877664],[-66.17624402046204,18.421705099788767]],[[-66.17594361305237,18.417501100140967],[-66.17592751979828,18.417857375281486],[-66.17606163024902,18.41789809239343],[-66.17613136768341,18.41803042294069]],[[-66.17503702640533,18.418340890363638],[-66.17506384849548,18.41755199663477],[-66.17506384849548,18.416752919944628]],[[-66.17377638816833,18.418300173356485],[-66.17384076118469,18.418544475254876],[-66.17386758327484,18.418590281822205],[-66.17389440536499,18.41859537144005],[-66.17429673671722,18.4185292063964],[-66.17431819438934,18.41851393753656],[-66.1743289232254,18.418493579054655],[-66.17434501647949,18.41757235522809]],[[-66.17234945297241,18.41853938563554],[-66.17075622081757,18.41875823913142]],[[-66.17208123207092,18.417496010490765],[-66.17058992385864,18.417704686025886]],[[-66.17221534252167,18.4180100644016],[-66.17067575454712,18.418234008199306]],[[-66.17307364940643,18.420295295375055],[-66.17305755615234,18.420173145712297]],[[-66.17324531078339,18.42096202742225],[-66.17372274398804,18.420437803205317],[-66.17376029491425,18.42037672843537],[-66.1737871170044,18.42025966839904],[-66.17378175258636,18.420096802129024]],[[-66.17237091064453,18.420478519706577],[-66.17260158061981,18.42024948926168],[-66.17305755615234,18.420173145712297],[-66.17378175258636,18.420096802129024],[-66.17437183856964,18.420000100208256],[-66.17449522018433,18.41995429401628],[-66.17459714412689,18.41989321907468],[-66.17469370365143,18.41980669620365]],[[-66.1723279953003,18.42190359117906],[-66.17156088352203,18.421282668631633],[-66.17150723934174,18.42125722093843],[-66.17137312889099,18.421262310477374],[-66.17109417915344,18.421303026783477],[-66.1710512638092,18.42131829539578],[-66.17098152637482,18.421364101224555],[-66.17052018642426,18.422020650096755]],[[-66.17146968841553,18.421964665406932],[-66.17136776447296,18.421888322618713]],[[-66.17068648338318,18.422773896878923],[-66.16921663284302,18.421827248363755],[-66.16910934448242,18.42185778549394],[-66.16884112358093,18.422229320143757]],[[-66.17107272148132,18.422376915877805],[-66.16900205612183,18.421048549712225]],[[-66.17079377174377,18.423486424582904],[-66.16844415664673,18.4219748444428],[-66.16841197013855,18.4218985016591],[-66.16925418376923,18.420682102068284],[-66.16925418376923,18.420432713641986]],[[-66.17192566394806,18.424224396593218],[-66.17208123207092,18.424020818423884],[-66.17235481739044,18.423776524302596],[-66.17282688617706,18.423389724567627],[-66.17298781871796,18.423216682299312],[-66.17315411567688,18.422941850103598],[-66.1732828617096,18.422351468346477],[-66.17336332798004,18.421705099788767],[-66.17380857467651,18.42114525104364],[-66.17418944835663,18.420814430474195]],[[-66.17486536502838,18.424621373330382],[-66.1736798286438,18.423954655466957],[-66.17282688617706,18.423389724567627]],[[-66.17462396621704,18.42384777679048],[-66.17399096488953,18.423471156163075],[-66.17315411567688,18.422941850103598]],[[-66.1745810508728,18.425140495373356],[-66.17335796356201,18.424443242856512],[-66.17235481739044,18.423776524302596]],[[-66.17469370365143,18.424952186578082],[-66.17548763751984,18.42535425105325]],[[-66.17416262626648,18.42731875509881],[-66.17352426052094,18.426952320813612],[-66.17283225059509,18.426540081309454],[-66.1721670627594,18.426127840817088],[-66.1711049079895,18.425501844105753],[-66.17041826248169,18.425176121338467]],[[-66.17352426052094,18.426952320813612],[-66.17426455020905,18.425669794666604],[-66.17469370365143,18.424952186578082],[-66.17486536502838,18.424621373330382],[-66.17485463619232,18.424417795630916],[-66.17430210113525,18.423013102937247],[-66.1742377281189,18.422931671124942],[-66.1732828617096,18.422351468346477]],[[-66.17283225059509,18.426540081309454],[-66.17345452308655,18.42552729117098],[-66.17364227771759,18.425308446287076]],[[-66.17303609848022,18.424936918288353],[-66.17399096488953,18.423471156163075],[-66.17430210113525,18.423013102937247]],[[-66.1716091632843,18.425791940426024],[-66.17204368114471,18.42505906456826],[-66.17198467254639,18.424962365437153],[-66.17107808589935,18.42434145393149]],[[-66.1711049079895,18.425501844105753],[-66.17161452770233,18.4247028043427]],[[-66.1685836315155,18.424906381704815],[-66.16836369037628,18.424687536030817],[-66.16832077503204,18.424489047853143],[-66.16834223270416,18.4243770800621],[-66.16938292980194,18.423221771780263]],[[-66.16801500320435,18.4260464104795],[-66.16790771484375,18.42545094996403],[-66.16766095161438,18.423857955714908]],[[-66.16707623004913,18.426524813160697],[-66.1659175157547,18.426692762722524],[-66.16585314273834,18.426779282129743],[-66.16589069366455,18.42695741018403],[-66.16621255874634,18.427537597424504],[-66.16627156734467,18.427624116406676],[-66.16633594036102,18.42763429510761],[-66.16714060306549,18.427079555028897],[-66.16715669631958,18.427003214511032],[-66.16702795028687,18.42618382415182]],[[-66.16547226905823,18.42639757853496],[-66.16801500320435,18.4260464104795],[-66.16828322410583,18.425954801303618],[-66.16848170757294,18.425832655659875],[-66.16986572742462,18.424351632826713],[-66.17038071155548,18.42391393978852],[-66.1723279953003,18.42190359117906],[-66.17268741130829,18.421552413948078],[-66.17275714874268,18.421445533778936],[-66.17280006408691,18.421338653543415],[-66.17282152175903,18.42123686278117],[-66.17282688617706,18.421140161501242],[-66.17279469966888,18.42095184832644],[-66.17271959781647,18.42080425136966],[-66.17237091064453,18.420478519706577],[-66.17201149463654,18.420178235283302],[-66.1717700958252,18.420091712555603],[-66.1704933643341,18.420254578830438],[-66.16783261299133,18.420631206500445],[-66.16758584976196,18.420727908066468],[-66.16741418838501,18.420895863288777],[-66.16733908653259,18.421063818347108],[-66.16731762886047,18.4212470418601],[-66.16750001907349,18.422468526959378],[-66.1674839258194,18.42261612248818],[-66.16740882396698,18.42278916536067],[-66.16727471351624,18.422936760614334],[-66.16710305213928,18.423028371397763],[-66.1664217710495,18.42314034006678],[-66.16495728492737,18.423354098232508]],[[-66.16646468639374,18.426616422032936],[-66.16650223731995,18.426819997129854]],[[-66.16634130477905,18.426280522596144],[-66.16593360900879,18.423644198175353],[-66.16585850715637,18.42357803507356],[-66.16545617580414,18.423628929769507],[-66.16538643836975,18.423705271785195],[-66.16572976112366,18.425949711903527],[-66.16580486297607,18.426000605897656],[-66.1673229932785,18.4257868510211],[-66.1673766374588,18.425700331114584],[-66.16710841655731,18.423939387088666]],[[-66.16684019565582,18.425858102676145],[-66.1664217710495,18.42314034006678],[-66.1663681268692,18.42279934434775]],[[-66.16756975650787,18.426107483236322],[-66.16759657859802,18.426295790766602],[-66.16764485836029,18.426463740552094],[-66.16771996021271,18.426590975128875]],[[-66.16581559181213,18.42287568673163],[-66.1656653881073,18.421557503478283]],[[-66.16845488548279,18.422626301485508],[-66.16797745227814,18.42314542954999],[-66.16776287555695,18.4232828455401],[-66.1664754152298,18.423486424582904]],[[-66.16892695426941,18.42292658163541],[-66.16823494434357,18.423634019238293],[-66.1679881811142,18.423771434838045],[-66.16766095161438,18.423857955714908],[-66.16655588150024,18.424010639509092]],[[-66.17014467716217,18.42370018231854],[-66.16938292980194,18.423221771780263],[-66.16811692714691,18.42240745291042]],[[-66.1703109741211,18.42317596644618],[-66.17134094238281,18.42209699282624],[-66.17189347743988,18.421542234887212],[-66.17219924926758,18.42120632554075],[-66.17222607135773,18.421135071958687],[-66.17218852043152,18.42106890789178],[-66.17178082466125,18.42075335583796],[-66.17170572280884,18.420717728956802],[-66.17162525653839,18.420697370735695],[-66.17152333259583,18.420702460291196],[-66.17057919502258,18.420834788681447]],[[-66.16986572742462,18.423527140362566],[-66.16814911365509,18.425369519305946],[-66.16790771484375,18.42545094996403]],[[-66.1700588464737,18.421725457890616],[-66.17051482200623,18.42107399743628],[-66.17056846618652,18.42096202742225],[-66.17057919502258,18.420834788681447],[-66.1704933643341,18.420254578830438]],[[-66.16960287094116,18.421430265177932],[-66.16988182067871,18.421033281075978],[-66.16991400718689,18.420906042387884]],[[-66.16973161697388,18.42093149013303],[-66.1701500415802,18.42087041553836]],[[-66.16968333721161,18.419150138881918],[-66.16938292980194,18.417165182904213],[-66.16940438747406,18.417088837986228],[-66.16990864276886,18.416941237715378],[-66.1704021692276,18.416829265011657],[-66.1704933643341,18.416839444351368]],[[-66.16943120956421,18.41747565188841],[-66.16917908191681,18.41751127944093],[-66.16888403892517,18.41751636909069]],[[-66.16893231868744,18.417099017310576],[-66.1686909198761,18.417078658661254],[-66.16819202899933,18.417139734601975],[-66.16724252700806,18.41739930710817],[-66.16593897342682,18.417414576066932]],[[-66.16855144500732,18.419598023217972],[-66.16840660572052,18.418676805304997],[-66.16834223270416,18.418580102586077],[-66.16818130016327,18.418473220570334]],[[-66.16737127304077,18.419460604284325],[-66.16775751113892,18.419007629985032],[-66.16818130016327,18.418473220570334],[-66.16850316524506,18.41808640891084],[-66.16891086101532,18.4180100644016]],[[-66.16685092449188,18.4193740811957],[-66.16667926311493,18.41950132101684],[-66.16632521152496,18.41967436702258],[-66.16618037223816,18.419699814949922],[-66.16464078426361,18.419587844041473],[-66.16453349590302,18.419526768969774],[-66.16447985172272,18.419440245914444],[-66.16436719894409,18.41897200274235],[-66.16420090198517,18.418478310191645],[-66.16400241851807,18.41807114001169],[-66.16397559642792,18.417918450945777]],[[-66.16775751113892,18.419007629985032],[-66.16789162158966,18.419099242860867]],[[-66.16758048534393,18.417307693327174],[-66.16752684116364,18.417241527788335],[-66.16741955280304,18.416798726988915],[-66.16742491722107,18.416752919944628]],[[-66.16679191589355,18.417083748323805],[-66.16682946681976,18.416752919944628]],[[-66.16627156734467,18.4181627533862],[-66.16620719432831,18.41819838079644],[-66.16556346416473,18.41870225337989]],[[-66.16637349128723,18.417088837986228],[-66.16594433784485,18.417088837986228]],[[-66.16620719432831,18.417088837986228],[-66.16625010967255,18.416752919944628]],[[-66.16584777832031,18.417088837986228],[-66.1654132604599,18.417093927648466]],[[-66.16563320159912,18.417093927648466],[-66.16567611694336,18.416752919944628]],[[-66.16634130477905,18.418773507969576],[-66.16706013679504,18.419628560743874]],[[-66.16618573665619,18.418890569017123],[-66.16634130477905,18.418773507969576],[-66.16649150848389,18.418656446842377]],[[-66.16632521152496,18.41967436702258],[-66.16621792316437,18.41948096265179],[-66.16556346416473,18.41870225337989],[-66.16537570953369,18.418498668675355],[-66.1652147769928,18.418432503594502],[-66.16431891918182,18.418437593217007],[-66.16420090198517,18.418478310191645]],[[-66.16533279418945,18.4193893499792],[-66.16539180278778,18.419338454028917]],[[-66.16543471813202,18.4193893499792],[-66.16513431072235,18.419038167615724],[-66.1650162935257,18.418966913135662],[-66.16436719894409,18.41897200274235]],[[-66.16700649261475,18.42162875688537],[-66.16713523864746,18.42250924297997],[-66.16705477237701,18.42266192797136],[-66.16694748401642,18.422717912434265],[-66.16534888744354,18.422941850103598],[-66.165252327919,18.422865507749066],[-66.16512894630432,18.421715278839997],[-66.16518795490265,18.42165420452359],[-66.1656653881073,18.421557503478283],[-66.16611063480377,18.42148116050936],[-66.16618037223816,18.421496429105858],[-66.16620182991028,18.42151678723239],[-66.16623938083649,18.42167456263148],[-66.16631984710693,18.421725457890616],[-66.16736590862274,18.421582951127064]],[[-66.16709232330322,18.422158066985432],[-66.16575121879578,18.422341289332905]],[[-66.16262376308441,18.420157876998346],[-66.16232872009277,18.418961823528804],[-66.16205513477325,18.41845795170552]],[[-66.16251111030579,18.419689635779434],[-66.16291344165802,18.41955221691896],[-66.16296708583832,18.419491141834612],[-66.1628383398056,18.41892110666859],[-66.16269886493683,18.41859537144005],[-66.16273105144501,18.4184884894338],[-66.16301536560059,18.418340890363638],[-66.16312265396118,18.418345979988857],[-66.16325676441193,18.418600461057736],[-66.16335332393646,18.418900748234876],[-66.16349279880524,18.419516589789055],[-66.16343379020691,18.419776158709368],[-66.1632513999939,18.419939025282915],[-66.16262376308441,18.420157876998346],[-66.16213023662567,18.4202647579675],[-66.16163671016693,18.42034619104227],[-66.15967869758606,18.420626116942827]],[[-66.16491973400116,18.417541817337224],[-66.16495192050934,18.417216079497393],[-66.16500556468964,18.417180451883752],[-66.16524696350098,18.41717027256422]],[[-66.16515040397644,18.417175362224043],[-66.16517186164856,18.416976865378558],[-66.16530060768127,18.416813996000954],[-66.1653220653534,18.416752919944628]],[[-66.16459250450134,18.417546906986075],[-66.16459250450134,18.41790318203175]],[[-66.16372883319855,18.417994795495673],[-66.16397559642792,18.417918450945777],[-66.16459250450134,18.41790318203175],[-66.16554200649261,18.41789809239343],[-66.16564929485321,18.417964257679785],[-66.16598725318909,18.418366338488212]],[[-66.16363763809204,18.417165182904213],[-66.16341769695282,18.417272065732504]],[[-66.16351962089539,18.417226258814225],[-66.16325676441193,18.416752919944628]],[[-66.16133630275726,18.419195945287996],[-66.16140067577362,18.41934354362462],[-66.16163671016693,18.42034619104227]],[[-66.16177082061768,18.41818311190724],[-66.16097152233124,18.416752919944628]],[[-66.16029560565948,18.41739930710817],[-66.16088032722473,18.418447772461576],[-66.16094470024109,18.418478310191645],[-66.16106808185577,18.418697163765216]],[[-66.15967869758606,18.417424755372025],[-66.1595231294632,18.41714482426272]],[[-66.16011321544647,18.41820347042588],[-66.15980207920074,18.417648699931533]],[[-66.15974843502045,18.419022898801046],[-66.15996301174164,18.419414797948704]],[[-66.15978598594666,18.419002540379395],[-66.15963578224182,18.418732791064798]],[[-66.16056382656097,18.418931285884554],[-66.16044580936432,18.418727701451033],[-66.16038680076599,18.418692074150385],[-66.16023659706116,18.418432503594502]],[[-66.16213023662567,18.4202647579675],[-66.1618834733963,18.419231572484293],[-66.16180300712585,18.419033078010983],[-66.16171181201935,18.419007629985032],[-66.16090714931488,18.419414797948704],[-66.16086423397064,18.419470783468356],[-66.16107881069183,18.42042253451487]],[[-66.16467297077179,18.423399903519154],[-66.16479635238647,18.423379545615475]],[[-66.1637556552887,18.42485039795426],[-66.1642438173294,18.424784235316466],[-66.16428136825562,18.42479441418547],[-66.1643135547638,18.42483004022226],[-66.1645495891571,18.42630596954615],[-66.16453349590302,18.42637722098611],[-66.16450130939484,18.426402667921792],[-66.16346597671509,18.426550260074535],[-66.16327822208405,18.42649936624308],[-66.16315484046936,18.426402667921792],[-66.16305828094482,18.42623980746832],[-66.16307437419891,18.426122751422113],[-66.16313338279724,18.426071857464137],[-66.1631977558136,18.42603623168459],[-66.16385221481323,18.425944622503295],[-66.16390585899353,18.425903907295933],[-66.16390585899353,18.425822476852318],[-66.1637556552887,18.42485039795426],[-66.16260766983032,18.425003080867413],[-66.16247355937958,18.425043796288023],[-66.16240382194519,18.42510486940087]],[[-66.16384148597717,18.42539496639074],[-66.16300463676453,18.425506933519117],[-66.16258084774017,18.425715599336556],[-66.16198003292084,18.426056589273813],[-66.16196930408478,18.426071857464137],[-66.16167962551117,18.42623980746832]],[[-66.16412580013275,18.427257682772165],[-66.16345524787903,18.427334023177067],[-66.1630368232727,18.427252593410643],[-66.16279006004333,18.427130448688672],[-66.16260766983032,18.426987946403386],[-66.1622804403305,18.426529902543763],[-66.16142213344574,18.42515067422127]],[[-66.1613255739212,18.4275019719486],[-66.16180300712585,18.427440899687028]],[[-66.16125047206879,18.426977767664198],[-66.16165816783905,18.426921784587947]],[[-66.16166353225708,18.427003214511032],[-66.16165816783905,18.426865801493435],[-66.16162598133087,18.42666731582976]],[[-66.16117537021637,18.426423025467628],[-66.16135239601135,18.427705545997185],[-66.16139531135559,18.427883673092026],[-66.16144895553589,18.428026174635036],[-66.16153478622437,18.428168676059954],[-66.16164207458496,18.428306088036422],[-66.16178154945374,18.428443499903082],[-66.1619371175766,18.428545286400194],[-66.16212487220764,18.428641983516627],[-66.16236627101898,18.428713233988674],[-66.16266131401062,18.428769216481726],[-66.16386830806732,18.42895752109729],[-66.16398096084595,18.428916806603283]],[[-66.16159379482269,18.4262907013766],[-66.16148114204407,18.426356863434847],[-66.16117537021637,18.426423025467628],[-66.16061747074127,18.426489187474985],[-66.16111636161804,18.42990921964808],[-66.16210877895355,18.42990921964808],[-66.1623340845108,18.429878683947493],[-66.16257548332214,18.429787076813213],[-66.16293489933014,18.42956314805727],[-66.16305828094482,18.429441004976567],[-66.16315484046936,18.429323951109467],[-66.16320312023163,18.4291865399464],[-66.16326212882996,18.428860824158292]],[[-66.1622804403305,18.426529902543763],[-66.16273641586304,18.4262907013766],[-66.16279542446136,18.426321237714333],[-66.16302073001862,18.426626600793497],[-66.16322994232178,18.426753835249784],[-66.16354644298553,18.42679455025592],[-66.16452813148499,18.426662226450745],[-66.1646032333374,18.426702941478553],[-66.16488754749298,18.42851475045738]],[[-66.16223216056824,18.425532380583576],[-66.16228580474854,18.425501844105753],[-66.16200685501099,18.425079422273157],[-66.16072475910187,18.425242283825483],[-66.1605852842331,18.425267730929107],[-66.16053700447083,18.425338982799218],[-66.16059064865112,18.425741046370135],[-66.16064965724945,18.4257868510211],[-66.16072475910187,18.4257868510211],[-66.16110026836395,18.42573595696372],[-66.16119146347046,18.425822476852318],[-66.16125047206879,18.425924264900814],[-66.16131484508514,18.42603623168459]],[[-66.16117000579834,18.425964980103345],[-66.16125047206879,18.425924264900814]],[[-66.16178154945374,18.427522329364308],[-66.16181910037994,18.427369648687787]],[[-66.16212487220764,18.428641983516627],[-66.16208732128143,18.42872850194314],[-66.16203367710114,18.428794663063442],[-66.16194784641266,18.428835377586367],[-66.16095542907715,18.42882519895653]],[[-66.16364300251007,18.428280641382386],[-66.16371810436249,18.428270462719738]],[[-66.16266131401062,18.428769216481726],[-66.16261839866638,18.42904912867354],[-66.16257548332214,18.42913564689519],[-66.1624950170517,18.42920180785883],[-66.16230726242065,18.429323951109467],[-66.16215705871582,18.42936466550705],[-66.1610358953476,18.42935448690858]],[[-66.16365909576416,18.427863315719108],[-66.16373419761658,18.42835698133318]],[[-66.16421163082123,18.427786975549154],[-66.16365909576416,18.427863315719108],[-66.16322994232178,18.42784804768783],[-66.16286516189575,18.42776152881831],[-66.16259157657623,18.427639384457848],[-66.16231799125671,18.427456167754457],[-66.16223752498627,18.427547776130552]],[[-66.16482853889465,18.42814831872076],[-66.16430819034576,18.428199212064214],[-66.16426527500153,18.428143229385597],[-66.1640453338623,18.426728388366058]],[[-66.1664754152298,18.429878683947493],[-66.16696894168854,18.43024002272344],[-66.16733908653259,18.430413057924724],[-66.16786479949951,18.430514843255892],[-66.16850316524506,18.430667521139654],[-66.16934537887573,18.430881269949154],[-66.16987645626068,18.430901626964754]],[[-66.16699039936066,18.42835698133318],[-66.16729617118835,18.428784484431205],[-66.16789162158966,18.42959368381389],[-66.16832613945007,18.42999573743694],[-66.16917908191681,18.43048939692875],[-66.16955995559692,18.4307235029964],[-66.16984963417053,18.430265469087487],[-66.17025196552277,18.429878683947493],[-66.17069721221924,18.429206897162686]],[[-66.16861045360565,18.42780224358586],[-66.16902887821198,18.42742563161825],[-66.16964042186737,18.426835265252393],[-66.1696457862854,18.42678946088067],[-66.16961359977722,18.42672329898886],[-66.16925418376923,18.426417936081407],[-66.16949021816254,18.42616855597143]],[[-66.16939902305603,18.427924387830657],[-66.16902887821198,18.42742563161825]],[[-66.17001056671143,18.42846385720732],[-66.17020905017853,18.428280641382386],[-66.17061138153076,18.42769027795191]],[[-66.17056846618652,18.42884046690105],[-66.17107808589935,18.42797528124038],[-66.1713194847107,18.427588490948708],[-66.1721670627594,18.426127840817088],[-66.17293417453766,18.424865666251677]],[[-66.17055237293243,18.42942573708538],[-66.16926491260529,18.428657251477404],[-66.16861045360565,18.42780224358586],[-66.16822957992554,18.427384916761525]],[[-66.17025196552277,18.429878683947493],[-66.16897523403168,18.429125468283132],[-66.16876065731049,18.428921895915565],[-66.16822421550751,18.428199212064214],[-66.16811156272888,18.428204301397713],[-66.16774678230286,18.428479125183912],[-66.16729617118835,18.428784484431205]],[[-66.16832613945007,18.42999573743694],[-66.16806864738464,18.430311272533288],[-66.16798281669617,18.43035707596688],[-66.16789698600769,18.430336718886792],[-66.16755902767181,18.430041540954605],[-66.16702795028687,18.429374844104956],[-66.1668348312378,18.42928832600367],[-66.16659879684448,18.42930359390705]],[[-66.16913616657257,18.431161178702595],[-66.16905570030212,18.43117135719413]],[[-66.16984963417053,18.430265469087487],[-66.16865873336792,18.42956823735041],[-66.16839587688446,18.42933412970976],[-66.16812765598297,18.429018592820213],[-66.16774678230286,18.428479125183912]],[[-66.17016613483429,18.430977965751865],[-66.17016077041626,18.43130876677091]],[[-66.1691415309906,18.431736262529697],[-66.16903424263,18.431044126006597]],[[-66.16859972476959,18.431812600946174],[-66.16846561431885,18.431033947507515],[-66.16814911365509,18.430937251736296],[-66.16789162158966,18.430911805471666],[-66.16733908653259,18.43095251949326],[-66.1667811870575,18.431008501257196],[-66.16622865200043,18.431089929244962]],[[-66.1675375699997,18.43266758889503],[-66.16620182991028,18.432723570100492]],[[-66.16733908653259,18.43095251949326],[-66.16751611232758,18.432133221925298],[-66.1675375699997,18.43266758889503],[-66.16750538349152,18.434260501529863],[-66.16751074790955,18.43472361393526],[-66.16746246814728,18.434805040163283],[-66.16693675518036,18.434805040163283],[-66.16641104221344,18.43478977274846],[-66.16615355014801,18.4347745053323]],[[-66.16789162158966,18.430911805471666],[-66.16804718971252,18.431832957851526],[-66.16813838481903,18.43187367165497],[-66.16947948932648,18.43169554869371]],[[-66.16685628890991,18.43015859433318],[-66.1666738986969,18.4301229694003],[-66.16641104221344,18.43004663023359],[-66.16621255874634,18.430041540954605],[-66.1662232875824,18.430224754903207],[-66.16616427898407,18.43057082516235],[-66.16622865200043,18.431089929244962],[-66.16638958454132,18.432128132708073],[-66.16644322872162,18.432189203304773]],[[-66.1667811870575,18.431008501257196],[-66.16695284843445,18.432163757225453]],[[-66.16522550582886,18.430769306320173],[-66.1652684211731,18.43078457409206],[-66.16534352302551,18.431247695861458],[-66.1655205488205,18.432555626429405],[-66.16549909114838,18.43369560448906]],[[-66.16534352302551,18.431247695861458],[-66.16500556468964,18.43131385601238],[-66.16464078426361,18.431527604018328],[-66.1646032333374,18.431593764061546],[-66.16483926773071,18.432067062089672],[-66.16493582725525,18.432433485474633],[-66.1649626493454,18.432703213300613],[-66.16494119167328,18.433680336975698]],[[-66.16617500782013,18.432204470950566],[-66.16644322872162,18.432189203304773],[-66.16751611232758,18.432133221925298]],[[-66.16640567779541,18.433710872001043],[-66.1664217710495,18.432713391700858]],[[-66.1657190322876,18.433705782830543],[-66.16494119167328,18.433680336975698],[-66.16326749324799,18.433644712772605],[-66.16271495819092,18.433644712772605],[-66.16190493106842,18.43372105034163],[-66.16160452365875,18.43373631785137]],[[-66.16564929485321,18.434718524794732],[-66.16569757461548,18.435105299045716],[-66.16567075252533,18.435171457712002],[-66.1651611328125,18.435252883727884],[-66.16349816322327,18.435425913883506]],[[-66.16638958454132,18.43478977274846],[-66.16637885570526,18.435181635966103]],[[-66.16693139076233,18.435283418473887],[-66.16693675518036,18.434805040163283]],[[-66.16780579090118,18.435166368584746],[-66.16775751113892,18.437146027722278],[-66.1677896976471,18.437196918402066],[-66.16783797740936,18.437227452802688],[-66.1721670627594,18.43730887784453],[-66.17223680019379,18.437227452802688],[-66.17224216461182,18.43678470346255],[-66.17226898670197,18.436280883860476],[-66.17226898670197,18.43580759743446],[-66.17220461368561,18.435721082570524],[-66.17066502571106,18.43568545879036],[-66.1706006526947,18.435721082570524],[-66.17057383060455,18.436214725621227],[-66.1705631017685,18.436657476429687],[-66.17062747478485,18.436738901741563],[-66.17224216461182,18.43678470346255]],[[-66.16750538349152,18.434260501529863],[-66.16620719432831,18.434235055757142]],[[-66.16695821285248,18.43372105034163],[-66.16697430610657,18.432693034899785]],[[-66.16841733455658,18.433308827066142],[-66.16843342781067,18.43261160767132],[-66.168492436409,18.432555626429405],[-66.17012858390808,18.432581072450716]],[[-66.16807401180267,18.433746496190437],[-66.16695821285248,18.43372105034163],[-66.16619110107422,18.433715961171416]],[[-66.16856753826141,18.433929706190682],[-66.16996765136719,18.433955152008608]],[[-66.17002665996552,18.43342078904122],[-66.17010712623596,18.433425878220163],[-66.17013931274414,18.43228589837186],[-66.17018759250641,18.432265541520138]],[[-66.16996228694916,18.434118005154104],[-66.16997301578522,18.43377703120403]],[[-66.17001056671143,18.43521725985069],[-66.16978526115417,18.435212170724768],[-66.16931855678558,18.435186725092933],[-66.16928100585938,18.435130744689616],[-66.1692863702774,18.43489664462369],[-66.1693024635315,18.43470834651322]],[[-66.1692863702774,18.43489664462369],[-66.16880357265472,18.434876288081142],[-66.16858899593353,18.4347745053323],[-66.16855144500732,18.43471343565406],[-66.16856753826141,18.433929706190682],[-66.16856753826141,18.43373631785137]],[[-66.16806328296661,18.434387730336965],[-66.16856217384338,18.434392819487286],[-66.16976380348206,18.434433532684466],[-66.16980135440826,18.434494602462166],[-66.16978526115417,18.435212170724768]],[[-66.16805791854858,18.4347745053323],[-66.16807401180267,18.433746496190437],[-66.16809010505676,18.433507305062932],[-66.16802036762238,18.43341061068287]],[[-66.16899132728577,18.435675280566116],[-66.16890549659729,18.435675280566116]],[[-66.16890549659729,18.435568409175005],[-66.16887867450714,18.43666256551282],[-66.1687982082367,18.436708367254127],[-66.16776823997498,18.43668801092616]],[[-66.17057383060455,18.436214725621227],[-66.17226898670197,18.436280883860476],[-66.17284834384918,18.436280883860476],[-66.1734277009964,18.436296151142855],[-66.17561638355255,18.436316507517233],[-66.17570221424103,18.436250349291683],[-66.17570757865906,18.43586357761731],[-66.17561101913452,18.435782151890763],[-66.17351353168488,18.435741439013015],[-66.17343306541443,18.43580759743446],[-66.1734277009964,18.436296151142855],[-66.1734277009964,18.43682541609317],[-66.17561638355255,18.436850861482398],[-66.17568612098694,18.43693737577763],[-66.17567002773285,18.437303788780554],[-66.17555737495422,18.4373801247245],[-66.17345988750458,18.43733432316219],[-66.17340087890625,18.437257987197924],[-66.1734277009964,18.43682541609317]],[[-66.16999983787537,18.436759258063503],[-66.16953313350677,18.43674907990284],[-66.16949021816254,18.43672363449852],[-66.16946339607239,18.43668801092616],[-66.16946876049042,18.43583304297438]],[[-66.1699891090393,18.43726307626325],[-66.17002129554749,18.43568545879036]],[[-66.16942584514618,18.438250352088986],[-66.16943120956421,18.437960276790434]],[[-66.1683315038681,18.436703278172374],[-66.16835832595825,18.435105299045716]],[[-66.16718351840973,18.438250352088986],[-66.16718888282776,18.437313966908377],[-66.167231798172,18.43547680507261]],[[-66.1677896976471,18.435736349902612],[-66.167231798172,18.435726171681367]],[[-66.16719961166382,18.436509892953595],[-66.16622865200043,18.436479358425473]],[[-66.16686165332794,18.436499714778165],[-66.16685628890991,18.43673381266069]],[[-66.16665780544281,18.436494625690216],[-66.16666853427887,18.436006072545965]],[[-66.16635203361511,18.436484447513877],[-66.16634130477905,18.437039157245707]],[[-66.16548836231232,18.435838132081912],[-66.16547763347626,18.435629478549487]],[[-66.16522014141083,18.43630632933035],[-66.16527915000916,18.436703278172374],[-66.1653059720993,18.436774525303377]],[[-66.16506457328796,18.437746536783465],[-66.16422772407532,18.43783305062783]],[[-66.16456031799316,18.437079869816046],[-66.16502702236176,18.43703406817373]],[[-66.16435110569,18.438250352088986],[-66.16430819034576,18.43782287253076]],[[-66.16382002830505,18.438250352088986],[-66.16377174854279,18.437878852057224]],[[-66.16365373134613,18.437894119197637],[-66.16388976573944,18.437868673962853]],[[-66.16311192512512,18.43757859802008],[-66.16256475448608,18.437649844788226],[-66.16126656532288,18.43783305062783]],[[-66.16256475448608,18.437649844788226],[-66.16263449192047,18.438097680940245]],[[-66.16361618041992,18.436484447513877],[-66.16522014141083,18.43630632933035],[-66.16567075252533,18.436250349291683],[-66.16568148136139,18.43633177479643]],[[-66.16245210170746,18.436591318335388],[-66.16187810897827,18.436693100008384]],[[-66.16298317909241,18.43551751801303],[-66.16302609443665,18.43596535972128],[-66.1629992723465,18.436016250750654]],[[-66.16405606269836,18.435369933558107],[-66.16398096084595,18.434718524794732]],[[-66.1641526222229,18.43589411225483],[-66.16356253623962,18.435950092409527],[-66.1629992723465,18.436016250750654],[-66.16237163543701,18.43606714176495],[-66.16136848926544,18.436204547428304],[-66.16127729415894,18.436250349291683],[-66.16126120090485,18.436316507517233],[-66.16138994693756,18.437191829334765],[-66.16149187088013,18.43726307626325],[-66.16247355937958,18.43712058237675],[-66.16251647472382,18.437044246317527],[-66.16237163543701,18.43606714176495]],[[-66.1641526222229,18.436423378443166],[-66.1642438173294,18.43711549330719]],[[-66.16417944431305,18.436128210962224],[-66.16414189338684,18.435792330108683]],[[-66.16468906402588,18.43636230935077],[-66.1647641658783,18.437059513532077]],[[-66.16475343704224,18.436357220258756],[-66.16455495357513,18.43472870307565]],[[-66.16469442844391,18.43583304297438],[-66.16548299789429,18.43576179545309]],[[-66.1651611328125,18.435252883727884],[-66.1651074886322,18.43473379221588]],[[-66.16502165794373,18.43472870307565],[-66.16522550582886,18.43473379221588]],[[-66.16471588611603,18.43473379221588],[-66.16437792778015,18.43472870307565]],[[-66.16387367248535,18.434718524794732],[-66.16407215595245,18.43472361393526]],[[-66.16381466388702,18.43418925335675],[-66.16384148597717,18.432631964482056],[-66.16378247737885,18.432413128640405],[-66.16362154483795,18.43214340035928],[-66.16332650184631,18.431690459463525]],[[-66.16438329219818,18.433665069460986],[-66.16439938545227,18.432672678096267],[-66.16435647010803,18.43238259338453],[-66.16424918174744,18.432097597401594],[-66.16349816322327,18.43095251949326]],[[-66.16326749324799,18.433644712772605],[-66.1632889509201,18.43268285649833]],[[-66.16271495819092,18.433644712772605],[-66.16265058517456,18.432911870385112],[-66.1626935005188,18.432728659300096],[-66.16362154483795,18.43214340035928]],[[-66.16342306137085,18.434738881355955],[-66.16369664669037,18.437181651199708]],[[-66.16295099258423,18.43478977274846],[-66.16295635700226,18.43472361393526]],[[-66.16224825382233,18.43475923791476],[-66.16295635700226,18.43472361393526],[-66.16305828094482,18.43472870307565]],[[-66.16219997406006,18.434224877447008],[-66.1622804403305,18.435186725092933],[-66.16232872009277,18.435268151101553],[-66.16295099258423,18.43523252722754]],[[-66.16174399852753,18.435375022679352],[-66.16164743900299,18.434270679837894],[-66.16288125514984,18.43416889673044],[-66.16568684577942,18.434224877447008]],[[-66.1620283126831,18.437726180578466],[-66.16209805011749,18.438174016531576]],[[-66.16156697273254,18.438250352088986],[-66.16149723529816,18.4378025163348]],[[-66.15954995155334,18.419811785785498],[-66.1593246459961,18.419404618761362]],[[-66.1595070362091,18.418503758295913],[-66.1593246459961,18.418178022277203]],[[-66.1593246459961,18.417241527788335],[-66.1600112915039,18.41689543070902]],[[-66.15993618965149,18.416752919944628],[-66.1600112915039,18.41689543070902],[-66.16016685962677,18.417175362224043]],[[-66.15971088409424,18.417048120682765],[-66.15954995155334,18.416752919944628]],[[-66.1603331565857,18.416752919944628],[-66.16128265857697,18.418432503594502]],[[-66.16159915924072,18.416752919944628],[-66.16225898265839,18.417938809495737],[-66.16244673728943,18.41825436671192]],[[-66.16223216056824,18.416752919944628],[-66.16270422935486,18.41758762417149],[-66.16271495819092,18.41765887922277],[-66.16267204284668,18.417725044601113],[-66.16128265857697,18.418432503594502],[-66.16119146347046,18.4184833998128]],[[-66.16734445095062,18.417053210346225],[-66.16679191589355,18.417083748323805],[-66.16657733917236,18.417088837986228]],[[-66.16800963878632,18.416844534020996],[-66.16802036762238,18.416752919944628]],[[-66.16824567317963,18.416813996000954],[-66.16800963878632,18.416844534020996],[-66.16756439208984,18.416981955044122]],[[-66.16865336894989,18.416752919944628],[-66.16833686828613,18.416798726988915]],[[-66.16859972476959,18.416758009616814],[-66.16859972476959,18.416752919944628]],[[-66.16988718509674,18.416752919944628],[-66.16990864276886,18.416941237715378],[-66.17018759250641,18.418768418357004],[-66.17017149925232,18.41882440408699],[-66.17012321949005,18.41884985214007],[-66.1696457862854,18.41892110666859]],[[-66.17054164409637,18.416752919944628],[-66.1704933643341,18.416839444351368],[-66.1705094575882,18.417175362224043],[-66.17083132266998,18.41928755806356]],[[-66.17194712162018,18.416976865378558],[-66.17234945297241,18.41853938563554],[-66.17243528366089,18.419063615637185]],[[-66.1725640296936,18.416885251372634],[-66.1705094575882,18.417175362224043]],[[-66.17253184318542,18.416752919944628],[-66.1725640296936,18.416885251372634],[-66.17311120033264,18.41888547940802],[-66.17310583591461,18.41892110666859],[-66.17308437824249,18.418956733921803],[-66.1730307340622,18.4189821819553],[-66.17083132266998,18.41928755806356],[-66.1691415309906,18.419511500198468],[-66.16775214672089,18.419709994119813],[-66.16759657859802,18.41967436702258],[-66.16750538349152,18.419613291981605],[-66.16584777832031,18.41765887922277],[-66.1655580997467,18.417536727688216],[-66.16459250450134,18.417546906986075],[-66.16385757923126,18.41757235522809],[-66.16341769695282,18.41776576174439],[-66.16316020488739,18.417893002754965],[-66.16023659706116,18.41938426038486],[-66.16020977497101,18.419435156321597],[-66.1603331565857,18.41969472536475],[-66.16052091121674,18.42049887795359]],[[-66.17326140403748,18.416752919944628],[-66.17352426052094,18.417725044601113]],[[-66.1743825674057,18.416752919944628],[-66.1743825674057,18.41681908567135],[-66.17433965206146,18.417012493034363],[-66.17422163486481,18.417068479335697],[-66.17406606674194,18.417048120682765],[-66.1739856004715,18.416971775712824],[-66.17391049861908,18.416783457975498]],[[-66.17720425128937,18.416793637317937],[-66.1768501996994,18.416768188960745]],[[-66.18129193782806,18.417048120682765],[-66.18115246295929,18.418264545967318]],[[-66.1818927526474,18.416752919944628],[-66.18170499801636,18.418325621487085]]]},"properties":{"class":"minor","id":"14/5180/7338/27","source":"OpenFreeMap / OpenStreetMap","exposureHigh":false,"exposureModerate":true,"zoneLabels":"X"},"id":221119680},{"type":"Feature","geometry":{"type":"MultiLineString","coordinates":[[[-66.17290735244751,18.433573464344263],[-66.17293417453766,18.432123043490705]],[[-66.17402851581573,18.433593821041086],[-66.17405533790588,18.432224827809492],[-66.17403388023376,18.432179024873506],[-66.17396414279938,18.43214340035928],[-66.17349207401276,18.432138311142353],[-66.17070257663727,18.432077240527576]],[[-66.17347061634064,18.433583642692966],[-66.17349207401276,18.432138311142353]],[[-66.17321312427521,18.432128132708073],[-66.17323458194733,18.431598853294588],[-66.17327749729156,18.431359659178895],[-66.17365837097168,18.430845645166016],[-66.17676436901093,18.42699303577274]],[[-66.17237627506256,18.432112865055515],[-66.17233335971832,18.433833012048225],[-66.17224752902985,18.433899171204203],[-66.17186665534973,18.43389408203926],[-66.17178082466125,18.43381265537971],[-66.17181837558746,18.432097597401594]],[[-66.1712658405304,18.432092508183317],[-66.17120683193207,18.43381774454707],[-66.17111027240753,18.43387372537798],[-66.1707454919815,18.433868636212296],[-66.17068111896515,18.43383810121496],[-66.17067575454712,18.433125616404183],[-66.17070257663727,18.432077240527576],[-66.17072403430939,18.431547960957417],[-66.17072403430939,18.43115100021045],[-66.17067575454712,18.431039036757127],[-66.1705631017685,18.430988144254243],[-66.17016613483429,18.430977965751865],[-66.16987645626068,18.430901626964754],[-66.16965651512146,18.43078457409206]],[[-66.16925418376923,18.426417936081407],[-66.16822957992554,18.427384916761525],[-66.16769850254059,18.427812422276233],[-66.16699039936066,18.42835698133318],[-66.16671681404114,18.428504571808574],[-66.16657197475433,18.42871832330698],[-66.16653978824615,18.42891171729086],[-66.16659879684448,18.42930359390705],[-66.16660952568054,18.429649666020268],[-66.1664754152298,18.429878683947493],[-66.16621255874634,18.430041540954605],[-66.16502165794373,18.430168772884073],[-66.16452276706696,18.43035198669709],[-66.16349816322327,18.43095251949326],[-66.16208732128143,18.43180751171947],[-66.16187274456024,18.43200090222861],[-66.16169571876526,18.43224518466603],[-66.16156697273254,18.432565804838376],[-66.16152942180634,18.43283553245675],[-66.16164743900299,18.434270679837894]],[[-66.16044580936432,18.417674148158497],[-66.1593246459961,18.41823909782768]],[[-66.16088032722473,18.418447772461576],[-66.15935683250427,18.419221393286108],[-66.1593246459961,18.419221393286108]],[[-66.16035461425781,18.4193231852409],[-66.1593246459961,18.41748583118988]],[[-66.16211950778961,18.423705271785195],[-66.16211414337158,18.42382741893981],[-66.16212487220764,18.424260022748086],[-66.16211414337158,18.424489047853143],[-66.16212487220764,18.424865666251677],[-66.16216242313385,18.425028528006422],[-66.1630368232727,18.426458651167053],[-66.16317629814148,18.42658079636618],[-66.1633425951004,18.426657137071587],[-66.16357326507568,18.426672405208606],[-66.16527915000916,18.42642811485372]],[[-66.1642974615097,18.43711549330719],[-66.16405606269836,18.437125671446154]],[[-66.16317629814148,18.437660022895543],[-66.16318702697754,18.43779742728543],[-66.16324603557587,18.438250352088986]],[[-66.1629992723465,18.436016250750654],[-66.16297781467438,18.436092587266444],[-66.16306900978088,18.436774525303377],[-66.16319239139557,18.437512440280344]],[[-66.16357326507568,18.43472361393526],[-66.1632513999939,18.43475923791476]],[[-66.16215705871582,18.43369560448906],[-66.16208732128143,18.432825354063738],[-66.16219460964203,18.432484377549656],[-66.1624413728714,18.43222991702386],[-66.16468369960785,18.430871091440437],[-66.16488754749298,18.43078966334906],[-66.16515040397644,18.430733681513843],[-66.16522550582886,18.430769306320173]],[[-66.16189420223236,18.43678470346255],[-66.16185665130615,18.436591318335388]]]},"properties":{"surface":"paved","class":"minor","id":"14/5180/7338/35","source":"OpenFreeMap / OpenStreetMap","exposureHigh":false,"exposureModerate":true,"zoneLabels":"X"},"id":221224880},{"type":"Feature","geometry":{"type":"MultiLineString","coordinates":[[[-66.17885649204254,18.431456354712537],[-66.17879211902618,18.434382641186488],[-66.17869019508362,18.43529868584484],[-66.176238656044,18.435242705478004],[-66.17286443710327,18.43517654683913],[-66.17284834384918,18.436280883860476],[-66.17281079292297,18.437634577626113],[-66.172816157341,18.438250352088986]],[[-66.17976307868958,18.428229748063046],[-66.1796236038208,18.427985459920507],[-66.17910861968994,18.42739000611914],[-66.17890477180481,18.42712535932337],[-66.1780571937561,18.425842834466835],[-66.17747783660889,18.42514558479739],[-66.17677509784698,18.423985192219476],[-66.17645859718323,18.423226861261085],[-66.17636203765869,18.422819702320098],[-66.17638349533081,18.422631390983923],[-66.17649614810944,18.42228021523877],[-66.17669999599457,18.42192903877664],[-66.1770111322403,18.421430265177932],[-66.1772632598877,18.42088568418906],[-66.17734372615814,18.42048869883037],[-66.17740273475647,18.4202647579675],[-66.1775690317154,18.419933935704833],[-66.17761194705963,18.41975071079331],[-66.17760121822357,18.419598023217972]],[[-66.1819839477539,18.427171163605635],[-66.18175864219666,18.42724750404895],[-66.18124902248383,18.427547776130552],[-66.18062138557434,18.427868405062554],[-66.17976307868958,18.428229748063046],[-66.17873311042786,18.428794663063442],[-66.17858827114105,18.428865913472222],[-66.17837905883789,18.428988056961458],[-66.17794990539551,18.42936466550705],[-66.1772096157074,18.430331629616404],[-66.17636740207672,18.43139019461644],[-66.17632448673248,18.43166501331038],[-66.176238656044,18.435242705478004]],[[-66.17755830287933,18.419246841280454],[-66.17741346359253,18.418345979988857],[-66.17716133594513,18.41778103067061],[-66.1771023273468,18.417521458740282],[-66.17710769176483,18.41739421745494],[-66.17721498012543,18.416752919944628]],[[-66.1691415309906,18.419511500198468],[-66.16886794567108,18.41770977566992],[-66.16888403892517,18.41751636909069],[-66.16897523403168,18.416752919944628]],[[-66.16326749324799,18.437609132352904],[-66.16326749324799,18.437573508964064],[-66.1632513999939,18.437542974624932],[-66.16322457790375,18.437522618395818],[-66.16319239139557,18.437512440280344],[-66.16313874721527,18.437532796510666],[-66.16311192512512,18.43757859802008],[-66.16311728954315,18.43761422140784],[-66.16313874721527,18.43764475573434],[-66.16317629814148,18.437660022895543],[-66.16321384906769,18.437660022895543],[-66.16324603557587,18.437639666680298],[-66.16326749324799,18.437609132352904]]]},"properties":{"class":"tertiary","id":"14/5180/7338/58","source":"OpenFreeMap / OpenStreetMap","exposureHigh":false,"exposureModerate":true,"zoneLabels":"X"},"id":221220100},{"type":"Feature","geometry":{"type":"LineString","coordinates":[[-66.16528987884521,18.437293610652134],[-66.16516649723053,18.437303788780554],[-66.1642974615097,18.437436104395175],[-66.1632513999939,18.437542974624932]]},"properties":{"surface":"paved","class":"tertiary","oneway":1,"id":"14/5180/7338/59","source":"OpenFreeMap / OpenStreetMap","exposureHigh":false,"exposureModerate":true,"zoneLabels":"X"},"id":221351672},{"type":"Feature","geometry":{"type":"LineString","coordinates":[[-66.16324603557587,18.437639666680298],[-66.16428136825562,18.437527707453313],[-66.16518259048462,18.437405570031615],[-66.16524696350098,18.437405570031615]]},"properties":{"surface":"paved","class":"tertiary","oneway":1,"id":"14/5180/7338/61","source":"OpenFreeMap / OpenStreetMap","exposureHigh":false,"exposureModerate":true,"zoneLabels":"X"},"id":604491772},{"type":"Feature","geometry":{"type":"LineString","coordinates":[[-66.16538643836975,18.429125468283132],[-66.16549909114838,18.430112790846692],[-66.16583168506622,18.43224518466603],[-66.16585850715637,18.432677767297378],[-66.16576731204987,18.437110404237472]]},"properties":{"class":"primary","oneway":1,"id":"14/5180/7338/88","source":"OpenFreeMap / OpenStreetMap","exposureHigh":false,"exposureModerate":true,"zoneLabels":"X"},"id":604491882},{"type":"Feature","geometry":{"type":"LineString","coordinates":[[-66.16599261760712,18.4369780883721],[-66.16608381271362,18.432672678096267],[-66.16605699062347,18.432224827809492],[-66.16572976112366,18.430092433737684],[-66.16554200649261,18.429074575213832]]},"properties":{"class":"primary","oneway":1,"id":"14/5180/7338/102","source":"OpenFreeMap / OpenStreetMap","exposureHigh":false,"exposureModerate":true,"zoneLabels":"X"},"id":14343235382},{"type":"Feature","geometry":{"type":"LineString","coordinates":[[-66.16167962551117,18.42623980746832],[-66.16159379482269,18.4262907013766]]},"properties":{"class":"minor","layer":1,"brunnel":"bridge","id":"14/5180/7338/114","source":"OpenFreeMap / OpenStreetMap","exposureHigh":false,"exposureModerate":true,"zoneLabels":"X"},"id":10335724812},{"type":"Feature","geometry":{"type":"MultiLineString","coordinates":[[[-66.1160659790039,18.438779611021175],[-66.11562609672546,18.43893737057985]],[[-66.11227333545685,18.44166506133824],[-66.11221432685852,18.442123064869108]],[[-66.09649121761322,18.450351653596755],[-66.09580993652344,18.451135308154107],[-66.09518229961395,18.450621353296043],[-66.09592258930206,18.449852962471113]],[[-66.09452784061432,18.451104776225307],[-66.09454393386841,18.451043712351435],[-66.09458684921265,18.450972471137817],[-66.09457612037659,18.450911407216893],[-66.09380900859833,18.450234613972825],[-66.09354078769684,18.4498275190075],[-66.09349250793457,18.449613793764414],[-66.09348177909851,18.449303382818613],[-66.0934066772461,18.4490133261819]],[[-66.09615862369537,18.453308149812784],[-66.09598696231842,18.45351169329038],[-66.09599232673645,18.45355749053958],[-66.09621226787567,18.453730502259674],[-66.09649121761322,18.45343536451456],[-66.09664142131805,18.453252175314148]],[[-66.09653949737549,18.452575391295625],[-66.09628736972809,18.452305694665256],[-66.09660923480988,18.452097061132292],[-66.0967218875885,18.452005465842632],[-66.09766066074371,18.45094193918007]],[[-66.09660923480988,18.453547313374145],[-66.09649121761322,18.45343536451456]],[[-66.09756410121918,18.45294177094509],[-66.09714567661285,18.45340483299472]],[[-66.09721004962921,18.452626277404804],[-66.09686136245728,18.452972302547252]],[[-66.09890520572662,18.45351169329038],[-66.09688818454742,18.451817186482685]],[[-66.09908759593964,18.453282706861117],[-66.09704375267029,18.451639084195406]],[[-66.09898030757904,18.45209197250638],[-66.09928607940674,18.45174085695362]],[[-66.09865844249725,18.45181209784846],[-66.09893202781677,18.45152204544891]],[[-66.09829902648926,18.45150677951959],[-66.09855115413666,18.45120146064785]],[[-66.09793424606323,18.45119128334278],[-66.09818637371063,18.450901229894654]],[[-66.10290169715881,18.452895973531653],[-66.10245108604431,18.453415010168598],[-66.10234916210175,18.453420098755316],[-66.101855635643,18.453002834144]],[[-66.10259592533112,18.453252175314148],[-66.10151767730713,18.452387112560558],[-66.10186100006104,18.452025820355672]],[[-66.10161423683167,18.45328779545177],[-66.10050916671753,18.454549761272773],[-66.10037505626678,18.45473803763639]],[[-66.10093295574188,18.452768758430267],[-66.09905004501343,18.454844897102276]],[[-66.1006486415863,18.4524990621036],[-66.09865844249725,18.45464644375555],[-66.09853506088257,18.45464644375555],[-66.09822928905487,18.45435639614385],[-66.09792351722717,18.45411214514344],[-66.09829902648926,18.453598199195284],[-66.09839022159576,18.453598199195284],[-66.0990822315216,18.454193562182184]],[[-66.10008001327515,18.452041086238864],[-66.1006486415863,18.4524990621036],[-66.10093295574188,18.452768758430267],[-66.10161423683167,18.45328779545177],[-66.1020165681839,18.453664350740212],[-66.10208094120026,18.45383227377829],[-66.10208094120026,18.453959488091726],[-66.10210239887238,18.454198650745823],[-66.10211849212646,18.454264802059413],[-66.10205411911011,18.4545904696932],[-66.10204339027405,18.454722771992977]],[[-66.09940946102142,18.452885796327024],[-66.09744608402252,18.451186194690024],[-66.09587967395782,18.44981225292753],[-66.09452784061432,18.448657115606935],[-66.09474241733551,18.448417945234922],[-66.09766066074371,18.45094193918007],[-66.09793424606323,18.45119128334278],[-66.09930753707886,18.452371846708147],[-66.09962403774261,18.452621188794566]],[[-66.09925389289856,18.45307916311208],[-66.0972797870636,18.45137956338901]],[[-66.09977960586548,18.454799100196468],[-66.10132455825806,18.453068985918307]],[[-66.09957039356232,18.45525706870484],[-66.09952747821808,18.45511967828058],[-66.09946310520172,18.45501790752509]],[[-66.10014975070953,18.45576083265304],[-66.10007464885712,18.455180740704947],[-66.09924852848053,18.455302865488477]],[[-66.10179662704468,18.454315687667915],[-66.10117971897125,18.454366573261325],[-66.10097050666809,18.454376750378216],[-66.10074520111084,18.454280067743554]],[[-66.10217213630676,18.4547075063482],[-66.10227942466736,18.454483610068948],[-66.10229015350342,18.454412370282498],[-66.10226333141327,18.45435639614385],[-66.10211849212646,18.454264802059413]],[[-66.1026656627655,18.45464135520517],[-66.10274612903595,18.454503964288236],[-66.10298752784729,18.454463255847273],[-66.10296070575714,18.454091790877712]],[[-66.10284268856049,18.454488698624004],[-66.10278367996216,18.454117233709496]],[[-66.10311627388,18.454585381141186],[-66.10315918922424,18.454437813066775],[-66.10310018062592,18.454086702310917],[-66.10309481620789,18.454000196652117],[-66.10310554504395,18.453867893795547],[-66.10319137573242,18.453689793635334],[-66.10349714756012,18.453343769938783]],[[-66.10314846038818,18.454381838936413],[-66.10321819782257,18.454366573261325],[-66.10323965549469,18.454458167291477],[-66.10376000404358,18.45439201605238],[-66.10373318195343,18.454213916435847],[-66.10321283340454,18.454280067743554],[-66.10321819782257,18.454366573261325]],[[-66.10310018062592,18.454086702310917],[-66.10303044319153,18.454086702310917],[-66.10259056091309,18.4541375879722],[-66.10239744186401,18.453979842373116],[-66.1023759841919,18.453954399520995],[-66.10236525535583,18.453847539500885]],[[-66.10294997692108,18.453918779521686],[-66.10242426395416,18.454005285221484]],[[-66.10296607017517,18.453730502259674],[-66.10296070575714,18.45365926216074],[-66.1028641462326,18.453562579122078],[-66.10250473022461,18.453608376357707]],[[-66.10390484333038,18.45361855351952],[-66.10406577587128,18.453470984614157],[-66.10384047031403,18.45327252967941],[-66.10367953777313,18.453415010168598]],[[-66.10297679901123,18.457979411844263],[-66.1029714345932,18.457908173508457],[-66.10290706157684,18.45791326196199],[-66.10288560390472,18.45768428140343],[-66.10303580760956,18.457669016021995],[-66.10305190086365,18.457903085054767],[-66.1029714345932,18.457908173508457]],[[-66.10173761844635,18.45765883910029],[-66.10172688961029,18.45749600827091]],[[-66.09979569911957,18.4577199006215],[-66.0998010635376,18.457852200509564],[-66.09976887702942,18.458101534636853]],[[-66.09977960586548,18.45906833701177],[-66.09980642795563,18.458686705145865]],[[-66.09866380691528,18.458147330661703],[-66.09849750995636,18.458126976874382]],[[-66.09850287437439,18.457862377419815],[-66.09851896762848,18.45794379268004],[-66.09847605228424,18.458330514638845],[-66.0984867811203,18.45836613372279],[-66.09852433204651,18.458396664360308],[-66.09923779964447,18.458483167803777],[-66.0992968082428,18.45847807936714],[-66.09935581684113,18.458111711532325],[-66.09917879104614,18.458106623084674],[-66.0991895198822,18.45794379268004],[-66.09869062900543,18.4579946771981],[-66.09863698482513,18.45830507243147],[-66.099151968956,18.45835595684241],[-66.09917879104614,18.458106623084674]],[[-66.09804689884186,18.458472990930346],[-66.09790742397308,18.458457725619056],[-66.09795570373535,18.45805065015051],[-66.0977840423584,18.458055738599825],[-66.09776794910431,18.458116799979834],[-66.0977303981781,18.458437371868555],[-66.09790742397308,18.458457725619056]],[[-66.0978376865387,18.45903271807353],[-66.09810054302216,18.45906324859247],[-66.09817028045654,18.4585951133718],[-66.09816491603851,18.458376310602574],[-66.0981273651123,18.458254188005455],[-66.09809517860413,18.45791326196199]],[[-66.09678089618683,18.45832542619766],[-66.09671652317047,18.45825927644873],[-66.09668433666229,18.458249099562025]],[[-66.09664678573608,18.458310160873253],[-66.09668433666229,18.458249099562025],[-66.09666287899017,18.458091357740813]],[[-66.09684526920319,18.458330514638845],[-66.09685599803925,18.45821856889826],[-66.09687209129333,18.458198215119396],[-66.09718859195709,18.458228745786784]],[[-66.09758019447327,18.457979411844263],[-66.09760165214539,18.458101534636853],[-66.09756410121918,18.458422106554096],[-66.0975855588913,18.458472990930346],[-66.09766602516174,18.458534052161937],[-66.0979825258255,18.458569671203648],[-66.0980361700058,18.458528963726792],[-66.09806835651398,18.458371222162768],[-66.0981273651123,18.458254188005455]],[[-66.09760165214539,18.458101534636853],[-66.09776794910431,18.458116799979834]],[[-66.09796106815338,18.455669239317857],[-66.09802007675171,18.455531849223462]],[[-66.09832048416138,18.45565397375725],[-66.09802007675171,18.455531849223462],[-66.09793424606323,18.455445344292812],[-66.09781622886658,18.45536392784767],[-66.09814882278442,18.454997553366752],[-66.09829902648926,18.455078969985635],[-66.09851896762848,18.455150209495486],[-66.09874963760376,18.45517056363572],[-66.09832048416138,18.45565397375725],[-66.09848141670227,18.455765921170226],[-66.0985779762268,18.455816806333814],[-66.09862625598907,18.45582189484935],[-66.09865844249725,18.455801540786325],[-66.0988461971283,18.455603088545402]],[[-66.09791815280914,18.455435167239273],[-66.09785377979279,18.45553693774744],[-66.09781086444855,18.455521672175067],[-66.09779477119446,18.45549114102623],[-66.09778940677643,18.455435167239273]],[[-66.09921097755432,18.45503826168101],[-66.09920561313629,18.455211271908965],[-66.09917879104614,18.45531304254986],[-66.09914660453796,18.45538428196258],[-66.09871208667755,18.455852425939355],[-66.0986477136612,18.455888045537506],[-66.09858334064484,18.455888045537506],[-66.09793961048126,18.4556641507978],[-66.09783232212067,18.45565397375725],[-66.09771966934204,18.455592911501213],[-66.09766602516174,18.45551658365062],[-66.09764456748962,18.455409724602816],[-66.0976767539978,18.455307954019233],[-66.09807908535004,18.45487033982245]],[[-66.09875500202179,18.453674527898713],[-66.0967218875885,18.452005465842632]],[[-66.09829902648926,18.453598199195284],[-66.09820783138275,18.453460807443605],[-66.09756410121918,18.45294177094509],[-66.09660923480988,18.452097061132292]],[[-66.09822928905487,18.45435639614385],[-66.09875500202179,18.453674527898713],[-66.09890520572662,18.45351169329038],[-66.09962403774261,18.452621188794566],[-66.10008001327515,18.452041086238864],[-66.1001068353653,18.451893515977815],[-66.10067546367645,18.451231992559457],[-66.10143184661865,18.451623818276488],[-66.10184490680695,18.452010554471116],[-66.10301434993744,18.452992656945682],[-66.10314309597015,18.453043542931184],[-66.10326111316681,18.453135137667132],[-66.10349714756012,18.453343769938783],[-66.10362589359283,18.453364124293174],[-66.10390484333038,18.45361855351952],[-66.10395312309265,18.453771210874365],[-66.1040872335434,18.454051082339035],[-66.10413014888763,18.454468344402926]],[[-66.09752118587494,18.454417458839657],[-66.09768211841583,18.454458167291477],[-66.09806835651398,18.454788923104616],[-66.09835267066956,18.454946667960343],[-66.09872281551361,18.45501790752509],[-66.10175907611847,18.45466679795551],[-66.10205411911011,18.4545904696932]],[[-66.09758019447327,18.45376103372159],[-66.09795570373535,18.453252175314148]],[[-66.09736561775208,18.453979842373116],[-66.09754264354706,18.454020550928703],[-66.09765529632568,18.45388824808782]],[[-66.097172498703,18.454076525176845],[-66.09731197357178,18.453928956665095],[-66.09736561775208,18.453979842373116],[-66.09745681285858,18.454101968010875],[-66.09753727912903,18.45416811936171],[-66.09776258468628,18.454280067743554],[-66.09811663627625,18.454549761272773],[-66.09866380691528,18.454849985646618],[-66.09958112239838,18.45483980855778],[-66.09977960586548,18.454799100196468],[-66.10037505626678,18.45473803763639],[-66.1013674736023,18.454615912451075],[-66.1015659570694,18.454575204036658],[-66.10175371170044,18.454397104610152],[-66.10187709331512,18.454157942232484],[-66.1018717288971,18.453878070941983],[-66.1020165681839,18.453664350740212]],[[-66.09488725662231,18.455430078712297],[-66.0948121547699,18.455369016376622]],[[-66.09476923942566,18.455557291841828],[-66.09469413757324,18.45549114102623]],[[-66.09489262104034,18.458640909264943],[-66.09487652778625,18.4585951133718],[-66.0947585105896,18.458528963726792],[-66.09458684921265,18.458391575921098],[-66.09457075595856,18.458340691520732]],[[-66.09467804431915,18.458330514638845],[-66.09476387500763,18.458406841238286],[-66.09605133533478,18.458244011118424],[-66.09657168388367,18.45832542619766],[-66.09664678573608,18.458310160873253],[-66.09667897224426,18.458330514638845],[-66.09671115875244,18.458335603079846],[-66.09678089618683,18.45832542619766],[-66.09716176986694,18.458371222162768],[-66.09718322753906,18.458345779961434],[-66.09718859195709,18.458228745786784],[-66.09718859195709,18.45802520790167]],[[-66.09401822090149,18.458406841238286],[-66.09403967857361,18.45851369842049],[-66.0940557718277,18.458534052161937],[-66.09409868717194,18.458549317466435],[-66.0945600271225,18.458472990930346],[-66.0946673154831,18.458539140596926],[-66.09471559524536,18.45858493650499],[-66.09480679035187,18.45862564396859],[-66.09488725662231,18.458640909264943],[-66.09508037567139,18.45862564396859]],[[-66.0934066772461,18.45280946727297],[-66.09368562698364,18.453043542931184],[-66.09384655952454,18.452870530518922]],[[-66.09367489814758,18.448519719902023],[-66.09352469444275,18.44848918750823],[-66.0934066772461,18.44848918750823]]]},"properties":{"class":"service","id":"14/5183/7337/3","source":"OpenFreeMap / OpenStreetMap","exposureHigh":true,"exposureModerate":false,"zoneLabels":"VE"},"id":222187260},{"type":"Feature","geometry":{"type":"LineString","coordinates":[[-66.11587285995483,18.443415646026807],[-66.1160659790039,18.443441090440174]]},"properties":{"class":"service","oneway":1,"service":"driveway","id":"14/5183/7337/10","source":"OpenFreeMap / OpenStreetMap","exposureHigh":true,"exposureModerate":false,"zoneLabels":"VE"},"id":5351841212},{"type":"Feature","geometry":{"type":"LineString","coordinates":[[-66.11218214035034,18.44476928358597],[-66.1123538017273,18.444708217459635]]},"properties":{"surface":"paved","class":"service","access":"no","id":"14/5183/7337/14","source":"OpenFreeMap / OpenStreetMap","exposureHigh":true,"exposureModerate":false,"zoneLabels":"VE"},"id":9595544842},{"type":"Feature","geometry":{"type":"MultiLineString","coordinates":[[[-66.11219823360443,18.444871060414926],[-66.11209094524384,18.444163710206894],[-66.11209630966187,18.443878733760457]],[[-66.11153841018677,18.44385328941189],[-66.1115437746048,18.444061932958846],[-66.11152231693268,18.44415353248479],[-66.11152768135071,18.444504663548457],[-66.11171543598175,18.444616618229446],[-66.1117959022522,18.444708217459635],[-66.11188173294067,18.44476928358597],[-66.11206412315369,18.44485579389442],[-66.11219823360443,18.444871060414926],[-66.11263275146484,18.444977926020442],[-66.11269176006317,18.444977926020442],[-66.11295998096466,18.444896504612743],[-66.11350178718567,18.44470312861479],[-66.11355543136597,18.44466750669669],[-66.11415088176727,18.444351997956772],[-66.11418843269348,18.444301109396093],[-66.11419916152954,18.44400595544674]],[[-66.1116510629654,18.443420734909765],[-66.1116510629654,18.443268068354882],[-66.11166179180145,18.443196823916168]],[[-66.11209094524384,18.44345126820447],[-66.11209630966187,18.443130668339492]],[[-66.11211776733398,18.444321464822167],[-66.11233234405518,18.444301109396093],[-66.11317455768585,18.44431637596587]],[[-66.11252009868622,18.443904178105257],[-66.11255764961243,18.443380023841726],[-66.11257374286652,18.44332913499312],[-66.11372172832489,18.443395290493385],[-66.11420452594757,18.443324046107435],[-66.11434400081635,18.443273157242217],[-66.11492335796356,18.442911845865908],[-66.11534178256989,18.442723556537644],[-66.11548662185669,18.44266757858945],[-66.11576020717621,18.442514911365308],[-66.1160659790039,18.442285910274762]],[[-66.11255764961243,18.443380023841726],[-66.11209094524384,18.44345126820447],[-66.11202657222748,18.443456357086376],[-66.1116510629654,18.443420734909765],[-66.11120045185089,18.443395290493385],[-66.11119508743286,18.443461445968154],[-66.11124873161316,18.443624290105262],[-66.11127018928528,18.44377186747117],[-66.11127018928528,18.4438431116714]],[[-66.11306726932526,18.44431637596587],[-66.11307799816132,18.44456572974714],[-66.1130565404892,18.444606440534187],[-66.11302435398102,18.444631884771212],[-66.1128580570221,18.444692950924676]],[[-66.11355543136597,18.44466750669669],[-66.11358225345612,18.443975422250617]],[[-66.11313700675964,18.441018765389998],[-66.11293315887451,18.44108492177986]],[[-66.11534178256989,18.441171433943524],[-66.11519694328308,18.441054388064614],[-66.11515402793884,18.441044210158353],[-66.11505210399628,18.441039121204966],[-66.11499845981598,18.441008587481605],[-66.1148750782013,18.440876274617665]],[[-66.11478924751282,18.43925288926272],[-66.11452639102936,18.43936993636872],[-66.11420452594757,18.439578585359968],[-66.11393094062805,18.439721077208404],[-66.11388266086578,18.439792323088298],[-66.1138665676117,18.439889013878073],[-66.11393630504608,18.440179085920946],[-66.11400604248047,18.440408089819442],[-66.11402750015259,18.440464068503772],[-66.11409187316895,18.44055566994787]],[[-66.11551880836487,18.439476805395884],[-66.11544370651245,18.439380114374174],[-66.11540079116821,18.43924271124972],[-66.11502528190613,18.438285975337507]],[[-66.11577093601227,18.439329224340895],[-66.11580312252045,18.439410648386897],[-66.1158299446106,18.43963965330947],[-66.1157763004303,18.43996534867368],[-66.11573874950409,18.44006712834839],[-66.11567437648773,18.44015364102451],[-66.11549735069275,18.4402961323961],[-66.1151272058487,18.440621826516008],[-66.1148750782013,18.440876274617665],[-66.11479461193085,18.440932253149455],[-66.11470878124237,18.440972964797496],[-66.11405432224274,18.44123759027461],[-66.11378610134125,18.441359724972727],[-66.1134535074234,18.44161417198167],[-66.11337304115295,18.44154801579559],[-66.11324429512024,18.44133936919573],[-66.11313700675964,18.441018765389998],[-66.11299753189087,18.44027577649311],[-66.11298143863678,18.43982794601719],[-66.11298680305481,18.439537873381568],[-66.11310482025146,18.438932281564078],[-66.11316382884979,18.43836231084518],[-66.11324965953827,18.43793992061076],[-66.11326038837433,18.43774144773245],[-66.11328721046448,18.43759895424256]],[[-66.1160659790039,18.439125664057073],[-66.11598014831543,18.439171465141953],[-66.11573338508606,18.43935975836267],[-66.11551880836487,18.439476805395884],[-66.11510574817657,18.439751611160546],[-66.11445128917694,18.44022997570255],[-66.11409187316895,18.44055566994787],[-66.11338376998901,18.441207056586492],[-66.11328721046448,18.44128339079657],[-66.11324429512024,18.44133936919573],[-66.11319065093994,18.441395347576673],[-66.11272931098938,18.44156837154786],[-66.11227333545685,18.44166506133824]],[[-66.1160659790039,18.43849971467357],[-66.11589968204498,18.43856078300648]],[[-66.1160659790039,18.438011167229106],[-66.11571192741394,18.438133304220415]],[[-66.1154705286026,18.438118037101262],[-66.11572265625,18.438723631788136]],[[-66.11492335796356,18.43831650954465],[-66.11502528190613,18.438285975337507],[-66.11574411392212,18.438021345315036],[-66.11575484275818,18.437975543923613],[-66.1156153678894,18.43759895424256]],[[-66.11475169658661,18.43798572201166],[-66.1147677898407,18.43857605008631],[-66.11474633216858,18.43892210353212],[-66.11476242542267,18.439100219004644],[-66.11478924751282,18.43925288926272],[-66.11501455307007,18.439634564314517],[-66.11510574817657,18.439751611160546]],[[-66.11369490623474,18.438525159814915],[-66.1138129234314,18.438581139112614],[-66.1139577627182,18.438581139112614],[-66.11409723758698,18.438550604952496],[-66.11418306827545,18.438586228138774],[-66.11411333084106,18.438932281564078],[-66.114102602005,18.439110397026056],[-66.1141186952591,18.43925288926272],[-66.11420452594757,18.439578585359968]],[[-66.11316382884979,18.43836231084518],[-66.11290097236633,18.43833686567973],[-66.11240744590759,18.4381638384547]],[[-66.11312091350555,18.438810145140607],[-66.11371636390686,18.438983171714924]],[[-66.11298680305481,18.439537873381568],[-66.11287951469421,18.439497161393533],[-66.11278295516968,18.43943100439239],[-66.11247718334198,18.43902388382473],[-66.11232161521912,18.438881391398183],[-66.11228406429291,18.438820323179215],[-66.11240744590759,18.4381638384547],[-66.11240744590759,18.437894119197637],[-66.1123538017273,18.43774144773245],[-66.11231088638306,18.43767529005541]],[[-66.11245572566986,18.442270643524537],[-66.11260056495667,18.442255376772962],[-66.11268103122711,18.44221975434732],[-66.11297607421875,18.44199075286336],[-66.11299753189087,18.441939863603253],[-66.11296534538269,18.441787195732502],[-66.11289024353027,18.441512393223306]],[[-66.0934066772461,18.45016337242356],[-66.09452784061432,18.451104776225307],[-66.09533250331879,18.45176630013374],[-66.09639465808868,18.452692429324173],[-66.0965234041214,18.452829821690685],[-66.09689891338348,18.45315549204625],[-66.09690427780151,18.453196200797265],[-66.0968828201294,18.45323690953863],[-66.09656095504761,18.453603287776573],[-66.09683454036713,18.45377629945051],[-66.097172498703,18.454076525176845],[-66.09752118587494,18.454417458839657],[-66.09778940677643,18.45464644375555],[-66.09807908535004,18.45487033982245],[-66.09827220439911,18.454987376286667],[-66.09854578971863,18.45506879291038],[-66.09878718852997,18.455084058523028],[-66.09984397888184,18.454977199205985],[-66.10182881355286,18.45475330327845],[-66.10369026660919,18.454514141396956],[-66.10495090484619,18.454366573261325],[-66.10513865947723,18.454376750378216]],[[-66.11175835132599,18.437710913423132],[-66.1117422580719,18.43759895424256]],[[-66.11181735992432,18.437716002475057],[-66.1117959022522,18.437970454879377],[-66.11172616481781,18.438260530160747]],[[-66.1120855808258,18.437716002475057],[-66.11205875873566,18.43759895424256]],[[-66.11223042011261,18.437710913423132],[-66.11218750476837,18.43807732477684],[-66.11210703849792,18.438341954713138]],[[-66.11241817474365,18.43759895424256],[-66.11231088638306,18.43767529005541],[-66.11223042011261,18.437710913423132],[-66.11181735992432,18.437716002475057],[-66.11142575740814,18.437670201002277],[-66.11120045185089,18.437629488571773],[-66.11111998558044,18.43759895424256]],[[-66.11327648162842,18.437654933841955],[-66.11306726932526,18.43759895424256]],[[-66.11385583877563,18.43759895424256],[-66.11369490623474,18.43849462564485],[-66.11368417739868,18.438621851317677],[-66.11371636390686,18.438677830583885],[-66.11371099948883,18.438789789061587]],[[-66.1155241727829,18.43759895424256],[-66.1148053407669,18.437853406820196]]]},"properties":{"class":"minor","id":"14/5183/7337/17","source":"OpenFreeMap / OpenStreetMap","exposureHigh":true,"exposureModerate":false,"zoneLabels":"VE, AE"},"id":221345640},{"type":"Feature","geometry":{"type":"MultiLineString","coordinates":[[[-66.1160659790039,18.44118670079142],[-66.11583530902863,18.441369902860316]],[[-66.09411478042603,18.45308934030527],[-66.09533250331879,18.45176630013374]],[[-66.09639465808868,18.452692429324173],[-66.09576165676117,18.453409921581738],[-66.0952091217041,18.45401546235979],[-66.09497845172882,18.453811919479378],[-66.0934066772461,18.45250415071746]],[[-66.10436081886292,18.45768428140343],[-66.10384047031403,18.45775043137394],[-66.10334694385529,18.457948881132523],[-66.1025208234787,18.458015031001082],[-66.10242426395416,18.457979411844263],[-66.1023759841919,18.457923438868605],[-66.10231697559357,18.457485831338943],[-66.10222578048706,18.457424769734487],[-66.10172688961029,18.45749600827091],[-66.09850287437439,18.457862377419815],[-66.09623908996582,18.458147330661703],[-66.0934066772461,18.458483167803777]],[[-66.0934066772461,18.455608177067262],[-66.09377145767212,18.455465698398058],[-66.09391629695892,18.455379193434084],[-66.09413623809814,18.455160386565908],[-66.09458148479462,18.454661709405755]],[[-66.0934066772461,18.45097755979691],[-66.09383046627045,18.450514491201716]]]},"properties":{"surface":"paved","class":"minor","id":"14/5183/7337/18","source":"OpenFreeMap / OpenStreetMap","exposureHigh":true,"exposureModerate":false,"zoneLabels":"VE"},"id":221350570},{"type":"Feature","geometry":{"type":"LineString","coordinates":[[-66.11513793468475,18.443603934596553],[-66.11520230770111,18.443700623241384],[-66.11525595188141,18.443751511979954]]},"properties":{"class":"tertiary","ramp":1,"id":"14/5183/7337/22","source":"OpenFreeMap / OpenStreetMap","exposureHigh":true,"exposureModerate":false,"zoneLabels":"VE"},"id":4525177600},{"type":"Feature","geometry":{"type":"LineString","coordinates":[[-66.11525595188141,18.443751511979954],[-66.11556708812714,18.443614112351213],[-66.1160659790039,18.44328842390337]]},"properties":{"class":"tertiary","oneway":1,"id":"14/5183/7337/25","source":"OpenFreeMap / OpenStreetMap","exposureHigh":true,"exposureModerate":false,"zoneLabels":"AE, VE"},"id":5356949872},{"type":"Feature","geometry":{"type":"LineString","coordinates":[[-66.1160659790039,18.443201912805634],[-66.11570656299591,18.443441090440174],[-66.11550807952881,18.443558134693177],[-66.11520230770111,18.443700623241384]]},"properties":{"surface":"paved","class":"tertiary","oneway":1,"id":"14/5183/7337/26","source":"OpenFreeMap / OpenStreetMap","exposureHigh":true,"exposureModerate":false,"zoneLabels":"AE, VE"},"id":14095503032},{"type":"Feature","geometry":{"type":"LineString","coordinates":[[-66.11475706100464,18.443914355842097],[-66.11499845981598,18.443863467151772],[-66.11525595188141,18.443751511979954]]},"properties":{"class":"tertiary","oneway":1,"id":"14/5183/7337/27","source":"OpenFreeMap / OpenStreetMap","exposureHigh":true,"exposureModerate":false,"zoneLabels":"VE"},"id":14343369842},{"type":"Feature","geometry":{"type":"LineString","coordinates":[[-66.11520230770111,18.443700623241384],[-66.11493408679962,18.44380240070346],[-66.11475706100464,18.443914355842097]]},"properties":{"surface":"paved","class":"tertiary","oneway":1,"id":"14/5183/7337/28","source":"OpenFreeMap / OpenStreetMap","exposureHigh":true,"exposureModerate":false,"zoneLabels":"VE"},"id":14343369862},{"type":"Feature","geometry":{"type":"LineString","coordinates":[[-66.1160659790039,18.44283042347901],[-66.11513793468475,18.443603934596553]]},"properties":{"surface":"paved","class":"tertiary","oneway":1,"id":"14/5183/7337/29","source":"OpenFreeMap / OpenStreetMap","exposureHigh":true,"exposureModerate":false,"zoneLabels":"AE, VE"},"id":14438648722},{"type":"Feature","geometry":{"type":"LineString","coordinates":[[-66.11513793468475,18.443603934596553],[-66.11475706100464,18.443914355842097],[-66.11464977264404,18.44396015565053],[-66.11443519592285,18.44400595544674],[-66.11394703388214,18.44400595544674],[-66.11209630966187,18.443878733760457],[-66.11127018928528,18.4438431116714]]},"properties":{"surface":"paved","class":"tertiary","oneway":1,"id":"14/5183/7337/30","source":"OpenFreeMap / OpenStreetMap","exposureHigh":true,"exposureModerate":false,"zoneLabels":"AE, VE"},"id":14569486362},{"type":"Feature","geometry":{"type":"MultiLineString","coordinates":[[[-66.13444447517395,18.434840664125915],[-66.13412261009216,18.435028962091422]],[[-66.13406896591187,18.43488137721701],[-66.13437473773956,18.43472361393526]],[[-66.13054990768433,18.435715993459524],[-66.130490899086,18.43576179545309]],[[-66.12844169139862,18.43732414503559],[-66.12820565700531,18.437405570031615]],[[-66.13696575164795,18.429583505228962],[-66.1370301246643,18.429619130273593],[-66.13682627677917,18.42994484462524]],[[-66.1380386352539,18.42756813354083],[-66.13787233829498,18.427486703885236]],[[-66.13782405853271,18.42757831224506],[-66.13792598247528,18.42765465250764],[-66.13794207572937,18.42773608208371],[-66.13783478736877,18.42795492387829]],[[-66.1380386352539,18.427420542261686],[-66.13792061805725,18.427369648687787],[-66.13787233829498,18.427486703885236],[-66.13758265972137,18.428056710664592]],[[-66.1380386352539,18.419048346824752],[-66.13768994808197,18.419033078010983],[-66.1375880241394,18.418569923349338],[-66.13763093948364,18.4184884894338],[-66.13775432109833,18.418447772461576],[-66.1380386352539,18.41845795170552]],[[-66.1380386352539,18.419328274837042],[-66.13779187202454,18.41930282685476],[-66.1376953125,18.419358812410835],[-66.13759875297546,18.41999501063198],[-66.1380386352539,18.420076443834446]],[[-66.13711059093475,18.417536727688216],[-66.13675653934479,18.417536727688216],[-66.13645076751709,18.41747565188841],[-66.13632202148438,18.41735350022377],[-66.13622009754181,18.41690561004482],[-66.13619863986969,18.416752919944628]],[[-66.13408505916595,18.41870225337989],[-66.13219141960144,18.419104332463647],[-66.13022267818451,18.419491141834612],[-66.12972378730774,18.419587844041473],[-66.12964868545532,18.419567485686642],[-66.12951993942261,18.418926196276644],[-66.12946629524231,18.41853938563554],[-66.12950921058655,18.41844268283937],[-66.13044798374176,18.418234008199306],[-66.13067865371704,18.41814748449383],[-66.13068401813507,18.418035512575102]],[[-66.13439619541168,18.417266976075524],[-66.13427817821503,18.416752919944628]],[[-66.13381683826447,18.417384038148057],[-66.13393485546112,18.41809658817617],[-66.13415479660034,18.418966913135662],[-66.13422453403473,18.41899236116764],[-66.13477170467377,18.41888547940802],[-66.13501846790314,18.418936375492308],[-66.13528668880463,18.418860031360225],[-66.13575339317322,18.418839672919276],[-66.13602697849274,18.41876332874429],[-66.13649904727936,18.41866153645826],[-66.13655269145966,18.41860555067528],[-66.13634884357452,18.4176385206397],[-66.13645076751709,18.41747565188841]],[[-66.13030314445496,18.417999885131124],[-66.1300402879715,18.418035512575102],[-66.1293375492096,18.418178022277203],[-66.12919807434082,18.418264545967318],[-66.12916052341461,18.418473220570334],[-66.12934291362762,18.418926196276644],[-66.12966477870941,18.420692281180038],[-66.13020658493042,18.423812150550248],[-66.1300402879715,18.423959744926094]],[[-66.1217200756073,18.426799639631],[-66.12165033817291,18.426402667921792],[-66.12163424491882,18.426020963491098],[-66.12170934677124,18.425252462667387]],[[-66.12164497375488,18.424366901168383],[-66.12022340297699,18.424366901168383]],[[-66.12169325351715,18.424132786446833],[-66.12168788909912,18.423430440370154]],[[-66.1214679479599,18.4239699238439],[-66.1203682422638,18.423980102761092]],[[-66.12533032894135,18.420926400584307],[-66.12507820129395,18.42061593782715]],[[-66.12636029720306,18.419562396097575],[-66.12643539905548,18.41947587306015],[-66.12648904323578,18.41937917079035],[-66.12650513648987,18.419318095644584],[-66.12649977207184,18.419282468466207],[-66.12642467021942,18.4190279884061],[-66.12639784812927,18.418997450773574],[-66.126349568367,18.41897709234891],[-66.12624764442444,18.418987271561548]],[[-66.12599551677704,18.41872261183711],[-66.12602233886719,18.418651357226338],[-66.12613499164581,18.41858519220422],[-66.12622082233429,18.41859537144005],[-66.12628519535065,18.418620819526993],[-66.12630665302277,18.418646267610157]],[[-66.12593114376068,18.418066050378343],[-66.12595796585083,18.41813730523151]],[[-66.12460613250732,18.41833071111276],[-66.12513720989227,18.417933719858468],[-66.1251962184906,18.417918450945777],[-66.12532496452332,18.417933719858468],[-66.12541079521179,18.41797443695235],[-66.1256092786789,18.418249277083987],[-66.12564146518707,18.418325621487085],[-66.12565219402313,18.418376517736988],[-66.12563610076904,18.4184884894338],[-66.1256092786789,18.418564833730755],[-66.12554490566254,18.418625909143913],[-66.12504601478577,18.418987271561548],[-66.12471342086792,18.419211214087312],[-66.12448811531067,18.4192773788687],[-66.12345814704895,18.420000100208256],[-66.12342059612274,18.42011207084839],[-66.12340450286865,18.420244399692777],[-66.12254083156586,18.42008662298204]],[[-66.1244934797287,18.418407055479705],[-66.12420916557312,18.4185292063964],[-66.12329185009003,18.418870210579783],[-66.12322747707367,18.418931285884554],[-66.1230880022049,18.41922648288528],[-66.12278759479523,18.41973544204187]],[[-66.12289488315582,18.419562396097575],[-66.12275540828705,18.41948096265179]],[[-66.1236834526062,18.41798970586008],[-66.12364053726196,18.417852285641814]],[[-66.12387120723724,18.417714865313798],[-66.1238819360733,18.417725044601113]],[[-66.12366199493408,18.417455293283652],[-66.12365126609802,18.417445113980378],[-66.12367808818817,18.417409486414158],[-66.12368881702423,18.417378948494388],[-66.12368881702423,18.417338231259592],[-66.12367808818817,18.417302603671246],[-66.12365663051605,18.41727715538933],[-66.12362444400787,18.417251707103645],[-66.12358689308167,18.417241527788335],[-66.12354934215546,18.417241527788335],[-66.12347960472107,18.41727715538933],[-66.12344741821289,18.41734841056919],[-66.12345278263092,18.417389127801584],[-66.12346887588501,18.417424755372025],[-66.12350106239319,18.417450203632086],[-66.1235761642456,18.41747056223744],[-66.12365126609802,18.417445113980378]],[[-66.12290561199188,18.41792863022107],[-66.12364053726196,18.417852285641814],[-66.123828291893,18.417760672102006],[-66.1238819360733,18.417725044601113],[-66.12403213977814,18.41758253452383],[-66.12407505512238,18.417557086283324],[-66.12412333488464,18.417567265579976],[-66.12419307231903,18.417602893113525]],[[-66.12293243408203,18.41818820153712],[-66.12276613712311,18.41819838079644],[-66.12257838249207,18.418025333306133],[-66.12206876277924,18.417521458740282],[-66.1220633983612,18.417460382935076],[-66.12226724624634,18.417216079497393]],[[-66.12276613712311,18.41819838079644],[-66.12273395061493,18.417725044601113],[-66.1226212978363,18.417302603671246],[-66.12224042415619,18.416859803029]],[[-66.12203657627106,18.41798970586008],[-66.12194001674652,18.41787264419959],[-66.12219214439392,18.417643610285694]],[[-66.12215995788574,18.41734841056919],[-66.12274467945099,18.417918450945777]],[[-66.1213606595993,18.41870734299441],[-66.1213767528534,18.418554654493107],[-66.12168788909912,18.41828999410319],[-66.12230479717255,18.417755582459478]],[[-66.12194001674652,18.418615729909888],[-66.12188637256622,18.418498668675355],[-66.12168788909912,18.41828999410319]],[[-66.1224228143692,18.41880404564182],[-66.12228333950043,18.4187124326088],[-66.12188637256622,18.418600461057736],[-66.1213767528534,18.418554654493107]],[[-66.12223505973816,18.41878877680638],[-66.12219750881195,18.419221393286108]],[[-66.12163424491882,18.420661743842942],[-66.12181663513184,18.41940970835512],[-66.12184345722198,18.419190855687916]],[[-66.12306654453278,18.420101891702302],[-66.12342059612274,18.42011207084839]],[[-66.12028241157532,18.422076634768345],[-66.12027168273926,18.42164402546875],[-66.11977279186249,18.421638935941104]],[[-66.11882865428925,18.421532055825736],[-66.1183887720108,18.421582951127064],[-66.11834049224854,18.421613488300608],[-66.11832976341248,18.42169492073694],[-66.11834585666656,18.422066455738516]],[[-66.11944019794464,18.4215931301855],[-66.11918270587921,18.421588040656346]],[[-66.11976742744446,18.421588040656346],[-66.11977279186249,18.421638935941104],[-66.11977815628052,18.42184251692953],[-66.12027704715729,18.421832337885817]],[[-66.11976742744446,18.42143535471176],[-66.11996054649353,18.421414996575564],[-66.120046377182,18.421364101224555],[-66.12018585205078,18.421338653543415],[-66.12016439437866,18.421216504621484]],[[-66.11976742744446,18.421476070976894],[-66.11974596977234,18.421252131399342],[-66.11976742744446,18.421175788294903],[-66.12018048763275,18.421094355612837]],[[-66.11974596977234,18.421252131399342],[-66.11961722373962,18.421277579093285],[-66.11918807029724,18.421303026783477]],[[-66.11961722373962,18.421277579093285],[-66.11960649490356,18.421700010262924]],[[-66.11928462982178,18.420677012512172],[-66.1194509267807,18.421282668631633],[-66.11944019794464,18.42169492073694],[-66.11960649490356,18.421700010262924],[-66.11977815628052,18.42169492073694]],[[-66.1209100484848,18.41929773725785],[-66.12175226211548,18.41936899160089],[-66.12181663513184,18.41940970835512],[-66.12273395061493,18.419526768969774]],[[-66.11871600151062,18.41732296229405],[-66.11826539039612,18.417328051949397]],[[-66.11871063709259,18.417480741539222],[-66.11872673034668,18.416752919944628]],[[-66.11734807491302,18.41878368719425],[-66.11685991287231,18.41877859758199]],[[-66.11711740493774,18.41747565188841],[-66.11711204051971,18.41877859758199]],[[-66.11591577529907,18.419628560743874],[-66.11591041088104,18.41922648288528],[-66.11598551273346,18.419145049280502],[-66.11607134342194,18.419083974051617],[-66.11651122570038,18.418865120970082],[-66.11660242080688,18.4190279884061],[-66.11616790294647,18.419251930878872],[-66.11607134342194,18.419083974051617]],[[-66.11725687980652,18.4221224403952],[-66.11746609210968,18.4219748444428],[-66.1178308725357,18.421801800751126],[-66.11808836460114,18.421700010262924],[-66.11832976341248,18.42169492073694],[-66.11872136592865,18.42169492073694],[-66.1188018321991,18.421710189314453],[-66.11882328987122,18.421755995038893],[-66.11881792545319,18.421873054057016],[-66.11878573894501,18.4218985016591],[-66.11851751804352,18.421893412138985],[-66.11845314502716,18.421862875015123],[-66.11843705177307,18.421700010262924]],[[-66.12088859081268,18.424137875900698],[-66.12088859081268,18.424366901168383]],[[-66.12078130245209,18.424137875900698],[-66.12078666687012,18.423975013302567]],[[-66.11972987651825,18.424601015571284],[-66.11997127532959,18.424601015571284]],[[-66.11972987651825,18.424137875900698],[-66.12181663513184,18.424132786446833],[-66.1218112707138,18.424901292273702]],[[-66.11996591091156,18.42503361743377],[-66.11997127532959,18.424305827793503]],[[-66.11867308616638,18.427110091226567],[-66.11867308616638,18.427359469971194]],[[-66.11777186393738,18.42736455932956],[-66.11776649951935,18.428015995957296]],[[-66.12005174160004,18.43230116600904],[-66.11940801143646,18.432316433644885],[-66.1193436384201,18.432352058123243],[-66.1193436384201,18.43323248931405],[-66.11938655376434,18.433278291969387],[-66.1202073097229,18.433349540520055]],[[-66.1184960603714,18.42817885472863],[-66.11949920654297,18.428173765394362],[-66.11953675746918,18.42812287204339],[-66.1195421218872,18.427369648687787],[-66.11949384212494,18.427313665739078],[-66.11940264701843,18.427308576379218],[-66.11931145191193,18.427359469971194],[-66.11867308616638,18.427359469971194],[-66.11777186393738,18.42736455932956],[-66.11762166023254,18.427374738045856],[-66.1175787448883,18.427420542261686],[-66.1175787448883,18.427980370580514]],[[-66.12250864505768,18.429970291032973],[-66.12282514572144,18.43035707596688]],[[-66.12289488315582,18.431670102541304],[-66.12371563911438,18.431273142076364],[-66.12372100353241,18.431161178702595],[-66.12377464771271,18.43113573247112]],[[-66.12251400947571,18.431100107740704],[-66.12239062786102,18.430937251736296],[-66.12230479717255,18.43088635920327],[-66.12190246582031,18.430413057924724],[-66.12190783023834,18.43037234377539],[-66.12200438976288,18.430311272533288],[-66.12228333950043,18.430097523015164],[-66.12237453460693,18.43007716590435],[-66.12250864505768,18.429970291032973],[-66.12264275550842,18.429934666061087],[-66.12295925617218,18.430229844176765],[-66.12282514572144,18.43035707596688],[-66.12270176410675,18.430463950597826]],[[-66.12241744995117,18.430804931119127],[-66.12230479717255,18.43088635920327]],[[-66.12239062786102,18.430937251736296],[-66.1227822303772,18.43057591442566]],[[-66.12190783023834,18.43037234377539],[-66.12160742282867,18.430138237229585],[-66.12165570259094,18.430082255182285],[-66.12179517745972,18.430082255182285],[-66.12201511859894,18.430178951434357],[-66.12200438976288,18.430311272533288],[-66.12241744995117,18.430804931119127],[-66.1224764585495,18.43085582367624],[-66.12255156040192,18.430957608745288],[-66.122927069664,18.43078457409206],[-66.1227822303772,18.43057591442566],[-66.12266421318054,18.430413057924724],[-66.12237453460693,18.43007716590435]],[[-66.12150549888611,18.434957714236845],[-66.12178444862366,18.434779594471166]],[[-66.1216288805008,18.435115477303725],[-66.12188637256622,18.434983159902586]],[[-66.12659633159637,18.438250352088986],[-66.12653732299805,18.43808750285885],[-66.12655878067017,18.438026434357752],[-66.12703084945679,18.437843228724304]],[[-66.12232089042664,18.416783457975498],[-66.12224042415619,18.416859803029],[-66.12226724624634,18.417216079497393],[-66.12270712852478,18.417623251700817]],[[-66.13003492355347,18.416752919944628],[-66.13030314445496,18.417999885131124],[-66.13036215305328,18.418076229644896],[-66.13044798374176,18.418081319277945],[-66.13068401813507,18.418035512575102],[-66.13539934158325,18.41706338967269],[-66.13622009754181,18.41690561004482]],[[-66.13539934158325,18.41706338967269],[-66.13532960414886,18.416752919944628]]]},"properties":{"class":"service","id":"14/5182/7338/0","source":"OpenFreeMap / OpenStreetMap","exposureHigh":true,"exposureModerate":true,"zoneLabels":"AE, X"},"id":221123210},{"type":"Feature","geometry":{"type":"MultiLineString","coordinates":[[[-66.13566219806671,18.43325793523519],[-66.13575339317322,18.433273202786054],[-66.13596260547638,18.433517483415557]],[[-66.13545298576355,18.43274901609695],[-66.13535642623901,18.432652321290377],[-66.13527595996857,18.432530180404314]],[[-66.13519012928009,18.433222310944558],[-66.13482534885406,18.432876246022758]],[[-66.13458395004272,18.434637098525727],[-66.13437473773956,18.43472361393526]]]},"properties":{"class":"service","service":"driveway","access":"no","id":"14/5182/7338/1","source":"OpenFreeMap / OpenStreetMap","exposureHigh":true,"exposureModerate":false,"zoneLabels":"AE"},"id":221336610},{"type":"Feature","geometry":{"type":"MultiLineString","coordinates":[[[-66.1380386352539,18.42624998625118],[-66.13652050495148,18.425522201758227],[-66.13588213920593,18.425242283825483],[-66.13551199436188,18.424987812582188],[-66.13484680652618,18.424590836690825],[-66.13500237464905,18.424316006690816],[-66.13530814647675,18.42373580858198],[-66.13529741764069,18.42369509285173],[-66.13539397716522,18.423501693001413]],[[-66.13722860813141,18.425858102676145],[-66.1380386352539,18.424310917242238]],[[-66.13700330257416,18.425751225182523],[-66.13770067691803,18.424427974521606],[-66.1380386352539,18.423812150550248]],[[-66.13588213920593,18.425242283825483],[-66.136794090271,18.423527140362566]],[[-66.13555490970612,18.425018349151273],[-66.13558173179626,18.424972544295628]],[[-66.1356782913208,18.423501693001413],[-66.13548517227173,18.42343552984481],[-66.13550662994385,18.42327266658164],[-66.1359304189682,18.42327266658164],[-66.1365795135498,18.42325739814281],[-66.13675117492676,18.42331847189],[-66.13706767559052,18.42351187194633],[-66.13716959953308,18.423496603528733],[-66.13725543022156,18.423471156163075],[-66.13743245601654,18.42334900875545],[-66.13751292228699,18.423308292933626],[-66.13758265972137,18.42329811397667],[-66.13765776157379,18.42329811397667],[-66.1380386352539,18.423460977215754]],[[-66.13534033298492,18.42360857189294],[-66.13558173179626,18.423715450718063],[-66.1356782913208,18.423501693001413],[-66.13571584224701,18.423450798267822],[-66.13574802875519,18.423440619319294],[-66.13606452941895,18.423445708793622]],[[-66.13530814647675,18.42373580858198],[-66.13573729991913,18.42390376086739],[-66.13609671592712,18.424010639509092],[-66.13629519939423,18.423634019238293],[-66.13594114780426,18.423506782473936]],[[-66.13580167293549,18.424616283890828],[-66.13593578338623,18.424677357155502],[-66.13620400428772,18.42416332316772],[-66.13587141036987,18.424010639509092],[-66.13563537597656,18.42451449506821],[-66.13580167293549,18.424616283890828]],[[-66.1360377073288,18.424081891899974],[-66.13576948642731,18.42459592613112]],[[-66.13749146461487,18.42331847189],[-66.1372447013855,18.423206503336928]],[[-66.13732516765594,18.42342535089537],[-66.13683700561523,18.423226861261085]],[[-66.13649904727936,18.42325739814281],[-66.1364883184433,18.423389724567627],[-66.13644003868103,18.423445708793622],[-66.13611280918121,18.423445708793622]],[[-66.1300402879715,18.423959744926094],[-66.12799644470215,18.42577158280548],[-66.12757802009583,18.425944622503295],[-66.12479388713837,18.426901427101143],[-66.12270712852478,18.427583401596962],[-66.12184345722198,18.427924387830657],[-66.11911833286285,18.428820109641393],[-66.11841559410095,18.429059307290103],[-66.11647367477417,18.42887100278601],[-66.11601233482361,18.428713233988674],[-66.11554563045502,18.42853001842947],[-66.1153793334961,18.428412963942193]],[[-66.12079739570618,18.420000100208256],[-66.12097442150116,18.418865120970082],[-66.12099051475525,18.418676805304997]],[[-66.11764311790466,18.419450425099683],[-66.11777722835541,18.41986777117596],[-66.11801862716675,18.420478519706577]]]},"properties":{"class":"service","access":"no","id":"14/5182/7338/3","source":"OpenFreeMap / OpenStreetMap","exposureHigh":false,"exposureModerate":false,"zoneLabels":"X"},"id":221557710},{"type":"Feature","geometry":{"type":"MultiLineString","coordinates":[[[-66.12960040569305,18.435441181241828],[-66.12947702407837,18.435120566432502],[-66.1295735836029,18.435120566432502],[-66.12961113452911,18.43514092294612],[-66.12975597381592,18.435303774968204],[-66.12991690635681,18.435181635966103]],[[-66.12921953201294,18.43699844466572],[-66.12912833690643,18.43688648502102],[-66.1291229724884,18.436718545417207],[-66.12909615039825,18.436581140164776],[-66.12921416759491,18.43648953660211]],[[-66.12847924232483,18.437410659092592],[-66.1287796497345,18.437303788780554],[-66.12862408161163,18.43692210855224]],[[-66.12769067287445,18.43730887784453],[-66.1281144618988,18.437161294927805],[-66.12830221652985,18.43764475573434],[-66.1278784275055,18.437792338235923]],[[-66.12696647644043,18.436932286702657],[-66.12683236598969,18.436611674674808],[-66.12642467021942,18.436759258063503]],[[-66.12830758094788,18.435792330108683],[-66.12853825092316,18.435710904348383],[-66.12854897975922,18.43569563701402],[-66.12855970859528,18.435649835002835],[-66.12848997116089,18.435471715954378]],[[-66.12847924232483,18.43651498204109],[-66.1283129453659,18.436092587266444],[-66.12800717353821,18.43619945833163]],[[-66.1285650730133,18.436209636524836],[-66.12866699695587,18.43648953660211],[-66.12910151481628,18.436347042074274]],[[-66.12895667552948,18.435975537928357],[-66.12920343875885,18.43589411225483]],[[-66.12880647182465,18.436438645712883],[-66.12870991230011,18.43617401284594]],[[-66.12927854061127,18.43656587290772],[-66.1294287443161,18.436438645712883],[-66.12945556640625,18.43643355662313],[-66.1294823884964,18.43644373480248],[-66.12959504127502,18.436576051079243],[-66.12963795661926,18.436591318335388],[-66.12967014312744,18.436576051079243],[-66.12996518611908,18.4363521311666]],[[-66.1294287443161,18.435548052712036],[-66.1291766166687,18.43563965677646],[-66.12914979457855,18.435665102341247],[-66.12913370132446,18.43569563701402],[-66.1292839050293,18.436112943664938],[-66.12967014312744,18.435975537928357]],[[-66.12940192222595,18.435146012074142],[-66.12928926944733,18.434855931536205]],[[-66.1297881603241,18.43506967513794],[-66.12965404987335,18.435181635966103]],[[-66.1303836107254,18.4347745053323],[-66.13011002540588,18.434988249035285]],[[-66.13095223903656,18.43482539671426],[-66.13110780715942,18.435008605564562],[-66.13126337528229,18.434886466352722]],[[-66.1256092786789,18.418564833730755],[-66.12513720989227,18.417933719858468]],[[-66.12548053264618,18.418676805304997],[-66.12498164176941,18.41804569184346]],[[-66.12619936466217,18.418590281822205],[-66.12616717815399,18.418646267610157],[-66.12615644931793,18.41870734299441],[-66.12624764442444,18.418987271561548]],[[-66.12616717815399,18.417155003583773],[-66.12612962722778,18.41718554154329],[-66.12608671188354,18.417205900179965],[-66.12588286399841,18.417251707103645]],[[-66.12427353858948,18.417480741539222],[-66.12411260604858,18.417725044601113]],[[-66.12460613250732,18.41833071111276],[-66.12508893013,18.418961823528804]],[[-66.12532496452332,18.41878368719425],[-66.12484216690063,18.418152574124775]],[[-66.12518012523651,18.418890569017123],[-66.12469732761383,18.418264545967318]],[[-66.12471342086792,18.419211214087312],[-66.12420916557312,18.4185292063964]],[[-66.12488508224487,18.41909415325793],[-66.12439692020416,18.418452862083626]],[[-66.12455248832703,18.419262110075238],[-66.12402141094208,18.41859537144005]],[[-66.12438082695007,18.419353722815586],[-66.12383365631104,18.418666626073986]],[[-66.12422525882721,18.419460604284325],[-66.12365663051605,18.418732791064798]],[[-66.12407505512238,18.419567485686642],[-66.12347960472107,18.41879895603016]],[[-66.12392485141754,18.41967436702258],[-66.12329185009003,18.418870210579783]],[[-66.12340986728668,18.417735223887846],[-66.12368881702423,18.417648699931533],[-66.12374782562256,18.417607982760586],[-66.12382292747498,18.41755199663477],[-66.12398386001587,18.417312782982947]],[[-66.12383365631104,18.417943899132837],[-66.1235386133194,18.41803042294069]],[[-66.12255156040192,18.419104332463647],[-66.12221360206604,18.419073794844678]],[[-66.12306654453278,18.420101891702302],[-66.12278759479523,18.41973544204187]],[[-66.12345814704895,18.420000100208256],[-66.12299144268036,18.419404618761362]],[[-66.12361907958984,18.41988812949525],[-66.1230880022049,18.41922648288528]],[[-66.12376391887665,18.41978633787471],[-66.1231791973114,18.419038167615724]],[[-66.12331330776215,18.420106981275424],[-66.12289488315582,18.419562396097575]],[[-66.12094223499298,18.419104332463647],[-66.12219750881195,18.419221393286108],[-66.12254619598389,18.419262110075238],[-66.12255692481995,18.418961823528804],[-66.1222243309021,18.418931285884554]]]},"properties":{"class":"service","service":"parking_aisle","id":"14/5182/7338/5","source":"OpenFreeMap / OpenStreetMap","exposureHigh":true,"exposureModerate":true,"zoneLabels":"AE, X"},"id":5356754360},{"type":"Feature","geometry":{"type":"LineString","coordinates":[[-66.13558173179626,18.424972544295628],[-66.13561391830444,18.424962365437153],[-66.13580167293549,18.424616283890828]]},"properties":{"access":"no","class":"service","oneway":1,"id":"14/5182/7338/29","source":"OpenFreeMap / OpenStreetMap","exposureHigh":false,"exposureModerate":false,"zoneLabels":"X"},"id":14238433082},{"type":"Feature","geometry":{"type":"LineString","coordinates":[[-66.13573729991913,18.424580657809756],[-66.13556563854218,18.424947097148333],[-66.13558173179626,18.424972544295628]]},"properties":{"access":"no","class":"service","oneway":1,"id":"14/5182/7338/30","source":"OpenFreeMap / OpenStreetMap","exposureHigh":false,"exposureModerate":false,"zoneLabels":"X"},"id":14238433092},{"type":"Feature","geometry":{"type":"MultiLineString","coordinates":[[[-66.13567292690277,18.433797387876766],[-66.13596260547638,18.433517483415557],[-66.13616108894348,18.43338516478434],[-66.13639712333679,18.433400432323907],[-66.13653123378754,18.433461502468617],[-66.13671362400055,18.4336548911171]],[[-66.13469660282135,18.432972940703394],[-66.13488972187042,18.43322740012937],[-66.13506138324738,18.433390253964347],[-66.13530814647675,18.433583642692966],[-66.13556563854218,18.433761763697916],[-66.13567292690277,18.433797387876766],[-66.13594651222229,18.433944973681875],[-66.13610208034515,18.434107826837035]],[[-66.13434255123138,18.433293559518432],[-66.13527595996857,18.434245234066694]],[[-66.13356471061707,18.43374140702099],[-66.13424599170685,18.434504780756356],[-66.13450348377228,18.434942446835592]],[[-66.13302826881409,18.434321571369026],[-66.13347351551056,18.43482539671426],[-66.1338597536087,18.43522743810206],[-66.13410115242004,18.43545135947994],[-66.13428354263306,18.435634567663044]],[[-66.13305509090424,18.434835574988853],[-66.13377928733826,18.43595518151359],[-66.13386511802673,18.43604678536103]],[[-66.13253474235535,18.43470834651322],[-66.13262593746185,18.434855931536205],[-66.1328512430191,18.435303774968204],[-66.13291561603546,18.435390290042193]],[[-66.13226115703583,18.436077319966003],[-66.13197684288025,18.43626561657676],[-66.131751537323,18.436372487534356],[-66.13124191761017,18.43666256551282],[-66.1309415102005,18.436901752249582],[-66.13041043281555,18.437268165328433]],[[-66.13150477409363,18.437151116790943],[-66.13157987594604,18.43734450128821],[-66.13163888454437,18.437425926274585],[-66.13172471523285,18.437476816871495],[-66.13192319869995,18.437512440280344],[-66.13207340240479,18.437481905930355],[-66.13221287727356,18.437431015334965]],[[-66.1312848329544,18.435787240999787],[-66.13197147846222,18.436647298262997]],[[-66.1307966709137,18.436021339852758],[-66.13052308559418,18.43568545879036],[-66.13026559352875,18.43531395321446],[-66.13005101680756,18.434861020672656],[-66.12983644008636,18.434489513314844],[-66.12961649894714,18.434235055757142],[-66.13024950027466,18.43373122868161],[-66.13172471523285,18.435420824763767]],[[-66.12964868545532,18.436988266519208],[-66.12911760807037,18.436382665717332],[-66.1287260055542,18.435390290042193]],[[-66.13067328929901,18.43761422140784],[-66.13146722316742,18.437161294927805],[-66.1316978931427,18.4371002260976],[-66.13206267356873,18.43711549330719],[-66.13225042819977,18.43709513702744],[-66.13263666629791,18.43691193040121],[-66.13294780254364,18.436779614383042],[-66.1333018541336,18.43652007112844],[-66.13349497318268,18.436403022081464],[-66.13369345664978,18.436240171100877],[-66.13386511802673,18.43604678536103],[-66.13428354263306,18.435634567663044],[-66.13473415374756,18.43530886409141],[-66.13495409488678,18.435130744689616],[-66.13510966300964,18.434942446835592],[-66.13514721393585,18.43483048585162],[-66.13473415374756,18.434469156724106],[-66.13493263721466,18.434311393064007],[-66.13517940044403,18.434148540101702]],[[-66.130490899086,18.437945009655905],[-66.13011002540588,18.438250352088986]],[[-66.13019049167633,18.43760404329781],[-66.12938582897186,18.438250352088986]],[[-66.12883865833282,18.438250352088986],[-66.12868309020996,18.437766892986062]],[[-66.12902104854584,18.438250352088986],[-66.12895131111145,18.438051879569173],[-66.12895667552948,18.438021345315036],[-66.12899422645569,18.437980632967708],[-66.12989544868469,18.437268165328433]],[[-66.12824320793152,18.436810148857816],[-66.12684845924377,18.437298699716422],[-66.12677872180939,18.437303788780554],[-66.12672507762909,18.437288521587703],[-66.12667679786682,18.43726307626325],[-66.12658023834229,18.437151116790943],[-66.12614572048187,18.43607223086555]],[[-66.1285650730133,18.437629488571773],[-66.12771213054657,18.435441181241828]],[[-66.12774431705475,18.438179105569787],[-66.12730979919434,18.43713584958452]],[[-66.13074839115143,18.434301214758392],[-66.13005101680756,18.434861020672656]],[[-66.13566219806671,18.432204470950566],[-66.13608598709106,18.43255053722467],[-66.13634884357452,18.432703213300613],[-66.13652050495148,18.432840621653014],[-66.13671898841858,18.432942405546953],[-66.13676190376282,18.433049278570735]],[[-66.13639712333679,18.432357147333846],[-66.1361825466156,18.432041615992276],[-66.13600015640259,18.431843136303286]],[[-66.13605916500092,18.429273058098914],[-66.13631129264832,18.429013503510788],[-66.136434674263,18.4289473424747],[-66.13657414913177,18.428845556215578]],[[-66.13631129264832,18.429013503510788],[-66.13630056381226,18.428820109641393],[-66.13635957241058,18.42865216215729],[-66.1360377073288,18.428097425362267],[-66.13581776618958,18.427868405062554],[-66.13535106182098,18.4275019719486]],[[-66.13525986671448,18.428540197076757],[-66.13581776618958,18.427868405062554],[-66.13597333431244,18.42771063534532],[-66.13604307174683,18.427680099254303],[-66.13608062267303,18.427695367300487],[-66.13621473312378,18.42793965585514],[-66.13625228404999,18.428199212064214],[-66.1362361907959,18.42821956939737],[-66.1361289024353,18.428260284056478],[-66.13587141036987,18.428407874614862],[-66.13549590110779,18.42877939511486]],[[-66.13565683364868,18.427741171430924],[-66.13579630851746,18.42756304418849],[-66.1359304189682,18.42743581033092],[-66.13595187664032,18.427379827403755],[-66.13591969013214,18.42716607424154],[-66.1358767747879,18.427089733762074],[-66.1357855796814,18.42699303577274]],[[-66.13564074039459,18.427155895512897],[-66.1355870962143,18.427089733762074],[-66.13558173179626,18.427018482617314]],[[-66.13588750362396,18.426886158984473],[-66.1357855796814,18.42699303577274],[-66.13550126552582,18.427308576379218],[-66.13535106182098,18.4275019719486],[-66.1353349685669,18.427512150656753],[-66.13530814647675,18.427507061302748],[-66.13495409488678,18.427201699787034],[-66.13444983959198,18.426875980239245]],[[-66.13485753536224,18.42657570698462],[-66.13470196723938,18.426479008706266],[-66.13444983959198,18.426875980239245],[-66.13398849964142,18.427379827403755]],[[-66.13426744937897,18.42632632710344],[-66.13426208496094,18.426275433205703],[-66.13391876220703,18.426138019606583]],[[-66.13375782966614,18.42716607424154],[-66.13421380519867,18.42659606450998],[-66.13426208496094,18.426463740552094],[-66.13426744937897,18.42632632710344],[-66.13427817821503,18.42626016503344],[-66.13434255123138,18.426143109001103]],[[-66.13344669342041,18.426875980239245],[-66.13353252410889,18.426713120233998],[-66.13363444805145,18.426412846695015],[-66.13369345664978,18.426341595269818],[-66.13370954990387,18.426275433205703]],[[-66.13280832767487,18.426295790766602],[-66.1328673362732,18.426224539292903],[-66.13301217556,18.426087125653112],[-66.13303363323212,18.4260464104795],[-66.13303363323212,18.426005695296254],[-66.13300144672394,18.42593444370236],[-66.13294780254364,18.425878460286455]],[[-66.13303363323212,18.42649427685909],[-66.13336622714996,18.426082036256943],[-66.13344669342041,18.426020963491098]],[[-66.1380386352539,18.417567265579976],[-66.13711059093475,18.417536727688216]],[[-66.13065183162689,18.424316006690816],[-66.13226115703583,18.425776672210844],[-66.13280832767487,18.426295790766602],[-66.13375782966614,18.42716607424154],[-66.13525986671448,18.428540197076757],[-66.13549590110779,18.42877939511486],[-66.13605916500092,18.429273058098914],[-66.13675653934479,18.429904130365017],[-66.13700330257416,18.430041540954605]],[[-66.12257301807404,18.426514634394096],[-66.12106561660767,18.42702357198577],[-66.12078130245209,18.427079555028897],[-66.12048089504242,18.42709991249461],[-66.11968696117401,18.42709991249461],[-66.11783623695374,18.427120269957925],[-66.11758947372437,18.427191521060493],[-66.11724078655243,18.427369648687787],[-66.11714959144592,18.427532508071252]],[[-66.12196683883667,18.41748583118988],[-66.1153793334961,18.41747056223744]],[[-66.12244963645935,18.42076862449906],[-66.122567653656,18.41986268159576],[-66.12296462059021,18.41905852603317],[-66.12299144268036,18.418768418357004]],[[-66.11846387386322,18.41888038979876],[-66.11710667610168,18.419557306508338],[-66.11687064170837,18.419659098264376],[-66.11668825149536,18.419689635779434],[-66.11591577529907,18.419628560743874],[-66.1153793334961,18.419496231425796]],[[-66.11609280109406,18.430667521139654],[-66.11638247966766,18.430687878180578],[-66.11684918403625,18.430692967440436],[-66.11725151538849,18.430713324478333],[-66.11756265163422,18.43076421706259],[-66.11798107624054,18.43079475260589]],[[-66.11600160598755,18.43221464938034],[-66.11568510532379,18.432199381735458],[-66.1153793334961,18.43222991702386]],[[-66.11790060997009,18.431939831565003],[-66.1160284280777,18.431827868625405]],[[-66.12001955509186,18.432087418964898],[-66.11956894397736,18.4320619728705],[-66.11917197704315,18.43202125911165]],[[-66.12096905708313,18.431939831565003],[-66.12094223499298,18.4320619728705],[-66.12097978591919,18.432413128640405],[-66.12113535404205,18.433217221759577]],[[-66.12053453922272,18.43165483484806],[-66.12042725086212,18.43151742554788],[-66.12018048763275,18.43135456993876],[-66.11981570720673,18.43117135719413],[-66.11942946910858,18.430998322756025],[-66.11876428127289,18.430810020375503],[-66.11838340759277,18.430754038546937],[-66.11798644065857,18.430708235219086]],[[-66.12063646316528,18.43164465638516],[-66.12096905708313,18.431939831565003],[-66.1210548877716,18.43202125911165],[-66.12113535404205,18.43204670521206],[-66.1212158203125,18.43221464938034]],[[-66.12272322177887,18.43266758889503],[-66.12188637256622,18.43294749474009],[-66.12048089504242,18.43345132411268],[-66.12019658088684,18.43353275094337]],[[-66.12251400947571,18.431100107740704],[-66.12275004386902,18.431415640810272],[-66.12299680709839,18.431853314754463],[-66.12319529056549,18.43230625522115],[-66.12334549427032,18.432850800045145]],[[-66.1216127872467,18.431130643224364],[-66.1214143037796,18.43130876677091],[-66.12116754055023,18.431466533186608],[-66.12091541290283,18.431573407127885],[-66.12075984477997,18.43161412099279],[-66.12053453922272,18.43165483484806],[-66.12034678459167,18.431670102541304],[-66.11994981765747,18.431634477921648],[-66.11900568008423,18.431420730048586],[-66.11847460269928,18.43131385601238],[-66.11794352531433,18.431247695861458],[-66.1153793334961,18.431100107740704]],[[-66.12163960933685,18.431919474672327],[-66.12169325351715,18.43192965311897],[-66.12178981304169,18.43199072378617],[-66.1218810081482,18.432194292520194]],[[-66.12128555774689,18.432642142886507],[-66.12161815166473,18.43254544801981],[-66.12173080444336,18.43252509119884],[-66.12180054187775,18.43252509119884],[-66.1218810081482,18.432535269609645],[-66.12226188182831,18.432413128640405]],[[-66.122025847435,18.433456413290713],[-66.12163960933685,18.433583642692966],[-66.12120509147644,18.43369051531809],[-66.12108170986176,18.433705782830543]],[[-66.12168788909912,18.43456585050872],[-66.12168788909912,18.434469156724106],[-66.12164497375488,18.43433683882543]],[[-66.12145185470581,18.4344029977875],[-66.12141966819763,18.434311393064007],[-66.1213606595993,18.433980597822753],[-66.12133383750916,18.433960241171732],[-66.12121045589447,18.433960241171732],[-66.12115144729614,18.433919527862443],[-66.12108170986176,18.433705782830543],[-66.12090468406677,18.433293559518432],[-66.1208564043045,18.43325284605126],[-66.1207115650177,18.432794818881092],[-66.12049162387848,18.43204670521206]],[[-66.122567653656,18.43499333816783],[-66.1231255531311,18.43492209029847]],[[-66.12248718738556,18.434799951025155],[-66.1229807138443,18.434637098525727],[-66.12326502799988,18.434616741952453]],[[-66.12232089042664,18.434392819487286],[-66.12203657627106,18.434443710982265]],[[-66.12274467945099,18.434331749673447],[-66.12244427204132,18.433308827066142],[-66.1222779750824,18.432820264867004]],[[-66.12314164638519,18.434235055757142],[-66.12274467945099,18.434331749673447],[-66.12235844135284,18.434484424167394]],[[-66.12259984016418,18.43506967513794],[-66.12220823764801,18.435222348976453],[-66.12181663513184,18.435410646523835],[-66.1217200756073,18.4355022506615],[-66.12158596515656,18.43568036967831],[-66.12146258354187,18.43593991420093],[-66.12117290496826,18.43631141842387],[-66.12103343009949,18.43644373480248],[-66.12083494663239,18.436581140164776],[-66.12027704715729,18.436906841325467],[-66.12013757228851,18.437028979101598],[-66.11940264701843,18.43783305062783],[-66.1192524433136,18.437945009655905],[-66.11899495124817,18.438036612442787],[-66.11854434013367,18.43815874941602],[-66.11847460269928,18.437965365834984],[-66.11817955970764,18.43692210855224],[-66.11786842346191,18.436077319966003],[-66.11750900745392,18.435222348976453],[-66.1174339056015,18.435110388174806]],[[-66.12341523170471,18.435156190329735],[-66.12305581569672,18.43517654683913],[-66.12266421318054,18.43522743810206]],[[-66.12285733222961,18.433186686646536],[-66.12244427204132,18.433308827066142]],[[-66.1242413520813,18.43634195298182],[-66.12501919269562,18.43605187446225],[-66.12508356571198,18.436056963563303],[-66.12513720989227,18.4360824090663],[-66.12519085407257,18.43613838915968]],[[-66.12622082233429,18.43625543838685],[-66.12601697444916,18.43634195298182],[-66.12600088119507,18.436403022081464],[-66.12603843212128,18.43651498204109],[-66.12602233886719,18.436540427476288],[-66.1255931854248,18.436718545417207],[-66.1255556344986,18.436708367254127],[-66.1253947019577,18.43633686388921]],[[-66.12622618675232,18.43627579476606],[-66.12947702407837,18.435120566432502]],[[-66.1257916688919,18.437171473064055],[-66.12615644931793,18.437074780745277],[-66.1262047290802,18.437084958886658],[-66.1262583732605,18.4372070965362],[-66.1262959241867,18.43723254186895],[-66.12641394138336,18.43723254186895],[-66.12658023834229,18.437151116790943]],[[-66.12406969070435,18.43764475573434],[-66.12394630908966,18.43770582437105],[-66.1237907409668,18.43774144773245],[-66.1233401298523,18.437894119197637],[-66.12222969532013,18.438250352088986]],[[-66.1237907409668,18.43774144773245],[-66.12355470657349,18.43724272000098],[-66.12312018871307,18.436240171100877],[-66.12283051013947,18.435609122093737],[-66.12259984016418,18.43506967513794],[-66.12232089042664,18.434392819487286],[-66.12220823764801,18.434072202722533],[-66.12189710140228,18.43299329747134],[-66.12180054187775,18.43252509119884],[-66.12163960933685,18.431919474672327],[-66.12160742282867,18.431848225528952],[-66.12123191356659,18.431491979369127],[-66.12116754055023,18.431466533186608],[-66.1208564043045,18.431196803420335],[-66.12063109874725,18.431044126006597],[-66.12040042877197,18.430901626964754],[-66.12022876739502,18.430810020375503],[-66.11971378326416,18.430581003688843],[-66.11940264701843,18.43046903986432],[-66.11897349357605,18.43035198669709],[-66.11848533153534,18.430265469087487],[-66.11801862716675,18.430224754903207]],[[-66.1234849691391,18.438250352088986],[-66.1233401298523,18.437894119197637]],[[-66.12270176410675,18.437069691674367],[-66.12178444862366,18.43535466619346],[-66.1216288805008,18.435115477303725],[-66.12150549888611,18.434957714236845],[-66.12129628658295,18.434652365954108],[-66.1212158203125,18.434499691609332]],[[-66.1238443851471,18.437151116790943],[-66.12355470657349,18.43724272000098],[-66.12236380577087,18.437736358681263],[-66.12205266952515,18.437853406820196],[-66.1213767528534,18.438072235735603],[-66.12075984477997,18.438250352088986]],[[-66.12376391887665,18.436611674674808],[-66.12335622310638,18.436779614383042],[-66.12250328063965,18.437166383996015]],[[-66.12364590167999,18.43606714176495],[-66.12239599227905,18.436494625690216],[-66.12188637256622,18.436703278172374],[-66.1210173368454,18.437028979101598],[-66.11996054649353,18.437375035662612]],[[-66.1234849691391,18.4354920724264],[-66.12220287322998,18.436133300061016],[-66.12170934677124,18.436357220258756]],[[-66.12207412719727,18.43588902314896],[-66.1225301027298,18.43570072612563],[-66.12283051013947,18.435609122093737]],[[-66.12146258354187,18.43593991420093],[-66.12170934677124,18.436357220258756],[-66.12188637256622,18.436703278172374],[-66.12236380577087,18.437736358681263],[-66.12257838249207,18.438250352088986]],[[-66.12133383750916,18.436906841325467],[-66.12159132957458,18.437527707453313]],[[-66.12205266952515,18.437853406820196],[-66.1219722032547,18.437654933841955],[-66.1218649148941,18.43734450128821],[-66.12172544002533,18.437069691674367]],[[-66.12143039703369,18.438250352088986],[-66.1213767528534,18.438072235735603],[-66.1210173368454,18.437028979101598],[-66.12083494663239,18.436581140164776],[-66.12079739570618,18.436474269336927],[-66.12057209014893,18.43595518151359],[-66.12027168273926,18.435415735643886],[-66.1201000213623,18.43506967513794],[-66.119863986969,18.43455058307265],[-66.11981570720673,18.434504780756356]],[[-66.1212158203125,18.437593865187182],[-66.1205667257309,18.43780760538401]],[[-66.12114071846008,18.436677832761276],[-66.12092077732086,18.436794881621097]],[[-66.11999273300171,18.436718545417207],[-66.11974060535431,18.43678470346255],[-66.11948847770691,18.43686612871413]],[[-66.12049698829651,18.437568419907933],[-66.12005174160004,18.437690557213898],[-66.11976206302643,18.437751625834352]],[[-66.1202073097229,18.438250352088986],[-66.11996054649353,18.437375035662612],[-66.11974060535431,18.43678470346255],[-66.11971914768219,18.43666256551282],[-66.11957967281342,18.43615874555273],[-66.11957967281342,18.43606714176495],[-66.11963868141174,18.43595518151359],[-66.11972987651825,18.43587375583043],[-66.11990690231323,18.435782151890763]],[[-66.11909687519073,18.438250352088986],[-66.11899495124817,18.438036612442787],[-66.11876964569092,18.43758368707593],[-66.11872136592865,18.437441193455243],[-66.118603348732,18.43676434714361],[-66.11830830574036,18.435914468676827],[-66.11814200878143,18.43521725985069],[-66.11814737319946,18.435115477303725],[-66.11821711063385,18.434443710982265]],[[-66.11850142478943,18.438041701485076],[-66.11812591552734,18.43814348229911],[-66.11792743206024,18.438229995943658],[-66.11790597438812,18.438250352088986]],[[-66.1186945438385,18.437293610652134],[-66.11893057823181,18.43726307626325]],[[-66.11971914768219,18.43666256551282],[-66.11948311328888,18.436713456335752]],[[-66.1190915107727,18.436316507517233],[-66.11900568008423,18.436036607158172],[-66.11886620521545,18.43580250832602],[-66.11877501010895,18.43569563701402],[-66.11873209476471,18.435665102341247]],[[-66.1193436384201,18.43577706278157],[-66.11933290958405,18.435670191453752],[-66.11931681632996,18.435619300321918],[-66.11926317214966,18.435583676520665],[-66.11923635005951,18.435542963595907],[-66.11923098564148,18.43545135947994],[-66.11915588378906,18.43535466619346],[-66.11906468868256,18.43532413146012],[-66.11891448497772,18.435303774968204],[-66.11864626407623,18.435242705478004],[-66.11814737319946,18.435115477303725],[-66.11748218536377,18.43503405122277],[-66.11686527729034,18.434861020672656],[-66.11664533615112,18.43482030757673],[-66.11582458019257,18.4351002099165],[-66.11573338508606,18.435115477303725],[-66.11567437648773,18.435110388174806],[-66.1153793334961,18.435191814219593]],[[-66.1200088262558,18.43614347825816],[-66.11981570720673,18.43627070567149],[-66.11963868141174,18.436372487534356]],[[-66.12067401409149,18.436194369234784],[-66.12055599689484,18.436240171100877]],[[-66.12106025218964,18.43587375583043],[-66.12121045589447,18.435787240999787],[-66.12125873565674,18.435736349902612]],[[-66.12057209014893,18.43595518151359],[-66.12034142017365,18.436021339852758],[-66.11999273300171,18.436056963563303]],[[-66.11997127532959,18.434102737678273],[-66.11773431301117,18.433878814543533],[-66.11712276935577,18.433843190381566],[-66.11654341220856,18.434026400278753]],[[-66.12071692943573,18.434123094312426],[-66.12048089504242,18.43345132411268]],[[-66.12016975879669,18.43360908856212],[-66.11778795719147,18.43336480806279],[-66.11710131168365,18.433303737883733],[-66.1167848110199,18.433380075604163],[-66.1153793334961,18.433909349533636]],[[-66.1201000213623,18.43382792288132],[-66.12030923366547,18.434275768991697],[-66.12041652202606,18.434433532684466],[-66.12048625946045,18.434499691609332],[-66.12057209014893,18.434555672218167],[-66.12066328525543,18.434570939653767],[-66.1208188533783,18.434479335019788],[-66.12097442150116,18.434443710982265],[-66.12102270126343,18.434448800130937],[-66.1212158203125,18.434499691609332],[-66.12145185470581,18.4344029977875],[-66.12164497375488,18.43433683882543],[-66.1218810081482,18.434204520824906],[-66.12211167812347,18.43409764851937],[-66.12220823764801,18.434072202722533]],[[-66.11898958683014,18.43348694835585],[-66.11923635005951,18.431476711660068]],[[-66.11976742744446,18.434601474520903],[-66.11736416816711,18.434367373734176],[-66.1171442270279,18.43437755203587],[-66.11673653125763,18.434514959049906]],[[-66.11953675746918,18.434947535969485],[-66.11980497837067,18.435461537717458],[-66.11999273300171,18.436056963563303],[-66.12001955509186,18.436184191040667]],[[-66.11924707889557,18.435186725092933],[-66.11923635005951,18.43507476426808],[-66.11927926540375,18.43455058307265]],[[-66.11864626407623,18.435242705478004],[-66.11874282360077,18.434499691609332]],[[-66.11783623695374,18.432860978436636],[-66.11599624156952,18.43268285649833],[-66.11576557159424,18.432687945699115],[-66.1153793334961,18.43281517567013]],[[-66.11706376075745,18.432779551287737],[-66.11711740493774,18.431894028553074]],[[-66.11664533615112,18.433039100190385],[-66.1167848110199,18.433380075604163],[-66.11689746379852,18.433680336975698]],[[-66.11651659011841,18.432728659300096],[-66.1165702342987,18.431863493205014]],[[-66.11585140228271,18.436397932990644],[-66.11603379249573,18.436835594249317]],[[-66.1158835887909,18.436479358425473],[-66.1153793334961,18.436657476429687]],[[-66.1174339056015,18.43624526019636],[-66.11830830574036,18.435914468676827],[-66.11867845058441,18.435710904348383],[-66.11887693405151,18.43555314182801],[-66.11901104450226,18.435420824763767],[-66.11906468868256,18.43532413146012],[-66.11924707889557,18.435186725092933],[-66.11953675746918,18.434947535969485],[-66.11967623233795,18.434810129301255],[-66.11974060535431,18.434687989948372],[-66.11976742744446,18.434601474520903],[-66.11981570720673,18.434504780756356],[-66.11997127532959,18.434102737678273],[-66.1201000213623,18.43382792288132],[-66.12019658088684,18.43353275094337],[-66.1202073097229,18.433349540520055],[-66.11994981765747,18.431634477921648]],[[-66.11794888973236,18.43761422140784],[-66.11768066883087,18.43684577240485],[-66.11715495586395,18.435588765635586],[-66.11686527729034,18.434861020672656],[-66.11673653125763,18.434514959049906],[-66.11599624156952,18.43268285649833],[-66.11600160598755,18.43221464938034],[-66.11609280109406,18.430667521139654],[-66.11616253852844,18.429603862398224]],[[-66.11787915229797,18.438250352088986],[-66.11769676208496,18.437970454879377],[-66.11762166023254,18.437894119197637],[-66.11749827861786,18.437827961579373],[-66.11744463443756,18.437766892986062],[-66.117342710495,18.4373597684761],[-66.11721932888031,18.437293610652134],[-66.11719250679016,18.437257987197924],[-66.11680626869202,18.43634195298182],[-66.11677944660187,18.436260527481878],[-66.11624836921692,18.434957714236845],[-66.11579775810242,18.43381265537971],[-66.11571192741394,18.43344623493448],[-66.11543297767639,18.432794818881092]],[[-66.11733734607697,18.437995900099082],[-66.11695110797882,18.438118037101262]],[[-66.11648976802826,18.436988266519208],[-66.11618399620056,18.4371002260976],[-66.11587285995483,18.437227452802688],[-66.11569046974182,18.437293610652134]],[[-66.11618399620056,18.4371002260976],[-66.11645758152008,18.437787249186243]],[[-66.1163878440857,18.436738901741563],[-66.11659169197083,18.43656587290772],[-66.11677944660187,18.436260527481878],[-66.11715495586395,18.435588765635586],[-66.1174339056015,18.435110388174806],[-66.11757338047028,18.43489664462369],[-66.11762166023254,18.434779594471166],[-66.11773431301117,18.433878814543533],[-66.11784160137177,18.432830443260315],[-66.11805617809296,18.429690380340745]],[[-66.11587285995483,18.437227452802688],[-66.11600160598755,18.43754806368183]],[[-66.1154705286026,18.438118037101262],[-66.11552953720093,18.438250352088986]],[[-66.11571192741394,18.438133304220415],[-66.11648440361023,18.437868673962853],[-66.1166399717331,18.438250352088986]],[[-66.11560463905334,18.437568419907933],[-66.1153793334961,18.437649844788226]],[[-66.1153793334961,18.43815366037721],[-66.11574411392212,18.438021345315036],[-66.11575484275818,18.437975543923613],[-66.11560463905334,18.437568419907933],[-66.1153793334961,18.437018800956906]],[[-66.11542761325836,18.43713584958452],[-66.1153793334961,18.437151116790943]],[[-66.1154168844223,18.436642209179425],[-66.1155617237091,18.437013711884333]],[[-66.1153793334961,18.43645900207038],[-66.1154168844223,18.436453912981236],[-66.11569583415985,18.436357220258756]],[[-66.1153793334961,18.435995894340707],[-66.11555099487305,18.43593482509641],[-66.11568510532379,18.435868666723948]],[[-66.1153793334961,18.43166501331038],[-66.11542761325836,18.431659924079298],[-66.11544907093048,18.431624299457525],[-66.1155778169632,18.42956823735041]],[[-66.1153793334961,18.429547880176926],[-66.1155778169632,18.42956823735041],[-66.11616253852844,18.429603862398224],[-66.11805617809296,18.429690380340745],[-66.11890375614166,18.429797255386106],[-66.11912369728088,18.429843058956635],[-66.11957967281342,18.429965201751727],[-66.1200624704361,18.430128058676885],[-66.12052381038666,18.43035707596688],[-66.12074375152588,18.430479218396826],[-66.12103343009949,18.430662431879043],[-66.12130165100098,18.43085582367624],[-66.1216127872467,18.431130643224364],[-66.12235844135284,18.431883850104327],[-66.12253546714783,18.432133221925298],[-66.12265884876251,18.43241821784919],[-66.12272322177887,18.43266758889503],[-66.12276613712311,18.43290169199662],[-66.12285733222961,18.433186686646536],[-66.12314164638519,18.434235055757142],[-66.12326502799988,18.434616741952453],[-66.1234849691391,18.435410646523835],[-66.1234849691391,18.4354920724264],[-66.12361371517181,18.435945003305306],[-66.12381219863892,18.436850861482398],[-66.12387120723724,18.437446282515168],[-66.12410724163055,18.438250352088986]],[[-66.12022876739502,18.416752919944628],[-66.12016439437866,18.417088837986228],[-66.12015902996063,18.417480741539222]],[[-66.12971842288971,18.416752919944628],[-66.12969160079956,18.416941237715378],[-66.12894594669342,18.418259456339683],[-66.12876355648041,18.418463041327286],[-66.12852215766907,18.418651357226338],[-66.12710058689117,18.41967436702258],[-66.12698793411255,18.41973544204187],[-66.12692892551422,18.419745621209657],[-66.12685918807983,18.419730352457762],[-66.12682700157166,18.41970490453494],[-66.12677335739136,18.419623471156612],[-66.12664997577667,18.419129780475316],[-66.12659633159637,18.41878877680638],[-66.12644076347351,18.41837142811268],[-66.12633883953094,18.417241527788335],[-66.12616717815399,18.417155003583773],[-66.12630665302277,18.416752919944628]]]},"properties":{"class":"minor","id":"14/5182/7338/35","source":"OpenFreeMap / OpenStreetMap","exposureHigh":true,"exposureModerate":true,"zoneLabels":"AE, X"},"id":221120480},{"type":"Feature","geometry":{"type":"MultiLineString","coordinates":[[[-66.13468050956726,18.433924617026648],[-66.13460004329681,18.43385336871431],[-66.13446056842804,18.433700693659873],[-66.13428890705109,18.433456413290713],[-66.1342191696167,18.4333953431442]],[[-66.13389194011688,18.4336548911171],[-66.1341118812561,18.433863547046457],[-66.13409042358398,18.433924617026648],[-66.13419771194458,18.434026400278753],[-66.13473415374756,18.434469156724106]],[[-66.12299144268036,18.418768418357004],[-66.12261056900024,18.41882440408699],[-66.12038433551788,18.418620819526993],[-66.12009465694427,18.418615729909888],[-66.11920952796936,18.418748059905226],[-66.1188930273056,18.41880913525334],[-66.11875355243683,18.418865120970082],[-66.11826002597809,18.419155228483206],[-66.1167311668396,18.41988812949525],[-66.1153793334961,18.420351280608173]],[[-66.11993908882141,18.418636088377355],[-66.12021267414093,18.420198593565857],[-66.12025558948517,18.4202647579675],[-66.12069547176361,18.420478519706577],[-66.12139284610748,18.420626116942827],[-66.12194001674652,18.420707549846554],[-66.12244963645935,18.42076862449906],[-66.1244934797287,18.421140161501242],[-66.12462222576141,18.42114525104364],[-66.1247992515564,18.421119803330114],[-66.12502455711365,18.42107399743628],[-66.12515330314636,18.421033281075978],[-66.12523913383484,18.42098747515911],[-66.12619400024414,18.420280026671946],[-66.12626910209656,18.420173145712297],[-66.12627983093262,18.420117160421213],[-66.12627983093262,18.42004590638804],[-66.1262583732605,18.419959383593778],[-66.12621009349823,18.41988812949525],[-66.12609207630157,18.419776158709368]],[[-66.11970841884613,18.42586319207895],[-66.1180454492569,18.425853013273212],[-66.11766993999481,18.425873370884105],[-66.1175411939621,18.425903907295933],[-66.1171281337738,18.426061678670735],[-66.11594259738922,18.42668767334426],[-66.1153793334961,18.426855622747027]],[[-66.1153793334961,18.424656999403012],[-66.11626446247101,18.42418368097863],[-66.11641466617584,18.424153144261354],[-66.11808836460114,18.424107339175293],[-66.11972987651825,18.424137875900698],[-66.11972451210022,18.425756314588483],[-66.11970841884613,18.42586319207895],[-66.11967623233795,18.426265254424337],[-66.11968696117401,18.42709991249461]],[[-66.1153793334961,18.42185778549394],[-66.1156690120697,18.421715278839997]]]},"properties":{"class":"minor","access":"no","id":"14/5182/7338/37","source":"OpenFreeMap / OpenStreetMap","exposureHigh":true,"exposureModerate":false,"zoneLabels":"AE"},"id":221336690},{"type":"Feature","geometry":{"type":"LineString","coordinates":[[-66.12386584281921,18.436194369234784],[-66.12387657165527,18.43652007112844],[-66.12396776676178,18.437151116790943],[-66.12406969070435,18.43764475573434]]},"properties":{"class":"motorway","oneway":1,"ramp":1,"id":"14/5182/7338/38","source":"OpenFreeMap / OpenStreetMap","exposureHigh":true,"exposureModerate":false,"zoneLabels":"AE, X"},"id":221339502},{"type":"Feature","geometry":{"type":"LineString","coordinates":[[-66.12478315830231,18.438250352088986],[-66.12470269203186,18.43816892749321],[-66.12463295459747,18.438056968611022],[-66.12459540367126,18.437965365834984],[-66.12442374229431,18.43733941222527],[-66.12423598766327,18.436830505171315],[-66.12417161464691,18.4366269419278],[-66.12408578395844,18.43646918024824]]},"properties":{"class":"motorway","oneway":1,"ramp":1,"id":"14/5182/7338/39","source":"OpenFreeMap / OpenStreetMap","exposureHigh":true,"exposureModerate":true,"zoneLabels":"AE, X"},"id":221346982},{"type":"Feature","geometry":{"type":"LineString","coordinates":[[-66.11854434013367,18.43815874941602],[-66.11857652664185,18.438250352088986]]},"properties":{"class":"minor","oneway":1,"id":"14/5182/7338/40","source":"OpenFreeMap / OpenStreetMap","exposureHigh":true,"exposureModerate":false,"zoneLabels":"AE"},"id":221348762},{"type":"Feature","geometry":{"type":"MultiLineString","coordinates":[[[-66.13173544406891,18.438250352088986],[-66.13117754459381,18.437609132352904]],[[-66.13182127475739,18.438250352088986],[-66.13230407238007,18.437965365834984],[-66.13221824169159,18.4379093863367]],[[-66.13147795200348,18.437960276790434],[-66.13191246986389,18.43770582437105]],[[-66.13116145133972,18.438250352088986],[-66.1307966709137,18.437827961579373]],[[-66.13151013851166,18.4374157481534],[-66.13062500953674,18.43792465347441]],[[-66.12964868545532,18.436988266519208],[-66.13075911998749,18.438250352088986]],[[-66.13001346588135,18.43674399082228],[-66.13067328929901,18.43761422140784]]]},"properties":{"surface":"paved","class":"minor","id":"14/5182/7338/44","source":"OpenFreeMap / OpenStreetMap","exposureHigh":true,"exposureModerate":true,"zoneLabels":"AE, X"},"id":3286754100},{"type":"Feature","geometry":{"type":"LineString","coordinates":[[-66.13230407238007,18.43473379221588],[-66.13217532634735,18.4347745053323],[-66.13189101219177,18.434947535969485],[-66.13154232501984,18.435207081598705]]},"properties":{"class":"primary","oneway":1,"ramp":1,"id":"14/5182/7338/45","source":"OpenFreeMap / OpenStreetMap","exposureHigh":true,"exposureModerate":false,"zoneLabels":"AE"},"id":4173775042},{"type":"Feature","geometry":{"type":"LineString","coordinates":[[-66.12399995326996,18.435456448598785],[-66.12387657165527,18.435242705478004],[-66.12369954586029,18.434810129301255],[-66.12360298633575,18.43468290080679]]},"properties":{"class":"motorway","oneway":1,"ramp":1,"id":"14/5182/7338/46","source":"OpenFreeMap / OpenStreetMap","exposureHigh":true,"exposureModerate":false,"zoneLabels":"AE, X"},"id":4214944132},{"type":"Feature","geometry":{"type":"LineString","coordinates":[[-66.1248904466629,18.437899208244147],[-66.12484753131866,18.437970454879377],[-66.12477779388428,18.438021345315036],[-66.12471342086792,18.438021345315036],[-66.12459540367126,18.437965365834984]]},"properties":{"class":"motorway","oneway":1,"ramp":1,"id":"14/5182/7338/47","source":"OpenFreeMap / OpenStreetMap","exposureHigh":false,"exposureModerate":true,"zoneLabels":"X"},"id":4214944142},{"type":"Feature","geometry":{"type":"LineString","coordinates":[[-66.12146258354187,18.43593991420093],[-66.12087786197662,18.434967892503593],[-66.12066328525543,18.434570939653767]]},"properties":{"class":"minor","oneway":1,"id":"14/5182/7338/56","source":"OpenFreeMap / OpenStreetMap","exposureHigh":true,"exposureModerate":false,"zoneLabels":"AE"},"id":14095732732},{"type":"Feature","geometry":{"type":"LineString","coordinates":[[-66.12066328525543,18.434570939653767],[-66.1206579208374,18.434703257372234],[-66.12099051475525,18.43528850759769],[-66.12125873565674,18.435736349902612]]},"properties":{"class":"minor","oneway":1,"id":"14/5182/7338/57","source":"OpenFreeMap / OpenStreetMap","exposureHigh":true,"exposureModerate":false,"zoneLabels":"AE"},"id":14095732752},{"type":"Feature","geometry":{"type":"LineString","coordinates":[[-66.12125873565674,18.435736349902612],[-66.12146258354187,18.43593991420093]]},"properties":{"class":"minor","oneway":1,"id":"14/5182/7338/58","source":"OpenFreeMap / OpenStreetMap","exposureHigh":true,"exposureModerate":false,"zoneLabels":"AE"},"id":14095732762},{"type":"Feature","geometry":{"type":"MultiLineString","coordinates":[[[-66.1380386352539,18.431145910964148],[-66.13794207572937,18.43107466150019],[-66.13790988922119,18.431039036757127],[-66.13757729530334,18.430504664725476],[-66.13745927810669,18.430346897427142],[-66.1373519897461,18.43024002272344],[-66.13700330257416,18.430041540954605]],[[-66.12299144268036,18.418768418357004],[-66.1228734254837,18.417577444876045],[-66.12277150154114,18.417297514015146],[-66.12260520458221,18.41705830000953],[-66.12229406833649,18.416752919944628]],[[-66.12334549427032,18.432850800045145],[-66.12420916557312,18.43626561657676],[-66.12461686134338,18.437257987197924],[-66.1248904466629,18.437899208244147],[-66.12502455711365,18.438250352088986]],[[-66.12487435340881,18.416752919944628],[-66.12477779388428,18.417674148158497]]]},"properties":{"class":"tertiary","id":"14/5182/7338/59","source":"OpenFreeMap / OpenStreetMap","exposureHigh":true,"exposureModerate":true,"zoneLabels":"AE, X"},"id":221228890},{"type":"Feature","geometry":{"type":"LineString","coordinates":[[-66.13678872585297,18.43043850426315],[-66.13650977611542,18.430962697997145],[-66.13642394542694,18.431100107740704],[-66.1360216140747,18.43164974561668],[-66.13580703735352,18.43189911777722],[-66.13559246063232,18.432107775837693],[-66.13521158695221,18.43243857468282],[-66.13356471061707,18.43374140702099]]},"properties":{"class":"primary","oneway":1,"id":"14/5182/7338/70","source":"OpenFreeMap / OpenStreetMap","exposureHigh":true,"exposureModerate":false,"zoneLabels":"AE"},"id":221349172},{"type":"Feature","geometry":{"type":"LineString","coordinates":[[-66.12964868545532,18.436988266519208],[-66.12868309020996,18.437766892986062],[-66.12850606441498,18.43788394110419],[-66.1284202337265,18.437929742519998],[-66.12819492816925,18.438021345315036],[-66.12801253795624,18.43807732477684],[-66.12755119800568,18.438250352088986]]},"properties":{"class":"primary","id":"14/5182/7338/71","source":"OpenFreeMap / OpenStreetMap","exposureHigh":true,"exposureModerate":true,"zoneLabels":"AE, X"},"id":221358802},{"type":"Feature","geometry":{"type":"LineString","coordinates":[[-66.12964868545532,18.436988266519208],[-66.12977206707001,18.436932286702657],[-66.13012611865997,18.436657476429687],[-66.13087713718414,18.436112943664938],[-66.1312848329544,18.435787240999787],[-66.13172471523285,18.435420824763767],[-66.1320412158966,18.435084942527894],[-66.13282442092896,18.434484424167394],[-66.13337695598602,18.43403148943976],[-66.13365590572357,18.433843190381566]]},"properties":{"class":"primary","oneway":1,"id":"14/5182/7338/72","source":"OpenFreeMap / OpenStreetMap","exposureHigh":true,"exposureModerate":false,"zoneLabels":"AE"},"id":579612952},{"type":"Feature","geometry":{"type":"LineString","coordinates":[[-66.13704085350037,18.430148415781687],[-66.1370837688446,18.430082255182285],[-66.13789916038513,18.428535107753177],[-66.1380386352539,18.428239926728125]]},"properties":{"class":"primary","oneway":1,"id":"14/5182/7338/73","source":"OpenFreeMap / OpenStreetMap","exposureHigh":true,"exposureModerate":false,"zoneLabels":"AE"},"id":4173774882},{"type":"Feature","geometry":{"type":"LineString","coordinates":[[-66.12406969070435,18.43764475573434],[-66.1242413520813,18.438250352088986]]},"properties":{"class":"primary","oneway":1,"id":"14/5182/7338/74","source":"OpenFreeMap / OpenStreetMap","exposureHigh":false,"exposureModerate":false,"zoneLabels":"X"},"id":5061521422},{"type":"Feature","geometry":{"type":"LineString","coordinates":[[-66.1380386352539,18.42800072793959],[-66.13781869411469,18.42846385720732],[-66.13707304000854,18.42991939821374],[-66.13696038722992,18.430117880123575]]},"properties":{"class":"primary","oneway":1,"id":"14/5182/7338/75","source":"OpenFreeMap / OpenStreetMap","exposureHigh":true,"exposureModerate":false,"zoneLabels":"AE"},"id":10463567952},{"type":"Feature","geometry":{"type":"LineString","coordinates":[[-66.13356471061707,18.43374140702099],[-66.13294780254364,18.43421469913625],[-66.13207340240479,18.43492209029847],[-66.13190174102783,18.43507476426808],[-66.13165497779846,18.43533430970517],[-66.13122045993805,18.435690547902283],[-66.13039433956146,18.436347042074274],[-66.12997591495514,18.43666765459578],[-66.12972915172577,18.43688648502102],[-66.12964868545532,18.436988266519208]]},"properties":{"class":"primary","oneway":1,"id":"14/5182/7338/76","source":"OpenFreeMap / OpenStreetMap","exposureHigh":true,"exposureModerate":false,"zoneLabels":"AE"},"id":14638283872},{"type":"Feature","geometry":{"type":"LineString","coordinates":[[-66.13365590572357,18.433843190381566],[-66.13434255123138,18.433293559518432],[-66.13469660282135,18.432972940703394],[-66.13527595996857,18.432530180404314],[-66.13566219806671,18.432204470950566],[-66.13580167293549,18.432072151308702],[-66.13600015640259,18.431843136303286],[-66.13629519939423,18.431481800896577],[-66.13655805587769,18.431100107740704],[-66.13687455654144,18.430474129130644]]},"properties":{"class":"primary","oneway":1,"id":"14/5182/7338/77","source":"OpenFreeMap / OpenStreetMap","exposureHigh":true,"exposureModerate":false,"zoneLabels":"AE"},"id":14638283882},{"type":"Feature","geometry":{"type":"LineString","coordinates":[[-66.12367808818817,18.43497807076973],[-66.12360298633575,18.43468290080679],[-66.12344205379486,18.43414345094415],[-66.12318992614746,18.433013654236873]]},"properties":{"class":"motorway","oneway":1,"id":"14/5182/7338/78","source":"OpenFreeMap / OpenStreetMap","exposureHigh":true,"exposureModerate":false,"zoneLabels":"AE, X"},"id":221336092},{"type":"Feature","geometry":{"type":"LineString","coordinates":[[-66.12408578395844,18.43646918024824],[-66.123828291893,18.435588765635586],[-66.12367808818817,18.43497807076973]]},"properties":{"class":"motorway","oneway":1,"id":"14/5182/7338/79","source":"OpenFreeMap / OpenStreetMap","exposureHigh":true,"exposureModerate":false,"zoneLabels":"AE"},"id":221336122},{"type":"Feature","geometry":{"type":"LineString","coordinates":[[-66.12318992614746,18.433013654236873],[-66.12305045127869,18.432535269609645],[-66.1228197813034,18.431975456121407],[-66.12259447574615,18.43155813942606],[-66.12230479717255,18.43115100021045],[-66.12201511859894,18.43083037739956],[-66.12167716026306,18.430504664725476],[-66.12131237983704,18.430250201269516],[-66.12079739570618,18.42993975534324],[-66.12034678459167,18.429731094651572],[-66.12008392810822,18.429649666020268],[-66.11962258815765,18.42952243370668],[-66.11916661262512,18.429451183569938]]},"properties":{"class":"motorway","oneway":1,"id":"14/5182/7338/80","source":"OpenFreeMap / OpenStreetMap","exposureHigh":false,"exposureModerate":false,"zoneLabels":"X"},"id":221620282},{"type":"Feature","geometry":{"type":"LineString","coordinates":[[-66.1380386352539,18.42271282293838],[-66.13645076751709,18.422753538901162],[-66.13590896129608,18.422753538901162],[-66.13223969936371,18.422717912434265],[-66.131392121315,18.422692464953386]]},"properties":{"class":"motorway","toll":1,"oneway":1,"id":"14/5182/7338/81","source":"OpenFreeMap / OpenStreetMap","exposureHigh":false,"exposureModerate":false,"zoneLabels":"X"},"id":551769762},{"type":"Feature","geometry":{"type":"LineString","coordinates":[[-66.1153793334961,18.42895752109729],[-66.11555635929108,18.429033860747566],[-66.11585140228271,18.429145825506637],[-66.11653804779053,18.429344308309467],[-66.11719787120819,18.42947663005073],[-66.11804008483887,18.42956823735041],[-66.11901640892029,18.429619130273593],[-66.11961722373962,18.42971073749736],[-66.12013757228851,18.429863416095174],[-66.12064182758331,18.43007207662626],[-66.12091541290283,18.430214576355638],[-66.12137138843536,18.430525021785698],[-66.12178981304169,18.430881269949154],[-66.12209022045135,18.431212071154263],[-66.12239599227905,18.431629388689643],[-66.12264275550842,18.43202125911165],[-66.12279295921326,18.432362236544293],[-66.12302362918854,18.433186686646536]]},"properties":{"class":"motorway","oneway":1,"id":"14/5182/7338/83","source":"OpenFreeMap / OpenStreetMap","exposureHigh":false,"exposureModerate":false,"zoneLabels":"X"},"id":579474512},{"type":"Feature","geometry":{"type":"LineString","coordinates":[[-66.12302362918854,18.433186686646536],[-66.12386584281921,18.436194369234784]]},"properties":{"class":"motorway","oneway":1,"id":"14/5182/7338/84","source":"OpenFreeMap / OpenStreetMap","exposureHigh":true,"exposureModerate":false,"zoneLabels":"AE, X"},"id":579475032},{"type":"Feature","geometry":{"type":"LineString","coordinates":[[-66.13133311271667,18.422819702320098],[-66.13443911075592,18.42286041825757],[-66.1363434791565,18.422865507749066],[-66.1380386352539,18.422829881305375]]},"properties":{"class":"motorway","oneway":1,"id":"14/5182/7338/85","source":"OpenFreeMap / OpenStreetMap","exposureHigh":false,"exposureModerate":false,"zoneLabels":"X"},"id":2022867502},{"type":"Feature","geometry":{"type":"LineString","coordinates":[[-66.12435400485992,18.43754806368183],[-66.12408578395844,18.43646918024824]]},"properties":{"class":"motorway","oneway":1,"id":"14/5182/7338/86","source":"OpenFreeMap / OpenStreetMap","exposureHigh":true,"exposureModerate":false,"zoneLabels":"AE, X"},"id":2930395142},{"type":"Feature","geometry":{"type":"LineString","coordinates":[[-66.12386584281921,18.436194369234784],[-66.12421452999115,18.43760404329781]]},"properties":{"class":"motorway","oneway":1,"id":"14/5182/7338/97","source":"OpenFreeMap / OpenStreetMap","exposureHigh":true,"exposureModerate":false,"zoneLabels":"AE, X"},"id":14164383932},{"type":"Feature","geometry":{"type":"MultiLineString","coordinates":[[[-66.13442838191986,18.427786975549154],[-66.13460004329681,18.42760375900302],[-66.13495409488678,18.427201699787034],[-66.13538861274719,18.42675892462607],[-66.13541007041931,18.426692762722524],[-66.13524913787842,18.4265858857476],[-66.13524377346039,18.426550260074535],[-66.13531351089478,18.426392489147972]],[[-66.13475024700165,18.428082157351767],[-66.134814620018,18.428021085296237],[-66.13500237464905,18.427797154240437],[-66.13530814647675,18.427507061302748]]]},"properties":{"class":"minor","layer":1,"id":"14/5182/7338/98","source":"OpenFreeMap / OpenStreetMap","exposureHigh":true,"exposureModerate":false,"zoneLabels":"AE"},"id":221338980},{"type":"Feature","geometry":{"type":"LineString","coordinates":[[-66.13696038722992,18.430117880123575],[-66.13678872585297,18.43043850426315]]},"properties":{"brunnel":"bridge","class":"primary","layer":1,"oneway":1,"id":"14/5182/7338/106","source":"OpenFreeMap / OpenStreetMap","exposureHigh":true,"exposureModerate":false,"zoneLabels":"AE"},"id":4173774962},{"type":"Feature","geometry":{"type":"LineString","coordinates":[[-66.13687455654144,18.430474129130644],[-66.13704085350037,18.430148415781687]]},"properties":{"brunnel":"bridge","class":"primary","layer":1,"oneway":1,"id":"14/5182/7338/107","source":"OpenFreeMap / OpenStreetMap","exposureHigh":true,"exposureModerate":false,"zoneLabels":"AE"},"id":4173774992},{"type":"Feature","geometry":{"type":"LineString","coordinates":[[-66.12456321716309,18.438250352088986],[-66.12454175949097,18.438199461721155],[-66.12435400485992,18.43754806368183]]},"properties":{"brunnel":"bridge","class":"motorway","layer":1,"oneway":1,"id":"14/5182/7338/110","source":"OpenFreeMap / OpenStreetMap","exposureHigh":false,"exposureModerate":false,"zoneLabels":"X"},"id":579474662},{"type":"Feature","geometry":{"type":"LineString","coordinates":[[-66.12421452999115,18.43760404329781],[-66.1243486404419,18.438174016531576],[-66.12437546253204,18.438250352088986]]},"properties":{"brunnel":"bridge","class":"motorway","layer":1,"oneway":1,"id":"14/5182/7338/111","source":"OpenFreeMap / OpenStreetMap","exposureHigh":false,"exposureModerate":false,"zoneLabels":"X"},"id":579475232}]}